foil_ID, species, incident energy [keV], kF [keV*degrees], sig_kF [keV*degrees], psi_half [degrees], sigma [degrees], sig_sigma [degrees], kappa, sig_kappa
B10a, H, 10.000000, 23.481129, 1.385771, 2.342656, 2.579307, 0.004192, 2.048697, 0.005126
B10a, H, 5.000000, 23.481129, 1.385771, 4.684314, 5.158037, 0.006618, 2.050896, 0.004585
B10a, H, 7.000000, 23.481129, 1.385771, 3.295326, 3.628382, 0.005818, 2.049724, 0.005302
B15a, H, 10.000000, 36.706184, 4.309705, 3.611174, 3.959053, 0.009508, 1.955763, 0.007689
B15a, H, 2.000000, 36.706184, 4.309705, 16.783001, 18.441224, 0.027520, 2.003536, 0.010935
B15a, H, 3.000000, 36.706184, 4.309705, 11.687831, 12.922658, 0.024082, 2.149622, 0.010757
B15a, H, 5.000000, 36.706184, 4.309705, 6.974800, 7.692113, 0.013467, 2.086547, 0.007319
B15a, H, 7.000000, 36.706184, 4.309705, 5.257702, 5.788977, 0.010103, 2.049184, 0.006184
B20a, H, 10.000000, 28.678566, 2.117452, 2.762014, 3.041048, 0.006047, 2.048803, 0.006366
B20a, H, 3.000000, 28.678566, 2.117452, 9.558991, 10.642052, 0.022449, 2.338691, 0.012447
B20a, H, 5.000000, 28.678566, 2.117452, 5.741123, 6.371421, 0.009420, 2.248462, 0.006424
B20a, H, 7.000000, 28.678566, 2.117452, 4.018663, 4.425108, 0.007905, 2.060623, 0.006313
B10a, He, 10.000000, 42.675320, 2.703669, 4.363480, 4.804492, 0.005060, 2.049649, 0.003528
B10a, He, 15.000000, 42.675320, 2.703669, 2.900049, 3.179795, 0.003310, 1.957782, 0.003127
B10a, He, 20.000000, 42.675320, 2.703669, 2.197196, 2.419219, 0.001765, 2.049212, 0.002306
B10a, He, 2.000000, 42.675320, 2.703669, 19.073120, 21.213917, 0.024142, 2.319029, 0.011578
B10a, He, 3.000000, 42.675320, 2.703669, 13.448606, 14.807994, 0.015554, 2.049940, 0.006093
B10a, He, 4.000000, 42.675320, 2.703669, 10.392897, 11.391211, 0.009918, 1.950396, 0.003875
B10a, He, 5.000000, 42.675320, 2.703669, 8.383950, 9.231075, 0.029854, 2.049081, 0.014362
B10a, He, 7.000000, 42.675320, 2.703669, 6.139075, 6.757789, 0.015439, 2.043597, 0.008456
B15a, He, 10.000000, 69.730751, 8.998856, 7.222275, 7.876821, 0.008720, 1.853030, 0.003674
B15a, He, 15.000000, 69.730751, 8.998856, 4.858348, 5.325048, 0.005538, 1.950446, 0.003247
B15a, He, 20.000000, 69.730751, 8.998856, 3.744316, 4.103871, 0.003672, 1.949795, 0.002597
B15a, He, 3.000000, 69.730751, 8.998856, 20.587063, 22.448404, 0.030098, 1.850831, 0.009657
B15a, He, 4.000000, 69.730751, 8.998856, 16.961489, 18.405407, 0.022524, 1.769600, 0.006445
B15a, He, 5.000000, 69.730751, 8.998856, 13.616778, 14.858592, 0.048805, 1.873654, 0.017050
B15a, He, 7.000000, 69.730751, 8.998856, 10.025764, 10.910396, 0.020160, 1.820017, 0.007097
B20a, He, 10.000000, 54.772621, 2.214504, 5.510127, 6.067175, 0.007115, 2.050197, 0.004221
B20a, He, 15.000000, 54.772621, 2.214504, 3.800410, 4.184601, 0.004621, 2.050165, 0.003649
B20a, He, 20.000000, 54.772621, 2.214504, 2.686568, 2.957806, 0.002412, 2.047351, 0.002486
B20a, He, 2.000000, 54.772621, 2.214504, 24.663834, 27.840608, 0.031894, 2.848352, 0.022604
B20a, He, 3.000000, 54.772621, 2.214504, 17.242019, 19.042325, 0.023550, 2.127465, 0.009550
B20a, He, 4.000000, 54.772621, 2.214504, 13.518955, 14.817311, 0.017405, 1.950044, 0.005872
B20a, He, 5.000000, 54.772621, 2.214504, 11.076998, 12.247492, 0.047043, 2.150028, 0.022621
B20a, He, 7.000000, 54.772621, 2.214504, 7.907735, 8.704906, 0.021457, 2.044183, 0.010177
B10a, Ne, 10.000000, 143.823395, 18.736403, 14.702504, 15.939958, 0.025835, 1.748769, 0.007472
B10a, Ne, 15.000000, 143.823395, 18.736403, 10.814889, 11.773930, 0.019033, 1.820642, 0.006823
B10a, Ne, 20.000000, 143.823395, 18.736403, 8.082199, 8.758211, 0.015185, 1.740639, 0.005325
B10a, Ne, 5.000000, 143.823395, 18.736403, 23.958270, 26.936621, 0.053948, 2.679531, 0.034012
B10a, Ne, 7.000000, 143.823395, 18.736403, 19.035329, 20.815617, 0.035751, 1.910627, 0.012511
B15a, Ne, 10.000000, 224.754501, 44.478115, 21.559296, 24.170283, 0.053316, 2.584196, 0.032498
B15a, Ne, 15.000000, 224.754501, 44.478115, 17.265448, 19.137076, 0.037059, 2.227274, 0.016603
B15a, Ne, 20.000000, 224.754501, 44.478115, 13.225004, 14.159540, 0.026153, 1.588560, 0.006723
B15a, Ne, 7.000000, 224.754501, 44.478115, 24.683504, 28.056699, 0.085978, 3.216931, 0.077634
B20a, Ne, 10.000000, 198.619568, 11.905387, 18.539407, 20.473060, 0.040905, 2.129050, 0.017007
B20a, Ne, 15.000000, 198.619568, 11.905387, 13.628504, 14.937451, 0.029010, 1.950140, 0.010926
B20a, Ne, 20.000000, 198.619568, 11.905387, 10.337143, 11.207404, 0.019969, 1.749038, 0.006452
B10a, Ar, 10.000000, 243.599060, 33.487698, 20.246806, 22.793522, 0.011047, 2.737341, 0.007101
B10a, Ar, 15.000000, 243.599060, 33.487698, 15.212936, 16.752225, 0.020864, 2.051648, 0.007968
B10a, Ar, 20.000000, 243.599060, 33.487698, 12.310298, 13.492304, 0.016590, 1.949621, 0.006048
B10a, Ar, 30.000000, 243.599060, 33.487698, 9.135048, 10.058385, 0.015358, 2.049842, 0.007457
B15a, Ar, 15.000000, 421.415314, 103.433685, 22.900563, 26.043860, 0.049638, 3.247495, 0.040820
B15a, Ar, 20.000000, 421.415314, 103.433685, 19.560543, 21.588950, 0.035226, 2.111654, 0.015234
B15a, Ar, 30.000000, 421.415314, 103.433685, 15.449556, 17.015073, 0.018617, 2.054352, 0.007145
B15a, Ar, 40.000000, 421.415314, 103.433685, 12.990199, 14.457021, 0.033061, 2.333393, 0.017976
B15a, Ar, 50.000000, 421.415314, 103.433685, 10.355550, 11.292713, 0.024722, 1.850762, 0.009869
B20a, Ar, 15.000000, 340.744965, 57.277641, 20.121062, 22.709246, 0.048335, 2.844282, 0.034265
B20a, Ar, 20.000000, 340.744965, 57.277641, 17.500483, 19.904023, 0.026900, 3.251648, 0.028443
B20a, Ar, 30.000000, 340.744965, 57.277641, 12.067173, 13.332559, 0.021193, 2.131876, 0.009493
B20a, Ar, 40.000000, 340.744965, 57.277641, 10.115983, 11.228178, 0.023980, 2.252381, 0.013725
B20a, Ar, 50.000000, 340.744965, 57.277641, 8.198342, 9.130740, 0.023867, 2.351337, 0.017328
B10a, N, 10.000000, 122.203011, 11.324994, 11.923177, 12.836599, 0.014105, 1.640473, 0.003739
B10a, N, 15.000000, 122.203011, 11.324994, 8.183280, 8.817656, 0.011219, 1.652489, 0.003379
B10a, N, 20.000000, 122.203011, 11.324994, 6.245430, 6.728628, 0.012113, 1.650895, 0.004529
B10a, N, 50.000000, 122.203011, 11.324994, 2.831199, 3.087682, 0.010871, 1.852217, 0.010040
B10a, N, 5.000000, 122.203011, 11.324994, 20.952131, 23.654942, 0.058615, 2.860101, 0.041900
B10a, N, 7.000000, 122.203011, 11.324994, 16.577899, 18.210172, 0.018051, 1.997394, 0.006949
B15a, N, 10.000000, 213.558167, 25.581604, 19.218347, 20.775674, 0.039618, 1.707938, 0.011536
B15a, N, 15.000000, 213.558167, 25.581604, 14.054129, 15.030641, 0.024613, 1.549967, 0.005755
B15a, N, 20.000000, 213.558167, 25.581604, 10.832778, 11.557516, 0.020947, 1.520359, 0.005051
B15a, N, 50.000000, 213.558167, 25.581604, 4.919864, 5.362417, 0.020691, 1.841563, 0.011580
B15a, N, 7.000000, 213.558167, 25.581604, 23.995462, 27.289690, 0.035593, 3.248839, 0.032790
B20a, N, 10.000000, 165.935745, 14.844070, 15.484282, 16.687284, 0.028841, 1.654536, 0.007113
B20a, N, 15.000000, 165.935745, 14.844070, 11.139347, 11.913412, 0.016761, 1.550041, 0.004305
B20a, N, 20.000000, 165.935745, 14.844070, 8.348675, 9.000412, 0.017058, 1.659795, 0.005623
B20a, N, 50.000000, 165.935745, 14.844070, 3.822264, 4.188767, 0.017516, 1.947219, 0.012872
B20a, N, 7.000000, 165.935745, 14.844070, 20.754258, 22.978908, 0.021192, 2.191467, 0.009000
B10a, C, 10.000000, 102.566864, 7.884386, 10.422155, 11.146407, 0.009894, 1.550079, 0.002584
B10a, C, 15.000000, 102.566864, 7.884386, 7.193576, 7.750308, 0.007583, 1.651236, 0.002605
B10a, C, 20.000000, 102.566864, 7.884386, 5.512335, 5.976748, 0.006738, 1.750010, 0.002926
B10a, C, 30.000000, 102.566864, 7.884386, 3.594158, 3.898119, 0.003262, 1.755041, 0.002043
B10a, C, 40.000000, 102.566864, 7.884386, 2.659445, 2.883825, 0.002965, 1.751941, 0.002407
B10a, C, 4.000000, 102.566864, 7.884386, 22.061596, 24.944900, 0.028967, 2.929431, 0.022044
B10a, C, 5.000000, 102.566864, 7.884386, 18.887484, 20.825781, 0.023261, 2.088632, 0.009498
B10a, C, 7.000000, 102.566864, 7.884386, 14.763462, 16.009552, 0.018087, 1.753447, 0.005335
B15a, C, 10.000000, 182.673721, 15.125042, 17.751492, 19.121666, 0.022556, 1.654789, 0.005548
B15a, C, 15.000000, 182.673721, 15.125042, 12.198573, 13.033997, 0.012883, 1.541271, 0.003002
B15a, C, 20.000000, 182.673721, 15.125042, 9.444095, 10.100480, 0.012156, 1.550185, 0.003233
B15a, C, 30.000000, 182.673721, 15.125042, 6.433761, 6.931199, 0.006574, 1.650171, 0.002348
B15a, C, 40.000000, 182.673721, 15.125042, 4.978630, 5.398750, 0.006150, 1.755140, 0.002868
B15a, C, 7.000000, 182.673721, 15.125042, 22.510099, 25.043861, 0.035724, 2.324623, 0.018106
B20a, C, 10.000000, 140.659027, 10.510295, 14.147093, 15.130020, 0.016197, 1.549930, 0.003662
B20a, C, 15.000000, 140.659027, 10.510295, 9.650016, 10.389751, 0.010334, 1.640636, 0.002898
B20a, C, 20.000000, 140.659027, 10.510295, 7.430694, 8.056498, 0.010798, 1.749552, 0.003780
B20a, C, 30.000000, 140.659027, 10.510295, 4.956276, 5.380507, 0.005688, 1.770392, 0.002747
B20a, C, 40.000000, 140.659027, 10.510295, 3.652023, 3.959907, 0.004374, 1.750878, 0.002646
B20a, C, 5.000000, 140.659027, 10.510295, 24.063466, 27.575916, 0.050428, 3.759343, 0.064832
B20a, C, 7.000000, 140.659027, 10.510295, 19.567294, 21.394126, 0.026084, 1.906072, 0.008677
C10, H, 10.000000, 17.701164, 1.121281, 1.939651, 2.126507, 0.007154, 1.955471, 0.011198
C10, H, 20.000000, 17.701164, 1.121281, 0.874731, 0.951403, 0.004489, 1.802090, 0.012458
C10, H, 30.000000, 17.701164, 1.121281, 0.565898, 0.611900, 0.002279, 1.703514, 0.008274
C10, H, 40.000000, 17.701164, 1.121281, 0.412866, 0.441976, 0.001903, 1.553502, 0.008237
C10, H, 5.000000, 17.701164, 1.121281, 3.653280, 3.961449, 0.006550, 1.751653, 0.005007
C13, H, 10.000000, 22.991264, 0.436693, 2.355504, 2.568961, 0.007619, 1.852664, 0.009049
C13, H, 20.000000, 22.991264, 0.436693, 1.155797, 1.266522, 0.004710, 1.945593, 0.011518
C13, H, 30.000000, 22.991264, 0.436693, 0.762484, 0.831464, 0.002347, 1.849797, 0.007709
C13, H, 40.000000, 22.991264, 0.436693, 0.570653, 0.619438, 0.001984, 1.767511, 0.008388
C13, H, 50.000000, 22.991264, 0.436693, 0.445980, 0.482535, 0.002177, 1.711943, 0.012105
C13, H, 5.000000, 22.991264, 0.436693, 4.659522, 5.052147, 0.012311, 1.750201, 0.008534
C14, H, 10.000000, 22.116203, 0.893774, 2.223422, 2.424521, 0.007945, 1.849790, 0.009669
C14, H, 20.000000, 22.116203, 0.893774, 1.136779, 1.240315, 0.005284, 1.860075, 0.012409
C14, H, 30.000000, 22.116203, 0.893774, 0.751254, 0.818981, 0.002489, 1.844297, 0.008372
C14, H, 40.000000, 22.116203, 0.893774, 0.515078, 0.553863, 0.001898, 1.619491, 0.007527
C14, H, 5.000000, 22.116203, 0.893774, 4.508312, 4.916177, 0.008657, 1.850242, 0.006801
C15, H, 10.000000, 23.112453, 1.046009, 2.325998, 2.536223, 0.007527, 1.848754, 0.008456
C15, H, 20.000000, 23.112453, 1.046009, 1.163912, 1.270574, 0.005155, 1.869581, 0.011674
C15, H, 30.000000, 23.112453, 1.046009, 0.832368, 0.907649, 0.002405, 1.849590, 0.007721
C15, H, 40.000000, 23.112453, 1.046009, 0.551886, 0.597380, 0.001942, 1.718178, 0.007991
C15, H, 50.000000, 23.112453, 1.046009, 0.441739, 0.474296, 0.002135, 1.599288, 0.010160
C15, H, 5.000000, 23.112453, 1.046009, 4.624498, 5.014292, 0.010215, 1.750578, 0.007285
C18, H, 10.000000, 25.438023, 1.055653, 2.594119, 2.813796, 0.008346, 1.756865, 0.008389
C18, H, 20.000000, 25.438023, 1.055653, 1.312544, 1.431096, 0.005968, 1.847679, 0.011868
C18, H, 30.000000, 25.438023, 1.055653, 0.858431, 0.931641, 0.002564, 1.765420, 0.006964
C18, H, 40.000000, 25.438023, 1.055653, 0.629305, 0.680131, 0.002204, 1.696472, 0.007754
C18, H, 50.000000, 25.438023, 1.055653, 0.470002, 0.505848, 0.002542, 1.633727, 0.011350
C18, H, 5.000000, 25.438023, 1.055653, 5.223713, 5.695981, 0.014798, 1.849162, 0.010656
C1, H, 10.000000, 27.333521, 0.732424, 2.787010, 3.021767, 0.010988, 1.749745, 0.010191
C1, H, 20.000000, 27.333521, 0.732424, 1.367261, 1.480215, 0.005514, 1.725509, 0.008791
C1, H, 30.000000, 27.333521, 0.732424, 0.951013, 1.027912, 0.002845, 1.698473, 0.006159
C1, H, 40.000000, 27.333521, 0.732424, 0.666990, 0.716420, 0.002284, 1.605760, 0.006301
C1, H, 50.000000, 27.333521, 0.732424, 0.533641, 0.572912, 0.002434, 1.596236, 0.008589
C1, H, 5.000000, 27.333521, 0.732424, 5.388611, 5.795123, 0.010565, 1.629648, 0.005839
C3, H, 10.000000, 21.782391, 0.540900, 2.177757, 2.374633, 0.008260, 1.849027, 0.010167
C3, H, 20.000000, 21.782391, 0.540900, 1.116974, 1.224205, 0.004424, 1.949114, 0.011523
C3, H, 30.000000, 21.782391, 0.540900, 0.733361, 0.798972, 0.002202, 1.832396, 0.007589
C3, H, 40.000000, 21.782391, 0.540900, 0.519244, 0.561359, 0.001727, 1.699428, 0.007532
C3, H, 50.000000, 21.782391, 0.540900, 0.438575, 0.473985, 0.002087, 1.694634, 0.011791
C3, H, 5.000000, 21.782391, 0.540900, 4.382243, 4.763330, 0.007433, 1.788352, 0.005358
C4, H, 10.000000, 18.850874, 0.878972, 1.952369, 2.138015, 0.007174, 1.932395, 0.010570
C4, H, 20.000000, 18.850874, 0.878972, 0.945142, 1.027964, 0.003704, 1.801807, 0.009598
C4, H, 30.000000, 18.850874, 0.878972, 0.647831, 0.704349, 0.002013, 1.794664, 0.007671
C4, H, 40.000000, 18.850874, 0.878972, 0.435058, 0.465907, 0.001546, 1.564286, 0.006933
C4, H, 5.000000, 18.850874, 0.878972, 3.814248, 4.136089, 0.006574, 1.751926, 0.004930
C6, H, 10.000000, 20.162968, 0.821100, 2.055105, 2.250285, 0.007885, 1.929360, 0.011197
C6, H, 20.000000, 20.162968, 0.821100, 1.054328, 1.154882, 0.004075, 1.936798, 0.011053
C6, H, 30.000000, 20.162968, 0.821100, 0.668359, 0.726916, 0.002117, 1.800890, 0.007730
C6, H, 40.000000, 20.162968, 0.821100, 0.472475, 0.509077, 0.001689, 1.649371, 0.007817
C6, H, 5.000000, 20.162968, 0.821100, 4.058759, 4.445462, 0.012557, 1.935411, 0.011092
C7, H, 10.000000, 19.215923, 1.400725, 1.942883, 2.118990, 0.007573, 1.853074, 0.010488
C7, H, 20.000000, 19.215923, 1.400725, 1.029235, 1.124866, 0.004187, 1.891086, 0.011210
C7, H, 30.000000, 19.215923, 1.400725, 0.658814, 0.714873, 0.001976, 1.761895, 0.007070
C7, H, 40.000000, 19.215923, 1.400725, 0.424415, 0.453735, 0.001562, 1.540667, 0.006875
C7, H, 5.000000, 19.215923, 1.400725, 3.904902, 4.258166, 0.009914, 1.850184, 0.008111
C8, H, 10.000000, 19.751846, 1.440934, 2.051618, 2.249362, 0.007502, 1.956717, 0.011460
C8, H, 20.000000, 19.751846, 1.440934, 1.055371, 1.156598, 0.004507, 1.947490, 0.012857
C8, H, 30.000000, 19.751846, 1.440934, 0.660355, 0.718541, 0.002191, 1.808884, 0.008260
C8, H, 40.000000, 19.751846, 1.440934, 0.463464, 0.500824, 0.001800, 1.692721, 0.008827
C8, H, 5.000000, 19.751846, 1.440934, 3.900763, 4.252248, 0.007662, 1.844187, 0.005918
C9, H, 10.000000, 20.320595, 1.481082, 2.107112, 2.308784, 0.007275, 1.943505, 0.010067
C9, H, 20.000000, 20.320595, 1.481082, 1.106012, 1.212322, 0.004740, 1.951315, 0.012720
C9, H, 30.000000, 20.320595, 1.481082, 0.663150, 0.719060, 0.001914, 1.750310, 0.006273
C9, H, 40.000000, 20.320595, 1.481082, 0.454941, 0.488200, 0.001653, 1.591566, 0.006935
C9, H, 5.000000, 20.320595, 1.481082, 4.106644, 4.477184, 0.007249, 1.846051, 0.005540
B06a, H, 5.000000, 24.753403, 1.559398, 4.932739, 5.378339, 0.013094, 1.847980, 0.010850
B06a, H, 10.000000, 24.753403, 1.559398, 2.522655, 2.761339, 0.010068, 1.927144, 0.013362
B06a, H, 15.000000, 24.753403, 1.559398, 1.683520, 1.853376, 0.005835, 2.045929, 0.011297
B06a, H, 20.000000, 24.753403, 1.559398, 1.276964, 1.400102, 0.005803, 1.957542, 0.013850
B07a, H, 5.000000, 22.018984, 1.307917, 4.417892, 4.790188, 0.009643, 1.750325, 0.007736
B07a, H, 10.000000, 22.018984, 1.307917, 2.308737, 2.541983, 0.011247, 2.048870, 0.017351
B07a, H, 15.000000, 22.018984, 1.307917, 1.547490, 1.697400, 0.004126, 1.965339, 0.008067
B07a, H, 20.000000, 22.018984, 1.307917, 1.160272, 1.272582, 0.004785, 1.963844, 0.012030
B08a, H, 5.000000, 20.917025, 1.503083, 4.313287, 4.676462, 0.009701, 1.749200, 0.007231
B08a, H, 10.000000, 20.917025, 1.503083, 2.269976, 2.494727, 0.009884, 2.003533, 0.014573
B08a, H, 15.000000, 20.917025, 1.503083, 1.532695, 1.684498, 0.004977, 2.006627, 0.009913
B08a, H, 20.000000, 20.917025, 1.503083, 1.160047, 1.276525, 0.005166, 2.036283, 0.014066
B09a, H, 5.000000, 23.653570, 1.958282, 5.130306, 5.562672, 0.014213, 1.750445, 0.010569
B09a, H, 10.000000, 23.653570, 1.958282, 2.659244, 2.927604, 0.009768, 2.046359, 0.012858
B09a, H, 15.000000, 23.653570, 1.958282, 1.771763, 1.944416, 0.004587, 1.976232, 0.007924
B09a, H, 20.000000, 23.653570, 1.958282, 1.316096, 1.442289, 0.004876, 1.947066, 0.010712
B15b, H, 5.000000, 30.262434, 3.013714, 6.896255, 7.558880, 0.023525, 1.950888, 0.020181
B15b, H, 10.000000, 30.262434, 3.013714, 3.356498, 3.710733, 0.008181, 2.147100, 0.010205
B15b, H, 15.000000, 30.262434, 3.013714, 2.241609, 2.473765, 0.006538, 2.098731, 0.010653
B15b, H, 20.000000, 30.262434, 3.013714, 1.695465, 1.874118, 0.006189, 2.143123, 0.013195
C8, H, 5.000000, 19.751846, 1.440934, 3.930974, 4.262046, 0.006717, 1.749595, 0.005261
C8, H, 10.000000, 19.751846, 1.440934, 2.068711, 2.266316, 0.004446, 1.939908, 0.006150
C8, H, 15.000000, 19.751846, 1.440934, 1.341773, 1.467772, 0.003205, 1.908663, 0.006205
C8, H, 20.000000, 19.751846, 1.440934, 1.028405, 1.124008, 0.002851, 1.891945, 0.007282
C8, H, 30.000000, 19.751846, 1.440934, 0.698790, 0.763721, 0.002352, 1.890763, 0.009049
C8, H, 40.000000, 19.751846, 1.440934, 0.469324, 0.508226, 0.001911, 1.727455, 0.009252
E52, H, 5.000000, 26.802149, 0.663636, 5.391079, 5.718329, 0.011186, 1.450913, 0.006018
E52, H, 10.000000, 26.802149, 0.663636, 2.781793, 3.033682, 0.006756, 1.851537, 0.007272
E52, H, 15.000000, 26.802149, 0.663636, 1.753252, 1.912389, 0.005402, 1.855175, 0.007792
E52, H, 20.000000, 26.802149, 0.663636, 1.342782, 1.471084, 0.004318, 1.941020, 0.008476
E52, H, 30.000000, 26.802149, 0.663636, 0.870532, 0.953090, 0.003233, 1.927625, 0.009231
E53, H, 5.000000, 28.999660, 0.531423, 5.638665, 6.030417, 0.008550, 1.549903, 0.005043
E53, H, 10.000000, 28.999660, 0.531423, 2.919173, 3.200401, 0.006642, 1.955537, 0.007400
E53, H, 15.000000, 28.999660, 0.531423, 1.921714, 2.106612, 0.004980, 1.953267, 0.007543
E53, H, 20.000000, 28.999660, 0.531423, 1.470646, 1.618495, 0.004505, 2.038170, 0.009223
E53, H, 30.000000, 28.999660, 0.531423, 0.957719, 1.049546, 0.002984, 1.946864, 0.008684
E53, H, 40.000000, 28.999660, 0.531423, 0.741675, 0.812646, 0.003089, 1.942831, 0.012203
E54, H, 5.000000, 29.383991, 0.443932, 5.850450, 6.344179, 0.012227, 1.752138, 0.008791
E54, H, 10.000000, 29.383991, 0.443932, 2.926607, 3.208848, 0.006371, 1.957415, 0.007133
E54, H, 15.000000, 29.383991, 0.443932, 1.945987, 2.133503, 0.004687, 1.955947, 0.006912
E54, H, 20.000000, 29.383991, 0.443932, 1.487734, 1.631232, 0.004633, 1.957886, 0.009189
E54, H, 30.000000, 29.383991, 0.443932, 0.960155, 1.052564, 0.003366, 1.953613, 0.009781
E54, H, 40.000000, 29.383991, 0.443932, 0.751332, 0.823755, 0.003110, 1.956161, 0.012294
E57, H, 5.000000, 29.942017, 0.613880, 5.878364, 6.374147, 0.009213, 1.751378, 0.006552
E57, H, 10.000000, 29.942017, 0.613880, 2.947577, 3.242566, 0.006757, 2.029409, 0.007933
E57, H, 15.000000, 29.942017, 0.613880, 1.958300, 2.154378, 0.005708, 2.030405, 0.009154
E57, H, 20.000000, 29.942017, 0.613880, 1.507519, 1.659625, 0.005503, 2.046075, 0.011411
E57, H, 30.000000, 29.942017, 0.613880, 1.024647, 1.126800, 0.003785, 2.020388, 0.011693
E57, H, 40.000000, 29.942017, 0.613880, 0.763794, 0.839275, 0.003456, 2.002292, 0.014127
E60, H, 5.000000, 30.803522, 0.518635, 5.967420, 6.458501, 0.011466, 1.720295, 0.007737
E60, H, 10.000000, 30.803522, 0.518635, 3.092310, 3.404238, 0.005576, 2.045472, 0.006445
E60, H, 15.000000, 30.803522, 0.518635, 2.062975, 2.271119, 0.005178, 2.045940, 0.008226
E60, H, 20.000000, 30.803522, 0.518635, 1.536319, 1.691602, 0.004545, 2.049756, 0.009249
E60, H, 30.000000, 30.803522, 0.518635, 1.043696, 1.144701, 0.003288, 1.964413, 0.009368
E60, H, 40.000000, 30.803522, 0.518635, 0.777519, 0.853341, 0.002980, 1.977240, 0.011342
E61, H, 5.000000, 32.833820, 1.640603, 6.592655, 7.038795, 0.013032, 1.528897, 0.006971
E61, H, 10.000000, 32.833820, 1.640603, 3.444254, 3.803654, 0.007015, 2.119162, 0.008202
E61, H, 15.000000, 32.833820, 1.640603, 2.244882, 2.471784, 0.006223, 2.049803, 0.009127
E61, H, 20.000000, 32.833820, 1.640603, 1.662229, 1.829643, 0.005489, 2.042119, 0.010402
E61, H, 30.000000, 32.833820, 1.640603, 1.102349, 1.213474, 0.003799, 2.044019, 0.010542
E61, H, 40.000000, 32.833820, 1.640603, 0.745242, 0.813221, 0.003244, 1.862700, 0.011344
E62, H, 10.000000, 52.108601, 1.027948, 5.273205, 5.759707, 0.012812, 1.878566, 0.010606
E62, H, 15.000000, 52.108601, 1.027948, 3.546596, 3.923474, 0.008475, 2.163841, 0.010419
E62, H, 20.000000, 52.108601, 1.027948, 2.569986, 2.840170, 0.007302, 2.137372, 0.010396
E62, H, 30.000000, 52.108601, 1.027948, 1.690583, 1.869074, 0.004996, 2.147916, 0.010416
E62, H, 40.000000, 52.108601, 1.027948, 1.313382, 1.455390, 0.005310, 2.205210, 0.015570
E63, H, 10.000000, 51.266113, 0.351295, 5.174825, 5.698188, 0.013813, 2.051127, 0.013634
E63, H, 15.000000, 51.266113, 0.351295, 3.404238, 3.763049, 0.007760, 2.144052, 0.009228
E63, H, 20.000000, 51.266113, 0.351295, 2.574545, 2.856440, 0.006764, 2.240803, 0.010756
E63, H, 30.000000, 51.266113, 0.351295, 1.695500, 1.875026, 0.005078, 2.154925, 0.011017
E63, H, 40.000000, 51.266113, 0.351295, 1.279192, 1.414837, 0.005495, 2.158622, 0.016521
E64, H, 15.000000, 76.363998, 2.176842, 5.260139, 5.858161, 0.013932, 2.350203, 0.017178
E64, H, 20.000000, 76.363998, 2.176842, 3.821534, 4.241299, 0.010709, 2.249791, 0.013432
E64, H, 30.000000, 76.363998, 2.176842, 2.553810, 2.844743, 0.008109, 2.356650, 0.015143
E64, H, 40.000000, 76.363998, 2.176842, 1.840046, 2.041082, 0.007922, 2.234809, 0.017433
C8, H, 5.000000, 19.751846, 1.440934, 4.095996, 4.468349, 0.011965, 1.857870, 0.011000
C8, H, 10.000000, 19.751846, 1.440934, 2.087524, 2.287837, 0.006190, 1.948411, 0.008916
C8, H, 15.000000, 19.751846, 1.440934, 1.380082, 1.513489, 0.004123, 1.962200, 0.008480
C8, H, 20.000000, 19.751846, 1.440934, 1.107710, 1.219762, 0.003752, 2.051235, 0.011028
C8, H, 30.000000, 19.751846, 1.440934, 0.741474, 0.812084, 0.003423, 1.934146, 0.013226
E22, H, 5.000000, 29.557760, 2.698459, 6.023709, 6.479657, 0.022380, 1.645409, 0.014893
E22, H, 10.000000, 29.557760, 2.698459, 3.073990, 3.369885, 0.009421, 1.954258, 0.010770
E22, H, 15.000000, 29.557760, 2.698459, 2.046258, 2.251000, 0.006487, 2.028113, 0.010299
E22, H, 20.000000, 29.557760, 2.698459, 1.577027, 1.741486, 0.006387, 2.118758, 0.013830
E22, H, 30.000000, 29.557760, 2.698459, 0.839034, 0.914537, 0.003436, 1.841621, 0.008949
E27, H, 5.000000, 26.384453, 6.065001, 5.500725, 5.834400, 0.025377, 1.450439, 0.013225
E27, H, 10.000000, 26.384453, 6.065001, 3.062646, 3.370894, 0.010330, 2.040729, 0.012615
E27, H, 15.000000, 26.384453, 6.065001, 2.112422, 2.326484, 0.006349, 2.055485, 0.010459
E27, H, 20.000000, 26.384453, 6.065001, 1.343335, 1.471685, 0.005069, 1.940960, 0.009617
E27, H, 30.000000, 26.384453, 6.065001, 0.594356, 0.641351, 0.002899, 1.670653, 0.006883
E35, H, 5.000000, 25.657080, 0.200197, 5.153746, 5.650776, 0.012854, 1.957186, 0.011622
E35, H, 10.000000, 25.657080, 0.200197, 2.541567, 2.790278, 0.009515, 1.983764, 0.012763
E35, H, 15.000000, 25.657080, 0.200197, 1.727199, 1.901131, 0.006125, 2.042201, 0.011202
E35, H, 20.000000, 25.657080, 0.200197, 1.284855, 1.408656, 0.004373, 1.956006, 0.010055
E35, H, 30.000000, 25.657080, 0.200197, 0.849968, 0.931710, 0.003840, 1.952189, 0.012606
E50, H, 5.000000, 23.635218, 2.856988, 4.196382, 4.488349, 0.014519, 1.551142, 0.009351
E50, H, 10.000000, 23.635218, 2.856988, 2.467584, 2.724267, 0.011018, 2.111794, 0.016082
E50, H, 15.000000, 23.635218, 2.856988, 1.829950, 2.016958, 0.007941, 2.073478, 0.013361
E50, H, 20.000000, 23.635218, 2.856988, 1.097895, 1.200571, 0.005650, 1.900655, 0.010108
E51, H, 5.000000, 23.166925, 1.124482, 4.553553, 4.937200, 0.012097, 1.750041, 0.009293
E51, H, 10.000000, 23.166925, 1.124482, 2.263262, 2.480433, 0.006350, 1.948422, 0.008236
E51, H, 15.000000, 23.166925, 1.124482, 1.660233, 1.828346, 0.005200, 2.053731, 0.010121
E51, H, 20.000000, 23.166925, 1.124482, 1.122349, 1.224549, 0.004200, 1.859784, 0.008963
E6, H, 5.000000, 19.097290, 1.787838, 3.791134, 4.110225, 0.011140, 1.748770, 0.008815
E6, H, 10.000000, 19.097290, 1.787838, 1.903102, 2.069777, 0.007309, 1.801045, 0.009650
E6, H, 15.000000, 19.097290, 1.787838, 1.341054, 1.463188, 0.004685, 1.860152, 0.009023
E6, H, 20.000000, 19.097290, 1.787838, 1.060445, 1.161618, 0.003662, 1.937440, 0.009401
E6, H, 30.000000, 19.097290, 1.787838, 0.550150, 0.594568, 0.002586, 1.695227, 0.008885
E8, H, 5.000000, 29.137691, 0.715433, 5.809974, 6.368000, 0.021400, 1.950164, 0.019302
E8, H, 10.000000, 29.137691, 0.715433, 2.925188, 3.221236, 0.015139, 2.052499, 0.020082
E8, H, 15.000000, 29.137691, 0.715433, 1.925819, 2.120125, 0.008220, 2.046126, 0.014381
E8, H, 20.000000, 29.137691, 0.715433, 1.512786, 1.666323, 0.006744, 2.058321, 0.015365
E8, H, 30.000000, 29.137691, 0.715433, 0.942632, 1.032955, 0.004403, 1.945597, 0.013533
C8, H, 10.000000, 19.751846, 1.440934, 2.087780, 2.287952, 0.004186, 1.946858, 0.005954
C8, H, 15.000000, 19.751846, 1.440934, 1.376768, 1.505851, 0.003026, 1.906558, 0.005847
C8, H, 20.000000, 19.751846, 1.440934, 1.049914, 1.147241, 0.002654, 1.886713, 0.006656
C8, H, 5.000000, 19.751846, 1.440934, 3.955723, 4.293139, 0.005990, 1.765868, 0.004803
D14, H, 5.000000, 14.445868, 0.853776, 2.653725, 2.858501, 0.005010, 1.648013, 0.004188
D14, H, 10.000000, 14.445868, 0.853776, 1.484467, 1.618192, 0.004298, 1.843458, 0.007147
D14, H, 15.000000, 14.445868, 0.853776, 0.971145, 1.053974, 0.002315, 1.765501, 0.005098
D14, H, 20.000000, 14.445868, 0.853776, 0.758879, 0.823698, 0.002536, 1.767222, 0.007572
D15, H, 5.000000, 14.883495, 1.071994, 2.685282, 2.848056, 0.008137, 1.450021, 0.005650
D15, H, 10.000000, 14.883495, 1.071994, 1.503427, 1.618929, 0.004436, 1.643434, 0.005525
D15, H, 15.000000, 14.883495, 1.071994, 1.056441, 1.138722, 0.002644, 1.658137, 0.004878
D15, H, 20.000000, 14.883495, 1.071994, 0.767027, 0.826187, 0.002864, 1.647410, 0.006899
D7, H, 5.000000, 16.548758, 0.963889, 3.061929, 3.294752, 0.007604, 1.632399, 0.005894
D7, H, 10.000000, 16.548758, 0.963889, 1.646112, 1.774051, 0.004475, 1.655811, 0.005523
D7, H, 15.000000, 16.548758, 0.963889, 1.170775, 1.271697, 0.003008, 1.779150, 0.005687
D7, H, 20.000000, 16.548758, 0.963889, 0.847310, 0.913517, 0.002781, 1.661150, 0.005990
D8, H, 5.000000, 14.926036, 0.698191, 2.816112, 3.012299, 0.006158, 1.552067, 0.004709
D8, H, 10.000000, 14.926036, 0.698191, 1.500053, 1.626991, 0.004750, 1.755625, 0.007389
D8, H, 15.000000, 14.926036, 0.698191, 1.052347, 1.143746, 0.002456, 1.788339, 0.005313
D8, H, 20.000000, 14.926036, 0.698191, 0.744340, 0.806415, 0.002389, 1.736416, 0.006671
Jad01, H, 5.000000, 15.106059, 0.375492, 2.936544, 3.201392, 0.012233, 1.845569, 0.012795
Jad01, H, 10.000000, 15.106059, 0.375492, 1.492789, 1.628060, 0.001707, 1.852679, 0.002905
Jad01, H, 15.000000, 15.106059, 0.375492, 1.034605, 1.130526, 0.001555, 1.887393, 0.003919
Jad01, H, 20.000000, 15.106059, 0.375492, 0.765428, 0.835223, 0.002066, 1.861747, 0.006791
Jad02, H, 5.000000, 15.153748, 0.485334, 2.903710, 3.165152, 0.007511, 1.843082, 0.007514
Jad02, H, 10.000000, 15.153748, 0.485334, 1.507884, 1.645024, 0.002091, 1.858243, 0.003661
Jad02, H, 15.000000, 15.153748, 0.485334, 1.041148, 1.135446, 0.001274, 1.851976, 0.003135
Jad02, H, 20.000000, 15.153748, 0.485334, 0.771179, 0.841780, 0.001045, 1.867918, 0.003444
Jad03, H, 5.000000, 11.798711, 0.649258, 2.361547, 2.560815, 0.008722, 1.751898, 0.009637
Jad03, H, 10.000000, 11.798711, 0.649258, 1.272326, 1.387461, 0.002191, 1.850566, 0.004308
Jad03, H, 15.000000, 11.798711, 0.649258, 0.769101, 0.834490, 0.001749, 1.761197, 0.004654
Jad03, H, 20.000000, 11.798711, 0.649258, 0.559073, 0.602917, 0.001316, 1.663827, 0.004313
Jad04, H, 5.000000, 13.415456, 0.802130, 2.589980, 2.823662, 0.008247, 1.845946, 0.009215
Jad04, H, 10.000000, 13.415456, 0.802130, 1.312717, 1.431345, 0.001987, 1.848439, 0.003702
Jad04, H, 15.000000, 13.415456, 0.802130, 0.866008, 0.944312, 0.001674, 1.849235, 0.004651
Jad04, H, 20.000000, 13.415456, 0.802130, 0.733401, 0.799530, 0.000814, 1.844595, 0.002895
Jad05, H, 5.000000, 13.283061, 0.462700, 2.596423, 2.820230, 0.007159, 1.778295, 0.007678
Jad05, H, 10.000000, 13.283061, 0.462700, 1.313782, 1.432761, 0.002281, 1.851695, 0.004339
Jad05, H, 15.000000, 13.283061, 0.462700, 0.869894, 0.947635, 0.001195, 1.831754, 0.003190
Jad05, H, 20.000000, 13.283061, 0.462700, 0.699417, 0.762768, 0.001512, 1.849516, 0.005485
Jad06, H, 5.000000, 12.911199, 0.146706, 2.560873, 2.793580, 0.008010, 1.857236, 0.009413
Jad06, H, 10.000000, 12.911199, 0.146706, 1.286187, 1.402423, 0.001726, 1.848461, 0.003311
Jad06, H, 15.000000, 12.911199, 0.146706, 0.856749, 0.933804, 0.000887, 1.841069, 0.002485
Jad06, H, 20.000000, 12.911199, 0.146706, 0.656492, 0.713901, 0.000913, 1.798042, 0.003310
Jad07, H, 5.000000, 16.422808, 0.228463, 3.233872, 3.544722, 0.011108, 1.951602, 0.012880
Jad07, H, 10.000000, 16.422808, 0.228463, 1.637039, 1.792852, 0.001468, 1.933443, 0.002566
Jad07, H, 15.000000, 16.422808, 0.228463, 1.095552, 1.200482, 0.002041, 1.944840, 0.005096
Jad07, H, 20.000000, 16.422808, 0.228463, 0.836149, 0.914033, 0.002301, 1.895482, 0.007308
Jad08, H, 5.000000, 15.761096, 0.404103, 3.070330, 3.347989, 0.008424, 1.849602, 0.008517
Jad08, H, 10.000000, 15.761096, 0.404103, 1.550242, 1.698712, 0.001114, 1.945088, 0.002030
Jad08, H, 15.000000, 15.761096, 0.404103, 1.066468, 1.165739, 0.001293, 1.893170, 0.003201
Jad08, H, 20.000000, 15.761096, 0.404103, 0.810442, 0.886078, 0.002117, 1.898842, 0.006961
Jad09, H, 5.000000, 14.909305, 0.394930, 2.884376, 3.144659, 0.008982, 1.846423, 0.009201
Jad09, H, 10.000000, 14.909305, 0.394930, 1.478310, 1.615935, 0.002497, 1.894173, 0.004539
Jad09, H, 15.000000, 14.909305, 0.394930, 1.020337, 1.115375, 0.002151, 1.895310, 0.005553
Jad09, H, 20.000000, 14.909305, 0.394930, 0.757142, 0.826166, 0.001911, 1.861441, 0.006492
Jad10, H, 5.000000, 15.368815, 0.347969, 3.006343, 3.287051, 0.007994, 1.901470, 0.008724
Jad10, H, 10.000000, 15.368815, 0.347969, 1.515937, 1.661093, 0.001664, 1.944632, 0.003025
Jad10, H, 15.000000, 15.368815, 0.347969, 1.053974, 1.154571, 0.001710, 1.938234, 0.004500
Jad10, H, 20.000000, 15.368815, 0.347969, 0.774320, 0.846916, 0.002002, 1.906343, 0.007004
Jad11, H, 5.000000, 15.500259, 0.201344, 3.066999, 3.358920, 0.008274, 1.933481, 0.008970
Jad11, H, 10.000000, 15.500259, 0.201344, 1.535976, 1.680273, 0.002236, 1.909624, 0.003896
Jad11, H, 15.000000, 15.500259, 0.201344, 1.051479, 1.149119, 0.001478, 1.889514, 0.003689
Jad11, H, 20.000000, 15.500259, 0.201344, 0.776901, 0.848387, 0.001622, 1.875806, 0.005362
Jad12, H, 5.000000, 15.962075, 0.424730, 3.156231, 3.459289, 0.009095, 1.949617, 0.010177
Jad12, H, 10.000000, 15.962075, 0.424730, 1.553503, 1.702447, 0.002519, 1.946997, 0.004514
Jad12, H, 15.000000, 15.962075, 0.424730, 1.067529, 1.169445, 0.001357, 1.938680, 0.003434
Jad12, H, 20.000000, 15.962075, 0.424730, 0.826810, 0.905166, 0.001434, 1.925417, 0.004836
Jad13, H, 5.000000, 15.886308, 0.354963, 3.120055, 3.418889, 0.006027, 1.944930, 0.006455
Jad13, H, 10.000000, 15.886308, 0.354963, 1.559182, 1.709406, 0.002459, 1.955702, 0.004433
Jad13, H, 15.000000, 15.886308, 0.354963, 1.069890, 1.172065, 0.001553, 1.939295, 0.003917
Jad13, H, 20.000000, 15.886308, 0.354963, 0.815835, 0.891913, 0.001967, 1.897496, 0.006421
Jad14, H, 5.000000, 15.864899, 0.464339, 3.113981, 3.412632, 0.014904, 1.947437, 0.017946
Jad14, H, 10.000000, 15.864899, 0.464339, 1.547716, 1.695385, 0.002702, 1.938446, 0.004767
Jad14, H, 15.000000, 15.864899, 0.464339, 1.061483, 1.160101, 0.001867, 1.890084, 0.004629
Jad14, H, 20.000000, 15.864899, 0.464339, 0.825539, 0.901300, 0.002445, 1.872820, 0.007891
Jad15, H, 5.000000, 16.466589, 0.688894, 3.103376, 3.365282, 0.013695, 1.752290, 0.013120
Jad15, H, 10.000000, 16.466589, 0.688894, 1.649457, 1.806550, 0.002458, 1.934535, 0.004118
Jad15, H, 15.000000, 16.466589, 0.688894, 1.124062, 1.231638, 0.001936, 1.943715, 0.004633
Jad15, H, 20.000000, 16.466589, 0.688894, 0.851840, 0.929739, 0.001851, 1.866689, 0.005724
HIS, H, 5.000000, 15.623125, 0.411769, 3.213458, 3.483771, 0.001851, 1.747963, 0.005724
HIS, H, 10.000000, 15.623125, 0.411769, 1.539470, 1.668165, 0.001851, 1.740277, 0.005724
HIS, H, 15.000000, 15.623125, 0.411769, 1.057944, 1.153272, 0.001851, 1.843635, 0.005724
HIS, H, 20.000000, 15.623125, 0.411769, 0.758881, 0.825417, 0.001851, 1.802156, 0.005724
B06a, H, 3.000000, 24.753403, 1.559398, 8.461350, 9.226572, 0.009056, 1.849681, 0.007263
B06a, H, 5.000000, 24.753403, 1.559398, 5.087358, 5.599918, 0.007516, 2.042962, 0.007316
B06a, H, 10.000000, 24.753403, 1.559398, 2.574845, 2.845582, 0.001761, 2.137732, 0.002546
B06a, H, 15.000000, 24.753403, 1.559398, 1.698804, 1.870861, 0.002086, 2.054087, 0.004001
B06a, H, 20.000000, 24.753403, 1.559398, 1.270938, 1.398973, 0.001522, 2.042492, 0.003634
B07a, H, 3.000000, 22.018984, 1.307917, 7.495096, 8.173136, 0.006586, 1.850159, 0.004922
B07a, H, 5.000000, 22.018984, 1.307917, 4.519171, 4.975946, 0.003262, 2.049780, 0.003260
B07a, H, 10.000000, 22.018984, 1.307917, 2.287668, 2.519043, 0.002411, 2.051128, 0.003628
B07a, H, 15.000000, 22.018984, 1.307917, 1.508249, 1.660206, 0.001669, 2.043032, 0.003329
B07a, H, 20.000000, 22.018984, 1.307917, 1.132225, 1.244538, 0.001598, 2.008838, 0.004146
B08a, H, 3.000000, 20.917025, 1.503083, 6.942585, 7.561635, 0.006223, 1.828228, 0.004700
B08a, H, 5.000000, 20.917025, 1.503083, 4.249315, 4.678745, 0.003699, 2.049435, 0.003847
B08a, H, 10.000000, 20.917025, 1.503083, 2.141279, 2.357678, 0.002267, 2.049472, 0.003495
B08a, H, 15.000000, 20.917025, 1.503083, 1.430390, 1.573099, 0.001226, 2.022075, 0.002563
B08a, H, 20.000000, 20.917025, 1.503083, 1.064549, 1.167165, 0.001125, 1.956874, 0.002993
B09a, H, 5.000000, 23.653570, 1.958282, 4.793406, 5.253998, 0.004638, 1.950936, 0.004322
B09a, H, 10.000000, 23.653570, 1.958282, 2.418549, 2.662962, 0.002367, 2.049482, 0.003318
B09a, H, 15.000000, 23.653570, 1.958282, 1.647802, 1.813802, 0.001802, 2.042653, 0.003458
B09a, H, 20.000000, 23.653570, 1.958282, 1.220522, 1.340613, 0.001589, 1.994116, 0.003784
B10a, H, 5.000000, 23.481129, 1.385771, 4.872359, 5.364049, 0.004218, 2.046551, 0.004052
B10a, H, 10.000000, 23.481129, 1.385771, 2.457385, 2.714681, 0.001832, 2.128293, 0.002742
B10a, H, 15.000000, 23.481129, 1.385771, 1.658323, 1.826823, 0.001986, 2.061214, 0.003942
B10a, H, 20.000000, 23.481129, 1.385771, 1.258495, 1.385914, 0.001763, 2.053448, 0.004440
B15a, H, 5.000000, 36.706184, 4.309705, 8.867130, 9.669092, 0.008611, 1.849768, 0.006905
B15a, H, 10.000000, 36.706184, 4.309705, 4.289877, 4.709418, 0.004487, 1.980115, 0.004479
B15a, H, 15.000000, 36.706184, 4.309705, 2.862943, 3.152501, 0.003064, 2.051129, 0.003947
B15a, H, 20.000000, 36.706184, 4.309705, 2.167268, 2.395990, 0.002786, 2.146773, 0.004572
B15b, H, 5.000000, 30.262434, 3.013714, 6.415896, 7.120675, 0.005582, 2.249968, 0.006111
B15b, H, 10.000000, 30.262434, 3.013714, 3.171892, 3.520328, 0.002495, 2.250005, 0.003600
B15b, H, 15.000000, 30.262434, 3.013714, 2.122648, 2.355661, 0.002126, 2.248005, 0.004045
B15b, H, 20.000000, 30.262434, 3.013714, 1.565151, 1.732326, 0.002026, 2.175652, 0.004718
B20a, H, 5.000000, 28.678566, 2.117452, 6.220964, 6.927978, 0.005574, 2.349104, 0.006689
B20a, H, 10.000000, 28.678566, 2.117452, 3.064208, 3.398909, 0.002807, 2.234130, 0.003983
B20a, H, 15.000000, 28.678566, 2.117452, 2.047259, 2.264267, 0.002350, 2.157776, 0.004290
B20a, H, 20.000000, 28.678566, 2.117452, 1.501524, 1.659824, 0.002197, 2.144399, 0.004968
C8, H, 3.000000, 19.751846, 1.440934, 6.200867, 6.681142, 0.006080, 1.652080, 0.004067
C8, H, 5.000000, 19.751846, 1.440934, 3.796423, 4.160654, 0.003476, 1.948203, 0.003340
C8, H, 10.000000, 19.751846, 1.440934, 1.944473, 2.132721, 0.001962, 1.964312, 0.003054
C8, H, 15.000000, 19.751846, 1.440934, 1.301170, 1.426413, 0.001653, 1.953966, 0.003602
C8, H, 20.000000, 19.751846, 1.440934, 0.952416, 1.041412, 0.001344, 1.900902, 0.003642
B05a, Ar, 30.000000, 191.363525, 1.901196, 6.315720, 6.473436, 0.002263, 1.149563, 0.000755
B05a, Ar, 40.000000, 191.363525, 1.901196, 4.784095, 4.904617, 0.001472, 1.151029, 0.000573
B05a, Ar, 50.000000, 191.363525, 1.901196, 3.865481, 4.015062, 0.001971, 1.249690, 0.000906
B05a, H, 5.000000, 19.112856, 0.421787, 3.711597, 4.024064, 0.002908, 1.749016, 0.002335
B05a, H, 10.000000, 19.112856, 0.421787, 1.911730, 2.094544, 0.001272, 1.942297, 0.001831
B05a, H, 15.000000, 19.112856, 0.421787, 1.281228, 1.403674, 0.001155, 1.940846, 0.002347
B05a, H, 20.000000, 19.112856, 0.421787, 0.978582, 1.070158, 0.001132, 1.903494, 0.002944
B05a, He, 5.000000, 33.753338, 1.764979, 6.112938, 6.417873, 0.005885, 1.344576, 0.002575
B05a, He, 10.000000, 33.753338, 1.764979, 3.325210, 3.581870, 0.003903, 1.648427, 0.002914
B05a, He, 15.000000, 33.753338, 1.764979, 2.288009, 2.480638, 0.004024, 1.749107, 0.004191
B05a, He, 20.000000, 33.753338, 1.764979, 1.736381, 1.884064, 0.002549, 1.761965, 0.003470
B05a, He, 30.000000, 33.753338, 1.764979, 1.155423, 1.257170, 0.001566, 1.808097, 0.003069
B05a, He, 40.000000, 33.753338, 1.764979, 0.880472, 0.957648, 0.001333, 1.802137, 0.003468
B05a, N, 10.000000, 91.975754, 3.555027, 8.810512, 9.117021, 0.008577, 1.220685, 0.003709
B05a, N, 20.000000, 91.975754, 3.555027, 4.445511, 4.669922, 0.001810, 1.350122, 0.000944
B05a, N, 30.000000, 91.975754, 3.555027, 3.079269, 3.265811, 0.001213, 1.449622, 0.000792
B05a, N, 40.000000, 91.975754, 3.555027, 2.353921, 2.516920, 0.001605, 1.547225, 0.001277
B05a, N, 50.000000, 91.975754, 3.555027, 1.932072, 2.067318, 0.001217, 1.556055, 0.001179
B05b, Ar, 30.000000, 181.886780, 15.728609, 6.171359, 6.335789, 0.002667, 1.161244, 0.000981
B05b, Ar, 40.000000, 181.886780, 15.728609, 4.704685, 4.887441, 0.001904, 1.250840, 0.000853
B05b, Ar, 50.000000, 181.886780, 15.728609, 3.827960, 4.022018, 0.001746, 1.352079, 0.000939
B05b, H, 5.000000, 17.750004, 1.431780, 3.638763, 3.987920, 0.002551, 1.948392, 0.002543
B05b, H, 10.000000, 17.750004, 1.431780, 1.876627, 2.065474, 0.001670, 2.040387, 0.002761
B05b, H, 15.000000, 17.750004, 1.431780, 1.260353, 1.382061, 0.001370, 1.960290, 0.003120
B05b, H, 20.000000, 17.750004, 1.431780, 0.937044, 1.026317, 0.000921, 1.935069, 0.002597
B05b, He, 5.000000, 33.331093, 1.374132, 6.203608, 6.578413, 0.007416, 1.447842, 0.003844
B05b, He, 10.000000, 33.331093, 1.374132, 3.252735, 3.527031, 0.003540, 1.751192, 0.003205
B05b, He, 15.000000, 33.331093, 1.374132, 2.238338, 2.440874, 0.004440, 1.850469, 0.005495
B05b, He, 20.000000, 33.331093, 1.374132, 1.724272, 1.889057, 0.002313, 1.941277, 0.003708
B05b, He, 30.000000, 33.331093, 1.374132, 1.143868, 1.251224, 0.002436, 1.907331, 0.005480
B05b, He, 40.000000, 33.331093, 1.374132, 0.855114, 0.932779, 0.001581, 1.855924, 0.004557
B05b, N, 10.000000, 90.982231, 3.835930, 8.658116, 9.089677, 0.007767, 1.349853, 0.003630
B05b, N, 20.000000, 90.982231, 3.835930, 4.385385, 4.651271, 0.003883, 1.450176, 0.002278
B05b, N, 30.000000, 90.982231, 3.835930, 3.056754, 3.273108, 0.001832, 1.565889, 0.001407
B05b, N, 40.000000, 90.982231, 3.835930, 2.343291, 2.524474, 0.001375, 1.650186, 0.001304
B05b, N, 50.000000, 90.982231, 3.835930, 1.910222, 2.058858, 0.001710, 1.656794, 0.001955
B06a, Ar, 30.000000, 252.239883, 41.019333, 9.402151, 9.748077, 0.005431, 1.234600, 0.002125
B06a, Ar, 40.000000, 252.239883, 41.019333, 7.193618, 7.574971, 0.003311, 1.372814, 0.001622
B06a, Ar, 50.000000, 252.239883, 41.019333, 5.714844, 6.024696, 0.003755, 1.387725, 0.001879
B06a, H, 5.000000, 24.753403, 1.559398, 5.046015, 5.550989, 0.003815, 2.028763, 0.003666
B06a, H, 10.000000, 24.753403, 1.559398, 2.568519, 2.829758, 0.001867, 2.063358, 0.002646
B06a, H, 15.000000, 24.753403, 1.559398, 1.692684, 1.864083, 0.001723, 2.053635, 0.003295
B06a, H, 20.000000, 24.753403, 1.559398, 1.270699, 1.398635, 0.001208, 2.041222, 0.002865
B06a, He, 5.000000, 44.007015, 3.416932, 8.869245, 9.383391, 0.015743, 1.428417, 0.007929
B06a, He, 10.000000, 44.007015, 3.416932, 4.568498, 4.981690, 0.005972, 1.849808, 0.005044
B06a, He, 15.000000, 44.007015, 3.416932, 3.092987, 3.389516, 0.006083, 1.946773, 0.006719
B06a, He, 20.000000, 44.007015, 3.416932, 2.332709, 2.557059, 0.003931, 1.952466, 0.005392
B06a, He, 30.000000, 44.007015, 3.416932, 1.534094, 1.681228, 0.002321, 1.947579, 0.004226
B06a, He, 40.000000, 44.007015, 3.416932, 1.136588, 1.245190, 0.001834, 1.941012, 0.004303
B06a, N, 10.000000, 125.962891, 12.705430, 13.695392, 14.478987, 0.012778, 1.421403, 0.007296
B06a, N, 20.000000, 125.962891, 12.705430, 6.353986, 6.738433, 0.004934, 1.448765, 0.002523
B06a, N, 30.000000, 125.962891, 12.705430, 4.315780, 4.615860, 0.003344, 1.550581, 0.002196
B06a, N, 40.000000, 125.962891, 12.705430, 3.282013, 3.535950, 0.003260, 1.650893, 0.002627
B06a, N, 50.000000, 125.962891, 12.705430, 2.659770, 2.865889, 0.001842, 1.652699, 0.001712
B06b, Ar, 30.000000, 178.065918, 15.022903, 5.943423, 6.086314, 0.002692, 1.143368, 0.000944
B06b, Ar, 40.000000, 178.065918, 15.022903, 4.570685, 4.747853, 0.002516, 1.250205, 0.001098
B06b, Ar, 50.000000, 178.065918, 15.022903, 3.710512, 3.897856, 0.001766, 1.350233, 0.000925
B06b, H, 5.000000, 18.197023, 0.642830, 3.578192, 3.920654, 0.003385, 1.943652, 0.003394
B06b, H, 10.000000, 18.197023, 0.642830, 1.846264, 2.031179, 0.001428, 2.030279, 0.002380
B06b, H, 15.000000, 18.197023, 0.642830, 1.244465, 1.364364, 0.000799, 1.955975, 0.001802
B06b, H, 20.000000, 18.197023, 0.642830, 0.900951, 0.985695, 0.001026, 1.911674, 0.002963
B06b, He, 5.000000, 32.776558, 1.288878, 6.090452, 6.456184, 0.008768, 1.443944, 0.004541
B06b, He, 10.000000, 32.776558, 1.288878, 3.225628, 3.497669, 0.003809, 1.751360, 0.003456
B06b, He, 15.000000, 32.776558, 1.288878, 2.230826, 2.444913, 0.003945, 1.948622, 0.005189
B06b, He, 20.000000, 32.776558, 1.288878, 1.683068, 1.843945, 0.002275, 1.941291, 0.003711
B06b, He, 30.000000, 32.776558, 1.288878, 1.111113, 1.211992, 0.001608, 1.855366, 0.003615
B06b, He, 40.000000, 32.776558, 1.288878, 0.840462, 0.916057, 0.001725, 1.840880, 0.004992
B06b, N, 10.000000, 88.327988, 3.476661, 8.439659, 8.851210, 0.008060, 1.338489, 0.003566
B06b, N, 20.000000, 88.327988, 3.476661, 4.299420, 4.560033, 0.003248, 1.450021, 0.001885
B06b, N, 30.000000, 88.327988, 3.476661, 2.926493, 3.130502, 0.002423, 1.552653, 0.001811
B06b, N, 40.000000, 88.327988, 3.476661, 2.268969, 2.444188, 0.001452, 1.648896, 0.001352
B06b, N, 50.000000, 88.327988, 3.476661, 1.859515, 2.003852, 0.001058, 1.654399, 0.001200
B07a, Ar, 30.000000, 226.829132, 29.274183, 8.045972, 8.330916, 0.004618, 1.223504, 0.001726
B07a, Ar, 40.000000, 226.829132, 29.274183, 6.084889, 6.325466, 0.002599, 1.256454, 0.001106
B07a, Ar, 50.000000, 226.829132, 29.274183, 4.871993, 5.118486, 0.002988, 1.351176, 0.001458
B07a, He, 5.000000, 39.164150, 2.695609, 7.675435, 8.063287, 0.014881, 1.350633, 0.006974
B07a, He, 10.000000, 39.164150, 2.695609, 3.953288, 4.288810, 0.005708, 1.759411, 0.004619
B07a, He, 15.000000, 39.164150, 2.695609, 2.752679, 3.016866, 0.004631, 1.948778, 0.005297
B07a, He, 20.000000, 39.164150, 2.695609, 2.046547, 2.235635, 0.003179, 1.882041, 0.004352
B07a, He, 30.000000, 39.164150, 2.695609, 1.349420, 1.476164, 0.002211, 1.909161, 0.004331
B07a, He, 40.000000, 39.164150, 2.695609, 1.042061, 1.136622, 0.002359, 1.855030, 0.005773
B07a, N, 10.000000, 104.662735, 16.060743, 11.042468, 11.199082, 0.009990, 1.102755, 0.003322
B07a, N, 20.000000, 104.662735, 16.060743, 5.514112, 5.848639, 0.003339, 1.450512, 0.001759
B07a, N, 30.000000, 104.662735, 16.060743, 3.761330, 4.022907, 0.002007, 1.550713, 0.001371
B07a, N, 40.000000, 104.662735, 16.060743, 2.865492, 3.086390, 0.003309, 1.647162, 0.002701
B07a, N, 50.000000, 104.662735, 16.060743, 2.318247, 2.497609, 0.001717, 1.650831, 0.001664
B07b, Ar, 30.000000, 204.561401, 1.519057, 6.765153, 7.027008, 0.002708, 1.249769, 0.001052
B07b, Ar, 40.000000, 204.561401, 1.519057, 5.119291, 5.333321, 0.002157, 1.274181, 0.000967
B07b, Ar, 50.000000, 204.561401, 1.519057, 4.119386, 4.326785, 0.001261, 1.348901, 0.000646
B07b, H, 5.000000, 19.566566, 0.229658, 3.878415, 4.252000, 0.002525, 1.955266, 0.002584
B07b, H, 10.000000, 19.566566, 0.229658, 1.952962, 2.149429, 0.001635, 2.040108, 0.002638
B07b, H, 15.000000, 19.566566, 0.229658, 1.326878, 1.460464, 0.001203, 2.041663, 0.002672
B07b, H, 20.000000, 19.566566, 0.229658, 0.972273, 1.066581, 0.001068, 1.967654, 0.003008
B07b, He, 5.000000, 35.537750, 1.651457, 6.520978, 6.850095, 0.008453, 1.350112, 0.003925
B07b, He, 10.000000, 35.537750, 1.651457, 3.544847, 3.863037, 0.003954, 1.838026, 0.003645
B07b, He, 15.000000, 35.537750, 1.651457, 2.345755, 2.558091, 0.004272, 1.851015, 0.005075
B07b, He, 20.000000, 35.537750, 1.651457, 1.842160, 2.018078, 0.002144, 1.939529, 0.003365
B07b, He, 30.000000, 35.537750, 1.651457, 1.218523, 1.333294, 0.002368, 1.914566, 0.005224
B07b, He, 40.000000, 35.537750, 1.651457, 0.919419, 1.005101, 0.001798, 1.896518, 0.005165
B07b, N, 10.000000, 96.436142, 3.398879, 9.245060, 9.580681, 0.009417, 1.231026, 0.003957
B07b, N, 20.000000, 96.436142, 3.398879, 4.693517, 4.978103, 0.003585, 1.450198, 0.002018
B07b, N, 30.000000, 96.436142, 3.398879, 3.234163, 3.459139, 0.002486, 1.550923, 0.001849
B07b, N, 40.000000, 96.436142, 3.398879, 2.451810, 2.640588, 0.002039, 1.645865, 0.001846
B07b, N, 50.000000, 96.436142, 3.398879, 2.020044, 2.175784, 0.001292, 1.649705, 0.001385
B07c, Ar, 30.000000, 201.730103, 3.085860, 6.614378, 6.780698, 0.002670, 1.150739, 0.000968
B07c, Ar, 40.000000, 201.730103, 3.085860, 5.057166, 5.258210, 0.001722, 1.258182, 0.000740
B07c, Ar, 50.000000, 201.730103, 3.085860, 4.090387, 4.296875, 0.001538, 1.350175, 0.000794
B07c, H, 5.000000, 19.392254, 0.164865, 3.860010, 4.231163, 0.002432, 1.952128, 0.002443
B07c, H, 10.000000, 19.392254, 0.164865, 1.950780, 2.146723, 0.001141, 2.036927, 0.001828
B07c, H, 15.000000, 19.392254, 0.164865, 1.303598, 1.429344, 0.001062, 1.957866, 0.002337
B07c, H, 20.000000, 19.392254, 0.164865, 0.960465, 1.052536, 0.001102, 1.946524, 0.003048
B07c, He, 5.000000, 34.334000, 1.269804, 6.401001, 6.724059, 0.009557, 1.350106, 0.004350
B07c, He, 10.000000, 34.334000, 1.269804, 3.437221, 3.742300, 0.003825, 1.820419, 0.003413
B07c, He, 15.000000, 34.334000, 1.269804, 2.360365, 2.574452, 0.004221, 1.853976, 0.005142
B07c, He, 20.000000, 34.334000, 1.269804, 1.758938, 1.920436, 0.002299, 1.872719, 0.003520
B07c, He, 30.000000, 34.334000, 1.269804, 1.166008, 1.273120, 0.002385, 1.873297, 0.005061
B07c, He, 40.000000, 34.334000, 1.269804, 0.854452, 0.930864, 0.002014, 1.832452, 0.005465
B07c, N, 10.000000, 95.082069, 2.569719, 9.185896, 9.517437, 0.009747, 1.229516, 0.004034
B07c, N, 20.000000, 95.082069, 2.569719, 4.655911, 4.938211, 0.004388, 1.450183, 0.002494
B07c, N, 30.000000, 95.082069, 2.569719, 3.191280, 3.412997, 0.002393, 1.549879, 0.001737
B07c, N, 40.000000, 95.082069, 2.569719, 2.420559, 2.605827, 0.001634, 1.639889, 0.001439
B07c, N, 50.000000, 95.082069, 2.569719, 1.960222, 2.113810, 0.001408, 1.663998, 0.001525
B08a, Ar, 30.000000, 214.610031, 27.442692, 7.564492, 7.856671, 0.003641, 1.249143, 0.001386
B08a, Ar, 40.000000, 214.610031, 27.442692, 5.698961, 5.920702, 0.002734, 1.251319, 0.001172
B08a, Ar, 50.000000, 214.610031, 27.442692, 4.623200, 4.856824, 0.001973, 1.350587, 0.001011
B08a, He, 5.000000, 37.324627, 2.193420, 7.263358, 7.631188, 0.015429, 1.351710, 0.007358
B08a, He, 10.000000, 37.324627, 2.193420, 3.809651, 4.153990, 0.004943, 1.848825, 0.004364
B08a, He, 15.000000, 37.324627, 2.193420, 2.601463, 2.850330, 0.004672, 1.942678, 0.005511
B08a, He, 20.000000, 37.324627, 2.193420, 1.947901, 2.133721, 0.002388, 1.938110, 0.003468
B08a, He, 30.000000, 37.324627, 2.193420, 1.293850, 1.414677, 0.002816, 1.898848, 0.005756
B08a, He, 40.000000, 37.324627, 2.193420, 0.965474, 1.057619, 0.002637, 1.938822, 0.007316
B08a, N, 10.000000, 99.195511, 14.523952, 10.407967, 10.793290, 0.010134, 1.240029, 0.004036
B08a, N, 20.000000, 99.195511, 14.523952, 5.189852, 5.504702, 0.004006, 1.450552, 0.002198
B08a, N, 30.000000, 99.195511, 14.523952, 3.563703, 3.812678, 0.002745, 1.554649, 0.001898
B08a, N, 40.000000, 99.195511, 14.523952, 2.717487, 2.927399, 0.001932, 1.649154, 0.001643
B08a, N, 50.000000, 99.195511, 14.523952, 2.198042, 2.368079, 0.001004, 1.650736, 0.001011
B09a, Ar, 30.000000, 243.072327, 35.502327, 8.827521, 9.134550, 0.005807, 1.220531, 0.002285
B09a, Ar, 40.000000, 243.072327, 35.502327, 6.634178, 6.891834, 0.002766, 1.250764, 0.001174
B09a, Ar, 50.000000, 243.072327, 35.502327, 5.369900, 5.651231, 0.002475, 1.368251, 0.001180
B09a, He, 5.000000, 42.750355, 3.151916, 8.690908, 9.374113, 0.013666, 1.667353, 0.008723
B09a, He, 10.000000, 42.750355, 3.151916, 4.420230, 4.820108, 0.006360, 1.850178, 0.005617
B09a, He, 15.000000, 42.750355, 3.151916, 2.917178, 3.181428, 0.005452, 1.852126, 0.005648
B09a, He, 20.000000, 42.750355, 3.151916, 2.230285, 2.444294, 0.003775, 1.948388, 0.004949
B09a, He, 30.000000, 42.750355, 3.151916, 1.494052, 1.636968, 0.002570, 1.942653, 0.004658
B09a, He, 40.000000, 42.750355, 3.151916, 1.130359, 1.238638, 0.002526, 1.945355, 0.006055
B09a, N, 10.000000, 120.273560, 10.320595, 12.588952, 13.128520, 0.014491, 1.289878, 0.006420
B09a, N, 20.000000, 120.273560, 10.320595, 5.943882, 6.298893, 0.004820, 1.440706, 0.002487
B09a, N, 30.000000, 120.273560, 10.320595, 4.111141, 4.396890, 0.002268, 1.550257, 0.001470
B09a, N, 40.000000, 120.273560, 10.320595, 3.118790, 3.336721, 0.002613, 1.554885, 0.001995
B09a, N, 50.000000, 120.273560, 10.320595, 2.556226, 2.754846, 0.001177, 1.655507, 0.001080
B10a, Ar, 30.000000, 243.599060, 33.487698, 8.988079, 9.212945, 0.005297, 1.149861, 0.001849
B10a, Ar, 40.000000, 243.599060, 33.487698, 6.820605, 7.093657, 0.003252, 1.262379, 0.001376
B10a, Ar, 50.000000, 243.599060, 33.487698, 5.485255, 5.775756, 0.002286, 1.374164, 0.001092
B10a, He, 5.000000, 42.675320, 2.703669, 8.667321, 9.120545, 0.011196, 1.366790, 0.005373
B10a, He, 10.000000, 42.675320, 2.703669, 4.437190, 4.838450, 0.005809, 1.849579, 0.004802
B10a, He, 15.000000, 42.675320, 2.703669, 3.052396, 3.348073, 0.005642, 1.965945, 0.006524
B10a, He, 20.000000, 42.675320, 2.703669, 2.275208, 2.493930, 0.003593, 1.951727, 0.005050
B10a, He, 30.000000, 42.675320, 2.703669, 1.512299, 1.657752, 0.002849, 1.952550, 0.005399
B10a, He, 40.000000, 42.675320, 2.703669, 1.125532, 1.233898, 0.001801, 1.954242, 0.004488
B10a, N, 10.000000, 122.203011, 11.324994, 13.321042, 14.179220, 0.012612, 1.505689, 0.007683
B10a, N, 20.000000, 122.203011, 11.324994, 6.127807, 6.490790, 0.004776, 1.437263, 0.002450
B10a, N, 30.000000, 122.203011, 11.324994, 4.193663, 4.485585, 0.002913, 1.551573, 0.001927
B10a, N, 40.000000, 122.203011, 11.324994, 3.197983, 3.445294, 0.002627, 1.650381, 0.002105
B10a, N, 50.000000, 122.203011, 11.324994, 2.591596, 2.793484, 0.001834, 1.658397, 0.001722
B15a, Ar, 40.000000, 421.415314, 103.433685, 14.000634, 14.565341, 0.009621, 1.267007, 0.003904
B15a, Ar, 50.000000, 421.415314, 103.433685, 10.878221, 11.426993, 0.009385, 1.349881, 0.004226
B15a, He, 10.000000, 69.730751, 8.998856, 7.720354, 8.257810, 0.011558, 1.551519, 0.006932
B15a, He, 15.000000, 69.730751, 8.998856, 5.183196, 5.651535, 0.010848, 1.848262, 0.008661
B15a, He, 20.000000, 69.730751, 8.998856, 3.939813, 4.315824, 0.005274, 1.938859, 0.005093
B15a, He, 30.000000, 69.730751, 8.998856, 2.624894, 2.877048, 0.004421, 1.950486, 0.005511
B15a, He, 40.000000, 69.730751, 8.998856, 1.942702, 2.129808, 0.003217, 1.955051, 0.004935
B15a, N, 20.000000, 213.558167, 25.581604, 11.651487, 11.713326, 0.010160, 1.032914, 0.002986
B15a, N, 30.000000, 213.558167, 25.581604, 7.662508, 8.049677, 0.004753, 1.350600, 0.002251
B15a, N, 40.000000, 213.558167, 25.581604, 5.797492, 6.151182, 0.006328, 1.454035, 0.003494
B15a, N, 50.000000, 213.558167, 25.581604, 4.618000, 4.938922, 0.004409, 1.550100, 0.002757
B15b, Ar, 30.000000, 331.520538, 68.135246, 12.667935, 13.208211, 0.010186, 1.288107, 0.004336
B15b, Ar, 40.000000, 331.520538, 68.135246, 9.365729, 9.933501, 0.004724, 1.450091, 0.002371
B15b, Ar, 50.000000, 331.520538, 68.135246, 7.435122, 7.885442, 0.003251, 1.449490, 0.001667
B15b, He, 5.000000, 58.327621, 0.403655, 11.759292, 12.470823, 0.021191, 1.448905, 0.010991
B15b, He, 10.000000, 58.327621, 0.403655, 5.885682, 6.482872, 0.006819, 2.057794, 0.006744
B15b, He, 15.000000, 58.327621, 0.403655, 3.881988, 4.275153, 0.006831, 2.053980, 0.007553
B15b, He, 20.000000, 58.327621, 0.403655, 2.909612, 3.215993, 0.003360, 2.141810, 0.004500
B15b, He, 30.000000, 58.327621, 0.403655, 1.930555, 2.131010, 0.003772, 2.107552, 0.006777
B15b, He, 40.000000, 58.327621, 0.403655, 1.449518, 1.595944, 0.003099, 2.048537, 0.006891
B15b, N, 20.000000, 167.335098, 1.392694, 8.284893, 8.778946, 0.005865, 1.442357, 0.002915
B15b, N, 30.000000, 167.335098, 1.392694, 5.562317, 5.992140, 0.003490, 1.649598, 0.002275
B15b, N, 40.000000, 167.335098, 1.392694, 4.224389, 4.580002, 0.003440, 1.748917, 0.002675
B15b, N, 50.000000, 167.335098, 1.392694, 3.356294, 3.639043, 0.002406, 1.749931, 0.002083
B20a, Ar, 30.000000, 340.744965, 57.277641, 12.165559, 12.895278, 0.005992, 1.444442, 0.003129
B20a, Ar, 40.000000, 340.744965, 57.277641, 8.973458, 9.517504, 0.003838, 1.450156, 0.001996
B20a, Ar, 50.000000, 340.744965, 57.277641, 7.112160, 7.541038, 0.003423, 1.446656, 0.001750
B20a, H, 5.000000, 28.678566, 2.117452, 6.170023, 6.847121, 0.004896, 2.247165, 0.005270
B20a, H, 10.000000, 28.678566, 2.117452, 3.079732, 3.417069, 0.002473, 2.241893, 0.003530
B20a, H, 15.000000, 28.678566, 2.117452, 2.066831, 2.287930, 0.001909, 2.178307, 0.003540
B20a, H, 20.000000, 28.678566, 2.117452, 1.510862, 1.670263, 0.001322, 2.146204, 0.002983
B20a, He, 5.000000, 54.772621, 2.214504, 10.952827, 11.335356, 0.016251, 1.226574, 0.006767
B20a, He, 10.000000, 54.772621, 2.214504, 5.623587, 6.172839, 0.006726, 1.981855, 0.006197
B20a, He, 15.000000, 54.772621, 2.214504, 3.807777, 4.193147, 0.005986, 2.052492, 0.006772
B20a, He, 20.000000, 54.772621, 2.214504, 2.839458, 3.139266, 0.004763, 2.148203, 0.006580
B20a, He, 30.000000, 54.772621, 2.214504, 1.878509, 2.068813, 0.003498, 2.054692, 0.006269
B20a, He, 40.000000, 54.772621, 2.214504, 1.360507, 1.496829, 0.002631, 2.031993, 0.005861
B20a, N, 10.000000, 165.935745, 14.844070, 19.492189, 21.301937, 0.033204, 1.894033, 0.030547
B20a, N, 20.000000, 165.935745, 14.844070, 7.944199, 8.431127, 0.004488, 1.457147, 0.002357
B20a, N, 30.000000, 165.935745, 14.844070, 5.366253, 5.780927, 0.003508, 1.649582, 0.002304
B20a, N, 40.000000, 165.935745, 14.844070, 4.077333, 4.417693, 0.003463, 1.737976, 0.002679
B20a, N, 50.000000, 165.935745, 14.844070, 3.245450, 3.518798, 0.002406, 1.749624, 0.002109
B20b, Ar, 30.000000, 344.195282, 75.624168, 13.549136, 14.596527, 0.007549, 1.649983, 0.005263
B20b, Ar, 40.000000, 344.195282, 75.624168, 9.771066, 10.365844, 0.005421, 1.452672, 0.003012
B20b, Ar, 50.000000, 344.195282, 75.624168, 7.693064, 8.159294, 0.003820, 1.449892, 0.002004
B20b, H, 5.000000, 31.649393, 1.747289, 6.504586, 7.191930, 0.004489, 2.150067, 0.004558
B20b, H, 10.000000, 31.649393, 1.747289, 3.255656, 3.620137, 0.002559, 2.301094, 0.003779
B20b, H, 15.000000, 31.649393, 1.747289, 2.152494, 2.388775, 0.002035, 2.247889, 0.003763
B20b, H, 20.000000, 31.649393, 1.747289, 1.629205, 1.806371, 0.001379, 2.221844, 0.003198
B20b, He, 5.000000, 60.115170, 1.172811, 12.364383, 13.294325, 0.021245, 1.631987, 0.014777
B20b, He, 10.000000, 60.115170, 1.172811, 5.961119, 6.556181, 0.006639, 2.023921, 0.006128
B20b, He, 15.000000, 60.115170, 1.172811, 4.024078, 4.446123, 0.007978, 2.146046, 0.009535
B20b, He, 20.000000, 60.115170, 1.172811, 3.053691, 3.378137, 0.004793, 2.163497, 0.006672
B20b, He, 30.000000, 60.115170, 1.172811, 1.962670, 2.167995, 0.003463, 2.126299, 0.006181
B20b, He, 40.000000, 60.115170, 1.172811, 1.475004, 1.624577, 0.002117, 2.056804, 0.004778
B20b, N, 20.000000, 173.055695, 1.021755, 8.617834, 9.123540, 0.006896, 1.434687, 0.003519
B20b, N, 30.000000, 173.055695, 1.021755, 5.747509, 6.191548, 0.004039, 1.649382, 0.002646
B20b, N, 40.000000, 173.055695, 1.021755, 4.322461, 4.686371, 0.003109, 1.749060, 0.002343
B20b, N, 50.000000, 173.055695, 1.021755, 3.491027, 3.795663, 0.002418, 1.797089, 0.002162
C8, Ar, 30.000000, 197.057129, 4.046167, 6.437168, 6.598461, 0.002959, 1.150153, 0.001015
C8, Ar, 40.000000, 197.057129, 4.046167, 4.923293, 5.118796, 0.002318, 1.257623, 0.001017
C8, Ar, 50.000000, 197.057129, 4.046167, 4.024152, 4.213805, 0.002390, 1.333707, 0.001258
C8, He, 5.000000, 34.127579, 1.265407, 6.388376, 6.711036, 0.009536, 1.350459, 0.004469
C8, He, 10.000000, 34.127579, 1.265407, 3.432122, 3.739742, 0.005937, 1.836193, 0.005421
C8, He, 15.000000, 34.127579, 1.265407, 2.343839, 2.556261, 0.005118, 1.852821, 0.006297
C8, He, 20.000000, 34.127579, 1.265407, 1.750853, 1.910594, 0.002534, 1.862982, 0.003830
C8, He, 30.000000, 34.127579, 1.265407, 1.164954, 1.271827, 0.001872, 1.871245, 0.004051
C8, He, 40.000000, 34.127579, 1.265407, 0.837376, 0.908665, 0.001882, 1.763597, 0.005003
C8, N, 10.000000, 93.810570, 3.195004, 9.059848, 9.382962, 0.010431, 1.226527, 0.004426
C8, N, 20.000000, 93.810570, 3.195004, 4.550105, 4.825854, 0.002886, 1.449877, 0.001621
C8, N, 30.000000, 93.810570, 3.195004, 3.112676, 3.327970, 0.002570, 1.546042, 0.001834
C8, N, 40.000000, 93.810570, 3.195004, 2.417409, 2.602667, 0.002494, 1.641162, 0.002229
C8, N, 50.000000, 93.810570, 3.195004, 1.951873, 2.103348, 0.001431, 1.653990, 0.001549
13A, H, 5.000000, 20.241945, 0.211475, 4.019775, 4.398868, 0.004954, 1.918463, 0.004782
13A, H, 10.000000, 20.241945, 0.211475, 2.043240, 2.247605, 0.002409, 2.027363, 0.003786
13A, H, 15.000000, 20.241945, 0.211475, 1.334965, 1.464024, 0.001656, 1.961648, 0.003580
13A, H, 20.000000, 20.241945, 0.211475, 1.020767, 1.118388, 0.001983, 1.942548, 0.005570
13B, H, 5.000000, 15.094872, 0.328115, 2.946763, 3.214216, 0.001988, 1.855121, 0.002028
13B, H, 10.000000, 15.094872, 0.328115, 1.517695, 1.662846, 0.001835, 1.942526, 0.003275
13B, H, 15.000000, 15.094872, 0.328115, 1.033946, 1.129844, 0.001521, 1.888070, 0.003788
13B, H, 20.000000, 15.094872, 0.328115, 0.748512, 0.815897, 0.001686, 1.842132, 0.005453
13C, H, 5.000000, 15.254656, 1.077250, 3.111869, 3.393714, 0.002369, 1.852022, 0.002378
13C, H, 10.000000, 15.254656, 1.077250, 1.563237, 1.712169, 0.001753, 1.935818, 0.003055
13C, H, 15.000000, 15.254656, 1.077250, 1.074984, 1.175094, 0.001435, 1.893764, 0.003478
13C, H, 20.000000, 15.254656, 1.077250, 0.800617, 0.873588, 0.001702, 1.859670, 0.005371
13D, H, 5.000000, 16.045530, 0.535368, 3.191205, 3.479939, 0.002579, 1.850378, 0.002545
13D, H, 10.000000, 16.045530, 0.535368, 1.646765, 1.803698, 0.001467, 1.935674, 0.002480
13D, H, 15.000000, 16.045530, 0.535368, 1.096393, 1.201291, 0.001904, 1.942892, 0.004631
13D, H, 20.000000, 16.045530, 0.535368, 0.766959, 0.835939, 0.001191, 1.841154, 0.003647
13E, H, 5.000000, 20.850128, 0.168042, 4.133639, 4.530419, 0.003361, 1.949041, 0.003193
13E, H, 10.000000, 20.850128, 0.168042, 2.091693, 2.302510, 0.002975, 2.043558, 0.004635
13E, H, 15.000000, 20.850128, 0.168042, 1.384442, 1.521367, 0.001917, 2.004294, 0.004120
13E, H, 20.000000, 20.850128, 0.168042, 1.052539, 1.153844, 0.001528, 1.954052, 0.004193
13F, H, 5.000000, 19.904490, 0.441772, 3.947921, 4.325226, 0.002834, 1.941295, 0.002729
13F, H, 10.000000, 19.904490, 0.441772, 2.039331, 2.242981, 0.002080, 2.024033, 0.003284
13F, H, 15.000000, 19.904490, 0.441772, 1.341162, 1.471081, 0.002188, 1.965225, 0.004785
13F, H, 20.000000, 19.904490, 0.441772, 0.969115, 1.061416, 0.002366, 1.935184, 0.006541
13G, H, 5.000000, 15.521394, 0.258593, 3.048534, 3.326755, 0.001741, 1.863990, 0.001779
13G, H, 10.000000, 15.521394, 0.258593, 1.541331, 1.688374, 0.001827, 1.938225, 0.003201
13G, H, 15.000000, 15.521394, 0.258593, 1.056646, 1.157234, 0.001230, 1.933354, 0.003079
13G, H, 20.000000, 15.521394, 0.258593, 0.779318, 0.851232, 0.001881, 1.880324, 0.006223
13H, H, 5.000000, 20.990477, 0.329176, 4.176779, 4.578205, 0.003276, 1.951406, 0.003192
13H, H, 10.000000, 20.990477, 0.329176, 2.115227, 2.328861, 0.002230, 2.048112, 0.003515
13H, H, 15.000000, 20.990477, 0.329176, 1.372595, 1.506452, 0.001935, 1.977504, 0.004038
13H, H, 20.000000, 20.990477, 0.329176, 1.067228, 1.172312, 0.002197, 1.994186, 0.006253
13I, H, 5.000000, 15.467249, 1.115786, 3.144922, 3.429554, 0.002831, 1.850867, 0.002824
13I, H, 10.000000, 15.467249, 1.115786, 1.630286, 1.784952, 0.002130, 1.927568, 0.003695
13I, H, 15.000000, 15.467249, 1.115786, 1.074909, 1.174940, 0.001882, 1.892570, 0.004568
13I, H, 20.000000, 15.467249, 1.115786, 0.799541, 0.872148, 0.001507, 1.853923, 0.004761
B06a, Ar, 10.000000, 252.239883, 41.019333, 19.429975, 21.252680, 0.016258, 1.865011, 0.005725
B06a, Ar, 20.000000, 252.239883, 41.019333, 12.409234, 13.484704, 0.013690, 1.830906, 0.004699
B06a, Ar, 30.000000, 252.239883, 41.019333, 9.385147, 10.256763, 0.004380, 1.977211, 0.001885
B06a, H, 1.000000, 24.753403, 1.559398, 20.043041, 21.640987, 0.028748, 1.688082, 0.008576
B06a, H, 2.000000, 24.753403, 1.559398, 11.649077, 12.850490, 0.009156, 2.200123, 0.004425
B06a, H, 3.000000, 24.753403, 1.559398, 8.322569, 9.247780, 0.005625, 2.312152, 0.003262
B06a, H, 5.000000, 24.753403, 1.559398, 5.036458, 5.570935, 0.005411, 2.166362, 0.003657
B06a, He, 2.000000, 44.007015, 3.416932, 18.371241, 20.084005, 0.014699, 1.947176, 0.005571
B06a, He, 3.000000, 44.007015, 3.416932, 13.695598, 15.022416, 0.009912, 1.970795, 0.003785
B06a, He, 5.000000, 44.007015, 3.416932, 8.937790, 9.820529, 0.013427, 2.040371, 0.006060
B06a, N, 5.000000, 125.962891, 12.705430, 20.211346, 22.237625, 0.012538, 1.933135, 0.004722
B06a, N, 10.000000, 125.962891, 12.705430, 12.655742, 13.661334, 0.010629, 1.640198, 0.002956
B07a, Ar, 10.000000, 226.829132, 29.274183, 18.045905, 19.630079, 0.014123, 1.786228, 0.004574
B07a, Ar, 20.000000, 226.829132, 29.274183, 11.869576, 13.007980, 0.012193, 2.051223, 0.005228
B07a, Ar, 30.000000, 226.829132, 29.274183, 8.559836, 9.370245, 0.006519, 2.008111, 0.002997
B07a, H, 1.000000, 22.018984, 1.307917, 18.254287, 19.608793, 0.020283, 1.633664, 0.005663
B07a, H, 2.000000, 22.018984, 1.307917, 10.568655, 11.644611, 0.012227, 2.148356, 0.005772
B07a, H, 3.000000, 22.018984, 1.307917, 7.501924, 8.311385, 0.007649, 2.232433, 0.004392
B07a, H, 5.000000, 22.018984, 1.307917, 4.567849, 5.046194, 0.004644, 2.136916, 0.003328
B07a, He, 2.000000, 39.164150, 2.695609, 16.745571, 18.200895, 0.013576, 1.806368, 0.004471
B07a, He, 3.000000, 39.164150, 2.695609, 12.412532, 13.589851, 0.008584, 1.944824, 0.003241
B07a, He, 5.000000, 39.164150, 2.695609, 8.034624, 8.807135, 0.009770, 1.973368, 0.004300
B07a, N, 3.000000, 104.662735, 16.060743, 24.687558, 27.236677, 0.020697, 1.883163, 0.007828
B07a, N, 5.000000, 104.662735, 16.060743, 18.932930, 20.710062, 0.016424, 1.848401, 0.005662
B07a, N, 10.000000, 104.662735, 16.060743, 11.249342, 12.093152, 0.007691, 1.598130, 0.002099
B08a, Ar, 10.000000, 214.610031, 27.442692, 17.621524, 19.266293, 0.015502, 1.844789, 0.005285
B08a, Ar, 20.000000, 214.610031, 27.442692, 11.243645, 12.323705, 0.013022, 2.039379, 0.005575
B08a, Ar, 30.000000, 214.610031, 27.442692, 8.221984, 9.029664, 0.007995, 2.071514, 0.003954
B08a, H, 1.000000, 20.917025, 1.503083, 17.775805, 19.277380, 0.022658, 1.740648, 0.007012
B08a, H, 2.000000, 20.917025, 1.503083, 10.055355, 11.044835, 0.017508, 2.055745, 0.007765
B08a, H, 3.000000, 20.917025, 1.503083, 7.010143, 7.740503, 0.007409, 2.131095, 0.003976
B08a, H, 5.000000, 20.917025, 1.503083, 4.406769, 4.876232, 0.007665, 2.181648, 0.005980
B08a, He, 2.000000, 37.324627, 2.193420, 16.410597, 17.874273, 0.013320, 1.756934, 0.004136
B08a, He, 3.000000, 37.324627, 2.193420, 11.811906, 12.884825, 0.008053, 1.843924, 0.002780
B08a, He, 5.000000, 37.324627, 2.193420, 7.668145, 8.413326, 0.009021, 1.990438, 0.004102
B08a, N, 3.000000, 99.195511, 14.523952, 23.661179, 26.326937, 0.017619, 2.143947, 0.008310
B08a, N, 5.000000, 99.195511, 14.523952, 18.307884, 20.041842, 0.011781, 1.760751, 0.003687
B08a, N, 10.000000, 99.195511, 14.523952, 10.455963, 11.195898, 0.007918, 1.531294, 0.002025
B09a, Ar, 10.000000, 243.072327, 35.502327, 19.012278, 20.771248, 0.013684, 1.882468, 0.004893
B09a, Ar, 20.000000, 243.072327, 35.502327, 12.671060, 13.876966, 0.008650, 2.011077, 0.003513
B09a, Ar, 30.000000, 243.072327, 35.502327, 9.150214, 10.006721, 0.008881, 1.992235, 0.003917
B09a, H, 1.000000, 23.653570, 1.958282, 19.699231, 21.394167, 0.021870, 1.847803, 0.007644
B09a, H, 2.000000, 23.653570, 1.958282, 11.572642, 12.842042, 0.014059, 2.295519, 0.007255
B09a, H, 3.000000, 23.653570, 1.958282, 7.905001, 8.735172, 0.005729, 2.157992, 0.002985
B09a, H, 5.000000, 23.653570, 1.958282, 4.869787, 5.374172, 0.005895, 2.113367, 0.003952
B09a, He, 2.000000, 42.750355, 3.151916, 18.037757, 19.785538, 0.019252, 2.034229, 0.007868
B09a, He, 3.000000, 42.750355, 3.151916, 13.270708, 14.529091, 0.010043, 1.920985, 0.003669
B09a, He, 5.000000, 42.750355, 3.151916, 8.741216, 9.604351, 0.007784, 2.027108, 0.003426
B09a, N, 5.000000, 120.273560, 10.320595, 19.934034, 22.030899, 0.012905, 2.087812, 0.005565
B09a, N, 10.000000, 120.273560, 10.320595, 12.411889, 13.423903, 0.010417, 1.685314, 0.003049
B10a, Ar, 10.000000, 243.599060, 33.487698, 19.380861, 21.170452, 0.012648, 1.816578, 0.004246
B10a, Ar, 20.000000, 243.599060, 33.487698, 12.517705, 13.690603, 0.011761, 1.979391, 0.004635
B10a, Ar, 30.000000, 243.599060, 33.487698, 9.341230, 10.262069, 0.003888, 2.090469, 0.001853
B10a, H, 1.000000, 23.481129, 1.385771, 19.849629, 21.424923, 0.016997, 1.668058, 0.004955
B10a, H, 2.000000, 23.481129, 1.385771, 11.376809, 12.571377, 0.012493, 2.167831, 0.005791
B10a, H, 3.000000, 23.481129, 1.385771, 8.119293, 8.999791, 0.006577, 2.250147, 0.003684
B10a, H, 5.000000, 23.481129, 1.385771, 4.942645, 5.469242, 0.006320, 2.180442, 0.004461
B10a, He, 2.000000, 42.675320, 2.703669, 18.189952, 19.895191, 0.020844, 1.913263, 0.007627
B10a, He, 3.000000, 42.675320, 2.703669, 13.643342, 14.976776, 0.005525, 1.980687, 0.002126
B10a, He, 5.000000, 42.675320, 2.703669, 8.816889, 9.697227, 0.006631, 2.051493, 0.003018
B10a, N, 5.000000, 122.203011, 11.324994, 20.055848, 22.121248, 0.017636, 1.957645, 0.006767
B10a, N, 10.000000, 122.203011, 11.324994, 12.618965, 13.676811, 0.007034, 1.714813, 0.002114
B15a, Ar, 10.000000, 421.415314, 103.433685, 24.840159, 27.397198, 0.020050, 1.824255, 0.007171
B15a, Ar, 20.000000, 421.415314, 103.433685, 18.299416, 20.082653, 0.014475, 1.988483, 0.005673
B15a, Ar, 30.000000, 421.415314, 103.433685, 14.296125, 15.645518, 0.011314, 1.991308, 0.004441
B15a, H, 2.000000, 36.706184, 4.309705, 19.016459, 20.649084, 0.027597, 1.851793, 0.009641
B15a, H, 3.000000, 36.706184, 4.309705, 12.271780, 13.501403, 0.007157, 2.080549, 0.003065
B15a, H, 5.000000, 36.706184, 4.309705, 7.581421, 8.389126, 0.006729, 2.194735, 0.003695
B15a, He, 2.000000, 69.730751, 8.998856, 24.681177, 27.242304, 0.031359, 2.405365, 0.018635
B15a, He, 3.000000, 69.730751, 8.998856, 19.943782, 21.900002, 0.015112, 1.954240, 0.005804
B15a, He, 5.000000, 69.730751, 8.998856, 13.285694, 14.563232, 0.010216, 1.999079, 0.004041
B15a, N, 10.000000, 213.558167, 25.581604, 18.967243, 20.857006, 0.013420, 1.839773, 0.004556
13C, H, 1.000000, 15.254656, 1.077250, 13.502120, 14.741024, 0.012837, 1.866204, 0.004644
13C, H, 7.000000, 15.254656, 1.077250, 2.293791, 2.522674, 0.003801, 2.023303, 0.004059
13C, H, 1.300000, 15.254656, 1.077250, 10.860635, 11.894724, 0.012347, 1.919600, 0.004758
13I, H, 1.000000, 15.467249, 1.115786, 13.616903, 14.864220, 0.012306, 1.884303, 0.004543
13I, H, 7.000000, 15.467249, 1.115786, 2.343233, 2.578597, 0.007345, 2.037090, 0.007978
13I, H, 1.300000, 15.467249, 1.115786, 11.035181, 12.111226, 0.011909, 1.982419, 0.004875
B05b, Ar, 10.000000, 181.886780, 15.728609, 15.611860, 17.110815, 0.010379, 1.978411, 0.004178
B05b, Ar, 20.000000, 181.886780, 15.728609, 9.560733, 10.432413, 0.009960, 1.911217, 0.004014
B05b, H, 1.000000, 17.750004, 1.431780, 15.394194, 16.768143, 0.013868, 1.836589, 0.004889
B05b, H, 7.000000, 17.750004, 1.431780, 2.720445, 2.998605, 0.003726, 2.075349, 0.003663
B05b, H, 1.300000, 17.750004, 1.431780, 12.444214, 13.632668, 0.012817, 1.947874, 0.005027
B06a, Ar, 10.000000, 252.239883, 41.019333, 19.836752, 21.802170, 0.021161, 1.990893, 0.008801
B06a, Ar, 20.000000, 252.239883, 41.019333, 13.118107, 14.389056, 0.010585, 2.023832, 0.004468
B06a, H, 1.000000, 24.753403, 1.559398, 20.548450, 22.481693, 0.028893, 1.950771, 0.011703
B06a, H, 7.000000, 24.753403, 1.559398, 3.635627, 4.019903, 0.005762, 2.153550, 0.004771
B06a, H, 1.300000, 24.753403, 1.559398, 16.102651, 17.580782, 0.018608, 1.883204, 0.006861
B06b, Ar, 10.000000, 178.065918, 15.022903, 15.429404, 16.853579, 0.011043, 1.889105, 0.004091
B06b, Ar, 20.000000, 178.065918, 15.022903, 9.592283, 10.497984, 0.008075, 1.985563, 0.003502
B06b, H, 1.000000, 18.197023, 0.642830, 15.515811, 16.939930, 0.012892, 1.898991, 0.004831
B06b, H, 7.000000, 18.197023, 0.642830, 2.691747, 2.966758, 0.006233, 2.074036, 0.006138
B06b, H, 1.300000, 18.197023, 0.642830, 12.632025, 13.905208, 0.014175, 2.065927, 0.006168
B07a, Ar, 10.000000, 226.829132, 29.274183, 18.978823, 20.950367, 0.016581, 2.122392, 0.007682
B07a, Ar, 20.000000, 226.829132, 29.274183, 11.726606, 12.829302, 0.009618, 1.978672, 0.003964
B07a, H, 7.000000, 22.018984, 1.307917, 3.278322, 3.621584, 0.006935, 2.130672, 0.006128
B07a, H, 1.300000, 22.018984, 1.307917, 15.500148, 17.105434, 0.019883, 2.224152, 0.009924
B08a, Ar, 10.000000, 214.610031, 27.442692, 17.518202, 19.261366, 0.018192, 2.005118, 0.007526
B08a, Ar, 20.000000, 214.610031, 27.442692, 10.988406, 12.023180, 0.009109, 1.971012, 0.003760
B08a, H, 7.000000, 20.917025, 1.503083, 2.908980, 3.200334, 0.005239, 2.031348, 0.004488
B08a, H, 1.300000, 20.917025, 1.503083, 14.500983, 15.953556, 0.017330, 2.018157, 0.007158
B09a, Ar, 10.000000, 243.072327, 35.502327, 19.577496, 21.597034, 0.016849, 2.163563, 0.008149
B09a, Ar, 20.000000, 243.072327, 35.502327, 12.471686, 13.643701, 0.012876, 1.975565, 0.005245
B09a, H, 7.000000, 23.653570, 1.958282, 3.484703, 3.845984, 0.005965, 2.106900, 0.004827
B09a, H, 1.300000, 23.653570, 1.958282, 16.498219, 18.265575, 0.022073, 2.298422, 0.011687
B10a, Ar, 10.000000, 243.599060, 33.487698, 19.824092, 21.815975, 0.017683, 2.009932, 0.007475
B10a, Ar, 20.000000, 243.599060, 33.487698, 12.876664, 14.169723, 0.008876, 2.143869, 0.004188
B10a, H, 7.000000, 23.481129, 1.385771, 3.581840, 3.961789, 0.004855, 2.161002, 0.004068
B10a, H, 1.300000, 23.481129, 1.385771, 16.973530, 18.763857, 0.020974, 2.212451, 0.010360
B15a, Ar, 20.000000, 421.415314, 103.433685, 18.701856, 20.689554, 0.013520, 2.145417, 0.006354
B15a, H, 7.000000, 36.706184, 4.309705, 5.473923, 6.051071, 0.007895, 2.148150, 0.004784
B15a, H, 1.300000, 36.706184, 4.309705, 23.131680, 25.045504, 0.034150, 1.567256, 0.009563
B15b, Ar, 10.000000, 331.520538, 68.135246, 23.390847, 25.969051, 0.024788, 2.138750, 0.012164
B15b, Ar, 20.000000, 331.520538, 68.135246, 16.172966, 17.864969, 0.016053, 2.230624, 0.008043
B15b, H, 1.000000, 30.262434, 3.013714, 24.427108, 26.430414, 0.034235, 1.661758, 0.010827
B15b, H, 7.000000, 30.262434, 3.013714, 4.466624, 4.959363, 0.013794, 2.268441, 0.010922
B15b, H, 1.300000, 30.262434, 3.013714, 20.403168, 22.418890, 0.031778, 2.018693, 0.013641
B20a, Ar, 10.000000, 340.744965, 57.277641, 23.034415, 25.644863, 0.021663, 2.220005, 0.011323
B20a, Ar, 20.000000, 340.744965, 57.277641, 15.500017, 17.090155, 0.011079, 2.127196, 0.005067
B20a, H, 1.000000, 28.678566, 2.117452, 24.003717, 26.217474, 0.026425, 1.860177, 0.010187
B20a, H, 7.000000, 28.678566, 2.117452, 4.325951, 4.806037, 0.010568, 2.286115, 0.008715
B20a, H, 1.300000, 28.678566, 2.117452, 19.377714, 21.222321, 0.029206, 1.996445, 0.012219
B20b, Ar, 10.000000, 344.195282, 75.624168, 23.816140, 26.166397, 0.026010, 1.919342, 0.010566
B20b, Ar, 20.000000, 344.195282, 75.624168, 16.596611, 18.347019, 0.010646, 2.227432, 0.005319
B20b, H, 7.000000, 31.649393, 1.747289, 4.706802, 5.243184, 0.008541, 2.369609, 0.007203
B20b, H, 1.300000, 31.649393, 1.747289, 21.456795, 23.607859, 0.019111, 2.175336, 0.009534
CF_31, H, 1.000000, 11.383560, 0.843338, 10.134908, 10.973516, 0.013503, 1.706948, 0.004295
CF_31, H, 7.000000, 11.383560, 0.843338, 1.675525, 1.834911, 0.004197, 1.932309, 0.005127
CF_31, H, 1.300000, 11.383560, 0.843338, 8.242501, 8.979111, 0.011738, 1.825427, 0.004408
CF_32, H, 1.000000, 12.902604, 0.729805, 11.808514, 12.861790, 0.010807, 1.805848, 0.003707
CF_32, H, 7.000000, 12.902604, 0.729805, 1.990114, 2.181863, 0.003091, 1.955829, 0.003413
CF_32, H, 1.300000, 12.902604, 0.729805, 9.392080, 10.254997, 0.013096, 1.863894, 0.004923
B06a, H, 5.000000, 24.753403, 1.559398, 5.163912, 5.685621, 0.007136, 2.048832, 0.007037
B06a, H, 10.000000, 24.753403, 1.559398, 2.625565, 2.902865, 0.002876, 2.148744, 0.004262
B06a, H, 15.000000, 24.753403, 1.559398, 1.753284, 1.938185, 0.002723, 2.145329, 0.005555
B06a, H, 20.000000, 24.753403, 1.559398, 1.337823, 1.478821, 0.002026, 2.143865, 0.005271
B08a, H, 5.000000, 20.917025, 1.503083, 4.294072, 4.706419, 0.004562, 1.949797, 0.004276
B08a, H, 10.000000, 20.917025, 1.503083, 2.139178, 2.348520, 0.003571, 1.981544, 0.005350
B08a, H, 15.000000, 20.917025, 1.503083, 1.470447, 1.618668, 0.001465, 2.043836, 0.003086
B08a, H, 20.000000, 20.917025, 1.503083, 1.131362, 1.246018, 0.001786, 2.055041, 0.005018
B06a, H, 5.000000, 24.753403, 1.559398, 4.955000, 5.450802, 0.008097, 2.028876, 0.007878
B06a, H, 10.000000, 24.753403, 1.559398, 2.524760, 2.784129, 0.006404, 2.084649, 0.009476
B06a, H, 15.000000, 24.753403, 1.559398, 1.700405, 1.879513, 0.005065, 2.142284, 0.010428
B06b, H, 5.000000, 18.197023, 0.642830, 3.643203, 3.992653, 0.003817, 1.947682, 0.003771
B07a, H, 5.000000, 22.018984, 1.307917, 4.462364, 4.890873, 0.005232, 1.949806, 0.004796
B07a, H, 10.000000, 22.018984, 1.307917, 2.298033, 2.530561, 0.004750, 2.052033, 0.007511
B07a, H, 15.000000, 22.018984, 1.307917, 1.526238, 1.680128, 0.002149, 2.044755, 0.004439
B06a, H, 2.000000, 24.753403, 1.559398, 13.269216, 14.426133, 0.022369, 1.800069, 0.018772
B06a, H, 5.000000, 24.753403, 1.559398, 4.921402, 5.394516, 0.004673, 1.951802, 0.004259
B06a, H, 10.000000, 24.753403, 1.559398, 2.449638, 2.697506, 0.003995, 2.052082, 0.005687
B06a, H, 15.000000, 24.753403, 1.559398, 1.653521, 1.819970, 0.002588, 2.040987, 0.004975
B06a, H, 20.000000, 24.753403, 1.559398, 1.252816, 1.378705, 0.002281, 2.037000, 0.005642
B06b, H, 2.000000, 18.197023, 0.642830, 8.957489, 9.500618, 0.009648, 1.450217, 0.005132
B06b, H, 5.000000, 18.197023, 0.642830, 3.693931, 4.036933, 0.003880, 1.889803, 0.003726
B06b, H, 10.000000, 18.197023, 0.642830, 1.871707, 2.051627, 0.002871, 1.951671, 0.004572
B06b, H, 15.000000, 18.197023, 0.642830, 1.249843, 1.369454, 0.002127, 1.943378, 0.004747
B06b, H, 20.000000, 18.197023, 0.642830, 0.932266, 1.019263, 0.001985, 1.898695, 0.005639
CF_01, H, 3.000000, 12.772395, 0.773634, 3.956574, 4.256778, 0.002476, 1.630732, 0.001730
CF_01, H, 5.000000, 12.772395, 0.773634, 2.625901, 2.877386, 0.002965, 1.944737, 0.003544
CF_01, H, 10.000000, 12.772395, 0.773634, 1.365218, 1.495033, 0.001504, 1.932441, 0.002800
CF_01, H, 15.000000, 12.772395, 0.773634, 0.833887, 0.908387, 0.001914, 1.830450, 0.004517
CF_02, H, 3.000000, 15.740720, 0.827400, 4.913854, 5.294538, 0.003624, 1.652232, 0.002440
CF_02, H, 5.000000, 15.740720, 0.827400, 3.210907, 3.535195, 0.002841, 2.048144, 0.003376
CF_02, H, 10.000000, 15.740720, 0.827400, 1.669090, 1.836897, 0.002098, 2.038337, 0.003711
CF_02, H, 15.000000, 15.740720, 0.827400, 1.036063, 1.134202, 0.001884, 1.924349, 0.004290
CF_03, H, 3.000000, 22.560642, 0.843192, 7.133472, 7.631964, 0.006096, 1.554850, 0.003649
CF_03, H, 5.000000, 22.560642, 0.843192, 4.515230, 4.992273, 0.003815, 2.149648, 0.004342
CF_03, H, 10.000000, 22.560642, 0.843192, 2.304671, 2.544490, 0.001785, 2.109825, 0.002761
CF_03, H, 15.000000, 22.560642, 0.843192, 1.551078, 1.712207, 0.002436, 2.108407, 0.005059
CF_04, H, 3.000000, 19.065456, 0.712492, 6.027073, 6.513375, 0.004806, 1.724279, 0.003452
CF_04, H, 5.000000, 19.065456, 0.712492, 3.826381, 4.230446, 0.003328, 2.148482, 0.004088
CF_04, H, 10.000000, 19.065456, 0.712492, 1.937958, 2.134302, 0.002090, 2.054676, 0.003504
CF_04, H, 15.000000, 19.065456, 0.712492, 1.313914, 1.446679, 0.002101, 2.049064, 0.004680
CF_05, H, 3.000000, 17.078390, 0.642547, 5.401226, 5.818690, 0.004338, 1.649810, 0.002844
CF_05, H, 5.000000, 17.078390, 0.642547, 3.451976, 3.802367, 0.002889, 2.058654, 0.003513
CF_05, H, 10.000000, 17.078390, 0.642547, 1.771556, 1.948308, 0.001797, 2.023056, 0.003061
CF_05, H, 15.000000, 17.078390, 0.642547, 1.144696, 1.255259, 0.001711, 1.959912, 0.003813
CF_06, H, 3.000000, 15.898558, 1.061150, 4.836326, 5.210826, 0.003517, 1.651715, 0.002419
CF_06, H, 5.000000, 15.898558, 1.061150, 3.154680, 3.473275, 0.003134, 2.048014, 0.003875
CF_06, H, 10.000000, 15.898558, 1.061150, 1.671706, 1.840094, 0.001656, 2.042382, 0.002993
CF_06, H, 15.000000, 15.898558, 1.061150, 1.113314, 1.220556, 0.001807, 1.955145, 0.004149
CF_08, H, 3.000000, 14.605300, 1.110028, 4.417820, 4.759232, 0.003301, 1.649649, 0.002217
CF_08, H, 5.000000, 14.605300, 1.110028, 2.852676, 3.126174, 0.002239, 1.947024, 0.002463
CF_08, H, 10.000000, 14.605300, 1.110028, 1.544909, 1.698072, 0.002634, 2.008739, 0.004949
CF_08, H, 15.000000, 14.605300, 1.110028, 1.038715, 1.137568, 0.001881, 1.932953, 0.004404
CF_09, H, 3.000000, 17.330730, 0.813322, 5.449255, 5.908454, 0.004065, 1.750299, 0.003046
CF_09, H, 5.000000, 17.330730, 0.813322, 3.429761, 3.774202, 0.002276, 2.036589, 0.002541
CF_09, H, 10.000000, 17.330730, 0.813322, 1.760378, 1.937228, 0.002966, 2.037293, 0.005172
CF_09, H, 15.000000, 17.330730, 0.813322, 1.218647, 1.339793, 0.001795, 2.014610, 0.004094
CF_11, H, 5.000000, 14.132860, 0.365645, 2.723583, 2.969851, 0.003647, 1.849373, 0.003811
CF_11, H, 10.000000, 14.132860, 0.365645, 1.421383, 1.553593, 0.002025, 1.893352, 0.003670
CF_11, H, 15.000000, 14.132860, 0.365645, 0.950199, 1.036574, 0.001358, 1.857341, 0.003498
CF_11, H, 20.000000, 14.132860, 0.365645, 0.723040, 0.787428, 0.001157, 1.825295, 0.003891
CF_12, H, 5.000000, 17.471956, 0.188335, 3.445092, 3.757618, 0.003387, 1.854374, 0.003153
CF_12, H, 10.000000, 17.471956, 0.188335, 1.757837, 1.925281, 0.002261, 1.935531, 0.003518
CF_12, H, 15.000000, 17.471956, 0.188335, 1.176812, 1.287225, 0.001549, 1.907621, 0.003377
CF_12, H, 20.000000, 17.471956, 0.188335, 0.871742, 0.951513, 0.001153, 1.867384, 0.003216
CF_13, H, 5.000000, 21.773264, 0.295499, 4.278129, 4.688904, 0.003358, 1.949605, 0.003089
CF_13, H, 10.000000, 21.773264, 0.295499, 2.169726, 2.388807, 0.002664, 2.047516, 0.003900
CF_13, H, 15.000000, 21.773264, 0.295499, 1.467942, 1.615721, 0.001898, 2.041085, 0.003923
CF_13, H, 20.000000, 21.773264, 0.295499, 1.099601, 1.208313, 0.001579, 2.001808, 0.004276
CF_14, H, 5.000000, 15.244024, 0.464841, 2.921865, 3.170562, 0.003248, 1.762927, 0.003089
CF_14, H, 10.000000, 15.244024, 0.464841, 1.525482, 1.668507, 0.001991, 1.906108, 0.003388
CF_14, H, 15.000000, 15.244024, 0.464841, 1.045324, 1.142357, 0.001533, 1.889080, 0.003740
CF_14, H, 20.000000, 15.244024, 0.464841, 0.772661, 0.843618, 0.001239, 1.872728, 0.004057
CF_15, H, 5.000000, 18.932318, 0.329787, 3.691301, 4.024797, 0.003097, 1.848077, 0.002707
CF_15, H, 10.000000, 18.932318, 0.329787, 1.899066, 2.080748, 0.002108, 1.942989, 0.003073
CF_15, H, 15.000000, 18.932318, 0.329787, 1.277805, 1.399939, 0.001746, 1.941046, 0.003580
CF_15, H, 20.000000, 18.932318, 0.329787, 0.956180, 1.045390, 0.001455, 1.898303, 0.003892
CF_16, H, 5.000000, 16.228310, 0.467248, 3.121967, 3.385613, 0.002435, 1.753158, 0.002213
CF_16, H, 10.000000, 16.228310, 0.467248, 1.629830, 1.781412, 0.001796, 1.893207, 0.002932
CF_16, H, 15.000000, 16.228310, 0.467248, 1.086036, 1.184689, 0.001527, 1.856429, 0.003528
CF_16, H, 20.000000, 16.228310, 0.467248, 0.836733, 0.912903, 0.001425, 1.859863, 0.004343
CF_17, H, 5.000000, 15.939702, 0.490747, 3.153484, 3.438449, 0.002654, 1.848390, 0.002527
CF_17, H, 10.000000, 15.939702, 0.490747, 1.635174, 1.790210, 0.002443, 1.926416, 0.004047
CF_17, H, 15.000000, 15.939702, 0.490747, 1.088494, 1.189933, 0.001544, 1.894763, 0.003568
CF_17, H, 20.000000, 15.939702, 0.490747, 0.766741, 0.835759, 0.001384, 1.842409, 0.004121
CF_18, H, 5.000000, 22.380939, 0.267392, 4.399724, 4.822281, 0.003443, 1.950081, 0.003204
CF_18, H, 10.000000, 22.380939, 0.267392, 2.240984, 2.467539, 0.002243, 2.050236, 0.003346
CF_18, H, 15.000000, 22.380939, 0.267392, 1.505735, 1.657903, 0.001676, 2.049383, 0.003445
CF_18, H, 20.000000, 22.380939, 0.267392, 1.126702, 1.240270, 0.001596, 2.044047, 0.004228
CF_19, H, 5.000000, 18.894300, 0.268997, 3.702211, 4.057398, 0.003108, 1.948104, 0.002982
CF_19, H, 10.000000, 18.894300, 0.268997, 1.897881, 2.080857, 0.001818, 1.957028, 0.002895
CF_19, H, 15.000000, 18.894300, 0.268997, 1.275429, 1.398113, 0.001880, 1.952878, 0.004140
CF_19, H, 20.000000, 18.894300, 0.268997, 0.948082, 1.038727, 0.001568, 1.941644, 0.004487
CF_22, H, 5.000000, 21.957174, 0.182757, 4.352252, 4.770239, 0.003872, 1.950036, 0.003574
CF_22, H, 10.000000, 21.957174, 0.182757, 2.205339, 2.428228, 0.002966, 2.049638, 0.004439
CF_22, H, 15.000000, 21.957174, 0.182757, 1.477474, 1.626145, 0.002000, 2.040154, 0.004041
CF_22, H, 20.000000, 21.957174, 0.182757, 1.092711, 1.197858, 0.001468, 1.953375, 0.003779
CF_23, H, 5.000000, 18.696167, 0.402635, 3.633490, 3.962896, 0.002553, 1.853550, 0.002417
CF_23, H, 10.000000, 18.696167, 0.402635, 1.880266, 2.061195, 0.001750, 1.953566, 0.002760
CF_23, H, 15.000000, 18.696167, 0.402635, 1.275608, 1.398494, 0.002228, 1.955708, 0.004993
CF_23, H, 20.000000, 18.696167, 0.402635, 0.934670, 1.020110, 0.001403, 1.866475, 0.003784
CF_24, H, 5.000000, 14.608503, 0.339085, 2.825237, 3.080411, 0.002102, 1.847757, 0.002090
CF_24, H, 10.000000, 14.608503, 0.339085, 1.486298, 1.624823, 0.001687, 1.895996, 0.002968
CF_24, H, 15.000000, 14.608503, 0.339085, 0.987172, 1.078627, 0.002002, 1.886851, 0.005090
CF_24, H, 20.000000, 14.608503, 0.339085, 0.732450, 0.796593, 0.001395, 1.800495, 0.004335
CF_25, H, 5.000000, 12.741409, 0.394010, 2.434542, 2.639842, 0.001314, 1.751178, 0.001314
CF_25, H, 10.000000, 12.741409, 0.394010, 1.289360, 1.405535, 0.002107, 1.843800, 0.003816
CF_25, H, 15.000000, 12.741409, 0.394010, 0.858724, 0.934034, 0.001387, 1.802775, 0.003664
CF_25, H, 20.000000, 12.741409, 0.394010, 0.651828, 0.707179, 0.001600, 1.759371, 0.005547
CF_26, H, 5.000000, 18.587933, 0.227123, 3.650780, 4.000775, 0.002361, 1.946708, 0.002257
CF_26, H, 10.000000, 18.587933, 0.227123, 1.865794, 2.045449, 0.002768, 1.954827, 0.004383
CF_26, H, 15.000000, 18.587933, 0.227123, 1.249259, 1.368649, 0.002028, 1.940794, 0.004440
CF_26, H, 20.000000, 18.587933, 0.227123, 0.935258, 1.024147, 0.002006, 1.930757, 0.005708
CF_27, H, 5.000000, 20.537279, 0.275230, 4.070808, 4.465206, 0.003920, 1.965815, 0.003873
CF_27, H, 10.000000, 20.537279, 0.275230, 2.062825, 2.270030, 0.001867, 2.036335, 0.002912
CF_27, H, 15.000000, 20.537279, 0.275230, 1.352322, 1.483607, 0.002245, 1.969141, 0.004804
CF_27, H, 20.000000, 20.537279, 0.275230, 1.044376, 1.144437, 0.001901, 1.945438, 0.005122
CF_28, H, 5.000000, 21.275209, 0.439914, 4.143157, 4.541059, 0.003291, 1.950024, 0.003096
CF_28, H, 10.000000, 21.275209, 0.439914, 2.114631, 2.321214, 0.002667, 1.978686, 0.003946
CF_28, H, 15.000000, 21.275209, 0.439914, 1.442272, 1.587000, 0.002269, 2.034222, 0.004828
CF_28, H, 20.000000, 21.275209, 0.439914, 1.080913, 1.189754, 0.001984, 2.041402, 0.005518
CF_29, H, 5.000000, 22.634518, 0.077485, 4.514291, 4.970625, 0.003341, 2.050023, 0.003318
CF_29, H, 10.000000, 22.634518, 0.077485, 2.271380, 2.501066, 0.002446, 2.050757, 0.003656
CF_29, H, 15.000000, 22.634518, 0.077485, 1.512557, 1.665402, 0.002212, 2.049223, 0.004540
CF_29, H, 20.000000, 22.634518, 0.077485, 1.128243, 1.240230, 0.001706, 2.009963, 0.004473
CF_30, H, 5.000000, 14.780542, 0.363461, 2.890412, 3.152141, 0.002975, 1.851564, 0.003059
CF_30, H, 10.000000, 14.780542, 0.363461, 1.504792, 1.648717, 0.002062, 1.942525, 0.003649
CF_30, H, 15.000000, 14.780542, 0.363461, 1.009685, 1.102947, 0.001394, 1.882616, 0.003491
CF_30, H, 20.000000, 14.780542, 0.363461, 0.724516, 0.787741, 0.001639, 1.795718, 0.005083
CF_31, H, 5.000000, 11.383560, 0.843338, 2.248659, 2.438026, 0.002421, 1.749429, 0.002567
CF_31, H, 10.000000, 11.383560, 0.843338, 1.247697, 1.360194, 0.001710, 1.844829, 0.003355
CF_31, H, 15.000000, 11.383560, 0.843338, 0.821020, 0.892750, 0.001617, 1.797513, 0.004426
CF_31, H, 20.000000, 11.383560, 0.843338, 0.562857, 0.607085, 0.001151, 1.665889, 0.003891
CF_32, H, 5.000000, 12.902604, 0.729805, 2.577578, 2.796366, 0.002621, 1.759949, 0.002689
CF_32, H, 10.000000, 12.902604, 0.729805, 1.347329, 1.469662, 0.002113, 1.855592, 0.003821
CF_32, H, 15.000000, 12.902604, 0.729805, 0.880425, 0.957563, 0.002019, 1.801483, 0.005174
CF_32, H, 20.000000, 12.902604, 0.729805, 0.646244, 0.700241, 0.001511, 1.738559, 0.004754
CF_33, H, 5.000000, 13.033320, 0.249429, 2.541381, 2.761419, 0.002316, 1.785111, 0.002427
CF_33, H, 10.000000, 13.033320, 0.249429, 1.323581, 1.443951, 0.001520, 1.858011, 0.002888
CF_33, H, 15.000000, 13.033320, 0.249429, 0.865247, 0.943528, 0.001590, 1.850107, 0.004370
CF_33, H, 20.000000, 13.033320, 0.249429, 0.660950, 0.718695, 0.001338, 1.796718, 0.004665
DF_06, H, 5.000000, 13.217003, 0.573407, 2.577076, 2.808972, 0.003473, 1.841728, 0.003754
DF_06, H, 10.000000, 13.217003, 0.573407, 1.335276, 1.457011, 0.002060, 1.861734, 0.003932
DF_06, H, 15.000000, 13.217003, 0.573407, 0.932340, 1.017483, 0.001742, 1.864947, 0.004760
DF_06, H, 20.000000, 13.217003, 0.573407, 0.634115, 0.687189, 0.001369, 1.740649, 0.004629
11, H, 3.000000, 24.150108, 2.402137, 8.815510, 9.757326, 0.012083, 2.223475, 0.006487
11, H, 5.000000, 24.150108, 2.402137, 5.204187, 5.755428, 0.005753, 2.164453, 0.003636
11, H, 10.000000, 24.150108, 2.402137, 2.151130, 2.361296, 0.005435, 1.983007, 0.004456
11, H, 1.300000, 24.150108, 2.402137, 17.675631, 19.455873, 0.017193, 2.143419, 0.007971
12, H, 3.000000, 23.412071, 1.226421, 7.963439, 8.848638, 0.004777, 2.298802, 0.002743
12, H, 5.000000, 23.412071, 1.226421, 4.795447, 5.301877, 0.007673, 2.157550, 0.005258
12, H, 10.000000, 23.412071, 1.226421, 2.422208, 2.670131, 0.005293, 2.079918, 0.006268
12, H, 1.300000, 23.412071, 1.226421, 16.656504, 18.472599, 0.012020, 2.364854, 0.006602
13, H, 3.000000, 16.400684, 1.153735, 5.429277, 5.988966, 0.005851, 2.095418, 0.003399
13, H, 5.000000, 16.400684, 1.153735, 3.333555, 3.669946, 0.005083, 2.048771, 0.004146
13, H, 10.000000, 16.400684, 1.153735, 1.777565, 1.956963, 0.004092, 2.047393, 0.006258
13, H, 1.300000, 16.400684, 1.153735, 11.532892, 12.720678, 0.007554, 2.146527, 0.003523
B05b, H, 2.000000, 17.750004, 1.431780, 8.587696, 9.420763, 0.005106, 1.961854, 0.002115
B06b, H, 2.000000, 18.197023, 0.642830, 8.554909, 9.420213, 0.004277, 2.054576, 0.001938
B15b, H, 2.000000, 30.262434, 3.013714, 14.635200, 16.301020, 0.010727, 2.434172, 0.006134
B15b, H, 3.000000, 30.262434, 3.013714, 10.193666, 11.348509, 0.008949, 2.392186, 0.005173
B20a, H, 2.000000, 28.678566, 2.117452, 14.118508, 15.709366, 0.009681, 2.396198, 0.005381
B20a, H, 3.000000, 28.678566, 2.117452, 9.849375, 10.978530, 0.005394, 2.405649, 0.003150
B20b, H, 2.000000, 31.649393, 1.747289, 15.367329, 17.109493, 0.008130, 2.419167, 0.004624
B20b, H, 3.000000, 31.649393, 1.747289, 10.665331, 11.892925, 0.004682, 2.428081, 0.002774
C111, H, 5.000000, 16.890278, 0.245094, 3.312765, 3.612792, 0.001763, 1.851836, 0.001730
C111, H, 10.000000, 16.890278, 0.245094, 1.695445, 1.858128, 0.002215, 1.948343, 0.003732
C111, H, 15.000000, 16.890278, 0.245094, 1.126417, 1.234242, 0.002382, 1.944108, 0.005765
C111, H, 20.000000, 16.890278, 0.245094, 0.857595, 0.937738, 0.001853, 1.900869, 0.005862
C112, H, 5.000000, 19.972023, 0.640029, 3.894934, 4.248453, 0.003780, 1.855119, 0.003430
C112, H, 10.000000, 19.972023, 0.640029, 1.964106, 2.154182, 0.002775, 1.963693, 0.004180
C112, H, 15.000000, 19.972023, 0.640029, 1.292019, 1.415754, 0.002432, 1.944746, 0.005160
C112, H, 20.000000, 19.972023, 0.640029, 0.963362, 1.055889, 0.002315, 1.949963, 0.006660
C113, H, 5.000000, 16.647467, 0.287055, 3.253049, 3.547434, 0.002181, 1.850659, 0.002112
C113, H, 10.000000, 16.647467, 0.287055, 1.669108, 1.829065, 0.002408, 1.946011, 0.004132
C113, H, 15.000000, 16.647467, 0.287055, 1.112213, 1.218606, 0.001872, 1.942774, 0.004535
C113, H, 20.000000, 16.647467, 0.287055, 0.847887, 0.927064, 0.002178, 1.899610, 0.006993
C114, H, 5.000000, 17.466614, 0.067139, 3.481943, 3.803543, 0.003423, 1.883405, 0.003212
C114, H, 10.000000, 17.466614, 0.067139, 1.754620, 1.922863, 0.002447, 1.947181, 0.004003
C114, H, 15.000000, 17.466614, 0.067139, 1.160824, 1.269795, 0.001699, 1.908124, 0.003824
C114, H, 20.000000, 17.466614, 0.067139, 0.874927, 0.955500, 0.001709, 1.877282, 0.005140
C115, H, 5.000000, 19.357712, 0.218198, 3.822722, 4.168628, 0.004310, 1.850501, 0.003858
C115, H, 10.000000, 19.357712, 0.218198, 1.946190, 2.133392, 0.002604, 1.952787, 0.003953
C115, H, 15.000000, 19.357712, 0.218198, 1.307048, 1.432591, 0.002312, 1.950130, 0.004961
C115, H, 20.000000, 19.357712, 0.218198, 0.962665, 1.055006, 0.001905, 1.947688, 0.005497
C116, H, 5.000000, 17.471212, 0.298141, 3.547761, 3.871355, 0.002936, 1.863041, 0.002754
C116, H, 10.000000, 17.471212, 0.298141, 1.762002, 1.929909, 0.002628, 1.936203, 0.004196
C116, H, 15.000000, 17.471212, 0.298141, 1.164987, 1.274413, 0.002309, 1.909244, 0.005211
C116, H, 20.000000, 17.471212, 0.298141, 0.852941, 0.929927, 0.002255, 1.846389, 0.006413
C117, H, 5.000000, 21.248625, 0.259589, 4.191838, 4.597142, 0.004306, 1.961606, 0.004225
C117, H, 10.000000, 21.248625, 0.259589, 2.116091, 2.329747, 0.002034, 2.047435, 0.003169
C117, H, 15.000000, 21.248625, 0.259589, 1.438524, 1.582913, 0.002418, 2.034797, 0.005359
C117, H, 20.000000, 21.248625, 0.259589, 1.065065, 1.169790, 0.002219, 1.991509, 0.006346
C131, H, 5.000000, 18.791479, 0.242026, 3.694315, 4.048839, 0.003439, 1.948592, 0.003335
C131, H, 10.000000, 18.791479, 0.242026, 1.884536, 2.066158, 0.002364, 1.956429, 0.003758
C131, H, 15.000000, 18.791479, 0.242026, 1.270359, 1.393001, 0.002184, 1.959750, 0.005075
C131, H, 20.000000, 18.791479, 0.242026, 0.939913, 1.029426, 0.002504, 1.934469, 0.007334
C132, H, 5.000000, 16.801167, 0.237956, 3.294016, 3.610078, 0.003746, 1.948363, 0.003793
C132, H, 10.000000, 16.801167, 0.237956, 1.679602, 1.840874, 0.002235, 1.949581, 0.003811
C132, H, 15.000000, 16.801167, 0.237956, 1.130521, 1.239486, 0.002045, 1.956164, 0.005091
C132, H, 20.000000, 16.801167, 0.237956, 0.849289, 0.930246, 0.001896, 1.936248, 0.006106
C121, H, 5.000000, 12.720984, 0.396758, 2.432572, 2.639922, 0.003172, 1.764733, 0.003353
C121, H, 10.000000, 12.720984, 0.396758, 1.282685, 1.398938, 0.002121, 1.853007, 0.004125
C121, H, 15.000000, 12.720984, 0.396758, 0.855845, 0.932834, 0.001808, 1.841357, 0.005073
C121, H, 20.000000, 12.720984, 0.396758, 0.653748, 0.712496, 0.001581, 1.839305, 0.005969
C122, H, 5.000000, 13.353624, 0.388437, 2.583492, 2.800598, 0.003126, 1.746643, 0.003027
C122, H, 10.000000, 13.353624, 0.388437, 1.335564, 1.456198, 0.002346, 1.847774, 0.004218
C122, H, 15.000000, 13.353624, 0.388437, 0.924366, 1.006741, 0.001703, 1.826621, 0.004432
C122, H, 20.000000, 13.353624, 0.388437, 0.664644, 0.721280, 0.001185, 1.763693, 0.004012
C123, H, 5.000000, 18.627527, 0.217552, 3.661353, 3.993111, 0.004075, 1.852717, 0.003872
C123, H, 10.000000, 18.627527, 0.217552, 1.870065, 2.049814, 0.002744, 1.951542, 0.004306
C123, H, 15.000000, 18.627527, 0.217552, 1.249074, 1.367935, 0.002723, 1.932814, 0.005859
C123, H, 20.000000, 18.627527, 0.217552, 0.938518, 1.026174, 0.002629, 1.900103, 0.007482
C124, H, 5.000000, 18.160940, 0.565543, 3.550370, 3.887423, 0.003851, 1.928883, 0.003756
C124, H, 10.000000, 18.160940, 0.565543, 1.760927, 1.930985, 0.002278, 1.959905, 0.003711
C124, H, 15.000000, 18.160940, 0.565543, 1.244190, 1.363986, 0.002469, 1.954785, 0.005720
C124, H, 20.000000, 18.160940, 0.565543, 0.932310, 1.021500, 0.001914, 1.942655, 0.005899
C125, H, 5.000000, 18.557018, 0.398135, 3.599730, 3.926687, 0.003790, 1.856510, 0.003598
C125, H, 10.000000, 18.557018, 0.398135, 1.858938, 2.038553, 0.002863, 1.961284, 0.004650
C125, H, 15.000000, 18.557018, 0.398135, 1.250269, 1.370771, 0.002691, 1.956669, 0.006213
C125, H, 20.000000, 18.557018, 0.398135, 0.944937, 1.035960, 0.001834, 1.955266, 0.005601
C126, H, 5.000000, 19.037374, 0.311227, 3.740950, 4.100191, 0.003523, 1.949841, 0.003489
C126, H, 10.000000, 19.037374, 0.311227, 1.884459, 2.065797, 0.003169, 1.953617, 0.004975
C126, H, 15.000000, 19.037374, 0.311227, 1.287821, 1.417518, 0.003124, 2.041965, 0.007401
C126, H, 20.000000, 19.037374, 0.311227, 0.964523, 1.058256, 0.002523, 1.971162, 0.007680
C127, H, 5.000000, 16.331944, 0.337222, 3.178647, 3.466272, 0.003290, 1.850529, 0.003198
C127, H, 10.000000, 16.331944, 0.337222, 1.632661, 1.787422, 0.002512, 1.926008, 0.004246
C127, H, 15.000000, 16.331944, 0.337222, 1.094138, 1.198816, 0.002118, 1.942796, 0.005179
C127, H, 20.000000, 16.331944, 0.337222, 0.835313, 0.914658, 0.001805, 1.929629, 0.005908
C133, H, 5.000000, 16.709009, 0.363794, 3.264272, 3.559673, 0.003917, 1.850657, 0.003782
C133, H, 10.000000, 16.709009, 0.363794, 1.677498, 1.838044, 0.002789, 1.943563, 0.004615
C133, H, 15.000000, 16.709009, 0.363794, 1.135906, 1.245166, 0.002915, 1.952577, 0.007135
C136, H, 5.000000, 18.651907, 0.279722, 3.657370, 3.988754, 0.003608, 1.852657, 0.003408
C136, H, 10.000000, 18.651907, 0.279722, 1.858653, 2.036712, 0.003013, 1.945371, 0.004675
C136, H, 15.000000, 18.651907, 0.279722, 1.257228, 1.378360, 0.002341, 1.956021, 0.005407
C136, H, 20.000000, 18.651907, 0.279722, 0.944105, 1.034640, 0.001767, 1.947031, 0.005346
C112, H, 5.000000, 19.972023, 0.640029, 4.056898, 4.444221, 0.004508, 1.939187, 0.004220
C112, H, 10.000000, 19.972023, 0.640029, 2.060712, 2.260037, 0.002495, 1.963396, 0.003712
C112, H, 15.000000, 19.972023, 0.640029, 1.342561, 1.471560, 0.002816, 1.950811, 0.005810
C112, H, 20.000000, 19.972023, 0.640029, 1.052751, 1.154064, 0.001769, 1.953820, 0.004847
C118, H, 5.000000, 16.591311, 0.305494, 3.240197, 3.533517, 0.006427, 1.851181, 0.006438
C118, H, 10.000000, 16.591311, 0.305494, 1.672538, 1.832941, 0.003864, 1.947383, 0.006723
C118, H, 15.000000, 16.591311, 0.305494, 1.102165, 1.202307, 0.002237, 1.856616, 0.005158
C118, H, 20.000000, 16.591311, 0.305494, 0.845741, 0.922774, 0.001662, 1.860530, 0.005058
C135, H, 5.000000, 16.999144, 0.314068, 3.316946, 3.617001, 0.003669, 1.850085, 0.003419
C135, H, 10.000000, 16.999144, 0.314068, 1.702070, 1.865022, 0.002407, 1.944310, 0.003852
C135, H, 15.000000, 16.999144, 0.314068, 1.137095, 1.244041, 0.002394, 1.910763, 0.005439
C135, H, 20.000000, 16.999144, 0.314068, 0.867171, 0.948328, 0.001731, 1.903445, 0.005236
L007, H, 5.000000, 21.107273, 0.286270, 4.148279, 4.546254, 0.002102, 1.948045, 0.001940
L007, H, 10.000000, 21.107273, 0.286270, 2.105683, 2.317796, 0.003359, 2.042343, 0.005072
L007, H, 15.000000, 21.107273, 0.286270, 1.414652, 1.553979, 0.002507, 1.996133, 0.005232
L007, H, 20.000000, 21.107273, 0.286270, 1.070845, 1.174120, 0.001768, 1.957793, 0.004794
L008, H, 5.000000, 22.697344, 0.212362, 4.483526, 4.914049, 0.004463, 1.949732, 0.003982
L008, H, 10.000000, 22.697344, 0.212362, 2.292477, 2.524261, 0.003907, 2.050434, 0.005730
L008, H, 15.000000, 22.697344, 0.212362, 1.517729, 1.670655, 0.002668, 2.043295, 0.005306
L008, H, 20.000000, 22.697344, 0.212362, 1.134200, 1.246617, 0.001967, 2.007260, 0.005060
DF_SN1, H, 5.000000, 12.305042, 0.624077, 2.376141, 2.590655, 0.002001, 1.847102, 0.002222
DF_SN1, H, 10.000000, 12.305042, 0.624077, 1.262766, 1.377790, 0.001587, 1.861124, 0.003271
DF_SN1, H, 15.000000, 12.305042, 0.624077, 0.849072, 0.925800, 0.000985, 1.848186, 0.002765
DF_SN1, H, 20.000000, 12.305042, 0.624077, 0.639805, 0.695935, 0.001262, 1.802597, 0.004769
DF_SN2, H, 5.000000, 9.981655, 0.419606, 1.921727, 2.070630, 0.003094, 1.652367, 0.003499
DF_SN2, H, 10.000000, 9.981655, 0.419606, 1.044219, 1.124032, 0.001754, 1.637600, 0.003179
DF_SN2, H, 15.000000, 9.981655, 0.419606, 0.660789, 0.707363, 0.001281, 1.561122, 0.003141
DF_SN4, H, 5.000000, 10.855988, 0.834311, 2.141698, 2.334933, 0.003051, 1.845833, 0.003651
DF_SN4, H, 10.000000, 10.855988, 0.834311, 1.120542, 1.221668, 0.001080, 1.846339, 0.002224
DF_SN4, H, 15.000000, 10.855988, 0.834311, 0.758723, 0.825404, 0.000919, 1.805557, 0.002780
DF_SN4, H, 20.000000, 10.855988, 0.834311, 0.550827, 0.596824, 0.000886, 1.735472, 0.003465
DF_SN1, Ar, 10.000000, 110.026184, 6.174244, 10.293977, 10.383622, 0.010388, 1.049365, 0.003109
DF_SN1, Ar, 20.000000, 110.026184, 6.174244, 5.266438, 5.311976, 0.004531, 1.048991, 0.001314
DF_SN1, Ar, 30.000000, 110.026184, 6.174244, 3.675631, 3.766845, 0.002864, 1.148464, 0.001100
DF_SN1, Ar, 40.000000, 110.026184, 6.174244, 2.861351, 2.973193, 0.002132, 1.252667, 0.001106
DF_SN1, Ar, 50.000000, 110.026184, 6.174244, 2.356653, 2.475543, 0.001779, 1.349865, 0.001133
DF_SN1, H, 1.000000, 12.305042, 0.624077, 12.289425, 13.218879, 0.020161, 1.635676, 0.013706
DF_SN1, H, 2.000000, 12.305042, 0.624077, 5.508849, 5.842999, 0.008626, 1.450402, 0.004356
DF_SN1, H, 3.000000, 12.305042, 0.624077, 3.828380, 4.124187, 0.004154, 1.649481, 0.002943
DF_SN1, H, 4.000000, 12.305042, 0.624077, 3.048734, 3.321418, 0.004878, 1.832446, 0.004731
DF_SN1, H, 5.000000, 12.305042, 0.624077, 2.436733, 2.657728, 0.002093, 1.853944, 0.002371
DF_SN1, H, 10.000000, 12.305042, 0.624077, 1.304884, 1.429774, 0.001997, 1.943743, 0.004004
DF_SN1, H, 15.000000, 12.305042, 0.624077, 0.859815, 0.938245, 0.002013, 1.862545, 0.005701
DF_SN1, H, 20.000000, 12.305042, 0.624077, 0.633731, 0.688670, 0.001117, 1.786016, 0.003918
DF_SN1, He, 10.000000, 23.284151, 1.196945, 2.211788, 2.397886, 0.004692, 1.748249, 0.004922
DF_SN1, He, 20.000000, 23.284151, 1.196945, 1.164163, 1.268295, 0.002997, 1.833262, 0.006013
DF_SN1, He, 30.000000, 23.284151, 1.196945, 0.817096, 0.889438, 0.002990, 1.816723, 0.008569
DF_SN1, N, 10.000000, 58.226986, 4.752735, 5.232197, 5.503034, 0.004118, 1.362011, 0.002027
DF_SN1, N, 20.000000, 58.226986, 4.752735, 2.777448, 2.945917, 0.003021, 1.450423, 0.002058
DF_SN1, N, 30.000000, 58.226986, 4.752735, 1.949307, 2.084208, 0.002462, 1.546681, 0.002276
DF_SN1, N, 40.000000, 58.226986, 4.752735, 1.522755, 1.629401, 0.001701, 1.556376, 0.001942
DF_SN1, N, 50.000000, 58.226986, 4.752735, 1.293006, 1.392452, 0.001820, 1.644456, 0.002564
DF_SN3, Ar, 10.000000, 119.220367, 6.347181, 11.138158, 11.273698, 0.010807, 1.084083, 0.003543
DF_SN3, Ar, 20.000000, 119.220367, 6.347181, 5.720457, 5.661423, 0.004783, 0.951579, 0.001336
DF_SN3, Ar, 30.000000, 119.220367, 6.347181, 4.023891, 4.107073, 0.002985, 1.129444, 0.001148
DF_SN3, Ar, 40.000000, 119.220367, 6.347181, 3.098566, 3.218505, 0.002043, 1.249762, 0.001006
DF_SN3, Ar, 50.000000, 119.220367, 6.347181, 2.526501, 2.643338, 0.001979, 1.322141, 0.001221
DF_SN3, H, 1.000000, 12.967714, 0.732843, 13.052241, 13.905318, 0.021617, 1.514586, 0.012575
DF_SN3, H, 2.000000, 12.967714, 0.732843, 5.889327, 6.190313, 0.008265, 1.355829, 0.003958
DF_SN3, H, 3.000000, 12.967714, 0.732843, 4.085656, 4.400663, 0.005614, 1.647164, 0.003913
DF_SN3, H, 4.000000, 12.967714, 0.732843, 3.206760, 3.496512, 0.004406, 1.848257, 0.004054
DF_SN3, H, 5.000000, 12.967714, 0.732843, 2.596970, 2.831193, 0.002431, 1.845326, 0.002573
DF_SN3, H, 10.000000, 12.967714, 0.732843, 1.354648, 1.483546, 0.001251, 1.933711, 0.002401
DF_SN3, H, 15.000000, 12.967714, 0.732843, 0.940451, 1.029974, 0.001509, 1.933637, 0.004290
DF_SN3, H, 20.000000, 12.967714, 0.732843, 0.666646, 0.726856, 0.001768, 1.847235, 0.006373
DF_SN3, He, 10.000000, 24.179373, 1.338879, 2.269252, 2.444922, 0.003981, 1.651428, 0.003904
DF_SN3, He, 20.000000, 24.179373, 1.338879, 1.239575, 1.347437, 0.002831, 1.791600, 0.005362
DF_SN3, He, 30.000000, 24.179373, 1.338879, 0.837584, 0.912332, 0.002804, 1.828863, 0.007975
DF_SN3, N, 10.000000, 62.170738, 3.843899, 5.674364, 5.979535, 0.005979, 1.383247, 0.002866
DF_SN3, N, 20.000000, 62.170738, 3.843899, 3.013569, 3.201468, 0.002452, 1.470485, 0.001664
DF_SN3, N, 30.000000, 62.170738, 3.843899, 2.104431, 2.250169, 0.003972, 1.547045, 0.003502
DF_SN3, N, 40.000000, 62.170738, 3.843899, 1.634060, 1.750161, 0.002822, 1.569227, 0.003165
DF_SN3, N, 50.000000, 62.170738, 3.843899, 1.316278, 1.413746, 0.001773, 1.604737, 0.002399
DF_SN4, Ar, 10.000000, 91.779900, 4.711966, 8.626897, 8.726433, 0.010770, 1.065857, 0.003103
DF_SN4, Ar, 20.000000, 91.779900, 4.711966, 4.407574, 4.446326, 0.003995, 1.049858, 0.001290
DF_SN4, Ar, 30.000000, 91.779900, 4.711966, 3.074432, 3.150780, 0.002140, 1.148611, 0.000914
DF_SN4, Ar, 40.000000, 91.779900, 4.711966, 2.378637, 2.471299, 0.001724, 1.251651, 0.000970
DF_SN4, Ar, 50.000000, 91.779900, 4.711966, 1.951683, 2.048295, 0.001408, 1.341327, 0.000999
DF_SN4, H, 2.000000, 10.855988, 0.834311, 4.695966, 4.980404, 0.007779, 1.449561, 0.004106
DF_SN4, H, 3.000000, 10.855988, 0.834311, 3.325653, 3.582646, 0.004763, 1.649612, 0.003575
DF_SN4, H, 4.000000, 10.855988, 0.834311, 2.586098, 2.803170, 0.003885, 1.745097, 0.003715
DF_SN4, H, 5.000000, 10.855988, 0.834311, 2.117229, 2.295821, 0.002015, 1.751649, 0.002271
DF_SN4, H, 10.000000, 10.855988, 0.834311, 1.117034, 1.218158, 0.001512, 1.850974, 0.003298
DF_SN4, H, 15.000000, 10.855988, 0.834311, 0.760005, 0.828329, 0.001569, 1.840337, 0.004842
DF_SN4, H, 20.000000, 10.855988, 0.834311, 0.627749, 0.683867, 0.001601, 1.830878, 0.006622
DF_SN4, He, 10.000000, 19.121656, 0.981186, 1.807862, 1.941771, 0.003554, 1.605773, 0.003674
DF_SN4, He, 20.000000, 19.121656, 0.981186, 0.967154, 1.047259, 0.002334, 1.728518, 0.004867
DF_SN4, He, 30.000000, 19.121656, 0.981186, 0.666445, 0.722848, 0.002614, 1.755172, 0.008499
DF_SN4, N, 10.000000, 49.049072, 2.930537, 4.514900, 4.742925, 0.004382, 1.350342, 0.002279
DF_SN4, N, 20.000000, 49.049072, 2.930537, 2.369417, 2.513247, 0.002136, 1.450868, 0.001580
DF_SN4, N, 30.000000, 49.049072, 2.930537, 1.659635, 1.772891, 0.002631, 1.534608, 0.002608
DF_SN4, N, 40.000000, 49.049072, 2.930537, 1.265550, 1.352697, 0.002696, 1.542102, 0.003455
DF_SN4, N, 50.000000, 49.049072, 2.930537, 1.052912, 1.125510, 0.001402, 1.543148, 0.002134
DF_SN5, Ar, 10.000000, 118.457840, 8.070386, 10.998846, 11.266821, 0.010508, 1.149339, 0.003642
DF_SN5, Ar, 20.000000, 118.457840, 8.070386, 5.593624, 5.643061, 0.005203, 1.050117, 0.001563
DF_SN5, Ar, 30.000000, 118.457840, 8.070386, 3.930642, 4.036001, 0.003287, 1.161762, 0.001335
DF_SN5, Ar, 40.000000, 118.457840, 8.070386, 3.118483, 3.240991, 0.002252, 1.254489, 0.001160
DF_SN5, Ar, 50.000000, 118.457840, 8.070386, 2.577456, 2.710016, 0.002082, 1.359185, 0.001348
DF_SN5, H, 1.000000, 12.912167, 0.911783, 12.692963, 13.539520, 0.024406, 1.526712, 0.014664
DF_SN5, H, 2.000000, 12.912167, 0.911783, 5.730492, 6.064464, 0.006809, 1.423591, 0.003307
DF_SN5, H, 3.000000, 12.912167, 0.911783, 4.092959, 4.435048, 0.005142, 1.739549, 0.003858
DF_SN5, H, 4.000000, 12.912167, 0.911783, 3.173185, 3.459922, 0.005026, 1.848344, 0.004737
DF_SN5, H, 5.000000, 12.912167, 0.911783, 2.616195, 2.857532, 0.002314, 1.878675, 0.002662
DF_SN5, H, 10.000000, 12.912167, 0.911783, 1.435620, 1.574890, 0.001486, 1.968777, 0.003000
DF_SN5, H, 15.000000, 12.912167, 0.911783, 0.930888, 1.015932, 0.001848, 1.865581, 0.004707
DF_SN5, H, 20.000000, 12.912167, 0.911783, 0.649823, 0.706550, 0.001654, 1.795553, 0.005073
DF_SN5, He, 10.000000, 25.317638, 1.077549, 2.410556, 2.628296, 0.005976, 1.847889, 0.006899
DF_SN5, He, 20.000000, 25.317638, 1.077549, 1.294046, 1.410904, 0.003284, 1.847307, 0.006227
DF_SN5, He, 30.000000, 25.317638, 1.077549, 0.867065, 0.945543, 0.001897, 1.850742, 0.004992
DF_SN5, N, 10.000000, 63.736214, 7.367119, 5.549158, 5.845325, 0.003906, 1.378414, 0.001955
DF_SN5, N, 20.000000, 63.736214, 7.367119, 2.936945, 3.119092, 0.003588, 1.464574, 0.002451
DF_SN5, N, 30.000000, 63.736214, 7.367119, 2.122225, 2.270181, 0.003162, 1.552918, 0.002918
DF_SN5, N, 40.000000, 63.736214, 7.367119, 1.711021, 1.843490, 0.003664, 1.651513, 0.004357
DF_SN5, N, 50.000000, 63.736214, 7.367119, 1.481087, 1.605340, 0.002245, 1.744358, 0.003256
01SN4, H, 5.000000, 16.547403, 0.354230, 3.210887, 3.501087, 0.004737, 1.848663, 0.004553
01SN4, H, 10.000000, 16.547403, 0.354230, 1.674685, 1.835070, 0.002265, 1.944796, 0.003799
01SN4, H, 15.000000, 16.547403, 0.354230, 1.103688, 1.206955, 0.001423, 1.901473, 0.003392
01SN4, H, 20.000000, 16.547403, 0.354230, 0.842217, 0.920776, 0.000981, 1.897766, 0.003062
03SN4, H, 5.000000, 16.501705, 0.378905, 3.194662, 3.483344, 0.004707, 1.848373, 0.004528
03SN4, H, 10.000000, 16.501705, 0.378905, 1.668668, 1.828415, 0.002254, 1.944084, 0.003798
03SN4, H, 15.000000, 16.501705, 0.378905, 1.101760, 1.204860, 0.001418, 1.901682, 0.003414
03SN4, H, 20.000000, 16.501705, 0.378905, 0.841670, 0.920268, 0.000980, 1.899663, 0.003094
B06b, H, 5.000000, 18.197023, 0.642830, 3.620762, 3.949229, 0.005408, 1.854591, 0.005319
B06b, H, 10.000000, 18.197023, 0.642830, 1.844895, 2.023789, 0.002565, 1.967921, 0.004357
B06b, H, 15.000000, 18.197023, 0.642830, 1.241605, 1.360222, 0.001772, 1.940174, 0.004082
B06b, H, 20.000000, 18.197023, 0.642830, 0.917536, 1.004086, 0.001358, 1.917202, 0.004012
SN056, H, 5.000000, 16.706387, 0.388320, 3.234751, 3.527174, 0.004144, 1.849033, 0.003928
SN056, H, 10.000000, 16.706387, 0.388320, 1.670837, 1.830717, 0.002101, 1.943210, 0.003540
SN056, H, 15.000000, 16.706387, 0.388320, 1.126243, 1.234068, 0.001587, 1.944377, 0.003805
SN056, H, 20.000000, 16.706387, 0.388320, 0.853162, 0.932948, 0.001084, 1.902072, 0.003402
SN057, H, 5.000000, 15.916115, 0.474847, 3.084595, 3.362870, 0.004508, 1.845775, 0.004464
SN057, H, 10.000000, 15.916115, 0.474847, 1.563450, 1.712038, 0.002150, 1.931496, 0.003771
SN057, H, 15.000000, 15.916115, 0.474847, 1.078364, 1.181420, 0.001440, 1.940656, 0.003630
SN057, H, 20.000000, 15.916115, 0.474847, 0.822639, 0.899426, 0.001118, 1.899025, 0.003679
01SN5, H, 5.000000, 18.833115, 0.236776, 3.729117, 4.087138, 0.007576, 1.949418, 0.007667
01SN5, H, 10.000000, 18.833115, 0.236776, 1.861380, 2.040023, 0.003687, 1.948730, 0.005875
01SN5, H, 15.000000, 18.833115, 0.236776, 1.270123, 1.392766, 0.002512, 1.960115, 0.005957
01SN5, H, 20.000000, 18.833115, 0.236776, 0.951284, 1.043087, 0.002232, 1.958556, 0.006821
03SN5, H, 5.000000, 19.455524, 0.069453, 3.907408, 4.284050, 0.007719, 1.956545, 0.007907
03SN5, H, 10.000000, 19.455524, 0.069453, 1.943169, 2.135765, 0.003432, 2.008622, 0.005609
03SN5, H, 15.000000, 19.455524, 0.069453, 1.298657, 1.423881, 0.002764, 1.957257, 0.006353
03SN5, H, 20.000000, 19.455524, 0.069453, 0.968694, 1.062641, 0.002066, 1.967388, 0.006151
B06b, H, 5.000000, 18.197023, 0.642830, 3.513445, 3.821912, 0.005781, 1.806611, 0.005324
B06b, H, 10.000000, 18.197023, 0.642830, 1.844181, 2.021697, 0.002537, 1.954236, 0.004227
B06b, H, 15.000000, 18.197023, 0.642830, 1.238623, 1.356912, 0.003492, 1.939526, 0.008354
B06b, H, 20.000000, 18.197023, 0.642830, 0.921797, 1.008982, 0.001616, 1.921952, 0.004935
B06b, H, 5.000000, 18.197023, 0.642830, 3.595799, 3.922668, 0.003405, 1.857814, 0.003335
03SN1, H, 10.000000, 15.749329, 0.570802, 1.632867, 1.788063, 0.002643, 1.930893, 0.004674
03SN1, H, 15.000000, 15.749329, 0.570802, 1.077767, 1.178251, 0.001791, 1.895644, 0.004412
03SN1, H, 20.000000, 15.749329, 0.570802, 0.765307, 0.834607, 0.001723, 1.851263, 0.005502
03SN1, H, 5.000000, 15.749329, 0.570802, 3.045407, 3.317385, 0.005416, 1.830151, 0.005650
B06b, H, 10.000000, 18.197023, 0.642830, 1.735501, 1.901351, 0.002997, 1.941233, 0.004966
B06b, H, 15.000000, 18.197023, 0.642830, 1.155427, 1.263895, 0.001918, 1.908058, 0.004367
B06b, H, 20.000000, 18.197023, 0.642830, 0.877027, 0.957909, 0.001719, 1.879546, 0.005208
B06b, H, 5.000000, 18.197023, 0.642830, 3.349260, 3.652435, 0.006733, 1.851060, 0.006988
01SN1, H, 5.000000, 10.693021, 0.337660, 2.049029, 2.210556, 0.002741, 1.671280, 0.002939
01SN1, H, 10.000000, 10.693021, 0.337660, 1.075644, 1.166726, 0.001340, 1.756577, 0.002761
01SN1, H, 15.000000, 10.693021, 0.337660, 0.737056, 0.799073, 0.000898, 1.747903, 0.002692
01SN1, H, 20.000000, 10.693021, 0.337660, 0.536529, 0.580189, 0.000785, 1.702494, 0.003130
01SN2, H, 5.000000, 18.764711, 0.125188, 3.723394, 4.080848, 0.004655, 1.949323, 0.004633
01SN2, H, 10.000000, 18.764711, 0.125188, 1.871161, 2.051594, 0.002252, 1.957519, 0.003632
01SN2, H, 15.000000, 18.764711, 0.125188, 1.259776, 1.380633, 0.001805, 1.947936, 0.004020
01SN2, H, 20.000000, 18.764711, 0.125188, 0.941743, 1.031651, 0.001231, 1.938900, 0.003583
01SN3, H, 5.000000, 18.490532, 0.277767, 3.623192, 3.951596, 0.004873, 1.853219, 0.004678
01SN3, H, 10.000000, 18.490532, 0.277767, 1.850866, 2.028378, 0.001993, 1.947466, 0.003165
01SN3, H, 15.000000, 18.490532, 0.277767, 1.252016, 1.372002, 0.001539, 1.945976, 0.003440
01SN3, H, 20.000000, 18.490532, 0.277767, 0.928175, 1.016133, 0.001211, 1.925409, 0.003519
B06b, H, 5.000000, 18.197023, 0.642830, 3.578183, 3.902349, 0.005248, 1.852427, 0.004985
B06b, H, 10.000000, 18.197023, 0.642830, 1.845358, 2.022392, 0.002319, 1.947997, 0.003740
B06b, H, 15.000000, 18.197023, 0.642830, 1.246391, 1.366242, 0.001561, 1.952326, 0.003618
B06b, H, 20.000000, 18.197023, 0.642830, 0.908551, 0.993357, 0.001246, 1.899167, 0.003640
01SN6, H, 5.000000, 17.278551, 0.041278, 3.450505, 3.779417, 0.004051, 1.936689, 0.004141
01SN6, H, 10.000000, 17.278551, 0.041278, 1.732864, 1.899878, 0.002491, 1.956284, 0.004213
01SN6, H, 15.000000, 17.278551, 0.041278, 1.149196, 1.259781, 0.001132, 1.953393, 0.002681
01SN6, H, 20.000000, 17.278551, 0.041278, 0.864763, 0.946999, 0.001245, 1.932396, 0.003833
03SN6, H, 5.000000, 16.810585, 0.128001, 3.332323, 3.646368, 0.004220, 1.914503, 0.004272
03SN6, H, 10.000000, 16.810585, 0.128001, 1.696815, 1.859864, 0.002272, 1.950963, 0.003870
03SN6, H, 15.000000, 16.810585, 0.128001, 1.118287, 1.225326, 0.001433, 1.943918, 0.003386
03SN6, H, 20.000000, 16.810585, 0.128001, 0.841986, 0.920556, 0.000865, 1.898440, 0.002685
B06b, H, 10.000000, 18.197023, 0.642830, 1.842620, 2.017481, 0.002599, 1.928046, 0.004012
B06b, H, 15.000000, 18.197023, 0.642830, 1.242737, 1.356559, 0.001711, 1.869886, 0.003637
B06b, H, 20.000000, 18.197023, 0.642830, 0.859775, 0.935010, 0.001109, 1.799631, 0.002866
01SN11, H, 5.000000, 16.052223, 0.278102, 3.142124, 3.426859, 0.003560, 1.852864, 0.003671
01SN11, H, 10.000000, 16.052223, 0.278102, 1.638870, 1.795674, 0.002575, 1.943052, 0.004547
01SN11, H, 15.000000, 16.052223, 0.278102, 1.072579, 1.174965, 0.001392, 1.938485, 0.003457
01SN11, H, 20.000000, 16.052223, 0.278102, 0.801405, 0.874854, 0.001225, 1.868644, 0.003929
01SN9, H, 5.000000, 15.893043, 0.264206, 3.161383, 3.447620, 0.003898, 1.851506, 0.003949
01SN9, H, 10.000000, 15.893043, 0.264206, 1.556070, 1.702249, 0.002270, 1.909813, 0.003895
01SN9, H, 15.000000, 15.893043, 0.264206, 1.073929, 1.173894, 0.001602, 1.893003, 0.003866
01SN9, H, 20.000000, 15.893043, 0.264206, 0.805109, 0.880299, 0.000934, 1.899353, 0.003068
03SN10, H, 5.000000, 17.370531, 0.115152, 3.479636, 3.817581, 0.004139, 1.971310, 0.004335
03SN10, H, 10.000000, 17.370531, 0.115152, 1.746415, 1.915069, 0.001977, 1.959812, 0.003318
03SN10, H, 15.000000, 17.370531, 0.115152, 1.146910, 1.256334, 0.001716, 1.938434, 0.003952
03SN10, H, 20.000000, 17.370531, 0.115152, 0.870864, 0.950980, 0.001299, 1.875691, 0.003878
03SN9, H, 5.000000, 15.741497, 0.271252, 3.145172, 3.430288, 0.002336, 1.853459, 0.002423
03SN9, H, 10.000000, 15.741497, 0.271252, 1.562385, 1.711317, 0.002187, 1.936785, 0.003819
03SN9, H, 15.000000, 15.741497, 0.271252, 1.075156, 1.177803, 0.001570, 1.938785, 0.003872
03SN9, H, 20.000000, 15.741497, 0.271252, 0.774799, 0.845851, 0.001299, 1.870581, 0.004191
B06b, H, 5.000000, 18.197023, 0.642830, 3.667717, 3.999955, 0.004803, 1.852248, 0.004630
B06b, H, 10.000000, 18.197023, 0.642830, 1.872507, 2.053211, 0.002507, 1.958964, 0.004091
B06b, H, 15.000000, 18.197023, 0.642830, 1.255132, 1.375816, 0.001951, 1.952196, 0.004404
B06b, H, 20.000000, 18.197023, 0.642830, 0.944353, 1.035153, 0.001326, 1.951897, 0.003964
03SN7, H, 5.000000, 16.690105, 0.158611, 3.332256, 3.634341, 0.003999, 1.853282, 0.004059
03SN7, H, 10.000000, 16.690105, 0.158611, 1.689712, 1.851830, 0.002218, 1.948166, 0.003734
03SN7, H, 15.000000, 16.690105, 0.158611, 1.100756, 1.200767, 0.001512, 1.856574, 0.003495
03SN7, H, 20.000000, 16.690105, 0.158611, 0.834647, 0.910204, 0.000877, 1.851049, 0.002634
B06b, H, 5.000000, 18.197023, 0.642830, 3.648925, 3.999062, 0.004670, 1.948415, 0.004742
B06b, H, 10.000000, 18.197023, 0.642830, 1.847236, 2.025314, 0.002216, 1.957041, 0.003579
B06b, H, 15.000000, 18.197023, 0.642830, 1.244839, 1.364618, 0.001711, 1.953523, 0.003917
B06b, H, 20.000000, 18.197023, 0.642830, 0.927233, 1.015319, 0.000965, 1.929845, 0.002850
B06b, H, 3.000000, 18.197023, 0.642830, 6.008408, 6.495088, 0.007900, 1.702446, 0.005603
B06b, H, 5.000000, 18.197023, 0.642830, 3.655893, 3.987185, 0.003362, 1.852856, 0.003257
B06b, H, 10.000000, 18.197023, 0.642830, 1.855126, 2.033550, 0.002287, 1.952717, 0.003701
B06b, H, 15.000000, 18.197023, 0.642830, 1.249848, 1.369402, 0.002319, 1.942459, 0.005243
SN005, H, 3.000000, 20.178610, 0.288891, 6.705192, 7.310919, 0.009471, 1.848050, 0.007158
SN005, H, 5.000000, 20.178610, 0.288891, 4.074388, 4.483505, 0.006163, 2.035745, 0.006345
SN005, H, 10.000000, 20.178610, 0.288891, 2.043258, 2.247702, 0.002603, 2.028172, 0.004160
SN005, H, 15.000000, 20.178610, 0.288891, 1.320035, 1.447136, 0.002488, 1.954481, 0.005390
SN006, H, 3.000000, 12.389376, 0.514762, 3.923302, 4.223990, 0.003806, 1.641129, 0.002680
SN006, H, 5.000000, 12.389376, 0.514762, 2.437868, 2.645608, 0.003685, 1.764389, 0.003949
SN006, H, 10.000000, 12.389376, 0.514762, 1.281381, 1.397485, 0.001740, 1.852594, 0.003448
SN006, H, 15.000000, 12.389376, 0.514762, 0.854427, 0.931484, 0.001760, 1.845173, 0.004975
SN007, H, 3.000000, 14.743940, 0.545856, 4.694360, 5.057323, 0.005095, 1.650180, 0.003502
SN007, H, 5.000000, 14.743940, 0.545856, 2.921355, 3.185472, 0.004451, 1.849225, 0.004600
SN007, H, 10.000000, 14.743940, 0.545856, 1.494429, 1.637334, 0.001879, 1.942060, 0.003387
SN007, H, 15.000000, 14.743940, 0.545856, 1.024791, 1.121583, 0.001964, 1.919302, 0.005217
SN008, H, 3.000000, 19.129168, 0.229456, 6.275025, 6.760499, 0.008967, 1.650865, 0.005940
SN008, H, 5.000000, 19.129168, 0.229456, 3.817135, 4.183528, 0.005033, 1.949058, 0.004977
SN008, H, 10.000000, 19.129168, 0.229456, 1.928469, 2.122361, 0.002511, 2.038913, 0.004077
SN008, H, 15.000000, 19.129168, 0.229456, 1.288357, 1.412631, 0.002087, 1.957997, 0.004808
SN009, H, 3.000000, 12.191993, 0.650450, 3.784581, 4.047093, 0.004543, 1.548569, 0.002874
SN009, H, 5.000000, 12.191993, 0.650450, 2.413988, 2.618155, 0.003138, 1.754841, 0.003322
SN009, H, 10.000000, 12.191993, 0.650450, 1.262880, 1.376688, 0.001616, 1.843961, 0.003109
SN009, H, 15.000000, 12.191993, 0.650450, 0.851141, 0.927774, 0.001986, 1.842588, 0.005656
SN010, H, 3.000000, 13.583605, 0.431929, 4.351725, 4.687988, 0.004443, 1.649510, 0.003028
SN010, H, 5.000000, 13.583605, 0.431929, 2.714138, 2.959410, 0.003620, 1.848466, 0.003810
SN010, H, 10.000000, 13.583605, 0.431929, 1.361803, 1.486408, 0.001930, 1.867333, 0.003570
SN010, H, 15.000000, 13.583605, 0.431929, 0.940741, 1.026376, 0.001289, 1.859724, 0.003505
SN011, H, 3.000000, 13.833918, 0.525482, 4.384115, 4.722899, 0.006111, 1.649570, 0.004156
SN011, H, 5.000000, 13.833918, 0.525482, 2.745639, 2.993850, 0.003847, 1.849065, 0.004052
SN011, H, 10.000000, 13.833918, 0.525482, 1.429163, 1.562061, 0.001441, 1.892837, 0.002678
SN011, H, 15.000000, 13.833918, 0.525482, 0.946218, 1.032097, 0.002178, 1.854985, 0.005798
SN012, H, 3.000000, 16.922848, 0.316226, 5.493196, 5.917763, 0.007843, 1.649799, 0.005180
SN012, H, 5.000000, 16.922848, 0.316226, 3.387221, 3.694813, 0.004384, 1.855856, 0.004362
SN012, H, 10.000000, 16.922848, 0.316226, 1.718191, 1.882639, 0.003030, 1.943886, 0.004947
SN012, H, 15.000000, 16.922848, 0.316226, 1.140173, 1.249298, 0.002117, 1.943909, 0.005043
B06b, H, 3.000000, 18.197023, 0.642830, 5.742969, 6.142045, 0.005873, 1.550055, 0.003573
B06b, H, 5.000000, 18.197023, 0.642830, 3.580080, 3.903770, 0.005549, 1.849276, 0.005242
B06b, H, 10.000000, 18.197023, 0.642830, 1.843368, 2.022276, 0.002643, 1.969601, 0.004443
B06b, H, 15.000000, 18.197023, 0.642830, 1.244986, 1.365263, 0.001625, 1.961113, 0.003853
B06b, H, 20.000000, 18.197023, 0.642830, 0.926184, 1.014205, 0.001231, 1.930579, 0.003739
SN013, H, 3.000000, 11.394917, 0.782516, 3.437147, 3.648474, 0.003886, 1.459042, 0.002385
SN013, H, 5.000000, 11.394917, 0.782516, 2.306167, 2.500608, 0.003883, 1.750921, 0.004294
SN013, H, 10.000000, 11.394917, 0.782516, 1.167278, 1.270344, 0.002105, 1.812307, 0.004189
SN013, H, 15.000000, 11.394917, 0.782516, 0.828938, 0.902994, 0.001360, 1.830369, 0.003931
SN013, H, 20.000000, 11.394917, 0.782516, 0.556619, 0.601721, 0.000774, 1.699474, 0.002747
SN014, H, 3.000000, 19.052315, 0.262188, 6.249244, 6.732917, 0.007495, 1.651302, 0.005004
SN014, H, 5.000000, 19.052315, 0.262188, 3.759389, 4.099647, 0.006146, 1.850881, 0.005746
SN014, H, 10.000000, 19.052315, 0.262188, 1.917595, 2.102641, 0.002372, 1.958565, 0.003805
SN014, H, 15.000000, 19.052315, 0.262188, 1.287180, 1.411308, 0.001841, 1.957525, 0.004223
SN014, H, 20.000000, 19.052315, 0.262188, 0.962023, 1.054887, 0.001206, 1.958932, 0.003545
SN015, H, 3.000000, 13.509093, 0.651731, 4.202062, 4.493617, 0.004413, 1.548718, 0.002698
SN015, H, 5.000000, 13.509093, 0.651731, 2.643303, 2.866272, 0.004394, 1.751648, 0.004456
SN015, H, 10.000000, 13.509093, 0.651731, 1.352493, 1.475190, 0.002215, 1.854321, 0.004018
SN015, H, 15.000000, 13.509093, 0.651731, 0.940876, 1.025849, 0.001479, 1.847286, 0.003901
SN015, H, 20.000000, 13.509093, 0.651731, 0.707362, 0.769591, 0.001028, 1.807297, 0.003479
B06b, H, 5.000000, 18.197023, 0.642830, 3.618021, 3.946108, 0.005186, 1.853952, 0.005020
B06b, H, 10.000000, 18.197023, 0.642830, 1.849643, 2.027570, 0.002515, 1.953031, 0.004100
B06b, H, 15.000000, 18.197023, 0.642830, 1.229622, 1.346100, 0.001743, 1.924661, 0.003926
B06b, H, 20.000000, 18.197023, 0.642830, 0.902042, 0.984545, 0.001559, 1.865532, 0.004418
SN016, H, 5.000000, 17.599684, 0.224717, 3.582163, 3.908409, 0.004836, 1.860787, 0.004715
SN016, H, 10.000000, 17.599684, 0.224717, 1.759643, 1.928643, 0.002568, 1.950072, 0.004176
SN016, H, 15.000000, 17.599684, 0.224717, 1.158567, 1.269577, 0.001785, 1.945905, 0.004187
SN016, H, 20.000000, 17.599684, 0.224717, 0.875864, 0.956509, 0.001454, 1.876995, 0.004274
SN017, H, 5.000000, 12.516972, 0.413133, 2.382651, 2.583840, 0.003701, 1.752776, 0.003950
SN017, H, 10.000000, 12.516972, 0.413133, 1.269234, 1.384481, 0.001926, 1.856009, 0.003902
SN017, H, 15.000000, 12.516972, 0.413133, 0.849299, 0.925670, 0.001311, 1.840646, 0.003721
SN017, H, 20.000000, 12.516972, 0.413133, 0.637152, 0.692551, 0.001140, 1.790063, 0.004212
SN018, H, 5.000000, 19.836813, 0.128017, 3.944609, 4.320891, 0.004881, 1.937963, 0.004714
SN018, H, 10.000000, 19.836813, 0.128017, 1.980613, 2.174560, 0.003025, 1.985294, 0.004741
SN018, H, 15.000000, 19.836813, 0.128017, 1.319871, 1.447162, 0.002205, 1.957370, 0.004896
SN018, H, 20.000000, 19.836813, 0.128017, 1.001062, 1.099030, 0.001573, 1.983056, 0.004636
SN021, H, 5.000000, 12.482305, 0.368259, 2.481394, 2.696392, 0.003488, 1.789128, 0.003666
SN021, H, 10.000000, 12.482305, 0.368259, 1.277414, 1.392546, 0.001851, 1.844184, 0.003510
SN021, H, 15.000000, 12.482305, 0.368259, 0.850879, 0.927095, 0.001300, 1.834813, 0.003591
SN021, H, 20.000000, 12.482305, 0.368259, 0.600057, 0.649153, 0.000926, 1.710698, 0.003226
SN023, H, 5.000000, 14.398775, 0.261557, 2.820546, 3.075373, 0.003668, 1.848197, 0.003763
SN023, H, 10.000000, 14.398775, 0.261557, 1.457969, 1.596906, 0.002445, 1.935501, 0.004572
SN023, H, 15.000000, 14.398775, 0.261557, 0.950917, 1.036962, 0.001186, 1.850244, 0.003075
SN023, H, 20.000000, 14.398775, 0.261557, 0.732803, 0.798609, 0.001199, 1.838152, 0.004138
SN024, H, 5.000000, 18.794512, 0.053717, 3.748062, 4.108173, 0.005386, 1.950780, 0.005598
SN024, H, 10.000000, 18.794512, 0.053717, 1.875649, 2.056378, 0.002727, 1.956089, 0.004401
SN024, H, 15.000000, 18.794512, 0.053717, 1.256035, 1.376553, 0.001050, 1.948257, 0.002371
SN024, H, 20.000000, 18.794512, 0.053717, 0.942047, 1.032380, 0.001228, 1.946914, 0.003685
SN025, H, 5.000000, 19.418318, 0.149297, 3.904168, 4.280260, 0.005243, 1.955422, 0.005349
SN025, H, 10.000000, 19.418318, 0.149297, 1.944526, 2.132986, 0.002892, 1.966289, 0.004625
SN025, H, 15.000000, 19.418318, 0.149297, 1.300519, 1.425913, 0.002011, 1.957100, 0.004561
SN025, H, 20.000000, 19.418318, 0.149297, 0.960054, 1.052431, 0.001372, 1.953175, 0.003991
SN027, H, 5.000000, 14.512416, 0.292462, 2.826851, 3.065590, 0.004191, 1.753020, 0.004176
SN027, H, 10.000000, 14.512416, 0.292462, 1.462810, 1.595780, 0.001987, 1.857767, 0.003544
SN027, H, 15.000000, 14.512416, 0.292462, 0.964825, 1.052676, 0.001225, 1.859811, 0.003149
SN027, H, 20.000000, 14.512416, 0.292462, 0.741188, 0.807883, 0.001177, 1.841302, 0.003978
B06b, H, 5.000000, 18.197023, 0.642830, 3.607131, 3.932981, 0.005943, 1.847886, 0.005481
B06b, H, 10.000000, 18.197023, 0.642830, 1.840408, 2.015858, 0.002679, 1.936399, 0.004244
B06b, H, 15.000000, 18.197023, 0.642830, 1.220979, 1.336095, 0.001991, 1.916279, 0.004420
B06b, H, 20.000000, 18.197023, 0.642830, 0.879856, 0.960936, 0.001395, 1.878319, 0.004048
SN028, H, 5.000000, 18.645508, 0.097013, 3.710759, 4.046735, 0.005901, 1.851468, 0.005601
SN028, H, 10.000000, 18.645508, 0.097013, 1.870798, 2.050445, 0.002744, 1.949749, 0.004298
SN028, H, 15.000000, 18.645508, 0.097013, 1.249898, 1.369303, 0.001685, 1.940067, 0.003743
SN028, H, 20.000000, 18.645508, 0.097013, 0.928626, 1.015311, 0.001044, 1.899223, 0.003004
SN029, H, 5.000000, 12.849592, 0.127471, 2.567304, 2.788758, 0.004111, 1.779702, 0.004357
SN029, H, 10.000000, 12.849592, 0.127471, 1.301397, 1.418945, 0.002055, 1.847663, 0.003820
SN029, H, 15.000000, 12.849592, 0.127471, 0.856485, 0.931542, 0.001138, 1.801698, 0.003049
SN029, H, 20.000000, 12.849592, 0.127471, 0.635124, 0.688166, 0.001061, 1.737744, 0.003693
B06b, H, 5.000000, 18.197023, 0.642830, 3.625429, 3.954103, 0.004428, 1.853544, 0.004284
B06b, H, 10.000000, 18.197023, 0.642830, 1.865030, 2.045131, 0.003023, 1.960210, 0.005015
B06b, H, 15.000000, 18.197023, 0.642830, 1.253770, 1.374212, 0.002118, 1.950471, 0.004867
B06b, H, 20.000000, 18.197023, 0.642830, 0.948375, 1.039492, 0.001536, 1.950468, 0.004613
SN030, H, 5.000000, 13.195502, 0.624414, 2.574641, 2.792275, 0.004101, 1.754419, 0.004208
SN030, H, 10.000000, 13.195502, 0.624414, 1.263766, 1.381297, 0.002015, 1.892251, 0.004234
SN030, H, 15.000000, 13.195502, 0.624414, 0.938831, 1.024066, 0.001666, 1.855568, 0.004501
SN030, H, 20.000000, 13.195502, 0.624414, 0.661670, 0.718148, 0.001186, 1.765964, 0.003938
SN031, H, 5.000000, 20.254229, 1.162183, 4.096223, 4.488576, 0.005295, 1.945109, 0.005075
SN031, H, 10.000000, 20.254229, 1.162183, 1.865789, 2.049119, 0.002815, 1.991570, 0.004697
SN031, H, 15.000000, 20.254229, 1.162183, 1.377178, 1.513519, 0.001918, 2.006190, 0.004196
SN031, H, 20.000000, 20.254229, 1.162183, 1.065946, 1.173101, 0.001604, 2.037728, 0.004620
SN032, H, 5.000000, 20.173958, 1.038927, 4.065557, 4.452863, 0.006146, 1.935178, 0.005809
SN032, H, 10.000000, 20.173958, 1.038927, 1.878720, 2.068244, 0.002065, 2.045640, 0.003584
SN032, H, 15.000000, 20.173958, 1.038927, 1.360859, 1.497534, 0.002050, 2.036749, 0.004618
SN032, H, 20.000000, 20.173958, 1.038927, 1.062375, 1.169246, 0.001190, 2.039242, 0.003500
SN034, H, 5.000000, 18.118299, 1.070265, 3.598653, 3.925296, 0.005440, 1.855461, 0.005225
SN034, H, 10.000000, 18.118299, 1.070265, 1.670900, 1.831951, 0.002405, 1.956709, 0.004289
SN034, H, 15.000000, 18.118299, 1.070265, 1.262207, 1.386356, 0.001905, 1.992696, 0.004537
SN034, H, 20.000000, 18.118299, 1.070265, 0.946580, 1.038214, 0.001290, 1.964382, 0.004003
SN035, H, 5.000000, 19.216330, 1.164278, 3.831771, 4.199310, 0.005598, 1.947822, 0.005425
SN035, H, 10.000000, 19.216330, 1.164278, 1.768280, 1.944971, 0.002380, 2.026186, 0.004213
SN035, H, 15.000000, 19.216330, 1.164278, 1.319303, 1.452186, 0.002152, 2.042522, 0.004947
SN035, H, 20.000000, 19.216330, 1.164278, 1.016940, 1.117956, 0.001545, 2.012917, 0.004646
SN036, H, 5.000000, 18.858431, 0.981413, 3.774937, 4.137404, 0.005386, 1.949656, 0.005416
SN036, H, 10.000000, 18.858431, 0.981413, 1.751762, 1.928058, 0.002563, 2.040947, 0.004655
SN036, H, 15.000000, 18.858431, 0.981413, 1.299024, 1.429907, 0.002085, 2.042994, 0.004876
SN036, H, 20.000000, 18.858431, 0.981413, 0.981587, 1.077572, 0.001323, 1.982522, 0.003963
SN037, H, 5.000000, 13.166790, 0.536848, 2.639466, 2.877845, 0.003719, 1.847467, 0.004027
SN037, H, 10.000000, 13.166790, 0.536848, 1.267264, 1.388284, 0.002009, 1.939373, 0.004325
SN037, H, 15.000000, 13.166790, 0.536848, 0.928223, 1.013377, 0.001451, 1.872190, 0.004033
SN037, H, 20.000000, 13.166790, 0.536848, 0.645347, 0.700098, 0.000968, 1.758383, 0.003296
B06b, H, 5.000000, 18.197023, 0.642830, 3.570909, 3.895217, 0.004708, 1.856316, 0.004550
B06b, H, 10.000000, 18.197023, 0.642830, 1.845216, 2.023058, 0.003129, 1.956602, 0.005142
B06b, H, 15.000000, 18.197023, 0.642830, 1.184651, 1.294568, 0.001833, 1.889195, 0.004069
B06b, H, 20.000000, 18.197023, 0.642830, 0.864611, 0.943314, 0.001282, 1.859324, 0.003697
SN038, H, 5.000000, 14.067439, 0.325488, 2.735068, 2.965666, 0.003452, 1.750958, 0.003431
SN038, H, 10.000000, 14.067439, 0.325488, 1.442786, 1.574015, 0.002008, 1.858716, 0.003605
SN038, H, 15.000000, 14.067439, 0.325488, 0.947729, 1.033005, 0.001354, 1.841601, 0.003411
SN038, H, 20.000000, 14.067439, 0.325488, 0.698096, 0.759201, 0.001016, 1.799871, 0.003380
SN039, H, 5.000000, 19.625612, 0.289780, 3.894389, 4.247401, 0.005996, 1.853168, 0.005464
SN039, H, 10.000000, 19.625612, 0.289780, 1.974119, 2.170922, 0.002698, 2.021341, 0.004367
SN039, H, 15.000000, 19.625612, 0.289780, 1.331692, 1.463622, 0.001700, 2.006789, 0.003777
SN039, H, 20.000000, 19.625612, 0.289780, 0.966018, 1.058967, 0.001445, 1.953203, 0.004133
SN040, H, 5.000000, 15.523771, 0.242169, 3.088424, 3.368054, 0.004393, 1.851495, 0.004462
SN040, H, 10.000000, 15.523771, 0.242169, 1.532926, 1.676788, 0.002009, 1.907822, 0.003498
SN040, H, 15.000000, 15.523771, 0.242169, 1.058771, 1.157235, 0.001502, 1.891808, 0.003753
SN040, H, 20.000000, 15.523771, 0.242169, 0.772391, 0.843175, 0.001123, 1.869497, 0.003698
SN041, H, 5.000000, 12.608932, 0.332702, 2.431370, 2.636582, 0.003723, 1.752272, 0.003888
SN041, H, 10.000000, 12.608932, 0.332702, 1.261166, 1.374255, 0.001551, 1.836108, 0.002886
SN041, H, 15.000000, 12.608932, 0.332702, 0.850056, 0.926149, 0.001224, 1.833794, 0.003396
SN041, H, 20.000000, 12.608932, 0.332702, 0.646474, 0.702718, 0.000785, 1.790762, 0.002850
SN042, H, 5.000000, 14.462818, 0.347138, 2.809913, 3.047128, 0.004114, 1.752536, 0.004112
SN042, H, 10.000000, 14.462818, 0.347138, 1.444725, 1.576833, 0.001778, 1.867227, 0.003227
SN042, H, 15.000000, 14.462818, 0.347138, 0.964467, 1.052645, 0.001349, 1.866097, 0.003535
SN042, H, 20.000000, 14.462818, 0.347138, 0.744997, 0.812518, 0.001067, 1.852500, 0.003664
SN043, H, 5.000000, 14.733086, 0.344217, 2.851658, 3.109442, 0.004207, 1.849043, 0.004369
SN043, H, 10.000000, 14.733086, 0.344217, 1.472143, 1.606076, 0.001964, 1.859083, 0.003530
SN043, H, 15.000000, 14.733086, 0.344217, 0.998058, 1.091160, 0.001385, 1.898093, 0.003660
SN043, H, 20.000000, 14.733086, 0.344217, 0.749687, 0.817620, 0.000794, 1.852132, 0.002669
SN044, H, 5.000000, 14.582535, 0.245338, 2.849502, 3.106796, 0.003992, 1.847349, 0.004030
SN044, H, 10.000000, 14.582535, 0.245338, 1.474241, 1.611490, 0.001745, 1.894231, 0.003176
SN044, H, 15.000000, 14.582535, 0.245338, 0.970830, 1.059922, 0.001267, 1.871873, 0.003323
SN044, H, 20.000000, 14.582535, 0.245338, 0.739196, 0.805627, 0.001034, 1.839322, 0.003474
SN045, H, 5.000000, 14.466868, 0.325897, 2.813730, 3.068356, 0.003885, 1.850618, 0.004181
SN045, H, 10.000000, 14.466868, 0.325897, 1.458637, 1.597696, 0.002070, 1.936280, 0.003877
SN045, H, 15.000000, 14.466868, 0.325897, 0.958996, 1.046231, 0.001294, 1.858332, 0.003346
SN045, H, 20.000000, 14.466868, 0.325897, 0.741926, 0.809230, 0.001020, 1.854024, 0.003554
B06b, H, 5.000000, 18.197023, 0.642830, 3.651939, 4.002189, 0.004940, 1.947479, 0.004962
B06b, H, 10.000000, 18.197023, 0.642830, 1.859349, 2.038657, 0.002402, 1.957684, 0.003961
B06b, H, 15.000000, 18.197023, 0.642830, 1.247335, 1.367021, 0.001732, 1.948323, 0.004010
B06b, H, 20.000000, 18.197023, 0.642830, 0.876359, 0.956926, 0.001292, 1.874591, 0.003716
SN046, H, 5.000000, 15.659073, 0.203340, 3.102578, 3.383460, 0.003969, 1.851335, 0.004015
SN046, H, 10.000000, 15.659073, 0.203340, 1.561142, 1.709560, 0.002103, 1.932103, 0.003695
SN046, H, 15.000000, 15.659073, 0.203340, 1.064054, 1.163033, 0.001523, 1.892075, 0.003794
SN046, H, 20.000000, 15.659073, 0.203340, 0.777758, 0.849354, 0.001062, 1.876511, 0.003522
SN047, H, 5.000000, 18.999340, 0.074562, 3.794595, 4.158880, 0.005149, 1.949323, 0.005138
SN047, H, 10.000000, 18.999340, 0.074562, 1.896224, 2.078889, 0.002404, 1.955526, 0.003866
SN047, H, 15.000000, 18.999340, 0.074562, 1.274050, 1.396516, 0.001744, 1.951579, 0.003913
SN047, H, 20.000000, 18.999340, 0.074562, 0.947592, 1.038335, 0.001234, 1.944526, 0.003651
SN048, H, 5.000000, 13.424363, 0.434240, 2.598079, 2.817647, 0.003610, 1.754162, 0.003703
SN048, H, 10.000000, 13.424363, 0.434240, 1.328750, 1.449260, 0.001700, 1.853873, 0.003211
SN048, H, 15.000000, 13.424363, 0.434240, 0.935395, 1.020718, 0.001302, 1.863060, 0.003606
SN048, H, 20.000000, 13.424363, 0.434240, 0.670491, 0.729481, 0.000985, 1.806938, 0.003513
SN050, H, 5.000000, 19.865528, 0.299315, 3.914530, 4.288554, 0.004762, 1.940932, 0.004562
SN050, H, 10.000000, 19.865528, 0.299315, 1.977745, 2.173468, 0.002698, 2.005703, 0.004305
SN050, H, 15.000000, 19.865528, 0.299315, 1.322208, 1.449919, 0.001856, 1.960095, 0.004157
SN050, H, 20.000000, 19.865528, 0.299315, 1.014284, 1.114189, 0.001298, 1.996127, 0.003849
SN051, H, 5.000000, 19.638269, 0.205638, 3.915548, 4.290005, 0.005445, 1.942523, 0.005290
SN051, H, 10.000000, 19.638269, 0.205638, 1.965899, 2.162815, 0.002795, 2.031167, 0.004550
SN051, H, 15.000000, 19.638269, 0.205638, 1.327133, 1.458694, 0.001804, 2.007969, 0.004099
SN051, H, 20.000000, 19.638269, 0.205638, 0.970630, 1.064565, 0.001398, 1.963576, 0.004043
SN052, H, 5.000000, 17.676216, 0.639925, 3.457625, 3.774535, 0.004281, 1.870198, 0.004174
SN052, H, 10.000000, 17.676216, 0.639925, 1.746010, 1.913726, 0.002427, 1.950323, 0.004019
SN052, H, 15.000000, 17.676216, 0.639925, 1.155726, 1.266437, 0.001541, 1.945475, 0.003635
SN052, H, 20.000000, 17.676216, 0.639925, 0.932795, 1.022534, 0.001292, 1.953094, 0.004083
SN053, H, 5.000000, 15.566424, 0.237227, 3.067803, 3.343858, 0.003637, 1.841795, 0.003612
SN053, H, 10.000000, 15.566424, 0.237227, 1.545457, 1.692961, 0.001940, 1.939052, 0.003441
SN053, H, 15.000000, 15.566424, 0.237227, 1.059417, 1.160342, 0.001485, 1.934692, 0.003792
SN053, H, 20.000000, 15.566424, 0.237227, 0.779315, 0.851158, 0.001086, 1.878797, 0.003598
SN054, H, 5.000000, 15.800497, 0.288093, 3.111684, 3.394009, 0.004316, 1.854837, 0.004514
SN054, H, 10.000000, 15.800497, 0.288093, 1.554812, 1.703295, 0.002086, 1.940048, 0.003730
SN054, H, 15.000000, 15.800497, 0.288093, 1.071252, 1.173581, 0.001358, 1.939737, 0.003461
SN054, H, 20.000000, 15.800497, 0.288093, 0.801728, 0.876678, 0.001088, 1.901608, 0.003631
B06b, H, 5.000000, 18.197023, 0.642830, 3.619334, 3.947791, 0.005465, 1.855169, 0.005395
B06b, H, 10.000000, 18.197023, 0.642830, 1.857388, 2.036752, 0.002525, 1.960236, 0.004202
B06b, H, 15.000000, 18.197023, 0.642830, 1.255612, 1.376615, 0.001840, 1.956450, 0.004301
B06b, H, 20.000000, 18.197023, 0.642830, 0.873020, 0.953013, 0.001323, 1.869424, 0.003775
SN058, H, 5.000000, 17.038645, 0.139341, 3.366486, 3.684599, 0.004930, 1.919407, 0.005002
SN058, H, 10.000000, 17.038645, 0.139341, 1.713154, 1.877958, 0.002394, 1.952964, 0.004128
SN058, H, 15.000000, 17.038645, 0.139341, 1.139495, 1.249154, 0.001250, 1.953470, 0.003065
SN058, H, 20.000000, 17.038645, 0.139341, 0.854994, 0.934883, 0.001214, 1.900635, 0.003752
SN059, H, 5.000000, 15.003325, 0.584665, 2.851768, 3.109424, 0.003742, 1.848247, 0.003850
SN059, H, 10.000000, 15.003325, 0.584665, 1.493351, 1.636613, 0.001978, 1.947888, 0.003755
SN059, H, 15.000000, 15.003325, 0.584665, 1.043050, 1.142754, 0.001370, 1.941111, 0.003745
SN059, H, 20.000000, 15.003325, 0.584665, 0.760462, 0.831514, 0.001107, 1.900307, 0.003855
SN060, H, 5.000000, 15.743999, 0.530056, 3.047044, 3.320037, 0.004337, 1.835072, 0.004339
SN060, H, 10.000000, 15.743999, 0.530056, 1.544228, 1.691791, 0.002160, 1.941133, 0.003876
SN060, H, 15.000000, 15.743999, 0.530056, 1.059092, 1.157595, 0.001414, 1.891953, 0.003562
SN060, H, 20.000000, 15.743999, 0.530056, 0.821949, 0.899703, 0.000990, 1.922159, 0.003355
SN061, H, 5.000000, 16.685556, 0.342924, 3.242673, 3.536275, 0.004751, 1.851483, 0.004850
SN061, H, 10.000000, 16.685556, 0.342924, 1.669980, 1.830569, 0.002248, 1.952388, 0.003959
SN061, H, 15.000000, 16.685556, 0.342924, 1.122104, 1.230255, 0.001422, 1.956135, 0.003628
SN061, H, 20.000000, 16.685556, 0.342924, 0.850401, 0.931768, 0.001134, 1.942958, 0.003728
SN063, H, 5.000000, 14.520668, 0.468589, 2.784271, 3.029289, 0.002867, 1.806105, 0.002895
SN063, H, 10.000000, 14.520668, 0.468589, 1.451566, 1.586467, 0.001586, 1.891580, 0.002963
SN063, H, 15.000000, 14.520668, 0.468589, 0.974198, 1.065253, 0.001359, 1.901369, 0.003661
SN063, H, 20.000000, 14.520668, 0.468589, 0.752765, 0.822933, 0.000935, 1.896309, 0.003309
SN064, H, 5.000000, 20.687769, 0.322930, 4.099728, 4.495912, 0.005994, 1.960936, 0.006005
SN064, H, 10.000000, 20.687769, 0.322930, 2.087587, 2.299200, 0.002404, 2.056149, 0.004043
SN064, H, 15.000000, 20.687769, 0.322930, 1.356293, 1.490932, 0.001812, 2.011268, 0.004056
SN064, H, 20.000000, 20.687769, 0.322930, 1.051986, 1.157550, 0.001440, 2.033910, 0.004257
SN065, H, 5.000000, 17.183918, 0.160576, 3.390392, 3.715007, 0.003997, 1.944632, 0.004044
SN065, H, 10.000000, 17.183918, 0.160576, 1.721000, 1.886866, 0.002211, 1.956259, 0.003882
SN065, H, 15.000000, 17.183918, 0.160576, 1.151357, 1.262710, 0.001640, 1.962254, 0.004063
SN065, H, 20.000000, 17.183918, 0.160576, 0.865280, 0.948501, 0.001269, 1.952407, 0.004114
B06b, H, 5.000000, 18.197023, 0.642830, 3.365919, 3.625629, 0.005069, 1.648071, 0.003783
B06b, H, 10.000000, 18.197023, 0.642830, 1.845324, 2.023800, 0.002176, 1.963120, 0.003632
B06b, H, 15.000000, 18.197023, 0.642830, 1.242278, 1.361138, 0.001696, 1.942979, 0.003932
B06b, H, 20.000000, 18.197023, 0.642830, 0.869403, 0.948950, 0.001276, 1.867189, 0.003693
SN067, H, 5.000000, 18.514500, 0.165780, 3.660404, 4.011516, 0.005026, 1.947744, 0.004998
SN067, H, 10.000000, 18.514500, 0.165780, 1.849110, 2.027768, 0.001841, 1.961203, 0.003028
SN067, H, 15.000000, 18.514500, 0.165780, 1.246511, 1.366840, 0.001634, 1.959628, 0.003848
SN067, H, 20.000000, 18.514500, 0.165780, 0.928471, 1.016770, 0.001248, 1.931819, 0.003725
SN068, H, 5.000000, 17.541725, 0.121118, 3.516028, 3.836203, 0.003784, 1.861177, 0.003686
SN068, H, 10.000000, 17.541725, 0.121118, 1.750441, 1.917889, 0.002408, 1.943035, 0.003950
SN068, H, 15.000000, 17.541725, 0.121118, 1.159892, 1.271701, 0.001649, 1.956512, 0.003925
SN068, H, 20.000000, 17.541725, 0.121118, 0.884261, 0.966963, 0.000948, 1.902432, 0.002844
SN069, H, 5.000000, 17.035597, 0.197549, 3.356738, 3.660859, 0.004755, 1.852384, 0.004704
SN069, H, 10.000000, 17.035597, 0.197549, 1.697954, 1.861032, 0.002309, 1.950072, 0.004006
SN069, H, 15.000000, 17.035597, 0.197549, 1.144254, 1.254745, 0.001563, 1.959446, 0.003940
SN069, H, 20.000000, 17.035597, 0.197549, 0.860939, 0.943062, 0.001177, 1.937730, 0.003743
SN070, H, 5.000000, 12.859330, 0.203020, 2.518369, 2.722993, 0.003123, 1.709827, 0.003076
SN070, H, 10.000000, 12.859330, 0.203020, 1.297229, 1.414153, 0.001648, 1.844393, 0.003085
SN070, H, 15.000000, 12.859330, 0.203020, 0.870171, 0.946579, 0.001279, 1.804642, 0.003465
SN070, H, 20.000000, 12.859330, 0.203020, 0.641271, 0.694862, 0.000956, 1.738623, 0.003207
SN072, H, 5.000000, 12.185650, 0.344968, 2.349133, 2.546974, 0.002670, 1.749540, 0.002818
SN072, H, 10.000000, 12.185650, 0.344968, 1.247419, 1.359477, 0.001344, 1.838985, 0.002656
SN072, H, 15.000000, 12.185650, 0.344968, 0.829690, 0.903585, 0.001154, 1.825698, 0.003309
SN072, H, 20.000000, 12.185650, 0.344968, 0.604600, 0.654945, 0.000779, 1.731371, 0.002836
SN074, H, 5.000000, 12.693171, 0.465495, 2.413155, 2.617732, 0.003500, 1.757781, 0.003901
SN074, H, 10.000000, 12.693171, 0.465495, 1.265736, 1.372953, 0.001846, 1.757157, 0.003359
SN074, H, 15.000000, 12.693171, 0.465495, 0.872246, 0.948711, 0.001412, 1.802291, 0.003846
SN074, H, 20.000000, 12.693171, 0.465495, 0.649564, 0.703953, 0.001054, 1.741302, 0.003515
SN076, H, 5.000000, 16.903065, 0.283951, 3.301365, 3.599841, 0.004573, 1.849228, 0.004339
SN076, H, 10.000000, 16.903065, 0.283951, 1.695704, 1.858364, 0.001969, 1.947819, 0.003340
SN076, H, 15.000000, 16.903065, 0.283951, 1.132130, 1.240732, 0.001350, 1.947839, 0.003301
SN076, H, 20.000000, 16.903065, 0.283951, 0.858679, 0.940364, 0.001142, 1.932865, 0.003614
SN077, H, 5.000000, 15.169846, 0.333903, 2.949808, 3.213047, 0.003836, 1.829615, 0.003786
SN077, H, 10.000000, 15.169846, 0.333903, 1.509047, 1.646208, 0.001524, 1.857282, 0.002683
SN077, H, 15.000000, 15.169846, 0.333903, 1.034764, 1.130915, 0.001349, 1.891044, 0.003452
SN077, H, 20.000000, 15.169846, 0.333903, 0.766471, 0.836586, 0.001075, 1.866701, 0.003619
B06b, H, 5.000000, 18.197023, 0.642830, 3.621336, 3.968741, 0.004935, 1.947966, 0.005024
B06b, H, 10.000000, 18.197023, 0.642830, 1.845368, 2.023198, 0.002169, 1.956324, 0.003533
B06b, H, 15.000000, 18.197023, 0.642830, 1.242225, 1.361385, 0.001798, 1.947767, 0.004167
B06b, H, 20.000000, 18.197023, 0.642830, 0.924634, 1.012253, 0.001623, 1.925341, 0.004858
SN078, H, 5.000000, 17.795069, 0.441783, 3.576389, 3.905872, 0.005264, 1.877782, 0.005139
SN078, H, 10.000000, 17.795069, 0.441783, 1.756722, 1.924972, 0.002310, 1.945135, 0.003714
SN078, H, 15.000000, 17.795069, 0.441783, 1.157609, 1.268522, 0.001998, 1.945822, 0.004648
SN078, H, 20.000000, 17.795069, 0.441783, 0.919174, 1.006060, 0.001711, 1.920911, 0.005133
SN079, H, 5.000000, 17.399889, 0.131860, 3.517646, 3.848928, 0.005177, 1.915918, 0.005283
SN079, H, 10.000000, 17.399889, 0.131860, 1.735964, 1.902618, 0.001871, 1.949292, 0.003079
SN079, H, 15.000000, 17.399889, 0.131860, 1.151910, 1.262533, 0.001712, 1.949850, 0.004048
SN079, H, 20.000000, 17.399889, 0.131860, 0.868726, 0.951524, 0.001586, 1.936426, 0.004929
SN081, H, 5.000000, 22.239868, 0.149631, 4.485082, 4.915926, 0.006240, 1.950459, 0.006083
SN081, H, 10.000000, 22.239868, 0.149631, 2.206005, 2.428839, 0.002624, 2.048432, 0.003859
SN081, H, 15.000000, 22.239868, 0.149631, 1.481551, 1.630651, 0.001696, 2.040450, 0.003462
SN081, H, 20.000000, 22.239868, 0.149631, 1.112613, 1.224729, 0.001692, 2.043326, 0.004620
SN082, H, 5.000000, 22.017679, 0.122915, 4.391241, 4.812888, 0.006577, 1.949658, 0.006032
SN082, H, 10.000000, 22.017679, 0.122915, 2.187521, 2.408411, 0.002448, 2.047651, 0.003604
SN082, H, 15.000000, 22.017679, 0.122915, 1.474014, 1.622384, 0.001915, 2.040814, 0.003978
SN082, H, 20.000000, 22.017679, 0.122915, 1.106506, 1.215961, 0.002024, 2.002914, 0.005487
SN083, H, 5.000000, 16.895487, 0.205069, 3.326620, 3.627735, 0.003103, 1.851006, 0.003025
SN083, H, 10.000000, 16.895487, 0.205069, 1.692110, 1.854374, 0.002458, 1.947228, 0.004126
SN083, H, 15.000000, 16.895487, 0.205069, 1.126574, 1.234430, 0.002078, 1.944374, 0.004955
SN083, H, 20.000000, 16.895487, 0.205069, 0.856643, 0.938399, 0.001548, 1.938577, 0.004932
SN084, H, 5.000000, 16.373165, 0.367692, 3.179176, 3.466521, 0.003458, 1.848709, 0.003310
SN084, H, 10.000000, 16.373165, 0.367692, 1.646286, 1.803266, 0.002406, 1.936757, 0.004096
SN084, H, 15.000000, 16.373165, 0.367692, 1.090966, 1.195322, 0.001639, 1.942437, 0.004008
SN084, H, 20.000000, 16.373165, 0.367692, 0.839089, 0.918932, 0.001732, 1.932847, 0.005702
SN085, H, 5.000000, 18.444925, 0.301818, 3.614628, 3.960577, 0.005462, 1.943603, 0.005321
SN085, H, 10.000000, 18.444925, 0.301818, 1.833754, 2.012110, 0.003119, 1.973531, 0.005199
SN085, H, 15.000000, 18.444925, 0.301818, 1.242922, 1.362811, 0.001126, 1.958140, 0.002618
SN085, H, 20.000000, 18.444925, 0.301818, 0.936629, 1.026348, 0.001085, 1.945009, 0.003288
SN086, H, 5.000000, 18.485594, 0.268826, 3.629359, 3.978088, 0.004424, 1.950935, 0.004576
SN086, H, 10.000000, 18.485594, 0.268826, 1.840396, 2.016484, 0.003758, 1.943084, 0.006025
SN086, H, 15.000000, 18.485594, 0.268826, 1.243800, 1.363238, 0.001550, 1.949756, 0.003561
SN086, H, 20.000000, 18.485594, 0.268826, 0.937023, 1.026931, 0.001373, 1.948127, 0.004203
SN088, H, 5.000000, 19.369804, 0.193018, 3.829395, 4.196619, 0.004527, 1.947402, 0.004373
SN088, H, 10.000000, 19.369804, 0.193018, 1.940931, 2.128763, 0.002588, 1.963607, 0.004132
SN088, H, 15.000000, 19.369804, 0.193018, 1.307341, 1.436522, 0.002218, 2.001383, 0.005100
SN088, H, 20.000000, 19.369804, 0.193018, 0.965784, 1.058942, 0.001686, 1.957618, 0.004918
SN089, H, 5.000000, 22.392012, 0.095165, 4.477595, 4.907666, 0.003953, 1.950232, 0.003798
SN089, H, 10.000000, 22.392012, 0.095165, 2.226051, 2.450994, 0.002950, 2.049255, 0.004465
SN089, H, 15.000000, 22.392012, 0.095165, 1.498420, 1.649765, 0.001687, 2.048213, 0.003609
SN089, H, 20.000000, 22.392012, 0.095165, 1.122193, 1.233553, 0.001552, 2.009358, 0.004244
B06b, H, 5.000000, 18.197023, 0.642830, 3.624168, 3.971535, 0.005208, 1.946304, 0.005254
B06b, H, 10.000000, 18.197023, 0.642830, 1.843746, 2.022208, 0.002487, 1.964561, 0.004134
B06b, H, 15.000000, 18.197023, 0.642830, 1.241184, 1.361484, 0.001728, 1.967217, 0.004147
B06b, H, 20.000000, 18.197023, 0.642830, 0.907258, 0.992340, 0.001197, 1.907062, 0.003564
SN090, H, 5.000000, 14.685439, 0.269515, 2.866649, 3.125653, 0.003774, 1.848273, 0.003860
SN090, H, 10.000000, 14.685439, 0.269515, 1.482084, 1.623788, 0.001810, 1.941694, 0.003327
SN090, H, 15.000000, 14.685439, 0.269515, 0.976086, 1.065971, 0.001274, 1.877284, 0.003343
SN090, H, 20.000000, 14.685439, 0.269515, 0.747689, 0.815618, 0.000596, 1.856278, 0.002057
SN091, H, 5.000000, 9.913231, 0.620294, 1.956005, 2.120672, 0.002810, 1.749042, 0.003333
SN091, H, 10.000000, 9.913231, 0.620294, 1.071906, 1.168402, 0.001601, 1.842143, 0.003601
SN091, H, 15.000000, 9.913231, 0.620294, 0.666668, 0.722996, 0.000946, 1.753120, 0.002959
SN091, H, 20.000000, 9.913231, 0.620294, 0.460610, 0.494641, 0.000826, 1.601757, 0.003145
SN092, H, 5.000000, 14.881224, 0.557104, 2.832841, 3.071562, 0.004190, 1.750297, 0.003947
SN092, H, 10.000000, 14.881224, 0.557104, 1.490594, 1.625932, 0.001695, 1.855760, 0.002976
SN092, H, 15.000000, 14.881224, 0.557104, 1.034151, 1.128907, 0.001344, 1.870516, 0.003379
SN092, H, 20.000000, 14.881224, 0.557104, 0.748683, 0.816051, 0.001054, 1.841403, 0.003420
SN093, H, 5.000000, 12.210242, 0.434731, 2.327078, 2.523093, 0.002910, 1.749731, 0.003083
SN093, H, 10.000000, 12.210242, 0.434731, 1.217841, 1.325936, 0.001662, 1.821500, 0.003316
SN093, H, 15.000000, 12.210242, 0.434731, 0.827120, 0.900834, 0.001176, 1.826649, 0.003392
SN093, H, 20.000000, 12.210242, 0.434731, 0.632173, 0.687098, 0.000875, 1.789133, 0.003337
SN094, H, 5.000000, 11.934776, 0.558145, 2.332417, 2.528880, 0.003437, 1.749724, 0.003641
SN094, H, 10.000000, 11.934776, 0.558145, 1.242812, 1.354213, 0.001679, 1.835562, 0.003267
SN094, H, 15.000000, 11.934776, 0.558145, 0.825907, 0.899379, 0.000767, 1.823894, 0.002174
SN094, H, 20.000000, 11.934776, 0.558145, 0.564967, 0.610990, 0.000860, 1.706010, 0.003126
SN095, H, 5.000000, 13.145531, 0.167921, 2.615554, 2.841153, 0.003419, 1.778871, 0.003597
SN095, H, 10.000000, 13.145531, 0.167921, 1.339444, 1.461183, 0.001556, 1.857080, 0.002931
SN095, H, 15.000000, 13.145531, 0.167921, 0.867781, 0.945904, 0.001240, 1.842723, 0.003356
SN095, H, 20.000000, 13.145531, 0.167921, 0.654821, 0.710481, 0.000948, 1.760578, 0.003260
SN096, H, 5.000000, 14.359846, 0.523628, 2.725997, 2.955713, 0.003432, 1.750295, 0.003333
SN096, H, 10.000000, 14.359846, 0.523628, 1.442463, 1.574484, 0.001743, 1.868661, 0.003173
SN096, H, 15.000000, 14.359846, 0.523628, 0.973107, 1.062617, 0.001431, 1.875527, 0.003783
SN096, H, 20.000000, 14.359846, 0.523628, 0.740828, 0.807741, 0.001048, 1.847166, 0.003557
SN097, H, 5.000000, 12.628187, 0.288489, 2.443503, 2.650243, 0.003391, 1.755366, 0.003501
SN097, H, 10.000000, 12.628187, 0.288489, 1.287572, 1.403673, 0.001810, 1.844953, 0.003377
SN097, H, 15.000000, 12.628187, 0.288489, 0.848625, 0.922978, 0.000993, 1.801412, 0.002703
SN097, H, 20.000000, 12.628187, 0.288489, 0.634998, 0.688401, 0.000896, 1.747010, 0.003189
SN099, H, 5.000000, 11.293813, 0.347007, 2.237393, 2.425711, 0.002052, 1.748732, 0.002165
SN099, H, 10.000000, 11.293813, 0.347007, 1.165905, 1.268751, 0.001568, 1.810864, 0.003127
SN099, H, 15.000000, 11.293813, 0.347007, 0.765094, 0.830287, 0.001105, 1.763993, 0.003093
SN099, H, 20.000000, 11.293813, 0.347007, 0.543439, 0.586860, 0.000792, 1.683041, 0.002802
B06b, H, 5.000000, 18.197023, 0.642830, 3.398086, 3.705477, 0.006479, 1.850075, 0.006561
B06b, H, 10.000000, 18.197023, 0.642830, 1.735110, 1.901102, 0.003163, 1.943131, 0.005252
B06b, H, 15.000000, 18.197023, 0.642830, 1.152457, 1.260652, 0.002038, 1.908053, 0.004684
B06b, H, 20.000000, 18.197023, 0.642830, 0.864249, 0.943299, 0.001656, 1.866709, 0.004913
SN230, H, 5.000000, 19.481827, 0.358370, 3.809039, 4.153568, 0.007725, 1.849899, 0.007450
SN230, H, 10.000000, 19.481827, 0.358370, 1.979814, 2.175692, 0.003411, 2.005191, 0.005571
SN230, H, 15.000000, 19.481827, 0.358370, 1.316808, 1.443569, 0.002462, 1.954090, 0.005373
SN230, H, 20.000000, 19.481827, 0.358370, 0.967087, 1.058994, 0.002101, 1.931297, 0.005811
SN231, H, 5.000000, 21.289083, 0.485168, 4.114895, 4.466782, 0.008536, 1.767791, 0.007539
SN231, H, 10.000000, 21.289083, 0.485168, 2.149930, 2.367069, 0.003351, 2.048101, 0.005275
SN231, H, 15.000000, 21.289083, 0.485168, 1.436296, 1.577481, 0.002465, 1.992219, 0.005217
SN231, H, 20.000000, 21.289083, 0.485168, 1.077729, 1.183848, 0.002206, 1.994007, 0.006122
SN232, H, 5.000000, 20.272873, 0.483111, 3.938245, 4.295206, 0.007305, 1.853085, 0.006988
SN232, H, 10.000000, 20.272873, 0.483111, 2.045419, 2.242982, 0.003605, 1.960631, 0.005571
SN232, H, 15.000000, 20.272873, 0.483111, 1.342338, 1.471224, 0.002292, 1.949555, 0.004754
SN232, H, 20.000000, 20.272873, 0.483111, 1.041413, 1.140783, 0.002119, 1.937805, 0.005771
SN233, H, 5.000000, 20.447960, 0.518311, 3.943089, 4.274605, 0.007316, 1.747389, 0.006158
SN233, H, 10.000000, 20.447960, 0.518311, 2.073046, 2.273082, 0.003507, 1.958917, 0.005430
SN233, H, 15.000000, 20.447960, 0.518311, 1.366933, 1.499941, 0.002576, 1.973393, 0.005514
SN233, H, 20.000000, 20.447960, 0.518311, 1.043076, 1.142363, 0.002163, 1.933249, 0.005768
SN234, H, 5.000000, 19.715300, 0.406803, 3.834070, 4.180357, 0.007139, 1.847716, 0.006637
SN234, H, 10.000000, 19.715300, 0.406803, 1.965740, 2.156295, 0.003459, 1.966732, 0.005431
SN234, H, 15.000000, 19.715300, 0.406803, 1.336592, 1.465166, 0.002345, 1.952825, 0.004981
SN234, H, 20.000000, 19.715300, 0.406803, 0.999855, 1.093108, 0.002142, 1.897686, 0.005689
SN235, H, 5.000000, 21.102367, 0.343316, 4.120424, 4.494036, 0.007004, 1.853821, 0.006736
SN235, H, 10.000000, 21.102367, 0.343316, 2.118896, 2.332481, 0.003533, 2.043771, 0.005526
SN235, H, 15.000000, 21.102367, 0.343316, 1.418936, 1.555154, 0.002499, 1.949821, 0.005193
SN235, H, 20.000000, 21.102367, 0.343316, 1.067134, 1.169348, 0.002225, 1.944838, 0.005873
SN238, H, 5.000000, 15.668531, 0.339753, 3.056677, 3.315466, 0.005893, 1.756461, 0.005732
SN238, H, 10.000000, 15.668531, 0.339753, 1.582679, 1.729257, 0.002737, 1.886399, 0.004666
SN238, H, 15.000000, 15.668531, 0.339753, 1.070423, 1.167314, 0.001912, 1.850890, 0.004482
SN238, H, 20.000000, 15.668531, 0.339753, 0.775933, 0.844092, 0.001567, 1.805056, 0.004696
SN239, H, 5.000000, 15.170092, 0.408630, 2.947731, 3.215855, 0.005248, 1.858439, 0.005768
SN239, H, 10.000000, 15.170092, 0.408630, 1.516672, 1.658776, 0.002751, 1.904896, 0.004945
SN239, H, 15.000000, 15.170092, 0.408630, 1.048414, 1.144048, 0.001841, 1.863395, 0.004543
SN239, H, 20.000000, 15.170092, 0.408630, 0.753267, 0.820801, 0.001645, 1.836074, 0.005257
B06b, H, 10.000000, 18.197023, 0.642830, 1.735501, 1.901351, 0.002997, 1.941233, 0.004966
B06b, H, 15.000000, 18.197023, 0.642830, 1.155427, 1.263895, 0.001918, 1.908058, 0.004367
B06b, H, 20.000000, 18.197023, 0.642830, 0.877027, 0.957909, 0.001719, 1.879546, 0.005208
B06b, H, 5.000000, 18.197023, 0.642830, 3.356737, 3.660688, 0.006749, 1.851546, 0.007027
SN236, H, 10.000000, 20.278126, 0.560207, 2.049460, 2.245526, 0.003889, 1.942836, 0.005887
SN236, H, 15.000000, 20.278126, 0.560207, 1.352944, 1.483524, 0.002550, 1.958728, 0.005348
SN236, H, 20.000000, 20.278126, 0.560207, 1.041431, 1.140476, 0.001754, 1.931680, 0.004671
SN236, H, 5.000000, 20.278126, 0.560207, 3.903645, 4.234263, 0.008611, 1.756664, 0.007654
SN237, H, 10.000000, 20.453440, 0.653628, 2.073850, 2.274159, 0.003571, 1.960755, 0.005585
SN237, H, 15.000000, 20.453440, 0.653628, 1.360735, 1.492790, 0.002153, 1.968558, 0.004608
SN237, H, 20.000000, 20.453440, 0.653628, 1.055425, 1.156828, 0.001687, 1.950694, 0.004628
SN237, H, 5.000000, 20.453440, 0.653628, 3.917379, 4.248810, 0.008632, 1.755343, 0.007532
B06b, H, 5.000000, 18.197023, 0.642830, 3.664737, 4.016194, 0.004759, 1.947368, 0.004698
B06b, H, 10.000000, 18.197023, 0.642830, 1.867715, 2.047815, 0.003401, 1.957518, 0.005514
B06b, H, 15.000000, 18.197023, 0.642830, 1.253126, 1.374107, 0.002392, 1.959842, 0.005519
B06b, H, 20.000000, 18.197023, 0.642830, 0.940481, 1.030634, 0.001943, 1.946303, 0.005810
SN419, H, 5.000000, 14.188498, 0.419154, 2.742001, 2.989822, 0.004156, 1.848679, 0.004331
SN419, H, 10.000000, 14.188498, 0.419154, 1.413057, 1.544699, 0.002721, 1.895969, 0.005101
SN419, H, 15.000000, 14.188498, 0.419154, 0.946524, 1.033060, 0.001758, 1.866446, 0.004796
SN419, H, 20.000000, 14.188498, 0.419154, 0.736708, 0.803298, 0.001597, 1.848413, 0.005574
SN420, H, 5.000000, 15.477769, 0.209679, 3.047288, 3.319323, 0.004513, 1.829507, 0.004419
SN420, H, 10.000000, 15.477769, 0.209679, 1.546227, 1.693675, 0.002762, 1.937497, 0.004840
SN420, H, 15.000000, 15.477769, 0.209679, 1.049945, 1.147550, 0.002436, 1.891387, 0.006132
SN420, H, 20.000000, 15.477769, 0.209679, 0.773372, 0.844251, 0.001893, 1.869615, 0.006113
SN421, H, 5.000000, 22.431286, 0.100038, 4.476513, 4.906381, 0.006517, 1.949809, 0.006023
SN421, H, 10.000000, 22.431286, 0.100038, 2.233736, 2.454182, 0.004349, 1.997085, 0.006343
SN421, H, 15.000000, 22.431286, 0.100038, 1.504575, 1.656165, 0.002898, 2.043053, 0.005870
SN421, H, 20.000000, 22.431286, 0.100038, 1.121863, 1.232978, 0.002221, 2.005604, 0.005870
B06b, H, 5.000000, 18.197023, 0.642830, 3.635469, 3.964578, 0.005636, 1.851251, 0.005359
B06b, H, 10.000000, 18.197023, 0.642830, 1.864741, 2.044507, 0.002323, 1.957037, 0.003758
B06b, H, 15.000000, 18.197023, 0.642830, 1.252253, 1.372566, 0.001489, 1.950726, 0.003390
B06b, H, 20.000000, 18.197023, 0.642830, 0.929711, 1.018015, 0.001247, 1.929499, 0.003656
SN422, H, 5.000000, 14.046122, 0.437810, 2.728748, 2.975448, 0.003870, 1.849157, 0.004099
SN422, H, 10.000000, 14.046122, 0.437810, 1.381949, 1.509878, 0.001869, 1.885606, 0.003508
SN422, H, 15.000000, 14.046122, 0.437810, 0.939171, 1.024355, 0.001278, 1.854043, 0.003418
SN422, H, 20.000000, 14.046122, 0.437810, 0.732713, 0.798890, 0.000691, 1.847259, 0.002453
SN423, H, 5.000000, 16.468636, 0.218851, 3.233163, 3.525695, 0.003818, 1.850376, 0.003751
SN423, H, 10.000000, 16.468636, 0.218851, 1.646779, 1.803857, 0.001636, 1.937364, 0.002799
SN423, H, 15.000000, 16.468636, 0.218851, 1.105440, 1.211391, 0.001477, 1.946160, 0.003642
SN423, H, 20.000000, 16.468636, 0.218851, 0.833184, 0.909517, 0.001173, 1.870033, 0.003706
SN424, H, 5.000000, 16.773140, 0.070713, 3.345158, 3.648301, 0.004420, 1.852729, 0.004384
SN424, H, 10.000000, 16.773140, 0.070713, 1.672373, 1.832300, 0.001876, 1.942067, 0.003125
SN424, H, 15.000000, 16.773140, 0.070713, 1.117908, 1.222799, 0.001511, 1.906324, 0.003554
SN424, H, 20.000000, 16.773140, 0.070713, 0.843743, 0.920743, 0.000924, 1.863654, 0.002813
SN425, H, 5.000000, 16.719090, 0.197843, 3.296400, 3.594742, 0.004340, 1.850820, 0.004291
SN425, H, 10.000000, 16.719090, 0.197843, 1.669093, 1.828331, 0.002136, 1.937724, 0.003472
SN425, H, 15.000000, 16.719090, 0.197843, 1.116206, 1.220874, 0.001294, 1.905291, 0.003041
SN425, H, 20.000000, 16.719090, 0.197843, 0.848192, 0.925766, 0.000620, 1.866943, 0.001887
SN426, H, 5.000000, 16.749681, 0.303022, 3.276395, 3.572719, 0.003979, 1.849759, 0.003833
SN426, H, 10.000000, 16.749681, 0.303022, 1.671939, 1.831907, 0.002403, 1.943013, 0.004019
SN426, H, 15.000000, 16.749681, 0.303022, 1.118950, 1.226035, 0.001528, 1.943642, 0.003643
SN426, H, 20.000000, 16.749681, 0.303022, 0.856067, 0.936166, 0.000977, 1.902955, 0.003029
SN427, H, 5.000000, 13.586144, 0.349531, 2.640427, 2.863493, 0.003248, 1.753696, 0.003357
SN427, H, 10.000000, 13.586144, 0.349531, 1.348810, 1.471837, 0.002501, 1.862461, 0.004664
SN427, H, 15.000000, 13.586144, 0.349531, 0.936342, 1.021317, 0.001050, 1.854993, 0.002830
SN427, H, 20.000000, 13.586144, 0.349531, 0.681136, 0.740784, 0.000846, 1.800431, 0.002887
SN428, H, 5.000000, 14.983040, 0.339339, 2.909865, 3.171685, 0.003709, 1.842067, 0.003714
SN428, H, 10.000000, 14.983040, 0.339339, 1.490122, 1.625571, 0.002172, 1.857540, 0.003842
SN428, H, 15.000000, 14.983040, 0.339339, 1.020911, 1.117070, 0.001415, 1.914422, 0.003659
SN428, H, 20.000000, 14.983040, 0.339339, 0.758972, 0.828010, 0.001036, 1.857986, 0.003443
SN429, H, 5.000000, 16.397715, 0.193529, 3.245159, 3.539023, 0.004030, 1.851676, 0.004152
SN429, H, 10.000000, 16.397715, 0.193529, 1.649984, 1.807647, 0.003036, 1.940617, 0.005237
SN429, H, 15.000000, 16.397715, 0.193529, 1.083157, 1.184003, 0.001470, 1.893226, 0.003480
SN429, H, 20.000000, 16.397715, 0.193529, 0.831064, 0.907001, 0.000890, 1.865867, 0.002772
B06b, H, 5.000000, 18.197023, 0.642830, 3.704060, 4.059560, 0.005162, 1.948811, 0.005163
B06b, H, 15.000000, 18.197023, 0.642830, 1.262184, 1.383758, 0.001766, 1.955467, 0.004000
B06b, H, 20.000000, 18.197023, 0.642830, 0.935346, 1.024312, 0.001406, 1.932129, 0.004080
SN430, H, 5.000000, 16.241808, 0.268929, 3.187449, 3.476046, 0.004555, 1.851498, 0.004641
SN430, H, 15.000000, 16.241808, 0.268929, 1.090545, 1.194985, 0.001570, 1.944609, 0.003893
SN430, H, 20.000000, 16.241808, 0.268929, 0.821722, 0.898301, 0.001084, 1.896435, 0.003493
SN431, H, 5.000000, 16.436468, 0.302820, 3.228256, 3.520537, 0.004850, 1.851413, 0.004960
SN431, H, 10.000000, 16.436468, 0.302820, 1.626330, 1.780140, 0.002341, 1.921948, 0.004003
SN431, H, 15.000000, 16.436468, 0.302820, 1.101546, 1.206925, 0.001289, 1.942764, 0.003120
SN431, H, 20.000000, 16.436468, 0.302820, 0.841325, 0.921291, 0.001778, 1.930903, 0.005720
SN432, H, 5.000000, 18.320841, 0.514586, 3.547259, 3.871640, 0.006147, 1.867089, 0.005965
SN432, H, 15.000000, 18.320841, 0.514586, 1.240649, 1.360052, 0.001590, 1.953954, 0.003697
SN432, H, 20.000000, 18.320841, 0.514586, 0.931543, 1.020530, 0.001442, 1.939977, 0.004387
SN433, H, 5.000000, 16.034397, 0.564350, 3.092809, 3.371199, 0.004555, 1.842220, 0.004402
SN433, H, 15.000000, 16.034397, 0.564350, 1.071253, 1.170937, 0.001400, 1.892527, 0.003408
SN433, H, 20.000000, 16.034397, 0.564350, 0.829510, 0.908249, 0.001696, 1.928327, 0.005614
SN434, H, 5.000000, 16.328531, 0.345127, 3.168355, 3.454533, 0.004427, 1.847655, 0.004224
SN434, H, 10.000000, 16.328531, 0.345127, 1.646744, 1.803941, 0.002350, 1.938797, 0.004040
SN434, H, 15.000000, 16.328531, 0.345127, 1.092176, 1.194233, 0.001557, 1.899297, 0.003766
SN434, H, 20.000000, 16.328531, 0.345127, 0.831658, 0.909268, 0.001800, 1.898567, 0.005789
SN435, H, 5.000000, 14.818973, 0.370168, 2.865887, 3.108304, 0.004313, 1.754976, 0.004272
SN435, H, 10.000000, 14.818973, 0.370168, 1.475347, 1.609355, 0.002016, 1.856499, 0.003560
SN435, H, 15.000000, 14.818973, 0.370168, 1.007591, 1.101943, 0.001349, 1.904783, 0.003555
SN435, H, 20.000000, 14.818973, 0.370168, 0.754647, 0.823548, 0.001389, 1.863889, 0.004777
SN436, H, 5.000000, 14.654501, 0.351930, 2.839235, 3.095827, 0.003988, 1.848644, 0.004137
SN436, H, 10.000000, 14.654501, 0.351930, 1.470310, 1.610641, 0.001604, 1.938404, 0.002941
SN436, H, 15.000000, 14.654501, 0.351930, 0.978819, 1.070362, 0.001408, 1.902470, 0.003756
SN436, H, 20.000000, 14.654501, 0.351930, 0.752455, 0.822844, 0.001496, 1.902293, 0.005375
B06b, H, 5.000000, 18.197023, 0.642830, 3.695458, 4.050054, 0.004251, 1.948394, 0.004232
B06b, H, 10.000000, 18.197023, 0.642830, 1.867268, 2.047241, 0.002535, 1.956653, 0.004068
B06b, H, 15.000000, 18.197023, 0.642830, 1.252229, 1.372124, 0.001782, 1.944227, 0.003965
SN437, H, 5.000000, 20.498098, 0.292346, 4.083802, 4.479542, 0.004747, 1.966168, 0.004861
SN437, H, 10.000000, 20.498098, 0.292346, 2.054373, 2.260203, 0.002872, 2.030904, 0.004506
SN437, H, 15.000000, 20.498098, 0.292346, 1.344393, 1.474721, 0.001480, 1.966547, 0.003252
SN437, H, 20.000000, 20.498098, 0.292346, 1.043502, 1.143677, 0.001595, 1.949177, 0.004415
SN438, H, 5.000000, 21.390846, 0.171355, 4.235563, 4.642442, 0.006013, 1.950499, 0.005912
SN438, H, 10.000000, 21.390846, 0.171355, 2.133595, 2.348821, 0.003005, 2.045400, 0.004531
SN438, H, 15.000000, 21.390846, 0.171355, 1.432443, 1.575402, 0.001994, 2.022706, 0.004224
SN438, H, 20.000000, 21.390846, 0.171355, 1.078251, 1.184488, 0.001690, 1.995220, 0.004697
SN439, H, 5.000000, 21.389208, 0.075873, 4.275088, 4.689225, 0.006634, 1.964995, 0.006708
SN439, H, 10.000000, 21.389208, 0.075873, 2.132337, 2.347549, 0.003057, 2.046563, 0.004689
SN439, H, 15.000000, 21.389208, 0.075873, 1.433231, 1.572483, 0.001996, 1.971629, 0.004122
SN439, H, 20.000000, 21.389208, 0.075873, 1.067998, 1.172887, 0.001574, 1.989112, 0.004331
SN440, H, 5.000000, 22.076931, 0.080889, 4.426527, 4.862493, 0.006817, 1.993090, 0.006847
SN440, H, 10.000000, 22.076931, 0.080889, 2.200245, 2.422568, 0.002927, 2.049130, 0.004431
SN440, H, 15.000000, 22.076931, 0.080889, 1.477334, 1.626200, 0.002080, 2.043142, 0.004363
SN440, H, 20.000000, 22.076931, 0.080889, 1.100653, 1.209406, 0.001654, 2.000658, 0.004470
SN441, H, 5.000000, 20.334311, 0.399970, 4.054694, 4.441468, 0.006110, 1.937591, 0.005899
SN441, H, 10.000000, 20.334311, 0.399970, 2.023255, 2.221965, 0.002903, 1.990691, 0.004531
SN441, H, 15.000000, 20.334311, 0.399970, 1.329594, 1.457607, 0.001875, 1.954366, 0.003972
SN441, H, 20.000000, 20.334311, 0.399970, 1.044958, 1.145775, 0.001329, 1.958611, 0.003704
SN442, H, 5.000000, 21.498142, 0.152348, 4.260358, 4.669394, 0.006686, 1.949448, 0.006297
SN442, H, 10.000000, 21.498142, 0.152348, 2.147557, 2.364507, 0.002996, 2.048618, 0.004641
SN442, H, 15.000000, 21.498142, 0.152348, 1.444246, 1.589039, 0.001766, 2.032235, 0.003772
SN442, H, 20.000000, 21.498142, 0.152348, 1.077656, 1.183833, 0.001656, 1.995224, 0.004617
SN443, H, 5.000000, 17.219975, 0.114092, 3.429338, 3.757753, 0.005205, 1.944973, 0.005412
SN443, H, 10.000000, 17.219975, 0.114092, 1.733984, 1.901379, 0.002413, 1.959191, 0.004126
SN443, H, 15.000000, 17.219975, 0.114092, 1.140109, 1.249369, 0.001606, 1.946161, 0.003813
SN443, H, 20.000000, 17.219975, 0.114092, 0.864643, 0.947747, 0.001289, 1.951216, 0.004151
SN444, H, 5.000000, 21.782690, 0.134691, 4.396111, 4.840378, 0.006889, 2.049435, 0.006958
SN444, H, 10.000000, 21.782690, 0.134691, 2.168441, 2.376889, 0.002541, 1.951774, 0.003677
SN444, H, 15.000000, 21.782690, 0.134691, 1.450444, 1.590842, 0.002037, 1.964702, 0.004155
SN444, H, 20.000000, 21.782690, 0.134691, 1.085519, 1.189871, 0.001552, 1.951587, 0.004060
B06b, H, 5.000000, 18.197023, 0.642830, 3.717445, 4.074374, 0.005031, 1.949562, 0.005089
B06b, H, 10.000000, 18.197023, 0.642830, 1.876879, 2.057718, 0.002743, 1.956008, 0.004414
B06b, H, 15.000000, 18.197023, 0.642830, 1.268953, 1.391415, 0.001833, 1.959073, 0.004201
B06b, H, 20.000000, 18.197023, 0.642830, 0.951505, 1.043013, 0.001383, 1.952259, 0.004082
SN445, H, 5.000000, 16.754988, 0.271762, 3.280925, 3.578099, 0.004482, 1.852009, 0.004578
SN445, H, 10.000000, 16.754988, 0.271762, 1.678471, 1.839595, 0.002452, 1.949139, 0.004212
SN445, H, 15.000000, 16.754988, 0.271762, 1.118070, 1.225198, 0.001579, 1.945712, 0.003823
SN445, H, 20.000000, 16.754988, 0.271762, 0.853308, 0.934524, 0.001243, 1.933662, 0.003945
SN446, H, 5.000000, 16.924482, 0.313910, 3.392031, 3.699993, 0.005001, 1.855539, 0.004959
SN446, H, 10.000000, 16.924482, 0.313910, 1.732343, 1.898765, 0.002551, 1.950521, 0.004234
SN446, H, 15.000000, 16.924482, 0.313910, 1.124133, 1.231797, 0.001592, 1.945022, 0.003814
SN446, H, 20.000000, 16.924482, 0.313910, 0.828055, 0.904030, 0.001033, 1.872445, 0.003257
SN447, H, 5.000000, 16.412588, 0.299298, 3.215845, 3.506774, 0.003915, 1.850190, 0.003875
SN447, H, 10.000000, 16.412588, 0.299298, 1.625350, 1.776579, 0.002179, 1.893928, 0.003633
SN447, H, 15.000000, 16.412588, 0.299298, 1.107030, 1.213165, 0.001576, 1.946708, 0.003884
SN447, H, 20.000000, 16.412588, 0.299298, 0.836019, 0.913950, 0.001044, 1.896720, 0.003297
SN448, H, 5.000000, 16.306168, 0.665282, 3.150701, 3.435437, 0.004516, 1.848519, 0.004421
SN448, H, 10.000000, 16.306168, 0.665282, 1.728754, 1.894949, 0.002244, 1.951774, 0.003767
SN448, H, 15.000000, 16.306168, 0.665282, 1.081839, 1.182751, 0.001641, 1.896411, 0.003983
SN448, H, 20.000000, 16.306168, 0.665282, 0.799860, 0.872497, 0.001257, 1.853953, 0.003797
SN449, H, 5.000000, 16.970409, 0.109389, 3.369164, 3.674991, 0.004351, 1.855225, 0.004400
SN449, H, 15.000000, 16.970409, 0.109389, 1.136570, 1.245532, 0.001718, 1.946816, 0.004104
SN449, H, 20.000000, 16.970409, 0.109389, 0.850878, 0.928758, 0.001322, 1.868097, 0.003955
SN450, H, 5.000000, 15.568027, 0.342367, 3.049303, 3.327980, 0.004521, 1.866181, 0.004745
SN450, H, 10.000000, 15.568027, 0.342367, 1.535478, 1.682448, 0.002305, 1.944046, 0.004147
SN450, H, 15.000000, 15.568027, 0.342367, 1.067260, 1.169420, 0.001554, 1.943630, 0.004039
SN450, H, 20.000000, 15.568027, 0.342367, 0.783662, 0.856936, 0.000862, 1.901867, 0.002926
SN451, H, 5.000000, 17.263826, 0.078606, 3.430758, 3.759576, 0.005451, 1.946412, 0.005715
SN451, H, 10.000000, 17.263826, 0.078606, 1.733646, 1.900937, 0.002521, 1.958427, 0.004316
SN451, H, 15.000000, 17.263826, 0.078606, 1.151268, 1.262520, 0.001702, 1.960796, 0.004139
SN451, H, 20.000000, 17.263826, 0.078606, 0.864828, 0.947969, 0.001286, 1.951599, 0.004124
SN452, H, 5.000000, 16.970001, 0.151660, 3.360654, 3.683626, 0.005327, 1.951203, 0.005766
SN452, H, 10.000000, 16.970001, 0.151660, 1.698232, 1.861418, 0.002510, 1.950973, 0.004317
SN452, H, 15.000000, 16.970001, 0.151660, 1.128521, 1.236615, 0.001648, 1.945217, 0.003943
SN452, H, 20.000000, 16.970001, 0.151660, 0.858431, 0.940080, 0.001326, 1.932593, 0.004139
B06b, H, 5.000000, 18.197023, 0.642830, 3.700086, 4.055229, 0.004349, 1.948939, 0.004387
B06b, H, 10.000000, 18.197023, 0.642830, 1.867319, 2.047349, 0.002287, 1.957193, 0.003713
B06b, H, 15.000000, 18.197023, 0.642830, 1.258960, 1.380337, 0.001781, 1.957247, 0.004077
B06b, H, 20.000000, 18.197023, 0.642830, 0.931661, 1.020142, 0.001308, 1.929354, 0.003790
SN453, H, 5.000000, 15.445349, 0.232768, 3.063899, 3.340417, 0.004291, 1.846425, 0.004335
SN453, H, 10.000000, 15.445349, 0.232768, 1.541470, 1.686185, 0.001963, 1.908526, 0.003416
SN453, H, 15.000000, 15.445349, 0.232768, 1.052382, 1.149912, 0.001535, 1.886202, 0.003749
SN453, H, 20.000000, 15.445349, 0.232768, 0.763337, 0.832560, 0.001201, 1.853405, 0.003831
SN454, H, 5.000000, 15.926568, 0.270928, 3.159294, 3.462269, 0.004971, 1.947282, 0.005352
SN454, H, 10.000000, 15.926568, 0.270928, 1.561216, 1.709396, 0.001735, 1.929189, 0.003004
SN454, H, 15.000000, 15.926568, 0.270928, 1.078884, 1.182287, 0.001450, 1.945985, 0.003722
SN454, H, 20.000000, 15.926568, 0.270928, 0.806064, 0.881316, 0.001119, 1.899391, 0.003712
SN455, H, 5.000000, 16.489412, 0.217526, 3.241450, 3.534683, 0.005019, 1.850119, 0.004934
SN455, H, 10.000000, 16.489412, 0.217526, 1.644762, 1.801487, 0.002413, 1.935486, 0.004115
SN455, H, 15.000000, 16.489412, 0.217526, 1.113898, 1.220677, 0.001642, 1.946505, 0.004010
SN455, H, 20.000000, 16.489412, 0.217526, 0.829930, 0.907236, 0.001240, 1.895547, 0.003949
SN456, H, 5.000000, 16.930407, 0.056742, 3.370121, 3.675969, 0.005209, 1.854906, 0.005255
SN456, H, 10.000000, 16.930407, 0.056742, 1.697238, 1.860216, 0.002504, 1.949722, 0.004256
SN456, H, 15.000000, 16.930407, 0.056742, 1.128647, 1.236599, 0.001666, 1.942727, 0.003920
SN456, H, 20.000000, 16.930407, 0.056742, 0.848461, 0.925792, 0.000987, 1.861501, 0.002971
SN457, H, 5.000000, 15.416622, 0.251878, 3.057092, 3.331579, 0.004628, 1.838396, 0.004622
SN457, H, 10.000000, 15.416622, 0.251878, 1.528687, 1.667889, 0.002349, 1.859975, 0.004033
SN457, H, 15.000000, 15.416622, 0.251878, 1.053263, 1.151171, 0.001537, 1.891194, 0.003827
SN457, H, 20.000000, 15.416622, 0.251878, 0.765071, 0.834678, 0.001172, 1.858353, 0.003770
SN458, H, 5.000000, 15.152696, 0.363075, 2.946698, 3.212042, 0.004480, 1.843179, 0.004575
SN458, H, 10.000000, 15.152696, 0.363075, 1.502197, 1.638782, 0.002103, 1.857864, 0.003691
SN458, H, 15.000000, 15.152696, 0.363075, 1.038870, 1.137389, 0.001538, 1.926438, 0.003980
SN458, H, 20.000000, 15.152696, 0.363075, 0.764266, 0.834132, 0.000895, 1.865639, 0.003000
SN459, H, 5.000000, 16.832666, 0.078185, 3.348302, 3.669337, 0.005205, 1.947104, 0.005352
SN459, H, 10.000000, 16.832666, 0.078185, 1.680759, 1.841642, 0.002528, 1.943855, 0.004229
SN459, H, 15.000000, 16.832666, 0.078185, 1.123673, 1.231173, 0.001301, 1.943088, 0.003104
SN459, H, 20.000000, 16.832666, 0.078185, 0.846351, 0.925378, 0.001166, 1.899474, 0.003681
SN460, H, 5.000000, 16.824139, 0.140965, 3.325255, 3.626542, 0.005037, 1.852470, 0.005090
SN460, H, 10.000000, 16.824139, 0.140965, 1.683148, 1.844507, 0.002456, 1.946685, 0.004174
SN460, H, 15.000000, 16.824139, 0.140965, 1.126139, 1.227630, 0.001692, 1.844342, 0.003536
SN460, H, 20.000000, 16.824139, 0.140965, 0.847424, 0.926530, 0.001386, 1.899036, 0.004338
B06a, H, 5.000000, 24.753403, 1.559398, 5.521133, 6.127518, 0.001386, 2.249502, 0.004338
B06a, H, 10.000000, 24.753403, 1.559398, 2.576174, 2.794078, 0.001386, 1.755276, 0.004338
B06a, H, 15.000000, 24.753403, 1.559398, 1.753599, 1.927395, 0.001386, 2.008388, 0.004338
B06a, H, 20.000000, 24.753403, 1.559398, 1.306316, 1.437902, 0.001386, 2.042564, 0.004338
B07a, H, 5.000000, 22.018984, 1.307917, 4.309329, 4.672233, 0.001386, 1.749432, 0.004338
B07a, H, 10.000000, 22.018984, 1.307917, 2.075828, 2.237662, 0.001386, 1.659258, 0.004338
B07a, H, 15.000000, 22.018984, 1.307917, 1.355465, 1.469135, 0.001386, 1.744198, 0.004338
B07a, H, 20.000000, 22.018984, 1.307917, 1.086476, 1.190986, 0.001386, 1.952774, 0.004338
B08a, H, 5.000000, 20.917025, 1.503083, 3.796360, 4.078465, 0.001386, 1.608515, 0.004338
B08a, H, 10.000000, 20.917025, 1.503083, 1.883011, 2.040992, 0.001386, 1.744499, 0.004338
B08a, H, 15.000000, 20.917025, 1.503083, 1.253543, 1.358882, 0.001386, 1.746536, 0.004338
B08a, H, 20.000000, 20.917025, 1.503083, 1.062222, 1.169736, 0.001386, 2.052696, 0.004338
B09a, H, 5.000000, 23.653570, 1.958282, 4.497610, 4.904385, 0.001386, 1.849781, 0.004338
B09a, H, 10.000000, 23.653570, 1.958282, 2.166105, 2.348722, 0.001386, 1.750915, 0.004338
B09a, H, 15.000000, 23.653570, 1.958282, 1.445444, 1.575010, 0.001386, 1.835636, 0.004338
B09a, H, 20.000000, 23.653570, 1.958282, 1.106374, 1.213032, 0.001386, 1.956625, 0.004338
B10a, H, 5.000000, 23.481129, 1.385771, 4.602776, 5.068005, 0.001386, 2.049809, 0.004338
B10a, H, 10.000000, 23.481129, 1.385771, 2.326058, 2.561204, 0.001386, 2.050156, 0.004338
B10a, H, 15.000000, 23.481129, 1.385771, 1.497521, 1.637364, 0.001386, 1.899237, 0.004338
B10a, H, 20.000000, 23.481129, 1.385771, 1.168642, 1.299898, 0.001386, 2.311722, 0.004338
B15a, H, 5.000000, 36.706184, 4.309705, 6.666070, 7.268370, 0.001386, 1.848317, 0.004338
B15a, H, 15.000000, 36.706184, 4.309705, 2.176785, 2.373603, 0.001386, 1.849277, 0.004338
B15a, H, 20.000000, 36.706184, 4.309705, 1.550569, 1.680991, 0.001386, 1.747947, 0.004338
B15b, H, 5.000000, 30.262434, 3.013714, 6.059707, 6.644931, 0.001386, 1.961149, 0.004338
B15b, H, 10.000000, 30.262434, 3.013714, 2.721254, 2.931598, 0.001386, 1.649878, 0.004338
B15b, H, 15.000000, 30.262434, 3.013714, 1.847570, 2.004496, 0.001386, 1.760721, 0.004338
B15b, H, 20.000000, 30.262434, 3.013714, 1.350337, 1.473002, 0.001386, 1.856320, 0.004338
B20a, H, 5.000000, 28.678566, 2.117452, 5.599193, 6.071162, 0.001386, 1.750644, 0.004338
B20a, H, 10.000000, 28.678566, 2.117452, 2.722513, 2.952157, 0.001386, 1.751560, 0.004338
B20a, H, 15.000000, 28.678566, 2.117452, 1.727044, 1.871998, 0.001386, 1.745227, 0.004338
B20a, H, 20.000000, 28.678566, 2.117452, 1.345443, 1.473831, 0.001386, 1.938719, 0.004338
C8, H, 5.000000, 19.751846, 1.440934, 3.284340, 3.484048, 0.001386, 1.451966, 0.004338
C8, H, 10.000000, 19.751846, 1.440934, 1.686718, 1.828400, 0.001386, 1.746076, 0.004338
C8, H, 15.000000, 19.751846, 1.440934, 1.146470, 1.250809, 0.001386, 1.858968, 0.004338
C8, H, 20.000000, 19.751846, 1.440934, 0.957791, 1.059444, 0.001386, 2.160287, 0.004338
01-G, H, 5.000000, 15.704705, 0.702657, 3.102233, 3.381390, 0.004257, 1.841746, 0.004043
01-G, H, 10.000000, 15.704705, 0.702657, 1.540706, 1.679412, 0.002410, 1.842868, 0.003886
01-G, H, 15.000000, 15.704705, 0.702657, 1.011805, 1.100174, 0.001592, 1.796961, 0.003649
01-G, H, 20.000000, 15.704705, 0.702657, 0.838565, 0.914498, 0.001804, 1.851409, 0.005520
01-I, H, 5.000000, 15.854594, 0.625648, 3.052199, 3.308089, 0.005143, 1.743620, 0.004638
01-I, H, 10.000000, 15.854594, 0.625648, 1.550778, 1.692329, 0.002538, 1.863602, 0.004299
01-I, H, 15.000000, 15.854594, 0.625648, 1.066327, 1.163196, 0.001890, 1.856702, 0.004622
01-I, H, 20.000000, 15.854594, 0.625648, 0.834596, 0.910026, 0.001561, 1.848449, 0.004763
01-J, H, 5.000000, 14.894043, 0.200130, 2.949697, 3.201766, 0.004290, 1.768148, 0.004048
01-J, H, 10.000000, 14.894043, 0.200130, 1.516213, 1.653464, 0.002383, 1.851027, 0.004015
01-J, H, 15.000000, 14.894043, 0.200130, 0.982178, 1.068263, 0.001467, 1.802149, 0.003424
01-J, H, 20.000000, 14.894043, 0.200130, 0.746846, 0.809933, 0.001614, 1.752886, 0.004917
01-K, H, 5.000000, 16.691351, 0.475228, 3.264276, 3.539628, 0.005044, 1.751568, 0.004661
01-K, H, 10.000000, 16.691351, 0.475228, 1.649559, 1.790288, 0.002671, 1.766650, 0.003940
01-K, H, 15.000000, 16.691351, 0.475228, 1.104508, 1.201250, 0.001708, 1.799542, 0.003572
01-K, H, 20.000000, 16.691351, 0.475228, 0.870063, 0.947958, 0.002075, 1.834427, 0.005787
01-L, H, 5.000000, 16.068785, 0.574350, 3.131436, 3.414196, 0.004556, 1.847190, 0.004486
01-L, H, 10.000000, 16.068785, 0.574350, 1.557742, 1.699262, 0.002725, 1.856529, 0.004509
01-L, H, 15.000000, 16.068785, 0.574350, 1.083772, 1.182121, 0.001782, 1.854871, 0.004271
01-L, H, 20.000000, 16.068785, 0.574350, 0.840744, 0.919082, 0.001803, 1.895971, 0.005801
01-P, H, 10.000000, 15.938214, 0.711062, 1.628510, 1.751317, 0.005250, 1.623772, 0.006836
01-P, H, 15.000000, 15.938214, 0.711062, 1.094649, 1.178758, 0.003498, 1.643366, 0.006371
01-P, H, 20.000000, 15.938214, 0.711062, 0.757063, 0.809969, 0.002436, 1.554268, 0.005639
04-M, H, 5.000000, 17.427641, 0.828168, 3.404581, 3.711262, 0.004634, 1.843745, 0.004234
04-M, H, 10.000000, 17.427641, 0.828168, 1.720654, 1.877320, 0.002643, 1.859916, 0.004206
04-M, H, 15.000000, 17.427641, 0.828168, 1.123187, 1.225288, 0.001805, 1.857187, 0.004116
04-M, H, 20.000000, 17.427641, 0.828168, 0.934661, 1.026847, 0.001932, 1.998866, 0.006405
B06a, H, 5.000000, 24.753403, 1.559398, 4.888065, 5.332090, 0.006351, 1.856382, 0.005418
B06a, H, 5.000000, 24.753403, 1.559398, 4.828199, 5.264676, 0.006944, 1.849114, 0.005723
B06a, H, 10.000000, 24.753403, 1.559398, 2.391980, 2.622578, 0.004097, 1.956657, 0.005907
B06a, H, 10.000000, 24.753403, 1.559398, 2.410782, 2.643520, 0.004391, 1.959180, 0.006102
B06a, H, 15.000000, 24.753403, 1.559398, 1.552558, 1.701411, 0.002647, 1.946995, 0.004874
B06a, H, 20.000000, 24.753403, 1.559398, 1.170271, 1.284259, 0.002132, 1.975180, 0.005367
B06a, H, 5.000000, 24.753403, 1.559398, 4.766434, 5.223864, 0.009428, 1.948765, 0.008326
B06a, H, 10.000000, 24.753403, 1.559398, 2.374497, 2.603266, 0.004370, 1.955534, 0.006148
B06a, H, 15.000000, 24.753403, 1.559398, 1.577050, 1.731127, 0.003009, 1.980965, 0.005843
B06a, H, 20.000000, 24.753403, 1.559398, 1.200405, 1.317003, 0.002510, 1.969277, 0.006254
