ISO-10303-21;
HEADER;
FILE_DESCRIPTION (( 'STEP AP214' ),
    '1' );
FILE_NAME ('FC6020D2-AA.STEP',
    '2019-08-29T05:00:24',
    ( '' ),
    ( '' ),
    'SwSTEP 2.0',
    'SolidWorks 2017',
    '' );
FILE_SCHEMA (( 'AUTOMOTIVE_DESIGN' ));
ENDSEC;

DATA;
#1 = CARTESIAN_POINT ( 'NONE',  ( 0.6867400963974654700, 0.3376083333333333400, 6.591299999999999500 ) ) ;
#2 = CARTESIAN_POINT ( 'NONE',  ( 0.0000000000000000000, -0.7873999999999999900, 9.550399999999999800 ) ) ;
#3 = CARTESIAN_POINT ( 'NONE',  ( -0.5252743657063749800, 0.3884168793838064800, 8.531961257612765700 ) ) ;
#4 = VECTOR ( 'NONE', #1302, 1000.000000000000000 ) ;
#5 = DIRECTION ( 'NONE',  ( 0.0000000000000000000, -1.000000000000000000, 0.0000000000000000000 ) ) ;
#6 = DIRECTION ( 'NONE',  ( -0.0000000000000000000, -1.000000000000000000, -0.0000000000000000000 ) ) ;
#7 =( BOUNDED_CURVE ( )  B_SPLINE_CURVE ( 3, ( #1380, #352, #1996, #1359 ),
 .UNSPECIFIED., .F., .F. ) 
 B_SPLINE_CURVE_WITH_KNOTS ( ( 4, 4 ),
 ( 4.625069906675980400, 4.864534615195013100 ),
 .UNSPECIFIED. ) 
 CURVE ( )  GEOMETRIC_REPRESENTATION_ITEM ( )  RATIONAL_B_SPLINE_CURVE ( ( 1.000000000000000000, 0.9952270938375342700, 0.9952270938375342700, 1.000000000000000000 ) ) 
 REPRESENTATION_ITEM ( '' )  );
#8 = EDGE_LOOP ( 'NONE', ( #517, #1942, #2279, #1744, #379 ) ) ;
#9 = VERTEX_POINT ( 'NONE', #2422 ) ;
#10 = EDGE_CURVE ( 'NONE', #1695, #845, #772, .T. ) ;
#11 = B_SPLINE_CURVE_WITH_KNOTS ( 'NONE', 3,
 ( #787, #331, #1443, #1241, #2676, #589, #816, #2037, #830, #796, #1628, #1041, #1422 ),
 .UNSPECIFIED., .F., .F.,
 ( 4, 3, 3, 3, 4 ),
 ( 0.0001086312715303291600, 0.0003559954289267977300, 0.0007115306476983100600, 0.001016185903339397400, 0.001016245903339396400 ),
 .UNSPECIFIED. ) ;
#12 = ORIENTED_EDGE ( 'NONE', *, *, #1951, .F. ) ;
#13 = CARTESIAN_POINT ( 'NONE',  ( 0.6867400963974654700, 0.3301999999999998300, 7.555553738067038300 ) ) ;
#14 = ORIENTED_EDGE ( 'NONE', *, *, #1235, .F. ) ;
#15 = CARTESIAN_POINT ( 'NONE',  ( -0.5257194261989000000, 0.4591774630749382300, 6.605209493320137100 ) ) ;
#16 = CARTESIAN_POINT ( 'NONE',  ( -0.6445797390548356800, -0.4064000000000000400, 6.591299999999999500 ) ) ;
#17 = AXIS2_PLACEMENT_3D ( 'NONE', #2125, #904, #1689 ) ;
#18 = EDGE_LOOP ( 'NONE', ( #910, #81, #116, #988, #1163 ) ) ;
#19 = ADVANCED_FACE ( 'NONE', ( #375 ), #173, .T. ) ;
#20 = DIRECTION ( 'NONE',  ( -0.0000000000000000000, 3.536567796574281500E-033, 1.000000000000000000 ) ) ;
#21 = CARTESIAN_POINT ( 'NONE',  ( -0.1039262154527196400, 0.9016999999999999500, 3.340100000000001400 ) ) ;
#22 = DIRECTION ( 'NONE',  ( 0.4999999999999915600, 0.0000000000000000000, 0.8660254037844434800 ) ) ;
#23 = VERTEX_POINT ( 'NONE', #797 ) ;
#24 = AXIS2_PLACEMENT_3D ( 'NONE', #1368, #1535, #961 ) ;
#25 = ORIENTED_EDGE ( 'NONE', *, *, #2368, .T. ) ;
#26 = CARTESIAN_POINT ( 'NONE',  ( 0.0000000000000000000, -1.383363859307996200E-032, -3.911600000000000400 ) ) ;
#27 = EDGE_LOOP ( 'NONE', ( #325, #2520, #617, #2159, #414, #1069, #2126, #1177 ) ) ;
#28 = DIRECTION ( 'NONE',  ( 0.0000000000000000000, 1.000000000000000000, -3.536567796574281500E-033 ) ) ;
#29 = DIRECTION ( 'NONE',  ( 0.0000000000000000000, -1.000000000000000000, 0.0000000000000000000 ) ) ;
#30 = CARTESIAN_POINT ( 'NONE',  ( 0.0000000000000000000, -0.7873999999999999900, 8.762999999999999900 ) ) ;
#31 = B_SPLINE_CURVE_WITH_KNOTS ( 'NONE', 3,
 ( #953, #1158, #914, #932, #1795, #2420, #1981, #1590, #1791, #1384 ),
 .UNSPECIFIED., .F., .F.,
 ( 4, 2, 2, 2, 4 ),
 ( 0.001246796342680732600, 0.001558183623311899800, 0.001869570903943067200, 0.002180958184574234600, 0.002492345465205401500 ),
 .UNSPECIFIED. ) ;
#32 = VECTOR ( 'NONE', #548, 1000.000000000000000 ) ;
#33 = EDGE_CURVE ( 'NONE', #1746, #2094, #1352, .T. ) ;
#34 = CARTESIAN_POINT ( 'NONE',  ( -0.4787420798395033400, 0.3147345683689020700, -0.2916238578712968500 ) ) ;
#35 = LINE ( 'NONE', #1726, #100 ) ;
#36 = CARTESIAN_POINT ( 'NONE',  ( -0.7769295137571739000, 0.4190999999999999200, 6.680655909364477700 ) ) ;
#37 = CARTESIAN_POINT ( 'NONE',  ( 0.0000000000000000000, -1.041400000000000100, 0.7874000000000005400 ) ) ;
#38 = CARTESIAN_POINT ( 'NONE',  ( 0.7148193617970908200, 0.3304539999999995800, 6.477000000000000300 ) ) ;
#39 = LINE ( 'NONE', #2601, #2604 ) ;
#40 = LINE ( 'NONE', #865, #1348 ) ;
#41 = CARTESIAN_POINT ( 'NONE',  ( -0.4256010677134499700, 0.3822779611891579700, -0.6404045899240403700 ) ) ;
#42 = ORIENTED_EDGE ( 'NONE', *, *, #1511, .F. ) ;
#43 = CARTESIAN_POINT ( 'NONE',  ( -0.02988649346900461000, 0.4096679941768974800, 7.140418163004287800 ) ) ;
#44 = CARTESIAN_POINT ( 'NONE',  ( 0.0000000000000000000, 0.0000000000000000000, 9.550399999999999800 ) ) ;
#45 = EDGE_LOOP ( 'NONE', ( #483, #2105, #181, #1113, #2449, #2033, #349, #1807, #1810 ) ) ;
#46 = CARTESIAN_POINT ( 'NONE',  ( -0.4508052794721894600, 0.3304539999999995800, 8.737600000000000500 ) ) ;
#47 = ORIENTED_EDGE ( 'NONE', *, *, #1656, .F. ) ;
#48 = EDGE_LOOP ( 'NONE', ( #2345, #2576 ) ) ;
#49 = EDGE_CURVE ( 'NONE', #1713, #318, #1193, .T. ) ;
#50 = EDGE_LOOP ( 'NONE', ( #2593, #225, #2610, #2149, #912 ) ) ;
#51 = CARTESIAN_POINT ( 'NONE',  ( 0.7148193617970908200, 0.3304539999999995800, 6.477000000000000300 ) ) ;
#52 = VERTEX_POINT ( 'NONE', #2229 ) ;
#53 = CARTESIAN_POINT ( 'NONE',  ( 0.4634336007657198200, 0.4637253293746505500, 6.698603859489228500 ) ) ;
#54 = CARTESIAN_POINT ( 'NONE',  ( -0.7147019755702374000, 0.3304539999999995800, 6.477000000000000300 ) ) ;
#55 = VERTEX_POINT ( 'NONE', #2669 ) ;
#56 = PRESENTATION_LAYER_ASSIGNMENT (  '', '', ( #1872 ) ) ;
#57 = CARTESIAN_POINT ( 'NONE',  ( -0.7148193617970908200, 0.3304539999999995800, 8.737600000000000500 ) ) ;
#58 = CARTESIAN_POINT ( 'NONE',  ( 0.6867400963974654700, 0.4190999999999999200, 6.680655909364477700 ) ) ;
#59 = DIRECTION ( 'NONE',  ( -0.0000000000000000000, 3.536567796574281500E-033, 1.000000000000000000 ) ) ;
#60 = VECTOR ( 'NONE', #20, 1000.000000000000000 ) ;
#61 = CARTESIAN_POINT ( 'NONE',  ( -0.6445797390548356800, -0.4064000000000000400, 8.623300000000000400 ) ) ;
#62 = CARTESIAN_POINT ( 'NONE',  ( -0.7769295137571739000, 0.4190999999999998600, 8.210639295405398400 ) ) ;
#63 = CARTESIAN_POINT ( 'NONE',  ( 0.6867400963974654700, 0.3302000000000003300, 7.296112350455179500 ) ) ;
#64 = DIRECTION ( 'NONE',  ( -0.4999999999999915600, 6.123233995736662500E-017, 0.8660254037844434800 ) ) ;
#65 = DIRECTION ( 'NONE',  ( 0.0000000000000000000, 1.000000000000000000, 0.0000000000000000000 ) ) ;
#66 = EDGE_CURVE ( 'NONE', #1418, #2218, #411, .T. ) ;
#67 = CONICAL_SURFACE ( 'NONE', #1395, 0.5715000000000000100, 1.029744258676657200 ) ;
#68 = AXIS2_PLACEMENT_3D ( 'NONE', #1271, #1474, #226 ) ;
#69 = VECTOR ( 'NONE', #308, 1000.000000000000000 ) ;
#70 = CARTESIAN_POINT ( 'NONE',  ( 0.6867400963974654700, 0.3258428140460638600, 8.623300000000000400 ) ) ;
#71 = LINE ( 'NONE', #1137, #2022 ) ;
#72 = CARTESIAN_POINT ( 'NONE',  ( 0.4623027415653889200, 0.4339902034947491500, 8.342868466247999500 ) ) ;
#73 = VERTEX_POINT ( 'NONE', #158 ) ;
#74 = ORIENTED_EDGE ( 'NONE', *, *, #1951, .T. ) ;
#75 = DIRECTION ( 'NONE',  ( 0.0000000000000000000, -1.000000000000000000, 0.0000000000000000000 ) ) ;
#76 = ORIENTED_EDGE ( 'NONE', *, *, #1621, .T. ) ;
#77 = DIRECTION ( 'NONE',  ( 0.8571673007021150000, 0.0000000000000000000, 0.5150380749100499400 ) ) ;
#78 = CARTESIAN_POINT ( 'NONE',  ( 0.4508052794721896200, 0.3301999999999997200, 7.607300000000000400 ) ) ;
#79 = FILL_AREA_STYLE_COLOUR ( '', #2421 ) ;
#80 = CARTESIAN_POINT ( 'NONE',  ( -0.7769295137571739000, 0.3301999999999999400, 8.623300000000000400 ) ) ;
#81 = ORIENTED_EDGE ( 'NONE', *, *, #1345, .F. ) ;
#82 = CARTESIAN_POINT ( 'NONE',  ( 0.7148193617970908200, 0.3304539999999995800, 8.737600000000000500 ) ) ;
#83 = EDGE_CURVE ( 'NONE', #943, #2475, #1479, .T. ) ;
#84 = EDGE_LOOP ( 'NONE', ( #581, #1720, #1935, #1845, #1579, #885, #1491 ) ) ;
#85 = CARTESIAN_POINT ( 'NONE',  ( 0.0000000000000000000, 0.0000000000000000000, 9.550399999999999800 ) ) ;
#86 = CARTESIAN_POINT ( 'NONE',  ( 1.275347176632053500E-016, 1.041400000000000100, -3.682981703352457200E-033 ) ) ;
#87 = ORIENTED_EDGE ( 'NONE', *, *, #2406, .F. ) ;
#88 = AXIS2_PLACEMENT_3D ( 'NONE', #743, #2177, #1592 ) ;
#89 = CARTESIAN_POINT ( 'NONE',  ( 0.7148193617970908200, 1.524682823169351800E-032, 8.623300000000000400 ) ) ;
#90 = CARTESIAN_POINT ( 'NONE',  ( -0.8636000000000000300, -3.118918426961002600E-018, -0.9270999999999991500 ) ) ;
#91 = CARTESIAN_POINT ( 'NONE',  ( -0.5185662514089577300, 0.4202828330915812100, 7.553420084503783500 ) ) ;
#92 = EDGE_LOOP ( 'NONE', ( #560, #2101 ) ) ;
#93 = CARTESIAN_POINT ( 'NONE',  ( 0.4506001672403556800, 0.4125320317526483500, 8.623299999999998600 ) ) ;
#94 = CARTESIAN_POINT ( 'NONE',  ( -0.02972853572658518800, 0.4059507305017153700, 8.259277292696252100 ) ) ;
#95 = FACE_OUTER_BOUND ( 'NONE', #296, .T. ) ;
#96 = CARTESIAN_POINT ( 'NONE',  ( 1.104264018791168100E-016, 0.9016999999999998300, 0.7874000000000005400 ) ) ;
#97 = CARTESIAN_POINT ( 'NONE',  ( -0.7928684020225214000, 0.3506269822890720800, -0.3274140170933462800 ) ) ;
#98 = CARTESIAN_POINT ( 'NONE',  ( 0.0000000000000000000, -3.377563708440301900E-032, 0.0000000000000000000 ) ) ;
#99 = EDGE_CURVE ( 'NONE', #658, #73, #771, .T. ) ;
#100 = VECTOR ( 'NONE', #1500, 1000.000000000000000 ) ;
#101 = CARTESIAN_POINT ( 'NONE',  ( -0.7769295137571731200, 0.4190999999999999700, 8.355088413758300800 ) ) ;
#102 = DIRECTION ( 'NONE',  ( -0.0000000000000000000, 0.0000000000000000000, -1.000000000000000000 ) ) ;
#103 = CARTESIAN_POINT ( 'NONE',  ( 0.0000000000000000000, 0.0000000000000000000, 8.737600000000000500 ) ) ;
#104 = FACE_BOUND ( 'NONE', #1805, .T. ) ;
#105 = EDGE_CURVE ( 'NONE', #330, #2186, #2675, .T. ) ;
#106 = CARTESIAN_POINT ( 'NONE',  ( 0.6547831707788764900, 0.3304413118989976700, 7.710478153503580700 ) ) ;
#107 = CYLINDRICAL_SURFACE ( 'NONE', #2271, 0.08890000000000004800 ) ;
#108 =( LENGTH_UNIT ( ) NAMED_UNIT ( * ) SI_UNIT ( .MILLI., .METRE. ) );
#109 = AXIS2_PLACEMENT_3D ( 'NONE', #535, #498, #1324 ) ;
#110 = ORIENTED_EDGE ( 'NONE', *, *, #554, .T. ) ;
#111 = CIRCLE ( 'NONE', #2570, 0.7494410588864090000 ) ;
#112 = ORIENTED_EDGE ( 'NONE', *, *, #123, .T. ) ;
#113 = DIRECTION ( 'NONE',  ( -0.0000000000000000000, -0.0000000000000000000, 1.000000000000000000 ) ) ;
#114 = EDGE_LOOP ( 'NONE', ( #2000, #2678 ) ) ;
#115 = CARTESIAN_POINT ( 'NONE',  ( -0.4508052794721894600, 0.3302846600741851100, 7.598663515845849800 ) ) ;
#116 = ORIENTED_EDGE ( 'NONE', *, *, #2623, .F. ) ;
#117 = DIRECTION ( 'NONE',  ( -0.8571673007021094500, -0.5150380749100590400, 0.0000000000000000000 ) ) ;
#118 = CARTESIAN_POINT ( 'NONE',  ( 0.7148193617970908200, 0.3304539999999995800, 6.477000000000000300 ) ) ;
#119 = ORIENTED_EDGE ( 'NONE', *, *, #1781, .F. ) ;
#120 = CARTESIAN_POINT ( 'NONE',  ( 9.642868896486258500E-017, 0.7873999999999999900, 6.400800000000000300 ) ) ;
#121 = ORIENTED_EDGE ( 'NONE', *, *, #1786, .T. ) ;
#122 = DIRECTION ( 'NONE',  ( 1.000000000000000000, 0.0000000000000000000, 0.0000000000000000000 ) ) ;
#123 = EDGE_CURVE ( 'NONE', #1291, #484, #2438, .T. ) ;
#124 = CARTESIAN_POINT ( 'NONE',  ( -0.7769295137571739000, 0.4190999999999998600, 8.623300000000000400 ) ) ;
#125 = CARTESIAN_POINT ( 'NONE',  ( 0.0000000000000000000, -2.874522305055578400E-033, 8.737600000000000500 ) ) ;
#126 = CARTESIAN_POINT ( 'NONE',  ( -0.2094450427886305200, 0.5242983496980998500, 2.598627724300308200 ) ) ;
#127 = CIRCLE ( 'NONE', #2427, 0.7873999999999999900 ) ;
#128 = CARTESIAN_POINT ( 'NONE',  ( 0.6658156165817048500, 0.3304539999999995300, 6.893610962715671400 ) ) ;
#129 = FACE_OUTER_BOUND ( 'NONE', #821, .T. ) ;
#130 = B_SPLINE_CURVE_WITH_KNOTS ( 'NONE', 3,
 ( #2161, #1356, #937, #2401 ),
 .UNSPECIFIED., .F., .F.,
 ( 4, 4 ),
 ( 0.0000000000000000000, 7.023012723047018000E-006 ),
 .UNSPECIFIED. ) ;
#131 = CARTESIAN_POINT ( 'NONE',  ( -0.5714999999999996700, -0.05320965353597839600, -0.1396999999999992400 ) ) ;
#132 = CARTESIAN_POINT ( 'NONE',  ( -0.5714999999999997900, 4.820877453534699600E-017, -0.1396999999999991900 ) ) ;
#133 = CIRCLE ( 'NONE', #2120, 0.9016999999999998300 ) ;
#134 = EDGE_CURVE ( 'NONE', #1817, #1970, #1963, .T. ) ;
#135 = CARTESIAN_POINT ( 'NONE',  ( 0.6666531081782411900, 0.3373044379440127100, 6.591319977022814100 ) ) ;
#136 = DIRECTION ( 'NONE',  ( -0.0000000000000000000, 3.536567796574281500E-033, 1.000000000000000000 ) ) ;
#137 = VECTOR ( 'NONE', #1366, 1000.000000000000000 ) ;
#138 = VERTEX_POINT ( 'NONE', #826 ) ;
#139 = EDGE_LOOP ( 'NONE', ( #738, #1292, #1521, #1351, #2153, #1005 ) ) ;
#140 = CARTESIAN_POINT ( 'NONE',  ( -0.7148193617970908200, 0.3304539999999995800, 6.477000000000000300 ) ) ;
#141 = CARTESIAN_POINT ( 'NONE',  ( -0.7685974734002050100, -0.3937802585679562900, -0.4292976511626969700 ) ) ;
#142 = ORIENTED_EDGE ( 'NONE', *, *, #1496, .T. ) ;
#143 = CARTESIAN_POINT ( 'NONE',  ( 0.6556486884711235600, 0.3312928249080938100, 7.132791371703675100 ) ) ;
#144 = DIRECTION ( 'NONE',  ( 0.0000000000000000000, 0.0000000000000000000, 1.000000000000000000 ) ) ;
#145 = ORIENTED_EDGE ( 'NONE', *, *, #451, .F. ) ;
#146 = CARTESIAN_POINT ( 'NONE',  ( -0.4508052794721894600, 0.3304539999999995800, 6.477000000000000300 ) ) ;
#147 = VERTEX_POINT ( 'NONE', #1068 ) ;
#148 = B_SPLINE_CURVE_WITH_KNOTS ( 'NONE', 3,
 ( #515, #2192, #1332, #78 ),
 .UNSPECIFIED., .F., .F.,
 ( 4, 4 ),
 ( 0.0000000000000000000, 3.140890150180011200E-005 ),
 .UNSPECIFIED. ) ;
#149 = EDGE_CURVE ( 'NONE', #220, #1382, #347, .T. ) ;
#150 = VERTEX_POINT ( 'NONE', #1258 ) ;
#151 = CARTESIAN_POINT ( 'NONE',  ( 4.012620686271281700E-016, 0.5587999999999987400, 2.552700000000000600 ) ) ;
#152 = ORIENTED_EDGE ( 'NONE', *, *, #213, .F. ) ;
#153 = CARTESIAN_POINT ( 'NONE',  ( 0.4597299727806822800, 0.3359268952097340100, 7.921523414107442200 ) ) ;
#154 = CARTESIAN_POINT ( 'NONE',  ( 0.6486288998774019100, 0.3304539999999995800, 7.517513915570226900 ) ) ;
#155 = EDGE_CURVE ( 'NONE', #416, #717, #2496, .T. ) ;
#156 = CARTESIAN_POINT ( 'NONE',  ( -0.7769295137571739000, 0.4190999999999998600, 8.623300000000000400 ) ) ;
#157 = CARTESIAN_POINT ( 'NONE',  ( 0.0000000000000000000, 1.041400000000000100, -2.747371079021355300E-016 ) ) ;
#158 = CARTESIAN_POINT ( 'NONE',  ( 0.7148193617970908200, 0.3304539999999995800, 6.591299999999999500 ) ) ;
#159 = CARTESIAN_POINT ( 'NONE',  ( -0.7930974980797266300, -0.3500604553554381200, -0.3266568811400763500 ) ) ;
#160 = DIRECTION ( 'NONE',  ( 0.0000000000000000000, 0.0000000000000000000, -1.000000000000000000 ) ) ;
#161 = DIRECTION ( 'NONE',  ( -0.0000000000000000000, 3.536567796574281500E-033, 1.000000000000000000 ) ) ;
#162 = LINE ( 'NONE', #1082, #272 ) ;
#163 = VECTOR ( 'NONE', #930, 999.9999999999998900 ) ;
#164 = B_SPLINE_CURVE_WITH_KNOTS ( 'NONE', 3,
 ( #1086, #1472, #1924, #1114, #890, #41, #1288, #676, #1506, #232, #34, #2312, #271, #1497, #263, #1714 ),
 .UNSPECIFIED., .F., .F.,
 ( 4, 2, 2, 2, 2, 2, 2, 4 ),
 ( 8.489763588283638100E-021, 0.0003191792007606479100, 0.0004787688011409718300, 0.0006383584015212958200, 0.0007979480019016195300, 0.0009575376022819433400, 0.001117127202662267100, 0.001276716803042591000 ),
 .UNSPECIFIED. ) ;
#165 = CARTESIAN_POINT ( 'NONE',  ( 0.4646057594206876600, 0.4042227082442000900, 6.589414069913408100 ) ) ;
#166 = DIRECTION ( 'NONE',  ( 0.0000000000000000000, -1.000000000000000000, 0.0000000000000000000 ) ) ;
#167 = LINE ( 'NONE', #2592, #2641 ) ;
#168 = CARTESIAN_POINT ( 'NONE',  ( -0.5260385384303736300, 0.4203340528384383900, 6.591300000000001300 ) ) ;
#169 = EDGE_CURVE ( 'NONE', #1180, #1974, #1860, .T. ) ;
#170 = CARTESIAN_POINT ( 'NONE',  ( 0.6586294693352575700, 0.3304539999999995300, 7.791450197440467700 ) ) ;
#171 = EDGE_LOOP ( 'NONE', ( #384, #2487, #1509, #378 ) ) ;
#172 = DIRECTION ( 'NONE',  ( 0.0000000000000000000, 0.0000000000000000000, -1.000000000000000000 ) ) ;
#173 = CYLINDRICAL_SURFACE ( 'NONE', #627, 0.7873999999999999900 ) ;
#174 = ADVANCED_FACE ( 'NONE', ( #809 ), #2376, .F. ) ;
#175 = CARTESIAN_POINT ( 'NONE',  ( -0.5258789823146368100, 0.4397557579566884200, 8.616345253339931200 ) ) ;
#176 = AXIS2_PLACEMENT_3D ( 'NONE', #1320, #1836, #990 ) ;
#177 = ORIENTED_EDGE ( 'NONE', *, *, #1747, .F. ) ;
#178 = ORIENTED_EDGE ( 'NONE', *, *, #2605, .F. ) ;
#179 = CARTESIAN_POINT ( 'NONE',  ( 0.0000000000000000000, -3.099094360138043000E-032, 0.7874000000000005400 ) ) ;
#180 = CARTESIAN_POINT ( 'NONE',  ( 0.0000000000000000000, -0.7873999999999999900, 8.623300000000000400 ) ) ;
#181 = ORIENTED_EDGE ( 'NONE', *, *, #1312, .T. ) ;
#182 = CARTESIAN_POINT ( 'NONE',  ( 0.3145997213618031400, 0.4635981049433191600, 3.188277349842984200 ) ) ;
#183 = DIRECTION ( 'NONE',  ( 0.0000000000000000000, -1.000000000000000000, 3.536567796574281500E-033 ) ) ;
#184 = CARTESIAN_POINT ( 'NONE',  ( 0.0000000000000000000, 1.524682823169351800E-032, 6.591299999999999500 ) ) ;
#185 = VERTEX_POINT ( 'NONE', #843 ) ;
#186 = CARTESIAN_POINT ( 'NONE',  ( 0.6867400963974654700, 0.3301999999999996600, 7.762715704408322800 ) ) ;
#187 = CARTESIAN_POINT ( 'NONE',  ( -0.4508052794721894600, 0.3301999999999995500, 8.737600000000000500 ) ) ;
#188 = DIRECTION ( 'NONE',  ( 0.0000000000000000000, 1.000000000000000000, 0.0000000000000000000 ) ) ;
#189 = CARTESIAN_POINT ( 'NONE',  ( 0.4607936680638760600, 0.3387903428146005200, 7.136041893398034300 ) ) ;
#190 = VERTEX_POINT ( 'NONE', #641 ) ;
#191 = CARTESIAN_POINT ( 'NONE',  ( 0.4645642084738876900, 0.4100179894491867100, 8.623299999999998600 ) ) ;
#192 = EDGE_CURVE ( 'NONE', #1406, #854, #111, .T. ) ;
#193 = ADVANCED_FACE ( 'NONE', ( #2578 ), #1290, .T. ) ;
#194 = CARTESIAN_POINT ( 'NONE',  ( 0.3936694760022536600, 0.3965876769472937400, 3.000188313245438600 ) ) ;
#195 = DIRECTION ( 'NONE',  ( 8.659560562354946400E-017, -0.7071067811865485700, -0.7071067811865465700 ) ) ;
#196 = CARTESIAN_POINT ( 'NONE',  ( 0.6609356440229869900, 0.3304539999999996400, 7.904909175809559800 ) ) ;
#197 = SURFACE_STYLE_FILL_AREA ( #2565 ) ;
#198 = DIRECTION ( 'NONE',  ( 0.0000000000000000000, -1.000000000000000000, 0.0000000000000000000 ) ) ;
#199 = EDGE_CURVE ( 'NONE', #1998, #457, #1393, .T. ) ;
#200 = FACE_OUTER_BOUND ( 'NONE', #1547, .T. ) ;
#201 =( GEOMETRIC_REPRESENTATION_CONTEXT ( 3 ) GLOBAL_UNCERTAINTY_ASSIGNED_CONTEXT ( ( #1672 ) ) GLOBAL_UNIT_ASSIGNED_CONTEXT ( ( #1333, #2396, #2219 ) ) REPRESENTATION_CONTEXT ( 'NONE', 'WORKASPACE' ) );
#202 = CARTESIAN_POINT ( 'NONE',  ( -0.02940579514400373400, 0.5161173799666412000, 6.611368252169359700 ) ) ;
#203 = VECTOR ( 'NONE', #274, 1000.000000000000000 ) ;
#204 = CARTESIAN_POINT ( 'NONE',  ( -0.4508052794721895100, 0.3304539999999996400, 7.633209452268566500 ) ) ;
#205 = VECTOR ( 'NONE', #977, 1000.000000000000000 ) ;
#206 = CARTESIAN_POINT ( 'NONE',  ( 0.4625340746287742200, 0.3460825678225884500, 8.335877153447656300 ) ) ;
#207 = CARTESIAN_POINT ( 'NONE',  ( 0.0000000000000000000, 0.0000000000000000000, 9.550399999999999800 ) ) ;
#208 = CIRCLE ( 'NONE', #2357, 0.8381999999999999500 ) ;
#209 = B_SPLINE_CURVE_WITH_KNOTS ( 'NONE', 3,
 ( #2191, #527, #942, #777, #1821, #141, #159, #1620, #790, #1545 ),
 .UNSPECIFIED., .F., .F.,
 ( 4, 2, 2, 2, 4 ),
 ( 3.025439073211630900E-021, 0.0003120932967635961100, 0.0006241865935271922300, 0.0009362798902907882900, 0.001248373187054384500 ),
 .UNSPECIFIED. ) ;
#210 = FACE_OUTER_BOUND ( 'NONE', #648, .T. ) ;
#211 = CARTESIAN_POINT ( 'NONE',  ( -0.7769295137571739000, 0.4190999999999998600, 8.593508596400109700 ) ) ;
#212 = ORIENTED_EDGE ( 'NONE', *, *, #2608, .T. ) ;
#213 = EDGE_CURVE ( 'NONE', #908, #1334, #974, .T. ) ;
#214 = ORIENTED_EDGE ( 'NONE', *, *, #33, .F. ) ;
#215 = CARTESIAN_POINT ( 'NONE',  ( 0.4508052794721894600, 0.3304539999999995800, 6.477000000000000300 ) ) ;
#216 = ADVANCED_FACE ( 'NONE', ( #551 ), #316, .F. ) ;
#217 = CARTESIAN_POINT ( 'NONE',  ( 0.6867400963974654700, 0.3301999999999996600, 8.426487649544821300 ) ) ;
#218 = VERTEX_POINT ( 'NONE', #2106 ) ;
#219 = AXIS2_PLACEMENT_3D ( 'NONE', #2023, #807, #160 ) ;
#220 = VERTEX_POINT ( 'NONE', #668 ) ;
#221 = ORIENTED_EDGE ( 'NONE', *, *, #1308, .T. ) ;
#222 = ADVANCED_FACE ( 'NONE', ( #210 ), #2609, .T. ) ;
#223 = CARTESIAN_POINT ( 'NONE',  ( -0.02938753355526731900, 0.5001520422876250000, 6.591300000000001300 ) ) ;
#224 = CARTESIAN_POINT ( 'NONE',  ( 0.5289216756234286200, 0.3304539999999995800, 7.639094575669906500 ) ) ;
#225 = ORIENTED_EDGE ( 'NONE', *, *, #230, .F. ) ;
#226 = DIRECTION ( 'NONE',  ( 0.0000000000000000000, -1.000000000000000000, 0.0000000000000000000 ) ) ;
#227 = ORIENTED_EDGE ( 'NONE', *, *, #1024, .T. ) ;
#228 = ADVANCED_FACE ( 'NONE', ( #1775, #2025 ), #1913, .F. ) ;
#229 = B_SPLINE_CURVE_WITH_KNOTS ( 'NONE', 3,
 ( #371, #1840, #2425, #1624, #2645, #1823, #154, #363 ),
 .UNSPECIFIED., .F., .F.,
 ( 4, 2, 2, 4 ),
 ( 0.0000000000000000000, 0.0001165574398837348000, 0.0001748361598256023400, 0.0002331148797674699000 ),
 .UNSPECIFIED. ) ;
#230 = EDGE_CURVE ( 'NONE', #909, #185, #894, .T. ) ;
#231 = CARTESIAN_POINT ( 'NONE',  ( -0.02944231832147656600, 0.5480480553246731600, 6.651504756508078500 ) ) ;
#232 = CARTESIAN_POINT ( 'NONE',  ( -0.4581521170004562700, 0.3426018780449783800, -0.3327809007608695800 ) ) ;
#233 = FACE_OUTER_BOUND ( 'NONE', #1279, .T. ) ;
#234 = CARTESIAN_POINT ( 'NONE',  ( 0.4620829337743047600, 0.3422610217476495000, 8.269097682594651400 ) ) ;
#235 = PLANE ( 'NONE',  #1381 ) ;
#236 = AXIS2_PLACEMENT_3D ( 'NONE', #207, #1888, #1044 ) ;
#237 = LINE ( 'NONE', #2399, #760 ) ;
#238 = CARTESIAN_POINT ( 'NONE',  ( -0.02970822551034806000, 0.3165727645096772500, 6.931658012647490700 ) ) ;
#239 = CARTESIAN_POINT ( 'NONE',  ( -0.7686064248135668900, 0.3937627822972101800, -0.6370808381159014400 ) ) ;
#240 = CIRCLE ( 'NONE', #2380, 0.08890000000000004800 ) ;
#241 = CARTESIAN_POINT ( 'NONE',  ( -0.5251874778143669200, 0.4881873308688830000, 8.568978340206769000 ) ) ;
#242 = VECTOR ( 'NONE', #776, 1000.000000000000000 ) ;
#243 = CARTESIAN_POINT ( 'NONE',  ( 0.6867400963974654700, 0.3301999999999998800, 6.624220404733705400 ) ) ;
#244 = CARTESIAN_POINT ( 'NONE',  ( 0.6867400963974645800, 0.3302000000000000500, 8.328258049538545600 ) ) ;
#245 = DIRECTION ( 'NONE',  ( -0.0000000000000000000, 3.536567796574281500E-033, 1.000000000000000000 ) ) ;
#246 = VECTOR ( 'NONE', #968, 1000.000000000000000 ) ;
#247 = CARTESIAN_POINT ( 'NONE',  ( 0.0000000000000000000, 0.0000000000000000000, 9.550399999999999800 ) ) ;
#248 = CARTESIAN_POINT ( 'NONE',  ( -0.7769295137571739000, 0.3301999999999996600, 6.788112350455179500 ) ) ;
#249 = CARTESIAN_POINT ( 'NONE',  ( -1.041400000000000100, 0.3809999999999995600, 8.737600000000000500 ) ) ;
#250 = ORIENTED_EDGE ( 'NONE', *, *, #1661, .F. ) ;
#251 = EDGE_CURVE ( 'NONE', #452, #1777, #2337, .T. ) ;
#252 = B_SPLINE_CURVE_WITH_KNOTS ( 'NONE', 3,
 ( #151, #611, #1434, #582, #623, #2667, #2051, #194, #2258, #2467, #182, #1229, #2043, #1022, #2029, #1637 ),
 .UNSPECIFIED., .F., .F.,
 ( 4, 2, 2, 2, 2, 2, 2, 4 ),
 ( 3.914078473618474800E-020, 0.0003200749620200582300, 0.0004801124430300868900, 0.0006401499240401154900, 0.0008001874050501440900, 0.0009602248860601728000, 0.001120262367070201400, 0.001280299848080229900 ),
 .UNSPECIFIED. ) ;
#253 = ORIENTED_EDGE ( 'NONE', *, *, #1403, .T. ) ;
#254 = ORIENTED_EDGE ( 'NONE', *, *, #673, .F. ) ;
#255 = CARTESIAN_POINT ( 'NONE',  ( -0.2589573288731690200, 0.9016999999999998300, 9.258300000000000200 ) ) ;
#256 =( GEOMETRIC_REPRESENTATION_CONTEXT ( 3 ) GLOBAL_UNCERTAINTY_ASSIGNED_CONTEXT ( ( #1763 ) ) GLOBAL_UNIT_ASSIGNED_CONTEXT ( ( #1311, #1959, #1739 ) ) REPRESENTATION_CONTEXT ( 'NONE', 'WORKASPACE' ) );
#257 = VERTEX_POINT ( 'NONE', #1303 ) ;
#258 = CARTESIAN_POINT ( 'NONE',  ( 0.6867400963974654700, 0.4190999999999998600, 6.621091403599890200 ) ) ;
#259 = CARTESIAN_POINT ( 'NONE',  ( 0.4639990303658856900, 0.4888457014281217800, 8.597647482301553600 ) ) ;
#260 = ORIENTED_EDGE ( 'NONE', *, *, #251, .F. ) ;
#261 = CARTESIAN_POINT ( 'NONE',  ( 6.998856457127123500E-017, -0.5715000000000000100, 2.021148495742201500E-033 ) ) ;
#262 = VERTEX_POINT ( 'NONE', #879 ) ;
#263 = CARTESIAN_POINT ( 'NONE',  ( -0.5714999999999997900, 0.05328883357001304400, -0.1396999999999992100 ) ) ;
#264 = CARTESIAN_POINT ( 'NONE',  ( -0.02948493952988334000, 0.5380784952367843000, 6.691874624201360300 ) ) ;
#265 = EDGE_CURVE ( 'NONE', #1266, #2053, #164, .T. ) ;
#266 = CARTESIAN_POINT ( 'NONE',  ( 0.6799205993778302300, 0.3304379505029635400, 8.629198853366778700 ) ) ;
#267 = B_SPLINE_CURVE_WITH_KNOTS ( 'NONE', 3,
 ( #2039, #1856, #2660, #616, #390, #170, #1425, #1839, #196, #2055, #2240, #2431, #1216, #585 ),
 .UNSPECIFIED., .F., .F.,
 ( 4, 2, 2, 2, 2, 2, 4 ),
 ( 0.001508532297064438700, 0.001536465010413328300, 0.001564397723762217600, 0.001620263150459996700, 0.001731994003855549500, 0.001955455710646655300, 0.002402379124228861600 ),
 .UNSPECIFIED. ) ;
#268 = FACE_OUTER_BOUND ( 'NONE', #1102, .T. ) ;
#269 = EDGE_CURVE ( 'NONE', #1690, #55, #841, .T. ) ;
#270 = DIRECTION ( 'NONE',  ( 0.0000000000000000000, 0.0000000000000000000, 1.000000000000000000 ) ) ;
#271 = CARTESIAN_POINT ( 'NONE',  ( -0.5366956144350891700, 0.2026224427078297800, -0.1918332653615691700 ) ) ;
#272 = VECTOR ( 'NONE', #59, 1000.000000000000000 ) ;
#273 = CARTESIAN_POINT ( 'NONE',  ( -0.02946057991021298200, 0.5640133930036889100, 6.671573008677437000 ) ) ;
#274 = DIRECTION ( 'NONE',  ( -0.0000000000000000000, -0.0000000000000000000, 1.000000000000000000 ) ) ;
#275 = VECTOR ( 'NONE', #144, 1000.000000000000000 ) ;
#276 = VECTOR ( 'NONE', #2596, 1000.000000000000000 ) ;
#277 = CARTESIAN_POINT ( 'NONE',  ( -0.4508052794721895700, 0.3301999999999999400, 7.607300000000000400 ) ) ;
#278 = VECTOR ( 'NONE', #495, 1000.000000000000000 ) ;
#279 = CARTESIAN_POINT ( 'NONE',  ( -0.7769295137571739000, 0.4190999999999998600, 6.621091403599890200 ) ) ;
#280 = CARTESIAN_POINT ( 'NONE',  ( 0.0000000000000000000, -3.772810525385443400E-032, -1.117599999999999900 ) ) ;
#281 = ORIENTED_EDGE ( 'NONE', *, *, #368, .T. ) ;
#282 = ORIENTED_EDGE ( 'NONE', *, *, #936, .T. ) ;
#283 = CARTESIAN_POINT ( 'NONE',  ( 0.4579471430268726700, 0.4200275511973158800, 7.661248606375787400 ) ) ;
#284 = EDGE_LOOP ( 'NONE', ( #1138, #2160, #1552, #1790 ) ) ;
#285 = EDGE_CURVE ( 'NONE', #1940, #2284, #875, .T. ) ;
#286 = CARTESIAN_POINT ( 'NONE',  ( 0.0000000000000000000, 0.7238999999999995400, -4.064000000000000100 ) ) ;
#287 = EDGE_LOOP ( 'NONE', ( #2035, #1391, #1580, #1042, #681, #1481, #1708, #559 ) ) ;
#288 = CARTESIAN_POINT ( 'NONE',  ( 0.6744166368054693700, 0.4063999999999992600, 8.762999999999999900 ) ) ;
#289 = ORIENTED_EDGE ( 'NONE', *, *, #522, .F. ) ;
#290 = CARTESIAN_POINT ( 'NONE',  ( -0.03002009159175237200, 0.4128119961179318500, 7.295808430231820000 ) ) ;
#291 = CARTESIAN_POINT ( 'NONE',  ( 0.6771501493601731500, 0.3289167182795639800, 6.742786675022395900 ) ) ;
#292 = ORIENTED_EDGE ( 'NONE', *, *, #1761, .T. ) ;
#293 = CARTESIAN_POINT ( 'NONE',  ( -0.5260541788278169100, 0.4184302512469259500, 8.623981735083472000 ) ) ;
#294 = CARTESIAN_POINT ( 'NONE',  ( -0.6794634294922075000, 0.3980248992361109000, 8.754624899236112900 ) ) ;
#295 = CARTESIAN_POINT ( 'NONE',  ( 0.4607036295274920000, 0.4274479607758432400, 8.092452125237100400 ) ) ;
#296 = EDGE_LOOP ( 'NONE', ( #1780, #2624 ) ) ;
#297 = CARTESIAN_POINT ( 'NONE',  ( 0.0000000000000000000, -3.377563708440301900E-032, 0.0000000000000000000 ) ) ;
#298 = CARTESIAN_POINT ( 'NONE',  ( 0.0000000000000000000, 0.0000000000000000000, 1.594639086087402900 ) ) ;
#299 = LINE ( 'NONE', #952, #2424 ) ;
#300 = CARTESIAN_POINT ( 'NONE',  ( 0.6660029365820477900, 0.3308600116125365900, 7.197733010491446300 ) ) ;
#301 =( BOUNDED_SURFACE ( )  B_SPLINE_SURFACE ( 3, 2, ( 
 ( #106, #1570, #328 ),
 ( #1788, #747, #959 ),
 ( #2594, #1776, #2386 ),
 ( #1977, #1165, #886 ),
 ( #893, #493, #1943 ),
 ( #1931, #2320, #266 ) ),
 .UNSPECIFIED., .F., .F., .F. ) 
 B_SPLINE_SURFACE_WITH_KNOTS ( ( 4, 2, 4 ),
 ( 3, 3 ),
 ( 0.0001031781426538646500, 0.0005630088105216417100, 0.001022839478389418800 ),
 ( 0.0000000000000000000, 0.3677281043001779400 ),
 .UNSPECIFIED. ) 
 GEOMETRIC_REPRESENTATION_ITEM ( )  RATIONAL_B_SPLINE_SURFACE ( (
 ( 1.000000000000000000, 0.9399483801219616900, 0.9240620969197352900),
 ( 1.000000000000000000, 0.9410240210469262800, 0.9254222919731744900),
 ( 1.000000000000000000, 0.9421009946382009600, 0.9267841722415222100),
 ( 1.000000000000000000, 0.9442649249731651700, 0.9295205569116227200),
 ( 1.000000000000000000, 0.9520104279568659700, 0.9393150846209289400),
 ( 1.000000000000000000, 0.9703215210427285100, 0.9624702636963973200) ) ) 
 REPRESENTATION_ITEM ( '' )  SURFACE ( )  );
#302 = EDGE_CURVE ( 'NONE', #484, #2475, #2243, .T. ) ;
#303 = DIRECTION ( 'NONE',  ( -1.000000000000000000, 0.0000000000000000000, 0.0000000000000000000 ) ) ;
#304 = LINE ( 'NONE', #557, #2111 ) ;
#305 = EDGE_CURVE ( 'NONE', #1875, #2027, #1903, .T. ) ;
#306 = CARTESIAN_POINT ( 'NONE',  ( 1.057604975743654300E-016, 0.8636000000000000300, 9.550399999999999800 ) ) ;
#307 = CONICAL_SURFACE ( 'NONE', #1834, 0.7494410588864090000, 0.5235987755982891600 ) ;
#308 = DIRECTION ( 'NONE',  ( 1.000000000000000000, 0.0000000000000000000, 0.0000000000000000000 ) ) ;
#309 = CARTESIAN_POINT ( 'NONE',  ( -0.03024275512966776600, 0.4180519993529885300, 7.555083211466371300 ) ) ;
#310 = CARTESIAN_POINT ( 'NONE',  ( 0.0000000000000000000, -3.781793407588742300E-032, -1.143000000000000000 ) ) ;
#311 = CIRCLE ( 'NONE', #2304, 0.5587999999999993000 ) ;
#312 = VECTOR ( 'NONE', #1794, 1000.000000000000000 ) ;
#313 = CARTESIAN_POINT ( 'NONE',  ( -0.5247618055082493600, 0.4704886031344698300, 8.514480356486304300 ) ) ;
#314 = CARTESIAN_POINT ( 'NONE',  ( -0.7148193617970908200, 0.3304539999999995800, 6.477000000000000300 ) ) ;
#315 = ORIENTED_EDGE ( 'NONE', *, *, #2318, .F. ) ;
#316 = CYLINDRICAL_SURFACE ( 'NONE', #17, 0.3936999999999999900 ) ;
#317 = DIRECTION ( 'NONE',  ( 0.0000000000000000000, -1.000000000000000000, 3.536567796574281500E-033 ) ) ;
#318 = VERTEX_POINT ( 'NONE', #277 ) ;
#319 = ORIENTED_EDGE ( 'NONE', *, *, #798, .T. ) ;
#320 = CARTESIAN_POINT ( 'NONE',  ( -0.7769295137571739000, 0.4190999999999998600, 7.552538045244324900 ) ) ;
#321 = VERTEX_POINT ( 'NONE', #96 ) ;
#322 = CARTESIAN_POINT ( 'NONE',  ( -0.7769295137571739000, 0.4190999999999998600, 7.662061954755675000 ) ) ;
#323 = DIRECTION ( 'NONE',  ( 0.0000000000000000000, 0.0000000000000000000, 1.000000000000000000 ) ) ;
#324 = EDGE_CURVE ( 'NONE', #1364, #1657, #2511, .T. ) ;
#325 = ORIENTED_EDGE ( 'NONE', *, *, #2479, .F. ) ;
#326 = DIRECTION ( 'NONE',  ( 0.0000000000000000000, -1.000000000000000000, 0.0000000000000000000 ) ) ;
#327 = ORIENTED_EDGE ( 'NONE', *, *, #2042, .T. ) ;
#328 = CARTESIAN_POINT ( 'NONE',  ( 0.6752383761442710700, 0.3259129758401812500, 7.710509394813627200 ) ) ;
#329 =( NAMED_UNIT ( * ) SI_UNIT ( $, .STERADIAN. ) SOLID_ANGLE_UNIT ( ) );
#330 = VERTEX_POINT ( 'NONE', #2362 ) ;
#331 = CARTESIAN_POINT ( 'NONE',  ( 0.6549852570461407500, 0.3306458237021556700, 7.798384968270732500 ) ) ;
#332 = CARTESIAN_POINT ( 'NONE',  ( -0.7148193617970908200, 0.3301999999999995500, 7.607299999999999500 ) ) ;
#333 = CARTESIAN_POINT ( 'NONE',  ( -0.4955573993174370900, 0.3304539999999996900, 7.631560182486674100 ) ) ;
#334 = DIRECTION ( 'NONE',  ( 0.0000000000000000000, 1.000000000000000000, 0.0000000000000000000 ) ) ;
#335 = FACE_OUTER_BOUND ( 'NONE', #2103, .T. ) ;
#336 = CARTESIAN_POINT ( 'NONE',  ( -0.6691753690493973400, 0.6043734073051220100, 8.960973407305122200 ) ) ;
#337 = DIRECTION ( 'NONE',  ( -0.0000000000000000000, 3.536567796574281500E-033, 1.000000000000000000 ) ) ;
#338 = EDGE_CURVE ( 'NONE', #576, #949, #1995, .T. ) ;
#339 = CYLINDRICAL_SURFACE ( 'NONE', #2019, 0.3937000000000002700 ) ;
#340 = CARTESIAN_POINT ( 'NONE',  ( 0.0000000000000000000, -0.8636000000000000300, 3.054179949121549600E-033 ) ) ;
#341 = CARTESIAN_POINT ( 'NONE',  ( -0.5217806751229829800, 0.3411545885753159400, 7.135678864993508300 ) ) ;
#342 = DIRECTION ( 'NONE',  ( -1.000000000000000000, 0.0000000000000000000, 0.0000000000000000000 ) ) ;
#343 = CARTESIAN_POINT ( 'NONE',  ( -0.4508052794721895100, 0.3304539999999996400, 7.581390547731431600 ) ) ;
#344 = VECTOR ( 'NONE', #2612, 1000.000000000000000 ) ;
#345 = LINE ( 'NONE', #691, #2020 ) ;
#346 = CARTESIAN_POINT ( 'NONE',  ( -0.4591104683469601800, -0.3496994333928959400, -0.3269443225593209300 ) ) ;
#347 = LINE ( 'NONE', #2251, #1409 ) ;
#348 = DIRECTION ( 'NONE',  ( -0.0000000000000000000, 3.536567796574281500E-033, 1.000000000000000000 ) ) ;
#349 = ORIENTED_EDGE ( 'NONE', *, *, #1463, .T. ) ;
#350 = ORIENTED_EDGE ( 'NONE', *, *, #10, .T. ) ;
#351 = ORIENTED_EDGE ( 'NONE', *, *, #954, .T. ) ;
#352 = CARTESIAN_POINT ( 'NONE',  ( -0.6791405624536925900, 0.4724897057326002400, 8.829089705732601000 ) ) ;
#353 = B_SPLINE_CURVE_WITH_KNOTS ( 'NONE', 3,
 ( #763, #131, #2616, #357, #1208, #346, #1904, #2521, #1619, #644, #590, #377 ),
 .UNSPECIFIED., .F., .F.,
 ( 4, 2, 2, 2, 2, 4 ),
 ( 0.001276716803042591000, 0.001436069274757430500, 0.001595421746472269900, 0.001914126689901948900, 0.002232831633331627800, 0.002551536576761306800 ),
 .UNSPECIFIED. ) ;
#354 = VERTEX_POINT ( 'NONE', #288 ) ;
#355 = MANIFOLD_SOLID_BREP ( 'Join1', #2322 ) ;
#356 = DIRECTION ( 'NONE',  ( -0.0000000000000000000, 3.536567796574281500E-033, 1.000000000000000000 ) ) ;
#357 = CARTESIAN_POINT ( 'NONE',  ( -0.5368101781666520000, -0.2022805284247797000, -0.1916564933072768800 ) ) ;
#358 = ORIENTED_EDGE ( 'NONE', *, *, #66, .F. ) ;
#359 = CARTESIAN_POINT ( 'NONE',  ( 0.6581307732665396800, 0.3333296570079623500, 6.794252000407064800 ) ) ;
#360 = EDGE_CURVE ( 'NONE', #1226, #321, #1262, .T. ) ;
#361 = ORIENTED_EDGE ( 'NONE', *, *, #1312, .F. ) ;
#362 = CARTESIAN_POINT ( 'NONE',  ( 0.6547957027910700200, 0.3304539999999571200, 7.498669309851268700 ) ) ;
#363 = CARTESIAN_POINT ( 'NONE',  ( 0.6547957027910700200, 0.3304539999999571200, 7.498669309851268700 ) ) ;
#364 = DIRECTION ( 'NONE',  ( -0.0000000000000000000, 3.536567796574281500E-033, 1.000000000000000000 ) ) ;
#365 = CARTESIAN_POINT ( 'NONE',  ( 0.4508052794721894600, 0.3301999999999995500, 8.737600000000000500 ) ) ;
#366 = LINE ( 'NONE', #187, #1705 ) ;
#367 = CARTESIAN_POINT ( 'NONE',  ( -0.4508052794721895100, 0.3304539999999996400, 7.581390547731431600 ) ) ;
#368 = EDGE_CURVE ( 'NONE', #576, #1106, #1440, .T. ) ;
#369 = FACE_BOUND ( 'NONE', #846, .T. ) ;
#370 = CARTESIAN_POINT ( 'NONE',  ( 0.4615027982526722100, 0.3406993078845120800, 8.183323959555156800 ) ) ;
#371 = CARTESIAN_POINT ( 'NONE',  ( 0.4508052794721892900, 0.3304539999999995800, 7.575892125548681300 ) ) ;
#372 = AXIS2_PLACEMENT_3D ( 'NONE', #51, #1724, #695 ) ;
#373 = CYLINDRICAL_SURFACE ( 'NONE', #570, 0.9016999999999998300 ) ;
#374 = EDGE_LOOP ( 'NONE', ( #2553, #1140 ) ) ;
#375 = FACE_OUTER_BOUND ( 'NONE', #1202, .T. ) ;
#376 = CARTESIAN_POINT ( 'NONE',  ( 0.7148193617970908200, 0.3304539999999995800, 8.737600000000000500 ) ) ;
#377 = CARTESIAN_POINT ( 'NONE',  ( -0.5714999999999997900, -8.768682674862244200E-018, -0.9270999999999991500 ) ) ;
#378 = ORIENTED_EDGE ( 'NONE', *, *, #385, .F. ) ;
#379 = ORIENTED_EDGE ( 'NONE', *, *, #1441, .T. ) ;
#380 = CARTESIAN_POINT ( 'NONE',  ( -0.03001233358084897500, 0.3237294246802384600, 7.927987300142188300 ) ) ;
#381 = CARTESIAN_POINT ( 'NONE',  ( 0.4508052794721894600, 0.3304539999999995800, 6.477000000000000300 ) ) ;
#382 = ORIENTED_EDGE ( 'NONE', *, *, #1554, .T. ) ;
#383 = CARTESIAN_POINT ( 'NONE',  ( 0.6867400963974663600, 0.3304539999999995800, 6.591299999999999500 ) ) ;
#384 = ORIENTED_EDGE ( 'NONE', *, *, #1848, .T. ) ;
#385 = EDGE_CURVE ( 'NONE', #1912, #9, #595, .T. ) ;
#386 = ORIENTED_EDGE ( 'NONE', *, *, #2549, .T. ) ;
#387 = ADVANCED_FACE ( 'NONE', ( #1404 ), #1347, .F. ) ;
#388 = CARTESIAN_POINT ( 'NONE',  ( 0.6867400963974654700, 0.3236642210690958100, 6.591299999999999500 ) ) ;
#389 = ORIENTED_EDGE ( 'NONE', *, *, #1040, .T. ) ;
#390 = CARTESIAN_POINT ( 'NONE',  ( 0.6577505225068083200, 0.3304539999999995300, 7.763091254906458800 ) ) ;
#391 = EDGE_CURVE ( 'NONE', #1640, #1940, #1196, .T. ) ;
#392 = CARTESIAN_POINT ( 'NONE',  ( -0.4508052794721894600, 0.3304539999999995800, 6.477000000000000300 ) ) ;
#393 = CARTESIAN_POINT ( 'NONE',  ( 0.4644229139468868400, 0.4297249174439206100, 8.616886870575386900 ) ) ;
#394 = AXIS2_PLACEMENT_3D ( 'NONE', #2482, #1664, #1272 ) ;
#395 = CARTESIAN_POINT ( 'NONE',  ( -0.5587999999999981900, 6.843326313635386700E-017, 1.930399999999998800 ) ) ;
#396 = CARTESIAN_POINT ( 'NONE',  ( -0.4508052794721894600, 0.3304539999999995800, 8.737600000000000500 ) ) ;
#397 = CARTESIAN_POINT ( 'NONE',  ( -0.4508052794721895700, 0.3302846600741851700, 7.615936484154148400 ) ) ;
#398 = LINE ( 'NONE', #573, #2393 ) ;
#399 = CARTESIAN_POINT ( 'NONE',  ( -0.5205795027115873700, 0.3375030590502109400, 7.921779797894675600 ) ) ;
#400 = ADVANCED_FACE ( 'NONE', ( #2305 ), #2571, .F. ) ;
#401 = CARTESIAN_POINT ( 'NONE',  ( -0.7769295137571739000, 0.3301999999999998300, 7.555553738067038300 ) ) ;
#402 = VECTOR ( 'NONE', #1116, 1000.000000000000000 ) ;
#403 = CARTESIAN_POINT ( 'NONE',  ( 0.6867400963974645800, 0.3524249999999999900, 8.623300000000000400 ) ) ;
#404 = FACE_OUTER_BOUND ( 'NONE', #578, .T. ) ;
#405 = CARTESIAN_POINT ( 'NONE',  ( -0.6663566519491025400, -0.4194848893621587200, 6.591299999999999500 ) ) ;
#406 = CARTESIAN_POINT ( 'NONE',  ( 0.6383897859647056400, 0.3304539999999996900, 7.678847311315188100 ) ) ;
#407 = VECTOR ( 'NONE', #456, 1000.000000000000000 ) ;
#408 = EDGE_CURVE ( 'NONE', #677, #2276, #547, .T. ) ;
#409 = CARTESIAN_POINT ( 'NONE',  ( -0.5225814567305789900, 0.3435889415920531100, 8.183779584689393300 ) ) ;
#410 = CARTESIAN_POINT ( 'NONE',  ( -0.7769295137571739000, 0.4190999999999998600, 6.591299999999999500 ) ) ;
#411 = CIRCLE ( 'NONE', #1868, 0.5587999999999981900 ) ;
#412 = DIRECTION ( 'NONE',  ( -0.0000000000000000000, 3.536567796574281500E-033, 1.000000000000000000 ) ) ;
#413 = CARTESIAN_POINT ( 'NONE',  ( 0.4579571473086927500, 0.3311544825349554400, 7.554877131340270500 ) ) ;
#414 = ORIENTED_EDGE ( 'NONE', *, *, #285, .T. ) ;
#415 = ORIENTED_EDGE ( 'NONE', *, *, #1461, .F. ) ;
#416 = VERTEX_POINT ( 'NONE', #2336 ) ;
#417 = ADVANCED_FACE ( 'NONE', ( #1833 ), #479, .F. ) ;
#418 = CARTESIAN_POINT ( 'NONE',  ( -0.7769295137571739000, 0.4190999999999998600, 6.591299999999999500 ) ) ;
#419 = DIRECTION ( 'NONE',  ( 1.000000000000000000, 0.0000000000000000000, 0.0000000000000000000 ) ) ;
#420 = ORIENTED_EDGE ( 'NONE', *, *, #444, .F. ) ;
#421 = DIRECTION ( 'NONE',  ( 1.000000000000000000, 0.0000000000000000000, 0.0000000000000000000 ) ) ;
#422 = DIRECTION ( 'NONE',  ( -0.0000000000000000000, 3.536567796574281500E-033, 1.000000000000000000 ) ) ;
#423 = CARTESIAN_POINT ( 'NONE',  ( 0.0000000000000000000, -0.8636000000000000300, 9.550399999999999800 ) ) ;
#424 = CARTESIAN_POINT ( 'NONE',  ( -0.7769295137571739000, 0.3301999999999998800, 6.952004296176652600 ) ) ;
#425 = ORIENTED_EDGE ( 'NONE', *, *, #2497, .T. ) ;
#426 = CARTESIAN_POINT ( 'NONE',  ( 0.4645780587894878200, 0.4080862290475245100, 8.623928643362196700 ) ) ;
#427 = ORIENTED_EDGE ( 'NONE', *, *, #1235, .T. ) ;
#428 = ADVANCED_FACE ( 'NONE', ( #1740 ), #301, .F. ) ;
#429 = DIRECTION ( 'NONE',  ( 1.000000000000000000, 0.0000000000000000000, 0.0000000000000000000 ) ) ;
#430 = EDGE_CURVE ( 'NONE', #813, #1266, #2050, .T. ) ;
#431 = CARTESIAN_POINT ( 'NONE',  ( -0.5260698192252601900, 0.4165264496554135200, 6.589936529833053700 ) ) ;
#432 = CARTESIAN_POINT ( 'NONE',  ( 0.0000000000000000000, 0.0000000000000000000, 9.550399999999999800 ) ) ;
#433 = CARTESIAN_POINT ( 'NONE',  ( -0.7769295137571739000, 0.3301999999999998800, 8.262595703823347300 ) ) ;
#434 = DIRECTION ( 'NONE',  ( 0.0000000000000000000, 1.000000000000000000, 0.0000000000000000000 ) ) ;
#435 = CARTESIAN_POINT ( 'NONE',  ( -0.5252743657063749800, 0.3884168793838064800, 6.682638742387233300 ) ) ;
#436 = CARTESIAN_POINT ( 'NONE',  ( -0.7769295137571739000, 0.3301999999999999900, 6.591299999999999500 ) ) ;
#437 = DIRECTION ( 'NONE',  ( 0.0000000000000000000, 0.0000000000000000000, -1.000000000000000000 ) ) ;
#438 = CIRCLE ( 'NONE', #1370, 0.8636000000000000300 ) ;
#439 = ADVANCED_FACE ( 'NONE', ( #1504 ), #971, .T. ) ;
#440 = CIRCLE ( 'NONE', #2536, 0.7873999999999999900 ) ;
#441 = CARTESIAN_POINT ( 'NONE',  ( 0.4508052794721894600, 0.3304539999999995800, 8.737600000000000500 ) ) ;
#442 = CARTESIAN_POINT ( 'NONE',  ( -0.7769295137571739000, 0.3302000000000000500, 6.886341950461456000 ) ) ;
#443 = VECTOR ( 'NONE', #2674, 1000.000000000000000 ) ;
#444 = EDGE_CURVE ( 'NONE', #654, #452, #647, .T. ) ;
#445 = B_SPLINE_CURVE_WITH_KNOTS ( 'NONE', 3,
 ( #2634, #1234, #1641, #1223 ),
 .UNSPECIFIED., .F., .F.,
 ( 4, 4 ),
 ( 1.197675148425825100E-005, 1.899976420773233900E-005 ),
 .UNSPECIFIED. ) ;
#446 = DIRECTION ( 'NONE',  ( 0.0000000000000000000, 1.000000000000000000, -3.536567796574281500E-033 ) ) ;
#447 = FACE_OUTER_BOUND ( 'NONE', #874, .T. ) ;
#448 = CARTESIAN_POINT ( 'NONE',  ( -0.5254003139674259200, 0.4980208733114378500, 6.619118986640272900 ) ) ;
#449 = DIRECTION ( 'NONE',  ( -0.0000000000000000000, 3.536567796574281500E-033, 1.000000000000000000 ) ) ;
#450 = EDGE_LOOP ( 'NONE', ( #1646, #619 ) ) ;
#451 = EDGE_CURVE ( 'NONE', #1106, #1754, #2274, .T. ) ;
#452 = VERTEX_POINT ( 'NONE', #1737 ) ;
#453 = CARTESIAN_POINT ( 'NONE',  ( -0.03640743721442706700, 0.4990238565179374600, 6.591300000000001300 ) ) ;
#454 = CARTESIAN_POINT ( 'NONE',  ( -0.7148193617970908200, 0.3304539999999995800, 6.477000000000000300 ) ) ;
#455 = ORIENTED_EDGE ( 'NONE', *, *, #1582, .F. ) ;
#456 = DIRECTION ( 'NONE',  ( -1.000000000000000000, 0.0000000000000000000, 0.0000000000000000000 ) ) ;
#457 = VERTEX_POINT ( 'NONE', #1309 ) ;
#458 = CARTESIAN_POINT ( 'NONE',  ( -0.5260854596227035900, 0.4146226480639010300, 8.625345205250420500 ) ) ;
#459 = AXIS2_PLACEMENT_3D ( 'NONE', #714, #922, #1122 ) ;
#460 = ORIENTED_EDGE ( 'NONE', *, *, #759, .F. ) ;
#461 = ORIENTED_EDGE ( 'NONE', *, *, #829, .T. ) ;
#462 = DIRECTION ( 'NONE',  ( -0.0000000000000000000, -3.536567796574281500E-033, -1.000000000000000000 ) ) ;
#463 = CARTESIAN_POINT ( 'NONE',  ( -0.7769295137571739000, 0.4190999999999998600, 8.623300000000000400 ) ) ;
#464 = ORIENTED_EDGE ( 'NONE', *, *, #66, .T. ) ;
#465 = DIRECTION ( 'NONE',  ( 0.0000000000000000000, 0.0000000000000000000, -1.000000000000000000 ) ) ;
#466 = CARTESIAN_POINT ( 'NONE',  ( 0.0000000000000000000, 0.0000000000000000000, 9.550399999999999800 ) ) ;
#467 = CARTESIAN_POINT ( 'NONE',  ( 0.4646057594206876600, 0.4042227082442000900, 8.625185930086591000 ) ) ;
#468 = B_SPLINE_CURVE_WITH_KNOTS ( 'NONE', 3,
 ( #2416, #135, #1197, #1991, #2423, #359, #1782, #1392, #143, #1210, #966, #2606, #362 ),
 .UNSPECIFIED., .F., .F.,
 ( 4, 3, 3, 3, 4 ),
 ( -5.999999999890783800E-008, 0.0000000000000000000, 0.0003046210032992195000, 0.0006601099670048499800, 0.0009074525953231310700 ),
 .UNSPECIFIED. ) ;
#469 = EDGE_CURVE ( 'NONE', #1388, #854, #675, .T. ) ;
#470 = CARTESIAN_POINT ( 'NONE',  ( -0.5234847885898967800, 0.4376614714518519100, 6.872763562540090900 ) ) ;
#471 = DIRECTION ( 'NONE',  ( 0.0000000000000000000, -1.000000000000000000, 0.0000000000000000000 ) ) ;
#472 = CARTESIAN_POINT ( 'NONE',  ( -0.02938216330973693300, 0.4954570628668247300, 8.629201536994758100 ) ) ;
#473 = DIRECTION ( 'NONE',  ( 0.0000000000000000000, 0.0000000000000000000, 1.000000000000000000 ) ) ;
#474 = CYLINDRICAL_SURFACE ( 'NONE', #1285, 1.041400000000000100 ) ;
#475 = CARTESIAN_POINT ( 'NONE',  ( 0.0000000000000000000, -1.086928746599139900E-032, 6.477000000000000300 ) ) ;
#476 = LINE ( 'NONE', #1758, #569 ) ;
#477 = CARTESIAN_POINT ( 'NONE',  ( 0.6867400963974663600, 0.4190999999999996900, 7.113567232515500800 ) ) ;
#478 = CARTESIAN_POINT ( 'NONE',  ( -0.7148193617970908200, 0.3302845987484645000, 7.625063513211857800 ) ) ;
#479 = CONICAL_SURFACE ( 'NONE', #1700, 0.7238999999999995400, 0.7853981633974497200 ) ;
#480 = CARTESIAN_POINT ( 'NONE',  ( -0.7769295137571739000, 0.3258428140460638600, 8.623300000000000400 ) ) ;
#481 = EDGE_CURVE ( 'NONE', #651, #150, #606, .T. ) ;
#482 = B_SPLINE_CURVE_WITH_KNOTS ( 'NONE', 3,
 ( #1300, #478, #2100, #2316 ),
 .UNSPECIFIED., .F., .F.,
 ( 4, 4 ),
 ( 0.0000000000000000000, 5.329114398457820200E-005 ),
 .UNSPECIFIED. ) ;
#483 = ORIENTED_EDGE ( 'NONE', *, *, #199, .F. ) ;
#484 = VERTEX_POINT ( 'NONE', #286 ) ;
#485 = DIRECTION ( 'NONE',  ( -4.796081449551024600E-017, 0.0000000000000000000, -1.000000000000000000 ) ) ;
#486 = AXIS2_PLACEMENT_3D ( 'NONE', #475, #2301, #2112 ) ;
#487 = ORIENTED_EDGE ( 'NONE', *, *, #1058, .F. ) ;
#488 = CARTESIAN_POINT ( 'NONE',  ( 0.4586362646520278400, 0.4218826535919476500, 7.445513039700650800 ) ) ;
#489 = CARTESIAN_POINT ( 'NONE',  ( 0.0000000000000000000, 0.0000000000000000000, 6.477000000000000300 ) ) ;
#490 = CARTESIAN_POINT ( 'NONE',  ( 0.4586662774974884500, 0.3330634476048666100, 7.450111278387079300 ) ) ;
#491 = ORIENTED_EDGE ( 'NONE', *, *, #2419, .F. ) ;
#492 = ORIENTED_EDGE ( 'NONE', *, *, #744, .F. ) ;
#493 = CARTESIAN_POINT ( 'NONE',  ( 0.6690284451887963400, 0.3337823725095489000, 8.472309279336720100 ) ) ;
#494 = EDGE_LOOP ( 'NONE', ( #579, #281, #2687, #985 ) ) ;
#495 = DIRECTION ( 'NONE',  ( -0.0000000000000000000, 3.536567796574281500E-033, 1.000000000000000000 ) ) ;
#496 = CARTESIAN_POINT ( 'NONE',  ( -0.7769295137571739000, 0.4190999999999998600, 7.607300000000000400 ) ) ;
#497 = CARTESIAN_POINT ( 'NONE',  ( -0.02979742805383827800, 0.4075719928828748200, 7.036279211962533300 ) ) ;
#498 = DIRECTION ( 'NONE',  ( -0.0000000000000000000, 3.536567796574281500E-033, 1.000000000000000000 ) ) ;
#499 = DIRECTION ( 'NONE',  ( 1.000000000000000000, 0.0000000000000000000, 0.0000000000000000000 ) ) ;
#500 = DIRECTION ( 'NONE',  ( -0.8571673007021094500, -0.5150380749100590400, 0.0000000000000000000 ) ) ;
#501 = CARTESIAN_POINT ( 'NONE',  ( -0.7769295137571752300, 0.4190999999999999200, 8.444570576554575300 ) ) ;
#502 = CIRCLE ( 'NONE', #24, 0.5587999999999993000 ) ;
#503 = EDGE_CURVE ( 'NONE', #318, #845, #2060, .T. ) ;
#504 = FILL_AREA_STYLE_COLOUR ( '', #2405 ) ;
#505 = CARTESIAN_POINT ( 'NONE',  ( 0.6867400963974654700, 0.4190999999999998600, 6.591299999999999500 ) ) ;
#506 = DIRECTION ( 'NONE',  ( 0.0000000000000000000, -1.000000000000000000, 3.536567796574281500E-033 ) ) ;
#507 = AXIS2_PLACEMENT_3D ( 'NONE', #310, #1341, #945 ) ;
#508 = DIRECTION ( 'NONE',  ( -0.0000000000000000000, -0.0000000000000000000, 1.000000000000000000 ) ) ;
#509 = VECTOR ( 'NONE', #2394, 1000.000000000000000 ) ;
#510 = CARTESIAN_POINT ( 'NONE',  ( -0.7769295137571739000, 0.4190999999999998600, 7.607300000000000400 ) ) ;
#511 = CARTESIAN_POINT ( 'NONE',  ( 0.7494410588864090000, 0.0000000000000000000, 9.550399999999999800 ) ) ;
#512 = FACE_OUTER_BOUND ( 'NONE', #27, .T. ) ;
#513 = CARTESIAN_POINT ( 'NONE',  ( 0.4639990303658856900, 0.4888457014281217800, 6.616952517698447200 ) ) ;
#514 = CIRCLE ( 'NONE', #1083, 0.7873999999999999900 ) ;
#515 = CARTESIAN_POINT ( 'NONE',  ( 0.4508052794721892900, 0.3304539999999995800, 7.575892125548681300 ) ) ;
#516 = CARTESIAN_POINT ( 'NONE',  ( 0.4579471430268726700, 0.4200275511973158800, 7.553351393624212500 ) ) ;
#517 = ORIENTED_EDGE ( 'NONE', *, *, #391, .F. ) ;
#518 = CARTESIAN_POINT ( 'NONE',  ( 0.0000000000000000000, 0.0000000000000000000, 9.220200000000001900 ) ) ;
#519 = ORIENTED_EDGE ( 'NONE', *, *, #1531, .F. ) ;
#520 = DIRECTION ( 'NONE',  ( 0.0000000000000000000, 0.0000000000000000000, -1.000000000000000000 ) ) ;
#521 = ORIENTED_EDGE ( 'NONE', *, *, #2623, .T. ) ;
#522 = EDGE_CURVE ( 'NONE', #1418, #1388, #167, .T. ) ;
#523 = ORIENTED_EDGE ( 'NONE', *, *, #815, .F. ) ;
#524 = ORIENTED_EDGE ( 'NONE', *, *, #1985, .T. ) ;
#525 = CARTESIAN_POINT ( 'NONE',  ( -0.7148193617970908200, 0.3304539999999995800, 8.737600000000000500 ) ) ;
#526 = AXIS2_PLACEMENT_3D ( 'NONE', #1073, #2462, #1867 ) ;
#527 = CARTESIAN_POINT ( 'NONE',  ( -0.8635999999999999200, -0.1056260376800070300, -0.9270999999999991500 ) ) ;
#528 = ORIENTED_EDGE ( 'NONE', *, *, #1363, .F. ) ;
#529 = DIRECTION ( 'NONE',  ( -0.0000000000000000000, -3.536567796574281500E-033, -1.000000000000000000 ) ) ;
#530 = ORIENTED_EDGE ( 'NONE', *, *, #1246, .T. ) ;
#531 = CARTESIAN_POINT ( 'NONE',  ( 0.4613927511526462700, 0.4293030631704752300, 8.200311401934074600 ) ) ;
#532 = ORIENTED_EDGE ( 'NONE', *, *, #1582, .T. ) ;
#533 = DIRECTION ( 'NONE',  ( -0.0000000000000000000, -1.000000000000000000, -0.0000000000000000000 ) ) ;
#534 = CARTESIAN_POINT ( 'NONE',  ( -1.041400000000000100, 0.0000000000000000000, 8.737600000000000500 ) ) ;
#535 = CARTESIAN_POINT ( 'NONE',  ( 0.0000000000000000000, -2.784693483022591600E-033, 8.762999999999999900 ) ) ;
#536 = EDGE_CURVE ( 'NONE', #1616, #1998, #1287, .T. ) ;
#537 = CARTESIAN_POINT ( 'NONE',  ( -0.6744166368054698200, 0.4063999999999982100, 8.762999999999999900 ) ) ;
#538 = CARTESIAN_POINT ( 'NONE',  ( -0.4508052794721894600, 0.3304539999999995800, 8.737600000000000500 ) ) ;
#539 = LINE ( 'NONE', #2626, #2013 ) ;
#540 = CARTESIAN_POINT ( 'NONE',  ( 0.6867400963974663600, 0.3304539999999995800, 8.623300000000000400 ) ) ;
#541 = DIRECTION ( 'NONE',  ( -0.0000000000000000000, -3.536567796574281500E-033, -1.000000000000000000 ) ) ;
#542 = FACE_OUTER_BOUND ( 'NONE', #812, .T. ) ;
#543 = DIRECTION ( 'NONE',  ( 0.0000000000000000000, -1.000000000000000000, 0.0000000000000000000 ) ) ;
#544 = CARTESIAN_POINT ( 'NONE',  ( 3.608299329007762500E-016, 10.00000000000000000, 2.946400000000001000 ) ) ;
#545 = AXIS2_PLACEMENT_3D ( 'NONE', #2136, #2366, #506 ) ;
#546 = LINE ( 'NONE', #987, #1989 ) ;
#547 = LINE ( 'NONE', #306, #137 ) ;
#548 = DIRECTION ( 'NONE',  ( -0.0000000000000000000, -0.0000000000000000000, -1.000000000000000000 ) ) ;
#549 = CARTESIAN_POINT ( 'NONE',  ( 0.0000000000000000000, 1.524682823169351800E-032, 6.591299999999999500 ) ) ;
#550 = DIRECTION ( 'NONE',  ( -0.0000000000000000000, 3.536567796574281500E-033, 1.000000000000000000 ) ) ;
#551 = FACE_OUTER_BOUND ( 'NONE', #979, .T. ) ;
#552 = ORIENTED_EDGE ( 'NONE', *, *, #1112, .T. ) ;
#553 = VERTEX_POINT ( 'NONE', #926 ) ;
#554 = EDGE_CURVE ( 'NONE', #1231, #150, #71, .T. ) ;
#555 = DIRECTION ( 'NONE',  ( 0.0000000000000000000, -1.000000000000000000, 0.0000000000000000000 ) ) ;
#556 = ORIENTED_EDGE ( 'NONE', *, *, #1881, .F. ) ;
#557 = CARTESIAN_POINT ( 'NONE',  ( 0.7148193617970908200, 0.3304539999999995800, 6.477000000000000300 ) ) ;
#558 = EDGE_CURVE ( 'NONE', #2027, #677, #873, .T. ) ;
#559 = ORIENTED_EDGE ( 'NONE', *, *, #2679, .F. ) ;
#560 = ORIENTED_EDGE ( 'NONE', *, *, #360, .F. ) ;
#561 = AXIS2_PLACEMENT_3D ( 'NONE', #549, #102, #342 ) ;
#562 = VERTEX_POINT ( 'NONE', #314 ) ;
#563 = CARTESIAN_POINT ( 'NONE',  ( -0.1082670979409636300, 0.5587999999999988500, 2.552699999999999300 ) ) ;
#564 = CARTESIAN_POINT ( 'NONE',  ( 0.6634939856185649900, 0.3304539999999994700, 7.120567938401793900 ) ) ;
#565 = B_SPLINE_CURVE_WITH_KNOTS ( 'NONE', 3,
 ( #757, #969, #1978, #972 ),
 .UNSPECIFIED., .F., .F.,
 ( 4, 4 ),
 ( 0.0000000000000000000, 5.329114398457560000E-005 ),
 .UNSPECIFIED. ) ;
#566 = CARTESIAN_POINT ( 'NONE',  ( 0.4508052794721896200, 0.3301999999999997200, 7.607300000000000400 ) ) ;
#567 = EDGE_CURVE ( 'NONE', #1456, #138, #130, .T. ) ;
#568 = VECTOR ( 'NONE', #2440, 1000.000000000000000 ) ;
#569 = VECTOR ( 'NONE', #740, 1000.000000000000000 ) ;
#570 = AXIS2_PLACEMENT_3D ( 'NONE', #247, #2306, #1098 ) ;
#571 = LINE ( 'NONE', #2378, #276 ) ;
#572 = CYLINDRICAL_SURFACE ( 'NONE', #2410, 1.041400000000000100 ) ;
#573 = CARTESIAN_POINT ( 'NONE',  ( 0.7148193617970908200, 0.3301999999999995500, 9.550399999999999800 ) ) ;
#574 = EDGE_LOOP ( 'NONE', ( #692, #1540, #112, #1774 ) ) ;
#575 = CARTESIAN_POINT ( 'NONE',  ( 0.0000000000000000000, 1.524682823169351800E-032, 8.623300000000000400 ) ) ;
#576 = VERTEX_POINT ( 'NONE', #86 ) ;
#577 = CARTESIAN_POINT ( 'NONE',  ( 0.0000000000000000000, 0.0000000000000000000, 9.550399999999999800 ) ) ;
#578 = EDGE_LOOP ( 'NONE', ( #1871, #2483 ) ) ;
#579 = ORIENTED_EDGE ( 'NONE', *, *, #338, .F. ) ;
#580 = B_SPLINE_CURVE_WITH_KNOTS ( 'NONE', 3,
 ( #2451, #1979, #2180, #97, #1263, #239, #2640, #1360, #2358, #90 ),
 .UNSPECIFIED., .F., .F.,
 ( 4, 2, 2, 2, 4 ),
 ( 0.001248373187054384500, 0.001560090085304344400, 0.001871806983554304100, 0.002183523881804263900, 0.002495240780054223600 ),
 .UNSPECIFIED. ) ;
#581 = ORIENTED_EDGE ( 'NONE', *, *, #643, .F. ) ;
#582 = CARTESIAN_POINT ( 'NONE',  ( 0.3145424712210523900, 0.4636276923693594100, 2.704474129844266300 ) ) ;
#583 = DIRECTION ( 'NONE',  ( -0.0000000000000000000, 3.536567796574281500E-033, 1.000000000000000000 ) ) ;
#584 = ORIENTED_EDGE ( 'NONE', *, *, #1365, .F. ) ;
#585 = CARTESIAN_POINT ( 'NONE',  ( 0.6797170062874404700, 0.3304539999999719400, 8.623320638892508300 ) ) ;
#586 = DIRECTION ( 'NONE',  ( -0.0000000000000000000, -3.536567796574281500E-033, -1.000000000000000000 ) ) ;
#587 = EDGE_CURVE ( 'NONE', #1657, #2385, #2147, .T. ) ;
#588 = ORIENTED_EDGE ( 'NONE', *, *, #850, .F. ) ;
#589 = CARTESIAN_POINT ( 'NONE',  ( 0.6550666186896418900, 0.3309159456164628700, 8.200330691318171700 ) ) ;
#590 = CARTESIAN_POINT ( 'NONE',  ( -0.5714999999999997900, -0.1079659781477948600, -0.9270999999999990400 ) ) ;
#591 = CARTESIAN_POINT ( 'NONE',  ( 8.865218179027684200E-017, -0.7238999999999995400, -4.064000000000000100 ) ) ;
#592 = CARTESIAN_POINT ( 'NONE',  ( -0.8636000000080074100, 2.612659329674042900E-012, -0.1396999999824346500 ) ) ;
#593 = CARTESIAN_POINT ( 'NONE',  ( 0.0000000000000000000, -0.8381999999999999500, -1.143000000000000000 ) ) ;
#594 = ADVANCED_FACE ( 'NONE', ( #1225 ), #801, .F. ) ;
#595 = B_SPLINE_CURVE_WITH_KNOTS ( 'NONE', 3,
 ( #1750, #1515, #1139, #513, #2170 ),
 .UNSPECIFIED., .F., .F.,
 ( 4, 1, 4 ),
 ( 0.0000000000000000000, 0.5303499247505153400, 1.000000000000000000 ),
 .UNSPECIFIED. ) ;
#596 = CARTESIAN_POINT ( 'NONE',  ( -0.7769295137571739000, 0.3258428140460638600, 6.591299999999999500 ) ) ;
#597 = CIRCLE ( 'NONE', #2071, 0.9016999999999998300 ) ;
#598 = EDGE_CURVE ( 'NONE', #52, #2550, #1678, .T. ) ;
#599 = LINE ( 'NONE', #1946, #509 ) ;
#600 = CARTESIAN_POINT ( 'NONE',  ( 0.6867400963974654700, 0.3301999999999998300, 7.659046261932961600 ) ) ;
#601 = CARTESIAN_POINT ( 'NONE',  ( 1.104264018791168100E-016, 0.9016999999999998300, 9.550399999999999800 ) ) ;
#602 = CARTESIAN_POINT ( 'NONE',  ( 0.0000000000000000000, 0.3304539999999995800, 0.0000000000000000000 ) ) ;
#603 = CARTESIAN_POINT ( 'NONE',  ( 0.4576025822142946700, 0.3301999999999998800, 7.607300000000000400 ) ) ;
#604 = CARTESIAN_POINT ( 'NONE',  ( -0.02942405673274058400, 0.5320827176456568400, 8.583163495661279900 ) ) ;
#605 = AXIS2_PLACEMENT_3D ( 'NONE', #2459, #2083, #543 ) ;
#606 = CIRCLE ( 'NONE', #958, 0.9016999999999998300 ) ;
#607 = VERTEX_POINT ( 'NONE', #1994 ) ;
#608 = CARTESIAN_POINT ( 'NONE',  ( 0.0000000000000000000, 1.524682823169351800E-032, 8.623300000000000400 ) ) ;
#609 = PRESENTATION_STYLE_ASSIGNMENT (( #711 ) ) ;
#610 = ADVANCED_FACE ( 'NONE', ( #1639 ), #107, .T. ) ;
#611 = CARTESIAN_POINT ( 'NONE',  ( 0.1084373822389012000, 0.5587999999999987400, 2.552700000000001100 ) ) ;
#612 = CARTESIAN_POINT ( 'NONE',  ( 6.998856457127121000E-017, -0.5714999999999997900, -4.064000000000000100 ) ) ;
#613 = CARTESIAN_POINT ( 'NONE',  ( 0.0000000000000000000, 0.0000000000000000000, 1.930399999999998800 ) ) ;
#614 = ORIENTED_EDGE ( 'NONE', *, *, #1077, .T. ) ;
#615 = ORIENTED_EDGE ( 'NONE', *, *, #2030, .T. ) ;
#616 = CARTESIAN_POINT ( 'NONE',  ( 0.6574270653946275900, 0.3304539999999995300, 7.753639016258028400 ) ) ;
#617 = ORIENTED_EDGE ( 'NONE', *, *, #1365, .T. ) ;
#618 = DIRECTION ( 'NONE',  ( 1.000000000000000000, -2.092221828340229600E-016, -0.0000000000000000000 ) ) ;
#619 = ORIENTED_EDGE ( 'NONE', *, *, #1077, .F. ) ;
#620 = PLANE ( 'NONE',  #2595 ) ;
#621 = EDGE_CURVE ( 'NONE', #2550, #52, #1128, .T. ) ;
#622 = ORIENTED_EDGE ( 'NONE', *, *, #643, .T. ) ;
#623 = CARTESIAN_POINT ( 'NONE',  ( 0.3425977971266689900, 0.4422271147183256000, 2.745868112461247600 ) ) ;
#624 = DIRECTION ( 'NONE',  ( -0.0000000000000000000, -0.0000000000000000000, -1.000000000000000000 ) ) ;
#625 = ORIENTED_EDGE ( 'NONE', *, *, #1679, .T. ) ;
#626 = DIRECTION ( 'NONE',  ( 4.796081449551024600E-017, 0.0000000000000000000, 1.000000000000000000 ) ) ;
#627 = AXIS2_PLACEMENT_3D ( 'NONE', #1820, #583, #166 ) ;
#628 = CARTESIAN_POINT ( 'NONE',  ( 0.6666540327629634200, 0.3373046903376801200, 6.591300000000000400 ) ) ;
#629 = ADVANCED_FACE ( 'NONE', ( #447 ), #572, .T. ) ;
#630 = AXIS2_PLACEMENT_3D ( 'NONE', #729, #337, #1349 ) ;
#631 = CARTESIAN_POINT ( 'NONE',  ( -0.7769295137571739000, 0.3301999999999998800, 7.607300000000000400 ) ) ;
#632 = CARTESIAN_POINT ( 'NONE',  ( 0.6867400963974654700, 0.4190999999999998600, 8.623300000000000400 ) ) ;
#633 = CARTESIAN_POINT ( 'NONE',  ( 0.6486288998750457900, 0.3304539999999995800, 7.697086084424774400 ) ) ;
#634 = LINE ( 'NONE', #30, #1729 ) ;
#635 = ADVANCED_FACE ( 'NONE', ( #2572 ), #2673, .T. ) ;
#636 = PLANE ( 'NONE',  #2664 ) ;
#637 = CARTESIAN_POINT ( 'NONE',  ( -0.4508052794721895100, 0.3304539999999996400, 7.633209452268566500 ) ) ;
#638 = CIRCLE ( 'NONE', #545, 0.8636000000000000300 ) ;
#639 = VECTOR ( 'NONE', #500, 1000.000000000000000 ) ;
#640 = CARTESIAN_POINT ( 'NONE',  ( 0.6867400963974654700, 0.3258428140460638600, 6.591299999999999500 ) ) ;
#641 = CARTESIAN_POINT ( 'NONE',  ( -0.7769295137571739000, 0.3301999999999998800, 7.607300000000000400 ) ) ;
#642 = LINE ( 'NONE', #1169, #2636 ) ;
#643 = EDGE_CURVE ( 'NONE', #1213, #1777, #1604, .T. ) ;
#644 = CARTESIAN_POINT ( 'NONE',  ( -0.5378980278545714100, -0.2090935787117309300, -0.8814561335268797900 ) ) ;
#645 = CARTESIAN_POINT ( 'NONE',  ( 0.6867400963974645800, 0.3302000000000001000, 8.524717249551098800 ) ) ;
#646 = CARTESIAN_POINT ( 'NONE',  ( 0.6867400963974663600, 0.3713821105345479500, 8.623300000000000400 ) ) ;
#647 = CIRCLE ( 'NONE', #819, 0.7873999999999999900 ) ;
#648 = EDGE_LOOP ( 'NONE', ( #941, #679, #2442, #1385 ) ) ;
#649 = ORIENTED_EDGE ( 'NONE', *, *, #1696, .F. ) ;
#650 = ADVANCED_FACE ( 'NONE', ( #1066 ), #2117, .F. ) ;
#651 = VERTEX_POINT ( 'NONE', #1252 ) ;
#652 = CARTESIAN_POINT ( 'NONE',  ( 0.6867400963974654700, 0.3280214070230319500, 6.591299999999999500 ) ) ;
#653 = DIRECTION ( 'NONE',  ( 0.0000000000000000000, 0.0000000000000000000, 1.000000000000000000 ) ) ;
#654 = VERTEX_POINT ( 'NONE', #1832 ) ;
#655 = CARTESIAN_POINT ( 'NONE',  ( 0.4632107859104794300, 0.3597049148255935200, 8.434900405810353200 ) ) ;
#656 = CARTESIAN_POINT ( 'NONE',  ( 0.6867400963974645800, 0.3302000000000000500, 6.886341950461456000 ) ) ;
#657 = ORIENTED_EDGE ( 'NONE', *, *, #2605, .T. ) ;
#658 = VERTEX_POINT ( 'NONE', #383 ) ;
#659 = CARTESIAN_POINT ( 'NONE',  ( 6.998856457127123500E-017, -0.5715000000000000100, 2.021148495742201500E-033 ) ) ;
#660 = EDGE_CURVE ( 'NONE', #218, #1559, #2435, .T. ) ;
#661 = CARTESIAN_POINT ( 'NONE',  ( -0.5254003139674259200, 0.4980208733114378500, 8.595481013359727000 ) ) ;
#662 = DIRECTION ( 'NONE',  ( -0.0000000000000000000, -0.0000000000000000000, 1.000000000000000000 ) ) ;
#663 = ADVANCED_FACE ( 'NONE', ( #1004 ), #1449, .T. ) ;
#664 = CARTESIAN_POINT ( 'NONE',  ( -0.5260385384303736300, 0.4203340528384383900, 6.591300000000001300 ) ) ;
#665 = DIRECTION ( 'NONE',  ( 0.0000000000000000000, -1.000000000000000000, 0.0000000000000000000 ) ) ;
#666 = CARTESIAN_POINT ( 'NONE',  ( 0.0000000000000000000, 0.0000000000000000000, 1.930399999999998800 ) ) ;
#667 = CARTESIAN_POINT ( 'NONE',  ( -0.02942405673274058400, 0.5320827176456568400, 6.631436504338720000 ) ) ;
#668 = CARTESIAN_POINT ( 'NONE',  ( -0.7769295137571739000, 0.4190999999999998600, 7.607300000000000400 ) ) ;
#669 = FACE_OUTER_BOUND ( 'NONE', #494, .T. ) ;
#670 = CARTESIAN_POINT ( 'NONE',  ( -0.5237460202583764700, 0.3499564443468201100, 8.336520620579328500 ) ) ;
#671 = CARTESIAN_POINT ( 'NONE',  ( 0.0000000000000000000, -3.781793407588742300E-032, -1.143000000000000000 ) ) ;
#672 = CYLINDRICAL_SURFACE ( 'NONE', #2090, 0.8381999999999999500 ) ;
#673 = EDGE_CURVE ( 'NONE', #1754, #949, #1476, .T. ) ;
#674 = B_SPLINE_CURVE_WITH_KNOTS ( 'NONE', 3,
 ( #566, #997, #1207, #1397 ),
 .UNSPECIFIED., .F., .F.,
 ( 4, 4 ),
 ( 8.673617379884035500E-019, 3.140890150179750300E-005 ),
 .UNSPECIFIED. ) ;
#675 = LINE ( 'NONE', #2551, #1032 ) ;
#676 = CARTESIAN_POINT ( 'NONE',  ( -0.4142469136158404300, 0.3937153095915501000, -0.4800221063647367400 ) ) ;
#677 = VERTEX_POINT ( 'NONE', #820 ) ;
#678 = AXIS2_PLACEMENT_3D ( 'NONE', #2528, #2131, #2139 ) ;
#679 = ORIENTED_EDGE ( 'NONE', *, *, #558, .T. ) ;
#680 = CARTESIAN_POINT ( 'NONE',  ( 0.6867400963974654700, 0.3301999999999999400, 6.591299999999999500 ) ) ;
#681 = ORIENTED_EDGE ( 'NONE', *, *, #199, .T. ) ;
#682 = CARTESIAN_POINT ( 'NONE',  ( -0.7148193617970908200, 0.3304539999999995800, 6.477000000000000300 ) ) ;
#683 = ORIENTED_EDGE ( 'NONE', *, *, #1747, .T. ) ;
#684 = AXIS2_PLACEMENT_3D ( 'NONE', #962, #356, #555 ) ;
#685 = VERTEX_POINT ( 'NONE', #1054 ) ;
#686 = ORIENTED_EDGE ( 'NONE', *, *, #1482, .F. ) ;
#687 = DIRECTION ( 'NONE',  ( 1.000000000000000000, 0.0000000000000000000, 0.0000000000000000000 ) ) ;
#688 = ORIENTED_EDGE ( 'NONE', *, *, #265, .F. ) ;
#689 = CARTESIAN_POINT ( 'NONE',  ( 0.6867400963974654700, 0.4190999999999998600, 6.919294037927933500 ) ) ;
#690 = DIRECTION ( 'NONE',  ( 1.000000000000000000, 0.0000000000000000000, 0.0000000000000000000 ) ) ;
#691 = CARTESIAN_POINT ( 'NONE',  ( 3.608299329007762500E-016, 10.00000000000000000, 2.552700000000000600 ) ) ;
#692 = ORIENTED_EDGE ( 'NONE', *, *, #83, .F. ) ;
#693 = CARTESIAN_POINT ( 'NONE',  ( -0.5254003139674259200, 0.4980208733114378500, 8.595481013359727000 ) ) ;
#694 = EDGE_CURVE ( 'NONE', #1559, #2310, #2179, .T. ) ;
#695 = DIRECTION ( 'NONE',  ( 1.000000000000000000, 0.0000000000000000000, -0.0000000000000000000 ) ) ;
#696 = DIRECTION ( 'NONE',  ( 0.0000000000000000000, 0.0000000000000000000, -1.000000000000000000 ) ) ;
#697 = DIRECTION ( 'NONE',  ( -0.0000000000000000000, 3.536567796574281500E-033, 1.000000000000000000 ) ) ;
#698 = AXIS2_PLACEMENT_3D ( 'NONE', #1154, #113, #122 ) ;
#699 = LINE ( 'NONE', #2446, #802 ) ;
#700 = SURFACE_SIDE_STYLE ('',( #1164 ) ) ;
#701 = FACE_OUTER_BOUND ( 'NONE', #2151, .T. ) ;
#702 = CARTESIAN_POINT ( 'NONE',  ( -0.5224571866105608400, 0.4321111640073947400, 7.015160834495235400 ) ) ;
#703 = CONICAL_SURFACE ( 'NONE', #1431, 0.5587999999999981900, 1.029744258676659400 ) ;
#704 = CARTESIAN_POINT ( 'NONE',  ( -0.4508052794721895100, 0.3304539999999996400, 7.581390547731431600 ) ) ;
#705 = CARTESIAN_POINT ( 'NONE',  ( 0.4508052794721894600, 0.3304539999999995800, 6.477000000000000300 ) ) ;
#706 = CARTESIAN_POINT ( 'NONE',  ( -0.5234847885898967800, 0.4376614714518519100, 8.341836437459910800 ) ) ;
#707 = EDGE_CURVE ( 'NONE', #190, #2385, #1097, .T. ) ;
#708 = ORIENTED_EDGE ( 'NONE', *, *, #2001, .F. ) ;
#709 = CARTESIAN_POINT ( 'NONE',  ( 0.7148193617970908200, 1.524682823169351800E-032, 6.591299999999999500 ) ) ;
#710 = ORIENTED_EDGE ( 'NONE', *, *, #83, .T. ) ;
#711 = SURFACE_STYLE_USAGE ( .BOTH. , #700 ) ;
#712 = ORIENTED_EDGE ( 'NONE', *, *, #2150, .F. ) ;
#713 = CARTESIAN_POINT ( 'NONE',  ( -0.7769295137571739000, 0.4190999999999998600, 6.591299999999999500 ) ) ;
#714 = CARTESIAN_POINT ( 'NONE',  ( 0.0000000000000000000, -1.437261152527788000E-032, -4.064000000000000100 ) ) ;
#715 = ORIENTED_EDGE ( 'NONE', *, *, #99, .F. ) ;
#716 = CARTESIAN_POINT ( 'NONE',  ( -0.03002009159175237200, 0.4128119961179318500, 7.918791569768179900 ) ) ;
#717 = VERTEX_POINT ( 'NONE', #628 ) ;
#718 = ORIENTED_EDGE ( 'NONE', *, *, #1899, .T. ) ;
#719 = CARTESIAN_POINT ( 'NONE',  ( 0.0000000000000000000, -3.099094360138043000E-032, 0.7874000000000005400 ) ) ;
#720 = CARTESIAN_POINT ( 'NONE',  ( 0.0000000000000000000, -0.9016999999999998300, 8.960973407305122200 ) ) ;
#721 = DIRECTION ( 'NONE',  ( 0.0000000000000000000, -1.000000000000000000, 3.536567796574281500E-033 ) ) ;
#722 = CARTESIAN_POINT ( 'NONE',  ( 0.6755065237178311500, 0.3263658628846953800, 7.197763045949425700 ) ) ;
#723 = EDGE_CURVE ( 'NONE', #1777, #2193, #514, .T. ) ;
#724 = CARTESIAN_POINT ( 'NONE',  ( -0.6843533581417115000, 0.3895572533394682200, 8.746157253339468700 ) ) ;
#725 = CARTESIAN_POINT ( 'NONE',  ( -0.7769295137571743400, 0.4191000000000000800, 7.936387494261677700 ) ) ;
#726 = FACE_OUTER_BOUND ( 'NONE', #45, .T. ) ;
#727 = PRESENTATION_LAYER_ASSIGNMENT (  '', '', ( #1045 ) ) ;
#728 = DIRECTION ( 'NONE',  ( -0.0000000000000000000, 3.536567796574281500E-033, 1.000000000000000000 ) ) ;
#729 = CARTESIAN_POINT ( 'NONE',  ( 0.0000000000000000000, 0.8381999999999999500, -4.064000000000000100 ) ) ;
#730 = DIRECTION ( 'NONE',  ( -0.0000000000000000000, -1.000000000000000000, -0.0000000000000000000 ) ) ;
#731 = AXIS2_PLACEMENT_3D ( 'NONE', #538, #303, #769 ) ;
#732 = CIRCLE ( 'NONE', #2158, 0.5587999999999987400 ) ;
#733 = PLANE ( 'NONE',  #2503 ) ;
#734 = LINE ( 'NONE', #1589, #1769 ) ;
#735 = FACE_OUTER_BOUND ( 'NONE', #1838, .T. ) ;
#736 = DIRECTION ( 'NONE',  ( 0.0000000000000000000, 0.0000000000000000000, -1.000000000000000000 ) ) ;
#737 = CARTESIAN_POINT ( 'NONE',  ( 0.7147019755702374000, 0.3304539999999995800, 8.737600000000000500 ) ) ;
#738 = ORIENTED_EDGE ( 'NONE', *, *, #567, .F. ) ;
#739 = VECTOR ( 'NONE', #1649, 1000.000000000000100 ) ;
#740 = DIRECTION ( 'NONE',  ( -0.0000000000000000000, -1.000000000000000000, -0.0000000000000000000 ) ) ;
#741 = CARTESIAN_POINT ( 'NONE',  ( -0.02979742805383827800, 0.4075719928828748200, 8.178320788037465800 ) ) ;
#742 = ORIENTED_EDGE ( 'NONE', *, *, #1602, .T. ) ;
#743 = CARTESIAN_POINT ( 'NONE',  ( 0.0000000000000000000, -2.784693483022591600E-033, 8.762999999999999900 ) ) ;
#744 = EDGE_CURVE ( 'NONE', #908, #876, #2239, .T. ) ;
#745 = EDGE_LOOP ( 'NONE', ( #2129, #1965, #2444, #1835 ) ) ;
#746 = VERTEX_POINT ( 'NONE', #1467 ) ;
#747 = CARTESIAN_POINT ( 'NONE',  ( 0.6657474118539841200, 0.3306171251344500200, 7.863590947957950700 ) ) ;
#748 = CARTESIAN_POINT ( 'NONE',  ( 0.0000000000000000000, 0.0000000000000000000, 9.550399999999999800 ) ) ;
#749 = AXIS2_PLACEMENT_3D ( 'NONE', #602, #2341, #902 ) ;
#750 = CARTESIAN_POINT ( 'NONE',  ( 6.998856457127119800E-017, -0.5714999999999995600, -3.911600000000000400 ) ) ;
#751 = ORIENTED_EDGE ( 'NONE', *, *, #587, .T. ) ;
#752 = APPLICATION_CONTEXT ( 'automotive_design' ) ;
#753 = DIRECTION ( 'NONE',  ( 0.0000000000000000000, 0.0000000000000000000, -1.000000000000000000 ) ) ;
#754 = ORIENTED_EDGE ( 'NONE', *, *, #1498, .F. ) ;
#755 = DIRECTION ( 'NONE',  ( -0.0000000000000000000, -1.000000000000000000, -0.0000000000000000000 ) ) ;
#756 = CARTESIAN_POINT ( 'NONE',  ( -0.3821648034918149800, 0.4085174242834118700, 2.839062223216016100 ) ) ;
#757 = CARTESIAN_POINT ( 'NONE',  ( -0.7148193617970909400, 0.3304539999999995800, 7.554009461335197400 ) ) ;
#758 = DIRECTION ( 'NONE',  ( 0.0000000000000000000, -1.000000000000000000, 0.0000000000000000000 ) ) ;
#759 = EDGE_CURVE ( 'NONE', #562, #2193, #2091, .T. ) ;
#760 = VECTOR ( 'NONE', #1815, 1000.000000000000000 ) ;
#761 = CARTESIAN_POINT ( 'NONE',  ( -0.4508052794721894600, 0.3304539999999995800, 8.737600000000000500 ) ) ;
#762 = FACE_OUTER_BOUND ( 'NONE', #1275, .T. ) ;
#763 = CARTESIAN_POINT ( 'NONE',  ( -0.5714999999999997900, 4.820877453534699600E-017, -0.1396999999999991900 ) ) ;
#764 = CARTESIAN_POINT ( 'NONE',  ( 0.6867400963973995200, 0.4190999999999999200, 7.607300000000006600 ) ) ;
#765 = DIRECTION ( 'NONE',  ( -1.000000000000000000, 0.0000000000000000000, 0.0000000000000000000 ) ) ;
#766 =( GEOMETRIC_REPRESENTATION_CONTEXT ( 3 ) GLOBAL_UNCERTAINTY_ASSIGNED_CONTEXT ( ( #2110 ) ) GLOBAL_UNIT_ASSIGNED_CONTEXT ( ( #108, #2194, #329 ) ) REPRESENTATION_CONTEXT ( 'NONE', 'WORKASPACE' ) );
#767 = FACE_OUTER_BOUND ( 'NONE', #48, .T. ) ;
#768 = FACE_BOUND ( 'NONE', #287, .T. ) ;
#769 = DIRECTION ( 'NONE',  ( 0.0000000000000000000, 0.0000000000000000000, 1.000000000000000000 ) ) ;
#770 = CARTESIAN_POINT ( 'NONE',  ( 0.0000000000000000000, -2.874522305055578400E-033, 8.737600000000000500 ) ) ;
#771 = LINE ( 'NONE', #853, #2472 ) ;
#772 = B_SPLINE_CURVE_WITH_KNOTS ( 'NONE', 3,
 ( #1230, #1008, #1000, #2651, #789, #1398, #1609, #367 ),
 .UNSPECIFIED., .F., .F.,
 ( 4, 2, 2, 4 ),
 ( 0.0000000000000000000, 6.696287603510327800E-005, 0.0001339257520702065600, 0.0002678515041404131100 ),
 .UNSPECIFIED. ) ;
#773 = EDGE_LOOP ( 'NONE', ( #889, #121, #615, #1167 ) ) ;
#774 = ORIENTED_EDGE ( 'NONE', *, *, #1621, .F. ) ;
#775 = CARTESIAN_POINT ( 'NONE',  ( -0.7769295137571739000, 0.3301999999999999400, 8.623300000000000400 ) ) ;
#776 = DIRECTION ( 'NONE',  ( 0.0000000000000000000, 1.000000000000000000, 0.0000000000000000000 ) ) ;
#777 = CARTESIAN_POINT ( 'NONE',  ( -0.7930288796291074000, -0.3501764672436841200, -0.7398737564821640200 ) ) ;
#778 = ORIENTED_EDGE ( 'NONE', *, *, #1267, .T. ) ;
#779 = CARTESIAN_POINT ( 'NONE',  ( -0.3936763316927659500, 0.3965808706603142800, 2.892427081070567200 ) ) ;
#780 = EDGE_CURVE ( 'NONE', #1039, #1406, #40, .T. ) ;
#781 = EDGE_LOOP ( 'NONE', ( #1331, #455, #1453, #1779 ) ) ;
#782 = ORIENTED_EDGE ( 'NONE', *, *, #1390, .T. ) ;
#783 = AXIS2_PLACEMENT_3D ( 'NONE', #671, #245, #471 ) ;
#784 = CARTESIAN_POINT ( 'NONE',  ( -0.7207976635030471900, -0.4521963492649489500, 8.623300000000000400 ) ) ;
#785 = DIRECTION ( 'NONE',  ( 0.0000000000000000000, 0.0000000000000000000, 1.000000000000000000 ) ) ;
#786 = EDGE_LOOP ( 'NONE', ( #1587, #2649, #460 ) ) ;
#787 = CARTESIAN_POINT ( 'NONE',  ( 0.6547957027910558100, 0.3304539999999425200, 7.715930690142435800 ) ) ;
#788 = CARTESIAN_POINT ( 'NONE',  ( 0.0000000000000000000, -1.113877393209035300E-032, 6.400800000000002000 ) ) ;
#789 = CARTESIAN_POINT ( 'NONE',  ( -0.6071871793034882000, 0.3304540000000005300, 7.580349874398459400 ) ) ;
#790 = CARTESIAN_POINT ( 'NONE',  ( -0.8636000000004239200, -0.1040950374406887000, -0.1396999999990696200 ) ) ;
#791 = B_SPLINE_SURFACE_WITH_KNOTS ( 'NONE', 3, 3, ( 
 ( #713, #2135, #273, #1313, #505 ),
 ( #279, #899, #264, #1717, #258 ),
 ( #36, #891, #1725, #53, #58 ),
 ( #2127, #2315, #2330, #921, #1095 ),
 ( #1936, #470, #1734, #2338, #1508 ),
 ( #1107, #1526, #1517, #1706, #689 ),
 ( #1115, #702, #497, #1299, #1121 ),
 ( #2529, #2556, #43, #1323, #477 ),
 ( #1947, #2143, #290, #2348, #1921 ),
 ( #2119, #2325, #2535, #488, #1927 ),
 ( #320, #91, #309, #516, #1141 ),
 ( #1558, #1130, #2365, #1953, #2173 ) ),
 .UNSPECIFIED., .F., .F., .F.,
 ( 4, 1, 1, 1, 2, 1, 1, 1, 4 ),
 ( 4, 1, 4 ),
 ( 0.08118478167702815300, 0.1624056888445825600, 0.2436265960121369900, 0.3248475031796914100, 0.4060684103472458300, 0.5545513077604343800, 0.7030342051736229200, 0.8515171025868114600, 1.000000000000000000 ),
 ( 0.0000000000000000000, 0.5303499247505153400, 1.000000000000000000 ),
 .UNSPECIFIED. ) ;
#792 = ORIENTED_EDGE ( 'NONE', *, *, #2227, .T. ) ;
#793 = CARTESIAN_POINT ( 'NONE',  ( -0.1069140002973116100, 0.5507202391077438100, 3.328841578196771100 ) ) ;
#794 = CARTESIAN_POINT ( 'NONE',  ( -0.4508052794721894600, 0.3301999999999995500, 8.737600000000000500 ) ) ;
#795 = ADVANCED_FACE ( 'NONE', ( #934 ), #373, .T. ) ;
#796 = CARTESIAN_POINT ( 'NONE',  ( 0.6666512589662008100, 0.3373039330343415900, 8.623240068935075400 ) ) ;
#797 = CARTESIAN_POINT ( 'NONE',  ( 0.4508052794721894600, 0.3304539999999995800, 6.477000000000000300 ) ) ;
#798 = EDGE_CURVE ( 'NONE', #917, #654, #1960, .T. ) ;
#799 = CARTESIAN_POINT ( 'NONE',  ( -0.03014981070904995300, 0.3269647123401193100, 7.768263909349568200 ) ) ;
#800 = CARTESIAN_POINT ( 'NONE',  ( 0.6890847262855274200, 0.3809999999999995600, 8.737600000000000500 ) ) ;
#801 = PLANE ( 'NONE',  #2004 ) ;
#802 = VECTOR ( 'NONE', #1025, 1000.000000000000000 ) ;
#803 = AXIS2_PLACEMENT_3D ( 'NONE', #810, #1665, #2662 ) ;
#804 = CYLINDRICAL_SURFACE ( 'NONE', #858, 0.5587999999999987400 ) ;
#805 = ADVANCED_FACE ( 'NONE', ( #735 ), #1738, .T. ) ;
#806 = CARTESIAN_POINT ( 'NONE',  ( 0.0000000000000000000, -3.772810525385443400E-032, -1.117599999999999900 ) ) ;
#807 = DIRECTION ( 'NONE',  ( 1.000000000000000000, -0.0000000000000000000, -0.0000000000000000000 ) ) ;
#808 = ORIENTED_EDGE ( 'NONE', *, *, #1215, .T. ) ;
#809 = FACE_OUTER_BOUND ( 'NONE', #1412, .T. ) ;
#810 = CARTESIAN_POINT ( 'NONE',  ( 3.608299329007762500E-016, 10.00000000000000000, 2.946400000000001000 ) ) ;
#811 = DIRECTION ( 'NONE',  ( -0.0000000000000000000, -3.536567796574281500E-033, -1.000000000000000000 ) ) ;
#812 = EDGE_LOOP ( 'NONE', ( #981, #1326, #2409 ) ) ;
#813 = VERTEX_POINT ( 'NONE', #2350 ) ;
#814 = ORIENTED_EDGE ( 'NONE', *, *, #2642, .T. ) ;
#815 = EDGE_CURVE ( 'NONE', #2245, #1713, #1065, .T. ) ;
#816 = CARTESIAN_POINT ( 'NONE',  ( 0.6567168554350932800, 0.3322158784792494400, 8.318823619020900400 ) ) ;
#817 = ORIENTED_EDGE ( 'NONE', *, *, #673, .T. ) ;
#818 = CARTESIAN_POINT ( 'NONE',  ( 0.6867400963974654700, 0.3301999999999996000, 8.074259594681320700 ) ) ;
#819 = AXIS2_PLACEMENT_3D ( 'NONE', #1722, #473, #1317 ) ;
#820 = CARTESIAN_POINT ( 'NONE',  ( 1.057604975743654300E-016, 0.8636000000000000300, -1.117599999999999900 ) ) ;
#821 = EDGE_LOOP ( 'NONE', ( #2415, #2026, #2580 ) ) ;
#822 = ADVANCED_FACE ( 'NONE', ( #2508 ), #703, .F. ) ;
#823 = CARTESIAN_POINT ( 'NONE',  ( -0.7769295137571735600, 0.3968749999999997600, 8.623300000000000400 ) ) ;
#824 = DIRECTION ( 'NONE',  ( 0.0000000000000000000, 0.0000000000000000000, 1.000000000000000000 ) ) ;
#825 = DIRECTION ( 'NONE',  ( -0.0000000000000000000, 3.536567796574281500E-033, 1.000000000000000000 ) ) ;
#826 = CARTESIAN_POINT ( 'NONE',  ( 0.6797170062874404700, 0.3304539999999719400, 8.623320638892508300 ) ) ;
#827 = CARTESIAN_POINT ( 'NONE',  ( -0.03028728783725136500, 0.3301999999999998800, 7.607300000000000400 ) ) ;
#828 = CARTESIAN_POINT ( 'NONE',  ( 0.0000000000000000000, 0.0000000000000000000, 8.737600000000000500 ) ) ;
#829 = EDGE_CURVE ( 'NONE', #1388, #1039, #311, .T. ) ;
#830 = CARTESIAN_POINT ( 'NONE',  ( 0.6619571528565345600, 0.3360220526822669300, 8.521816394837877300 ) ) ;
#831 = LINE ( 'NONE', #2326, #203 ) ;
#832 = CARTESIAN_POINT ( 'NONE',  ( 0.6666540327629634200, 0.3373046903376801200, 6.591300000000000400 ) ) ;
#833 = EDGE_CURVE ( 'NONE', #1322, #1997, #345, .T. ) ;
#834 = LINE ( 'NONE', #761, #205 ) ;
#835 = DIRECTION ( 'NONE',  ( -0.0000000000000000000, -0.0000000000000000000, 1.000000000000000000 ) ) ;
#836 = CARTESIAN_POINT ( 'NONE',  ( -0.5185775486925957600, 0.3314171765083683300, 7.554819988900039400 ) ) ;
#837 = CARTESIAN_POINT ( 'NONE',  ( 0.4642816194198877700, 0.4494318454386542800, 8.610473741150775200 ) ) ;
#838 = AXIS2_PLACEMENT_3D ( 'NONE', #2223, #2671, #994 ) ;
#839 = VECTOR ( 'NONE', #1178, 1000.000000000000000 ) ;
#840 = ADVANCED_FACE ( 'NONE', ( #2430 ), #2021, .F. ) ;
#841 = LINE ( 'NONE', #1723, #2309 ) ;
#842 = CARTESIAN_POINT ( 'NONE',  ( 0.4642816194198877700, 0.4494318454386542800, 6.604126258849225600 ) ) ;
#843 = CARTESIAN_POINT ( 'NONE',  ( 1.104264018791168100E-016, 0.9016999999999998300, 9.258300000000000200 ) ) ;
#844 = EDGE_LOOP ( 'NONE', ( #524, #2382 ) ) ;
#845 = VERTEX_POINT ( 'NONE', #704 ) ;
#846 = EDGE_LOOP ( 'NONE', ( #2221, #315 ) ) ;
#847 = ADVANCED_FACE ( 'NONE', ( #512 ), #1798, .T. ) ;
#848 = CARTESIAN_POINT ( 'NONE',  ( -0.5254534993393380500, 0.4915469716053546000, 8.597799262246415000 ) ) ;
#849 = ORIENTED_EDGE ( 'NONE', *, *, #1143, .F. ) ;
#850 = EDGE_CURVE ( 'NONE', #2644, #2550, #1829, .T. ) ;
#851 = VERTEX_POINT ( 'NONE', #1635 ) ;
#852 = CARTESIAN_POINT ( 'NONE',  ( -0.02939362075151264600, 0.5054738215139638100, 6.597989417389787700 ) ) ;
#853 = CARTESIAN_POINT ( 'NONE',  ( 0.0000000000000000000, 0.3304539999999995800, 6.591299999999999500 ) ) ;
#854 = VERTEX_POINT ( 'NONE', #1038 ) ;
#855 = ADVANCED_FACE ( 'NONE', ( #2537, #768, #369 ), #804, .F. ) ;
#856 = CARTESIAN_POINT ( 'NONE',  ( 0.6867400963974654700, 0.3301999999999998800, 8.623300000000000400 ) ) ;
#857 = CARTESIAN_POINT ( 'NONE',  ( 0.7148193617970908200, 0.3301999999999995500, 8.737600000000000500 ) ) ;
#858 = AXIS2_PLACEMENT_3D ( 'NONE', #2036, #1413, #1433 ) ;
#859 = CARTESIAN_POINT ( 'NONE',  ( 0.4638874971921829200, 0.3809068959495188200, 6.683202886533922400 ) ) ;
#860 = EDGE_LOOP ( 'NONE', ( #1074, #1873, #425, #2648, #87, #492, #2646, #1319, #361, #1297, #1420, #751, #1716, #2183, #260 ) ) ;
#861 = CARTESIAN_POINT ( 'NONE',  ( -0.5260541788278169100, 0.4184302512469259500, 6.590618264916527000 ) ) ;
#862 = DIRECTION ( 'NONE',  ( -1.000000000000000000, 0.0000000000000000000, 0.0000000000000000000 ) ) ;
#863 = CARTESIAN_POINT ( 'NONE',  ( -0.5245101929823754400, 0.3650767779383879400, 8.435610900405022200 ) ) ;
#864 = CARTESIAN_POINT ( 'NONE',  ( -0.3502408016156495800, 0.8343065431999247000, 2.739977482554867300 ) ) ;
#865 = CARTESIAN_POINT ( 'NONE',  ( 0.7494410588864090000, 0.0000000000000000000, 9.550399999999999800 ) ) ;
#866 = ADVANCED_FACE ( 'NONE', ( #1990 ), #620, .T. ) ;
#867 = B_SPLINE_CURVE_WITH_KNOTS ( 'NONE', 3,
 ( #1465, #1684, #2089, #864, #2270, #2290, #2682, #1281, #21, #2691 ),
 .UNSPECIFIED., .F., .F.,
 ( 4, 2, 2, 2, 4 ),
 ( 8.744558410380745300E-021, 0.0003116990856701831600, 0.0006233981713403663200, 0.0009350972570105495300, 0.001246796342680732600 ),
 .UNSPECIFIED. ) ;
#868 = CARTESIAN_POINT ( 'NONE',  ( 0.4639990303658856900, 0.4888457014281217800, 8.597647482301553600 ) ) ;
#869 = VECTOR ( 'NONE', #2134, 1000.000000000000000 ) ;
#870 = MECHANICAL_DESIGN_GEOMETRIC_PRESENTATION_REPRESENTATION (  '', ( #1045 ), #256 ) ;
#871 = CARTESIAN_POINT ( 'NONE',  ( 0.0000000000000000000, -0.7873999999999999900, 9.550399999999999800 ) ) ;
#872 = CARTESIAN_POINT ( 'NONE',  ( 0.0000000000000000000, -3.278752004204016800E-033, 8.623300000000000400 ) ) ;
#873 = LINE ( 'NONE', #2187, #246 ) ;
#874 = EDGE_LOOP ( 'NONE', ( #1104, #2447, #254, #145 ) ) ;
#875 = LINE ( 'NONE', #1148, #1101 ) ;
#876 = VERTEX_POINT ( 'NONE', #2237 ) ;
#877 = EDGE_LOOP ( 'NONE', ( #2248, #1844, #718 ) ) ;
#878 = CARTESIAN_POINT ( 'NONE',  ( -0.7769295137571739000, 0.3280214070230319500, 6.591299999999999500 ) ) ;
#879 = CARTESIAN_POINT ( 'NONE',  ( -0.7148193617970908200, 0.3304539999999995800, 7.660590538664803400 ) ) ;
#880 =( BOUNDED_CURVE ( )  B_SPLINE_CURVE ( 3, ( #1789, #1971, #1565, #2163 ),
 .UNSPECIFIED., .F., .F. ) 
 B_SPLINE_CURVE_WITH_KNOTS ( ( 4, 4 ),
 ( 1.028471024020049400, 1.065723737049031100 ),
 .UNSPECIFIED. ) 
 CURVE ( )  GEOMETRIC_REPRESENTATION_ITEM ( )  RATIONAL_B_SPLINE_CURVE ( ( 1.000000000000000000, 0.9998843562911865500, 0.9998843562911865500, 1.000000000000000000 ) ) 
 REPRESENTATION_ITEM ( '' )  );
#881 = VERTEX_POINT ( 'NONE', #2658 ) ;
#882 = CARTESIAN_POINT ( 'NONE',  ( -0.02941668736936541000, 0.4703041791904860600, 8.599210595581178400 ) ) ;
#883 = DIRECTION ( 'NONE',  ( 0.0000000000000000000, -1.000000000000000000, 0.0000000000000000000 ) ) ;
#884 = VERTEX_POINT ( 'NONE', #2450 ) ;
#885 = ORIENTED_EDGE ( 'NONE', *, *, #444, .T. ) ;
#886 = CARTESIAN_POINT ( 'NONE',  ( 0.6757825560087703500, 0.3268081308273104700, 8.323391046536059400 ) ) ;
#887 = CARTESIAN_POINT ( 'NONE',  ( -0.02946057991021298200, 0.5640133930036889100, 8.543026991322562900 ) ) ;
#888 = EDGE_CURVE ( 'NONE', #1411, #147, #2469, .T. ) ;
#889 = ORIENTED_EDGE ( 'NONE', *, *, #1061, .F. ) ;
#890 = CARTESIAN_POINT ( 'NONE',  ( -0.4581946852455935400, 0.3425351644174060600, -0.7340391861359387700 ) ) ;
#891 = CARTESIAN_POINT ( 'NONE',  ( -0.5247618055082493600, 0.4704886031344698300, 6.700119643513697400 ) ) ;
#892 = AXIS2_PLACEMENT_3D ( 'NONE', #1908, #1477, #1896 ) ;
#893 = CARTESIAN_POINT ( 'NONE',  ( 0.6598342347908494600, 0.3355255640405674400, 8.475037366195035600 ) ) ;
#894 =( BOUNDED_CURVE ( )  B_SPLINE_CURVE ( 3, ( #1918, #1105, #255, #1704 ),
 .UNSPECIFIED., .F., .T. ) 
 B_SPLINE_CURVE_WITH_KNOTS ( ( 4, 4 ),
 ( 5.446948005238658300, 6.283185307179586200 ),
 .UNSPECIFIED. ) 
 CURVE ( )  GEOMETRIC_REPRESENTATION_ITEM ( )  RATIONAL_B_SPLINE_CURVE ( ( 1.000000000000000000, 0.9425696424436843500, 0.9425696424436843500, 1.000000000000000000 ) ) 
 REPRESENTATION_ITEM ( '' )  );
#895 = CIRCLE ( 'NONE', #2292, 0.5714999999999995600 ) ;
#896 = CARTESIAN_POINT ( 'NONE',  ( -0.1729429791106555600, 0.6340230769230751400, 8.990623076923075300 ) ) ;
#897 = DIRECTION ( 'NONE',  ( 1.000000000000000000, 0.0000000000000000000, 0.0000000000000000000 ) ) ;
#898 = FACE_OUTER_BOUND ( 'NONE', #2208, .T. ) ;
#899 = CARTESIAN_POINT ( 'NONE',  ( -0.5251874778143669200, 0.4881873308688830000, 6.645621659793230900 ) ) ;
#900 = FACE_OUTER_BOUND ( 'NONE', #2256, .T. ) ;
#901 = EDGE_CURVE ( 'NONE', #2027, #218, #208, .T. ) ;
#902 = DIRECTION ( 'NONE',  ( 0.0000000000000000000, -0.0000000000000000000, 1.000000000000000000 ) ) ;
#903 = VECTOR ( 'NONE', #1337, 1000.000000000000000 ) ;
#904 = DIRECTION ( 'NONE',  ( 1.000000000000000000, -0.0000000000000000000, -0.0000000000000000000 ) ) ;
#905 = AXIS2_PLACEMENT_3D ( 'NONE', #1492, #2328, #1893 ) ;
#906 = VECTOR ( 'NONE', #195, 1000.000000000000000 ) ;
#907 = ORIENTED_EDGE ( 'NONE', *, *, #2457, .T. ) ;
#908 = VERTEX_POINT ( 'NONE', #180 ) ;
#909 = VERTEX_POINT ( 'NONE', #336 ) ;
#910 = ORIENTED_EDGE ( 'NONE', *, *, #1712, .F. ) ;
#911 = CARTESIAN_POINT ( 'NONE',  ( -0.6445797390548356800, -0.4064000000000000400, 8.623300000000000400 ) ) ;
#912 = ORIENTED_EDGE ( 'NONE', *, *, #598, .F. ) ;
#913 = DIRECTION ( 'NONE',  ( -1.000000000000000000, 0.0000000000000000000, 0.0000000000000000000 ) ) ;
#914 = CARTESIAN_POINT ( 'NONE',  ( 0.2065231206846189800, 0.8810024701433204500, 3.296797106082774300 ) ) ;
#915 = CARTESIAN_POINT ( 'NONE',  ( -0.7769295137571731200, 0.3302000000000003300, 7.296112350455179500 ) ) ;
#916 = EDGE_CURVE ( 'NONE', #553, #218, #642, .T. ) ;
#917 = VERTEX_POINT ( 'NONE', #118 ) ;
#918 = CARTESIAN_POINT ( 'NONE',  ( 3.698434229207881500E-016, 0.9016999999999998300, 2.552700000000000600 ) ) ;
#919 = CARTESIAN_POINT ( 'NONE',  ( -0.02988649346900461000, 0.4096679941768974800, 8.074181836995711200 ) ) ;
#920 = EDGE_CURVE ( 'NONE', #1364, #1243, #1439, .T. ) ;
#921 = CARTESIAN_POINT ( 'NONE',  ( 0.4628681711655552300, 0.4455989569392896400, 6.784113035131039900 ) ) ;
#922 = DIRECTION ( 'NONE',  ( -0.0000000000000000000, -3.536567796574281500E-033, -1.000000000000000000 ) ) ;
#923 = AXIS2_PLACEMENT_3D ( 'NONE', #1335, #529, #2360 ) ;
#924 = CARTESIAN_POINT ( 'NONE',  ( -0.03028728783725093100, 0.4190999999999999200, 7.607300000000000400 ) ) ;
#925 = FACE_OUTER_BOUND ( 'NONE', #2516, .T. ) ;
#926 = CARTESIAN_POINT ( 'NONE',  ( 0.0000000000000000000, -0.8381999999999999500, -4.064000000000000100 ) ) ;
#927 = DIRECTION ( 'NONE',  ( 0.8571673007021094500, 0.5150380749100590400, 0.0000000000000000000 ) ) ;
#928 = FACE_BOUND ( 'NONE', #114, .T. ) ;
#929 = DIRECTION ( 'NONE',  ( -0.0000000000000000000, -3.536567796574281500E-033, -1.000000000000000000 ) ) ;
#930 = DIRECTION ( 'NONE',  ( -0.8571673007021150000, 1.049727191138621900E-016, 0.5150380749100499400 ) ) ;
#931 = CARTESIAN_POINT ( 'NONE',  ( -1.041400000000000100, 0.0000000000000000000, 8.737600000000000500 ) ) ;
#932 = CARTESIAN_POINT ( 'NONE',  ( 0.3508100065659344700, 0.8341159937737405700, 3.152220967400565200 ) ) ;
#933 = LINE ( 'NONE', #496, #869 ) ;
#934 = FACE_OUTER_BOUND ( 'NONE', #1294, .T. ) ;
#935 = CARTESIAN_POINT ( 'NONE',  ( -0.5230591162837796600, 0.4339410128725080300, 8.282820058173033600 ) ) ;
#936 = EDGE_CURVE ( 'NONE', #2003, #1418, #2367, .T. ) ;
#937 = CARTESIAN_POINT ( 'NONE',  ( 0.6820580014396737700, 0.3304539999999996900, 8.623306124790497400 ) ) ;
#938 = ORIENTED_EDGE ( 'NONE', *, *, #780, .F. ) ;
#939 = DIRECTION ( 'NONE',  ( 1.000000000000000000, 0.0000000000000000000, 0.0000000000000000000 ) ) ;
#940 = AXIS2_PLACEMENT_3D ( 'NONE', #1247, #2250, #2441 ) ;
#941 = ORIENTED_EDGE ( 'NONE', *, *, #1813, .T. ) ;
#942 = CARTESIAN_POINT ( 'NONE',  ( -0.8418036508857440500, -0.2070868790930431000, -0.8832142290339634000 ) ) ;
#943 = VERTEX_POINT ( 'NONE', #750 ) ;
#944 = DIRECTION ( 'NONE',  ( 0.0000000000000000000, -3.536567796574281500E-033, -1.000000000000000000 ) ) ;
#945 = DIRECTION ( 'NONE',  ( 0.0000000000000000000, -1.000000000000000000, 0.0000000000000000000 ) ) ;
#946 = ORIENTED_EDGE ( 'NONE', *, *, #1602, .F. ) ;
#947 = CARTESIAN_POINT ( 'NONE',  ( 0.6867400963974663600, 0.4190999999999996900, 8.101032767484499100 ) ) ;
#948 = DIRECTION ( 'NONE',  ( 0.0000000000000000000, 0.0000000000000000000, -1.000000000000000000 ) ) ;
#949 = VERTEX_POINT ( 'NONE', #1367 ) ;
#950 = ORIENTED_EDGE ( 'NONE', *, *, #2387, .F. ) ;
#951 = CARTESIAN_POINT ( 'NONE',  ( 0.4508052794721894600, 0.3304539999999995800, 8.737600000000000500 ) ) ;
#952 = CARTESIAN_POINT ( 'NONE',  ( 0.4508052794721894600, 0.3301999999999995500, 9.550399999999999800 ) ) ;
#953 = CARTESIAN_POINT ( 'NONE',  ( 1.104259024440942700E-016, 0.9016999999999998300, 3.340100000000001400 ) ) ;
#954 = EDGE_CURVE ( 'NONE', #1201, #1265, #148, .T. ) ;
#955 = CARTESIAN_POINT ( 'NONE',  ( -0.03015368971450230200, 0.4159559980589656600, 7.763485742136481300 ) ) ;
#956 = DIRECTION ( 'NONE',  ( -1.000000000000000000, 0.0000000000000000000, 0.0000000000000000000 ) ) ;
#957 = DIRECTION ( 'NONE',  ( -1.000000000000000000, 0.0000000000000000000, 0.0000000000000000000 ) ) ;
#958 = AXIS2_PLACEMENT_3D ( 'NONE', #2582, #1372, #326 ) ;
#959 = CARTESIAN_POINT ( 'NONE',  ( 0.6753711792658860800, 0.3261414323542194400, 7.863561095225455800 ) ) ;
#960 = DIRECTION ( 'NONE',  ( -0.0000000000000000000, 3.536567796574281500E-033, 1.000000000000000000 ) ) ;
#961 = DIRECTION ( 'NONE',  ( 1.000000000000000000, 0.0000000000000000000, 0.0000000000000000000 ) ) ;
#962 = CARTESIAN_POINT ( 'NONE',  ( 0.0000000000000000000, -2.784693483022591600E-033, 8.762999999999999900 ) ) ;
#963 = AXIS2_PLACEMENT_3D ( 'NONE', #1245, #422, #198 ) ;
#964 = CARTESIAN_POINT ( 'NONE',  ( 0.0000000000000000000, -0.7873999999999999900, 8.762999999999999900 ) ) ;
#965 = CIRCLE ( 'NONE', #923, 0.5715000000000000100 ) ;
#966 = CARTESIAN_POINT ( 'NONE',  ( 0.6551767619104148500, 0.3308354757179026700, 7.333756564382890800 ) ) ;
#967 = CARTESIAN_POINT ( 'NONE',  ( -0.6297614321580526900, 0.3304540000000029700, 7.635814590485994200 ) ) ;
#968 = DIRECTION ( 'NONE',  ( 8.659560562354931600E-017, 0.7071067811865474600, 0.7071067811865475700 ) ) ;
#969 = CARTESIAN_POINT ( 'NONE',  ( -0.7148193617970909400, 0.3303692636329183500, 7.571772973891112800 ) ) ;
#970 = FACE_OUTER_BOUND ( 'NONE', #1237, .T. ) ;
#971 = CYLINDRICAL_SURFACE ( 'NONE', #678, 0.7873999999999999900 ) ;
#972 = CARTESIAN_POINT ( 'NONE',  ( -0.7148193617970908200, 0.3301999999999995500, 7.607299999999999500 ) ) ;
#973 = APPLICATION_PROTOCOL_DEFINITION ( 'draft international standard', 'automotive_design', 1998, #752 ) ;
#974 = LINE ( 'NONE', #2, #2540 ) ;
#975 = CARTESIAN_POINT ( 'NONE',  ( -0.7769295137571739000, 0.3301999999999998800, 7.607300000000000400 ) ) ;
#976 = EDGE_LOOP ( 'NONE', ( #1084, #1934, #2652, #1814 ) ) ;
#977 = DIRECTION ( 'NONE',  ( 0.0000000000000000000, 0.0000000000000000000, -1.000000000000000000 ) ) ;
#978 = EDGE_CURVE ( 'NONE', #658, #9, #2205, .T. ) ;
#979 = EDGE_LOOP ( 'NONE', ( #552, #76, #2588, #2510 ) ) ;
#980 = CARTESIAN_POINT ( 'NONE',  ( 0.6867400963974654700, 0.3301999999999999400, 8.623300000000000400 ) ) ;
#981 = ORIENTED_EDGE ( 'NONE', *, *, #285, .F. ) ;
#982 = AXIS2_PLACEMENT_3D ( 'NONE', #1018, #1618, #1030 ) ;
#983 = EDGE_LOOP ( 'NONE', ( #2476, #2162, #2379, #1751 ) ) ;
#984 = DIRECTION ( 'NONE',  ( 0.0000000000000000000, 0.0000000000000000000, -1.000000000000000000 ) ) ;
#985 = ORIENTED_EDGE ( 'NONE', *, *, #2534, .F. ) ;
#986 = CARTESIAN_POINT ( 'NONE',  ( -0.3147712959492288700, 0.4634853197470475400, 3.188068276194797600 ) ) ;
#987 = CARTESIAN_POINT ( 'NONE',  ( -0.4508052794721894600, 0.3304539999999995800, 6.477000000000000300 ) ) ;
#988 = ORIENTED_EDGE ( 'NONE', *, *, #2211, .T. ) ;
#989 = CARTESIAN_POINT ( 'NONE',  ( -0.7769295137571739000, 0.3301999999999998800, 7.607300000000000400 ) ) ;
#990 = DIRECTION ( 'NONE',  ( 0.0000000000000000000, 1.000000000000000000, 0.0000000000000000000 ) ) ;
#991 = EDGE_CURVE ( 'NONE', #1817, #1047, #2506, .T. ) ;
#992 = CARTESIAN_POINT ( 'NONE',  ( -0.3141814464959191100, 0.4638664625072085300, 2.704030485412769500 ) ) ;
#993 = CIRCLE ( 'NONE', #68, 1.041400000000000100 ) ;
#994 = DIRECTION ( 'NONE',  ( -1.000000000000000000, 0.0000000000000000000, 0.0000000000000000000 ) ) ;
#995 = DIRECTION ( 'NONE',  ( -0.0000000000000000000, -0.0000000000000000000, -1.000000000000000000 ) ) ;
#996 = FACE_OUTER_BOUND ( 'NONE', #1173, .T. ) ;
#997 = CARTESIAN_POINT ( 'NONE',  ( 0.4508052794721894600, 0.3302846570894302200, 7.617769291561197400 ) ) ;
#998 = FACE_OUTER_BOUND ( 'NONE', #1329, .T. ) ;
#999 = CARTESIAN_POINT ( 'NONE',  ( -0.5714999999999997900, -8.768682674862244200E-018, -0.9270999999999991500 ) ) ;
#1000 = CARTESIAN_POINT ( 'NONE',  ( -0.6736563620575029000, 0.3304540000000313300, 7.571978422222576600 ) ) ;
#1001 = CIRCLE ( 'NONE', #1027, 0.7238999999999995400 ) ;
#1002 = DIRECTION ( 'NONE',  ( -0.0000000000000000000, -0.0000000000000000000, 1.000000000000000000 ) ) ;
#1003 = CARTESIAN_POINT ( 'NONE',  ( 0.0000000000000000000, 1.127784303181524300E-065, 9.550399999999999800 ) ) ;
#1004 = FACE_OUTER_BOUND ( 'NONE', #2054, .T. ) ;
#1005 = ORIENTED_EDGE ( 'NONE', *, *, #1143, .T. ) ;
#1006 = ORIENTED_EDGE ( 'NONE', *, *, #1441, .F. ) ;
#1007 = CARTESIAN_POINT ( 'NONE',  ( -0.7148193617970908200, 0.3301999999999995500, 6.477000000000000300 ) ) ;
#1008 = CARTESIAN_POINT ( 'NONE',  ( -0.6961309018283061700, 0.3304539999999995300, 7.567186266347930800 ) ) ;
#1009 = ORIENTED_EDGE ( 'NONE', *, *, #2246, .T. ) ;
#1010 = ORIENTED_EDGE ( 'NONE', *, *, #694, .F. ) ;
#1011 = DIRECTION ( 'NONE',  ( -0.0000000000000000000, -1.000000000000000000, -0.0000000000000000000 ) ) ;
#1012 = DIRECTION ( 'NONE',  ( -1.000000000000000000, 0.0000000000000000000, 0.0000000000000000000 ) ) ;
#1013 = AXIS2_PLACEMENT_3D ( 'NONE', #719, #2584, #75 ) ;
#1014 = ORIENTED_EDGE ( 'NONE', *, *, #2534, .T. ) ;
#1015 = ORIENTED_EDGE ( 'NONE', *, *, #901, .F. ) ;
#1016 = AXIS2_PLACEMENT_3D ( 'NONE', #2445, #2047, #2681 ) ;
#1017 = EDGE_LOOP ( 'NONE', ( #2686, #1583, #2522, #1610 ) ) ;
#1018 = CARTESIAN_POINT ( 'NONE',  ( 0.0000000000000000000, -1.113877393209035900E-032, 6.400800000000000300 ) ) ;
#1019 = DIRECTION ( 'NONE',  ( 0.0000000000000000000, 1.000000000000000000, 0.0000000000000000000 ) ) ;
#1020 = CARTESIAN_POINT ( 'NONE',  ( 0.6867400963974654700, 0.3280214070230319500, 8.623300000000000400 ) ) ;
#1021 = DIRECTION ( 'NONE',  ( 1.000000000000000000, 0.0000000000000000000, -0.0000000000000000000 ) ) ;
#1022 = CARTESIAN_POINT ( 'NONE',  ( 0.1072099331582326700, 0.5506793728272801900, 3.328787043686436400 ) ) ;
#1023 = DIRECTION ( 'NONE',  ( -0.0000000000000000000, 3.536567796574281500E-033, 1.000000000000000000 ) ) ;
#1024 = EDGE_CURVE ( 'NONE', #2123, #1998, #1402, .T. ) ;
#1025 = DIRECTION ( 'NONE',  ( 1.000000000000000000, -0.0000000000000000000, -0.0000000000000000000 ) ) ;
#1026 = CYLINDRICAL_SURFACE ( 'NONE', #459, 0.5714999999999997900 ) ;
#1027 = AXIS2_PLACEMENT_3D ( 'NONE', #1361, #929, #1556 ) ;
#1028 = VECTOR ( 'NONE', #1727, 1000.000000000000000 ) ;
#1029 = DIRECTION ( 'NONE',  ( -1.000000000000000000, 0.0000000000000000000, 0.0000000000000000000 ) ) ;
#1030 = DIRECTION ( 'NONE',  ( 0.0000000000000000000, -1.000000000000000000, 0.0000000000000000000 ) ) ;
#1031 = CARTESIAN_POINT ( 'NONE',  ( 0.6733691942069171000, 0.3344001922720684100, 6.591290322353871500 ) ) ;
#1032 = VECTOR ( 'NONE', #64, 1000.000000000000200 ) ;
#1033 = CARTESIAN_POINT ( 'NONE',  ( -0.5185775486925957600, 0.3314171765083683300, 7.659780011099960500 ) ) ;
#1034 = DIRECTION ( 'NONE',  ( 0.0000000000000000000, -0.0000000000000000000, 1.000000000000000000 ) ) ;
#1035 = ADVANCED_FACE ( 'NONE', ( #1928 ), #1578, .F. ) ;
#1036 = ORIENTED_EDGE ( 'NONE', *, *, #269, .F. ) ;
#1037 = ORIENTED_EDGE ( 'NONE', *, *, #2628, .F. ) ;
#1038 = CARTESIAN_POINT ( 'NONE',  ( -0.7494410588864090000, 9.178005939148438100E-017, 9.550399999999999800 ) ) ;
#1039 = VERTEX_POINT ( 'NONE', #1505 ) ;
#1040 = EDGE_CURVE ( 'NONE', #321, #1226, #2302, .T. ) ;
#1041 = CARTESIAN_POINT ( 'NONE',  ( 0.6666531081782411900, 0.3373044379440127100, 8.623280022977187500 ) ) ;
#1042 = ORIENTED_EDGE ( 'NONE', *, *, #536, .T. ) ;
#1043 = CARTESIAN_POINT ( 'NONE',  ( -0.02978320503384647800, 0.3183372785804376400, 8.194811070242003800 ) ) ;
#1044 = DIRECTION ( 'NONE',  ( 1.000000000000000000, 0.0000000000000000000, 0.0000000000000000000 ) ) ;
#1045 = STYLED_ITEM ( 'NONE', ( #609 ), #355 ) ;
#1046 = DIRECTION ( 'NONE',  ( -1.000000000000000000, 0.0000000000000000000, 0.0000000000000000000 ) ) ;
#1047 = VERTEX_POINT ( 'NONE', #659 ) ;
#1048 = ORIENTED_EDGE ( 'NONE', *, *, #621, .F. ) ;
#1049 = AXIS2_PLACEMENT_3D ( 'NONE', #2586, #785, #1206 ) ;
#1050 = ADVANCED_FACE ( 'NONE', ( #1473 ), #1295, .F. ) ;
#1051 = CARTESIAN_POINT ( 'NONE',  ( 0.6867400963974645800, 0.3524249999999999900, 6.591299999999999500 ) ) ;
#1052 = CARTESIAN_POINT ( 'NONE',  ( -0.7769295137571739000, 0.3302000000000001000, 8.524717249551098800 ) ) ;
#1053 = DIRECTION ( 'NONE',  ( 0.0000000000000000000, 0.0000000000000000000, -1.000000000000000000 ) ) ;
#1054 = CARTESIAN_POINT ( 'NONE',  ( 0.4508052794721894600, 0.3301999999999995500, 6.477000000000000300 ) ) ;
#1055 = CARTESIAN_POINT ( 'NONE',  ( -0.02945449271396765500, 0.5586916137773503300, 8.549716408712349400 ) ) ;
#1056 = DIRECTION ( 'NONE',  ( 1.000000000000000000, -0.0000000000000000000, -0.0000000000000000000 ) ) ;
#1057 = VECTOR ( 'NONE', #421, 1000.000000000000000 ) ;
#1058 = EDGE_CURVE ( 'NONE', #943, #1291, #1599, .T. ) ;
#1059 = ADVANCED_FACE ( 'NONE', ( #1676 ), #2613, .T. ) ;
#1060 = CARTESIAN_POINT ( 'NONE',  ( -0.02938395339158054000, 0.4970220560070914800, 6.587365642003494900 ) ) ;
#1061 = EDGE_CURVE ( 'NONE', #746, #220, #933, .T. ) ;
#1062 = CARTESIAN_POINT ( 'NONE',  ( -0.4508052794721895100, 0.3304539999999995800, 6.477000000000000300 ) ) ;
#1063 = CIRCLE ( 'NONE', #838, 0.7873999999999999900 ) ;
#1064 = AXIS2_PLACEMENT_3D ( 'NONE', #98, #1954, #721 ) ;
#1065 = LINE ( 'NONE', #46, #903 ) ;
#1066 = FACE_OUTER_BOUND ( 'NONE', #2617, .T. ) ;
#1067 = CARTESIAN_POINT ( 'NONE',  ( 0.4645780587894878200, 0.4080862290475245100, 6.590671356637804100 ) ) ;
#1068 = CARTESIAN_POINT ( 'NONE',  ( 0.7668597743105027800, 0.3687233333333333500, 8.623300000000000400 ) ) ;
#1069 = ORIENTED_EDGE ( 'NONE', *, *, #2264, .T. ) ;
#1070 = ORIENTED_EDGE ( 'NONE', *, *, #1215, .F. ) ;
#1071 = ADVANCED_FACE ( 'NONE', ( #1192 ), #2142, .T. ) ;
#1072 = CARTESIAN_POINT ( 'NONE',  ( 0.4643386380466531500, 0.3996531490187300000, 8.593201681987658000 ) ) ;
#1073 = CARTESIAN_POINT ( 'NONE',  ( 0.0000000000000000000, -1.086928746599139900E-032, 6.477000000000000300 ) ) ;
#1074 = ORIENTED_EDGE ( 'NONE', *, *, #2368, .F. ) ;
#1075 = VERTEX_POINT ( 'NONE', #1926 ) ;
#1076 = ORIENTED_EDGE ( 'NONE', *, *, #1595, .T. ) ;
#1077 = EDGE_CURVE ( 'NONE', #2475, #484, #1001, .T. ) ;
#1078 = ORIENTED_EDGE ( 'NONE', *, *, #1728, .T. ) ;
#1079 = CARTESIAN_POINT ( 'NONE',  ( 0.0000000000000000000, 0.0000000000000000000, 9.550399999999999800 ) ) ;
#1080 = ORIENTED_EDGE ( 'NONE', *, *, #936, .F. ) ;
#1081 = CARTESIAN_POINT ( 'NONE',  ( 0.6867400963974654700, 0.3301999999999998800, 8.262595703823347300 ) ) ;
#1082 = CARTESIAN_POINT ( 'NONE',  ( 0.0000000000000000000, -0.9016999999999998300, 9.550399999999999800 ) ) ;
#1083 = AXIS2_PLACEMENT_3D ( 'NONE', #2109, #1274, #2495 ) ;
#1084 = ORIENTED_EDGE ( 'NONE', *, *, #408, .F. ) ;
#1085 = CARTESIAN_POINT ( 'NONE',  ( -0.02945449271396765500, 0.5586916137773503300, 6.664883591287650500 ) ) ;
#1086 = CARTESIAN_POINT ( 'NONE',  ( -0.5714999999999997900, -8.768682674862244200E-018, -0.9270999999999991500 ) ) ;
#1087 = CARTESIAN_POINT ( 'NONE',  ( 0.4506001672403556800, 0.4125320317526483500, 6.591300000000001300 ) ) ;
#1088 = FACE_OUTER_BOUND ( 'NONE', #773, .T. ) ;
#1089 = EDGE_CURVE ( 'NONE', #2003, #2218, #1958, .T. ) ;
#1090 = DIRECTION ( 'NONE',  ( 1.000000000000000000, -0.0000000000000000000, -0.0000000000000000000 ) ) ;
#1091 = CYLINDRICAL_SURFACE ( 'NONE', #1519, 0.8636000000000000300 ) ;
#1092 = LINE ( 'NONE', #2200, #2178 ) ;
#1093 = CARTESIAN_POINT ( 'NONE',  ( 0.0000000000000000000, 0.5714999999999995600, -3.911600000000000400 ) ) ;
#1094 = AXIS2_PLACEMENT_3D ( 'NONE', #2456, #412, #2272 ) ;
#1095 = CARTESIAN_POINT ( 'NONE',  ( 0.6867400963974663600, 0.4190999999999999200, 6.770029423445424600 ) ) ;
#1096 = DIRECTION ( 'NONE',  ( -0.0000000000000000000, -0.0000000000000000000, -1.000000000000000000 ) ) ;
#1097 = LINE ( 'NONE', #1458, #1572 ) ;
#1098 = DIRECTION ( 'NONE',  ( 0.0000000000000000000, -1.000000000000000000, 0.0000000000000000000 ) ) ;
#1099 = AXIS2_PLACEMENT_3D ( 'NONE', #2557, #1937, #2587 ) ;
#1100 = ORIENTED_EDGE ( 'NONE', *, *, #1228, .F. ) ;
#1101 = VECTOR ( 'NONE', #939, 1000.000000000000000 ) ;
#1102 = EDGE_LOOP ( 'NONE', ( #2526, #523, #2098, #221 ) ) ;
#1103 = CARTESIAN_POINT ( 'NONE',  ( 0.4508052794721894600, 0.3304539999999995800, 6.477000000000000300 ) ) ;
#1104 = ORIENTED_EDGE ( 'NONE', *, *, #1933, .T. ) ;
#1105 = CARTESIAN_POINT ( 'NONE',  ( -0.4956066397628163800, 0.7965524758609038300, 9.153152475860903100 ) ) ;
#1106 = VERTEX_POINT ( 'NONE', #1168 ) ;
#1107 = CARTESIAN_POINT ( 'NONE',  ( -0.7769295137571739000, 0.4190999999999998600, 6.919294037927933500 ) ) ;
#1108 = DIRECTION ( 'NONE',  ( -1.000000000000000000, 1.829362495757318100E-015, 0.0000000000000000000 ) ) ;
#1109 = ORIENTED_EDGE ( 'NONE', *, *, #1797, .T. ) ;
#1110 = ORIENTED_EDGE ( 'NONE', *, *, #2426, .T. ) ;
#1111 = CARTESIAN_POINT ( 'NONE',  ( 0.4639990303658856900, 0.4888457014281217800, 8.597647482301553600 ) ) ;
#1112 = EDGE_CURVE ( 'NONE', #813, #1555, #209, .T. ) ;
#1113 = ORIENTED_EDGE ( 'NONE', *, *, #1228, .T. ) ;
#1114 = CARTESIAN_POINT ( 'NONE',  ( -0.4789521609727752600, 0.3143701765614194100, -0.7755593575965078500 ) ) ;
#1115 = CARTESIAN_POINT ( 'NONE',  ( -0.7769295137571739000, 0.4190999999999998600, 7.003960704594600600 ) ) ;
#1116 = DIRECTION ( 'NONE',  ( 0.0000000000000000000, 0.0000000000000000000, 1.000000000000000000 ) ) ;
#1117 = AXIS2_PLACEMENT_3D ( 'NONE', #2598, #1964, #520 ) ;
#1118 = DIRECTION ( 'NONE',  ( -0.0000000000000000000, -0.0000000000000000000, 1.000000000000000000 ) ) ;
#1119 = CARTESIAN_POINT ( 'NONE',  ( -0.7148193617970908200, 0.3304539999999995800, 6.477000000000000300 ) ) ;
#1120 = VECTOR ( 'NONE', #2614, 1000.000000000000000 ) ;
#1121 = CARTESIAN_POINT ( 'NONE',  ( 0.6867400963974654700, 0.4190999999999998600, 7.003960704594600600 ) ) ;
#1122 = DIRECTION ( 'NONE',  ( 0.0000000000000000000, 1.000000000000000000, 0.0000000000000000000 ) ) ;
#1123 = CARTESIAN_POINT ( 'NONE',  ( 0.6554942671592403100, 0.3311473064241992100, 7.197568295776815900 ) ) ;
#1124 = CIRCLE ( 'NONE', #1166, 0.8381999999999999500 ) ;
#1125 = CARTESIAN_POINT ( 'NONE',  ( 0.4586362646520278400, 0.4218826535919476500, 7.769086960299349100 ) ) ;
#1126 = EDGE_CURVE ( 'NONE', #55, #257, #1897, .T. ) ;
#1127 = VECTOR ( 'NONE', #1056, 1000.000000000000000 ) ;
#1128 = CIRCLE ( 'NONE', #2375, 0.9016999999999998300 ) ;
#1129 = CARTESIAN_POINT ( 'NONE',  ( 0.5587999999999981900, 0.0000000000000000000, 1.930399999999998800 ) ) ;
#1130 = CARTESIAN_POINT ( 'NONE',  ( -0.5181771578887973700, 0.4190999999999998100, 7.607300000000000400 ) ) ;
#1131 = CARTESIAN_POINT ( 'NONE',  ( 0.6666540327629634200, 0.3373046903376801200, 8.623300000000000400 ) ) ;
#1132 = ORIENTED_EDGE ( 'NONE', *, *, #1126, .F. ) ;
#1133 = DIRECTION ( 'NONE',  ( 1.000000000000000000, 0.0000000000000000000, 0.0000000000000000000 ) ) ;
#1134 = ORIENTED_EDGE ( 'NONE', *, *, #1498, .T. ) ;
#1135 = CARTESIAN_POINT ( 'NONE',  ( 0.6867400963974654700, 0.4190999999999998600, 7.607300000000000400 ) ) ;
#1136 = ORIENTED_EDGE ( 'NONE', *, *, #2246, .F. ) ;
#1137 = CARTESIAN_POINT ( 'NONE',  ( 1.104264018791168100E-016, 0.9016999999999998300, 9.550399999999999800 ) ) ;
#1138 = ORIENTED_EDGE ( 'NONE', *, *, #469, .F. ) ;
#1139 = CARTESIAN_POINT ( 'NONE',  ( -0.02946057991021298200, 0.5640133930036889100, 6.671573008677437000 ) ) ;
#1140 = ORIENTED_EDGE ( 'NONE', *, *, #2299, .F. ) ;
#1141 = CARTESIAN_POINT ( 'NONE',  ( 0.6867400963974654700, 0.4190999999999998600, 7.552538045244324900 ) ) ;
#1142 = CARTESIAN_POINT ( 'NONE',  ( 0.6665230632488837700, 0.3313356721334538300, 6.891179199716741100 ) ) ;
#1143 = EDGE_CURVE ( 'NONE', #884, #138, #1594, .T. ) ;
#1144 = EDGE_LOOP ( 'NONE', ( #1944, #1170, #1110, #938 ) ) ;
#1145 = CARTESIAN_POINT ( 'NONE',  ( 0.4628681711655552300, 0.4455989569392896400, 8.430486964868960000 ) ) ;
#1146 = ORIENTED_EDGE ( 'NONE', *, *, #815, .T. ) ;
#1147 = AXIS2_PLACEMENT_3D ( 'NONE', #911, #1762, #927 ) ;
#1148 = CARTESIAN_POINT ( 'NONE',  ( 0.4508052794721894600, 0.3304539999999995800, 8.737600000000000500 ) ) ;
#1149 = CARTESIAN_POINT ( 'NONE',  ( -1.041400000000000100, -4.178300000000001000, 4.178300000000012600 ) ) ;
#1150 = CARTESIAN_POINT ( 'NONE',  ( 1.042051961394482800E-016, 0.8381999999999999500, -1.143000000000000000 ) ) ;
#1151 = AXIS2_PLACEMENT_3D ( 'NONE', #534, #736, #2156 ) ;
#1152 = LINE ( 'NONE', #1905, #1057 ) ;
#1153 = CARTESIAN_POINT ( 'NONE',  ( -0.5205117190097592300, 0.4261969985494881700, 7.930289544322181200 ) ) ;
#1154 = CARTESIAN_POINT ( 'NONE',  ( 0.0000000000000000000, 0.0000000000000000000, 1.930399999999998800 ) ) ;
#1155 = CARTESIAN_POINT ( 'NONE',  ( -0.4508052794721894600, 0.3301999999999995500, 6.477000000000000300 ) ) ;
#1156 = CARTESIAN_POINT ( 'NONE',  ( 1.026498947045311500E-016, 0.8381999999999999500, 9.550399999999999800 ) ) ;
#1157 = LINE ( 'NONE', #410, #1796 ) ;
#1158 = CARTESIAN_POINT ( 'NONE',  ( 0.1038222539104705600, 0.9016999999999997200, 3.340100000000001000 ) ) ;
#1159 = LINE ( 'NONE', #2654, #1436 ) ;
#1160 = VECTOR ( 'NONE', #1046, 1000.000000000000000 ) ;
#1161 = DIRECTION ( 'NONE',  ( 0.0000000000000000000, 1.000000000000000000, -3.536567796574280800E-033 ) ) ;
#1162 = EDGE_CURVE ( 'NONE', #1777, #562, #571, .T. ) ;
#1163 = ORIENTED_EDGE ( 'NONE', *, *, #2030, .F. ) ;
#1164 = SURFACE_STYLE_FILL_AREA ( #1525 ) ;
#1165 = CARTESIAN_POINT ( 'NONE',  ( 0.6665230632489740300, 0.3313356721334561100, 8.323420800281159200 ) ) ;
#1166 = AXIS2_PLACEMENT_3D ( 'NONE', #2232, #161, #1426 ) ;
#1167 = ORIENTED_EDGE ( 'NONE', *, *, #149, .F. ) ;
#1168 = CARTESIAN_POINT ( 'NONE',  ( 0.0000000000000000000, -1.041400000000000100, 3.682981703352457200E-033 ) ) ;
#1169 = CARTESIAN_POINT ( 'NONE',  ( 0.0000000000000000000, -0.8381999999999999500, 9.550399999999999800 ) ) ;
#1170 = ORIENTED_EDGE ( 'NONE', *, *, #469, .T. ) ;
#1171 = DIRECTION ( 'NONE',  ( 0.0000000000000000000, 0.0000000000000000000, -1.000000000000000000 ) ) ;
#1172 = DIRECTION ( 'NONE',  ( 0.0000000000000000000, 0.0000000000000000000, -1.000000000000000000 ) ) ;
#1173 = EDGE_LOOP ( 'NONE', ( #427, #1650, #1575, #2220, #556, #2024, #1849, #292, #686, #1809 ) ) ;
#1174 = CARTESIAN_POINT ( 'NONE',  ( -0.3824115041755759600, 0.4082850657364727700, 3.052923401361775600 ) ) ;
#1175 = CARTESIAN_POINT ( 'NONE',  ( -0.6961875859031998500, 0.3304539999999996900, 7.647453700294776400 ) ) ;
#1176 = ORIENTED_EDGE ( 'NONE', *, *, #1886, .T. ) ;
#1177 = ORIENTED_EDGE ( 'NONE', *, *, #567, .T. ) ;
#1178 = DIRECTION ( 'NONE',  ( -1.000000000000000000, 0.0000000000000000000, 0.0000000000000000000 ) ) ;
#1179 = APPLICATION_PROTOCOL_DEFINITION ( 'draft international standard', 'automotive_design', 1998, #2209 ) ;
#1180 = VERTEX_POINT ( 'NONE', #1374 ) ;
#1181 = EDGE_CURVE ( 'NONE', #654, #23, #2569, .T. ) ;
#1182 = CARTESIAN_POINT ( 'NONE',  ( -0.05347095676669096800, 0.5588000000000438200, 3.340100000000064900 ) ) ;
#1183 = CARTESIAN_POINT ( 'NONE',  ( -0.4508052794721895100, 0.3304539999999996400, 7.633209452268566500 ) ) ;
#1184 = DIRECTION ( 'NONE',  ( 0.0000000000000000000, -1.000000000000000000, 0.0000000000000000000 ) ) ;
#1185 = CARTESIAN_POINT ( 'NONE',  ( 0.0000000000000000000, 1.524682823169351800E-032, 8.623300000000000400 ) ) ;
#1186 = CONICAL_SURFACE ( 'NONE', #507, 0.8381999999999999500, 0.7853981633974482800 ) ;
#1187 = CARTESIAN_POINT ( 'NONE',  ( 0.0000000000000000000, -1.113877393209035900E-032, 6.400800000000000300 ) ) ;
#1188 = CARTESIAN_POINT ( 'NONE',  ( 0.6603083622412822000, 0.3304539999999995800, 7.347514006364252600 ) ) ;
#1189 = DIRECTION ( 'NONE',  ( -0.0000000000000000000, 3.536567796574281500E-033, 1.000000000000000000 ) ) ;
#1190 = VECTOR ( 'NONE', #65, 1000.000000000000000 ) ;
#1191 =( BOUNDED_CURVE ( )  B_SPLINE_CURVE ( 3, ( #2369, #724, #294, #537 ),
 .UNSPECIFIED., .F., .T. ) 
 B_SPLINE_CURVE_WITH_KNOTS ( ( 4, 4 ),
 ( 5.217461570130555300, 5.254714283159535700 ),
 .UNSPECIFIED. ) 
 CURVE ( )  GEOMETRIC_REPRESENTATION_ITEM ( )  RATIONAL_B_SPLINE_CURVE ( ( 1.000000000000000000, 0.9998843562911865500, 0.9998843562911865500, 1.000000000000000000 ) ) 
 REPRESENTATION_ITEM ( '' )  );
#1192 = FACE_OUTER_BOUND ( 'NONE', #2061, .T. ) ;
#1193 = B_SPLINE_CURVE_WITH_KNOTS ( 'NONE', 3,
 ( #204, #1423, #397, #2052 ),
 .UNSPECIFIED., .F., .F.,
 ( 4, 4 ),
 ( 0.0000000000000000000, 2.591069726690362000E-005 ),
 .UNSPECIFIED. ) ;
#1194 = EDGE_CURVE ( 'NONE', #2155, #746, #1259, .T. ) ;
#1195 = PLANE ( 'NONE',  #2575 ) ;
#1196 = LINE ( 'NONE', #951, #2370 ) ;
#1197 = CARTESIAN_POINT ( 'NONE',  ( 0.6666521835458048000, 0.3373041855212689000, 6.591339954043053100 ) ) ;
#1198 = ORIENTED_EDGE ( 'NONE', *, *, #1985, .F. ) ;
#1199 = CARTESIAN_POINT ( 'NONE',  ( 0.0000000000000000000, -0.8636000000000000300, -1.117599999999999900 ) ) ;
#1200 = EDGE_CURVE ( 'NONE', #2053, #1266, #353, .T. ) ;
#1201 = VERTEX_POINT ( 'NONE', #1598 ) ;
#1202 = EDGE_LOOP ( 'NONE', ( #2388, #25, #420, #47, #2583, #2095, #1485 ) ) ;
#1203 = PRODUCT_DEFINITION_CONTEXT ( 'detailed design', #2209, 'design' ) ;
#1204 = AXIS2_PLACEMENT_3D ( 'NONE', #1185, #2625, #2638 ) ;
#1205 = ORIENTED_EDGE ( 'NONE', *, *, #2387, .T. ) ;
#1206 = DIRECTION ( 'NONE',  ( 1.000000000000000000, 0.0000000000000000000, 0.0000000000000000000 ) ) ;
#1207 = CARTESIAN_POINT ( 'NONE',  ( 0.4508052794721905100, 0.3303693241925693700, 7.628238583041424500 ) ) ;
#1208 = CARTESIAN_POINT ( 'NONE',  ( -0.5180935028822208900, -0.2445533453798975400, -0.2208750587885800200 ) ) ;
#1209 = EDGE_LOOP ( 'NONE', ( #817, #1014 ) ) ;
#1210 = CARTESIAN_POINT ( 'NONE',  ( 0.6553703942095571200, 0.3310231268962440200, 7.251300191832877200 ) ) ;
#1211 = DIRECTION ( 'NONE',  ( 0.0000000000000000000, 1.000000000000000000, -3.536567796574281500E-033 ) ) ;
#1212 = ORIENTED_EDGE ( 'NONE', *, *, #1496, .F. ) ;
#1213 = VERTEX_POINT ( 'NONE', #1062 ) ;
#1214 = ADVANCED_FACE ( 'NONE', ( #2273 ), #2230, .F. ) ;
#1215 = EDGE_CURVE ( 'NONE', #2186, #1746, #1286, .T. ) ;
#1216 = CARTESIAN_POINT ( 'NONE',  ( 0.6749688559058220100, 0.3304539999999995800, 8.472079074486654100 ) ) ;
#1217 = CARTESIAN_POINT ( 'NONE',  ( 0.6565934448736903100, 0.3304539999999995800, 7.479858420598382000 ) ) ;
#1218 = CARTESIAN_POINT ( 'NONE',  ( 0.6867400963974654700, 0.3301999999999999900, 8.623300000000000400 ) ) ;
#1219 = CARTESIAN_POINT ( 'NONE',  ( 0.0000000000000000000, -0.9016999999999998300, 9.550399999999999800 ) ) ;
#1220 = CARTESIAN_POINT ( 'NONE',  ( -0.5260854596227035900, 0.4146226480639010300, 6.589254794749578500 ) ) ;
#1221 = CONICAL_SURFACE ( 'NONE', #236, 0.7494410588864090000, 0.5235987755982891600 ) ;
#1222 = CYLINDRICAL_SURFACE ( 'NONE', #605, 0.7873999999999999900 ) ;
#1223 = CARTESIAN_POINT ( 'NONE',  ( 0.6867400963974663600, 0.3304539999999995800, 6.591299999999999500 ) ) ;
#1224 = ADVANCED_FACE ( 'NONE', ( #2403 ), #1222, .T. ) ;
#1225 = FACE_OUTER_BOUND ( 'NONE', #786, .T. ) ;
#1226 = VERTEX_POINT ( 'NONE', #2190 ) ;
#1227 = VECTOR ( 'NONE', #533, 1000.000000000000000 ) ;
#1228 = EDGE_CURVE ( 'NONE', #1787, #909, #7, .T. ) ;
#1229 = CARTESIAN_POINT ( 'NONE',  ( 0.2444961780708338200, 0.5041009883909334200, 3.258968801956855900 ) ) ;
#1230 = CARTESIAN_POINT ( 'NONE',  ( -0.7148193617970909400, 0.3304539999999995800, 7.554009461335197400 ) ) ;
#1231 = VERTEX_POINT ( 'NONE', #2006 ) ;
#1232 = ORIENTED_EDGE ( 'NONE', *, *, #503, .T. ) ;
#1233 = CARTESIAN_POINT ( 'NONE',  ( -0.7769295137571739000, 0.3301999999999999400, 8.177929037156680200 ) ) ;
#1234 = CARTESIAN_POINT ( 'NONE',  ( 0.6820580014396476800, 0.3304539999999995800, 6.591293875209502500 ) ) ;
#1235 = EDGE_CURVE ( 'NONE', #318, #1265, #734, .T. ) ;
#1236 = ORIENTED_EDGE ( 'NONE', *, *, #2335, .F. ) ;
#1237 = EDGE_LOOP ( 'NONE', ( #1270, #382, #415, #754 ) ) ;
#1238 = AXIS2_PLACEMENT_3D ( 'NONE', #1369, #1574, #1172 ) ;
#1239 = EDGE_LOOP ( 'NONE', ( #1648, #389, #2581, #2377, #2210, #649 ) ) ;
#1240 = ADVANCED_FACE ( 'NONE', ( #1346 ), #672, .T. ) ;
#1241 = CARTESIAN_POINT ( 'NONE',  ( 0.6553703794555501000, 0.3310231125980138700, 7.963293525339731900 ) ) ;
#1242 = CARTESIAN_POINT ( 'NONE',  ( 0.6797170062874021700, 0.3304539999999997500, 6.591279361107489800 ) ) ;
#1243 = VERTEX_POINT ( 'NONE', #2494 ) ;
#1244 = CARTESIAN_POINT ( 'NONE',  ( -0.03024146212785103900, 0.3291215707800395600, 7.661163530042372800 ) ) ;
#1245 = CARTESIAN_POINT ( 'NONE',  ( 0.0000000000000000000, 0.0000000000000000000, 9.550399999999999800 ) ) ;
#1246 = EDGE_CURVE ( 'NONE', #1047, #943, #1315, .T. ) ;
#1247 = CARTESIAN_POINT ( 'NONE',  ( 0.0000000000000000000, -1.437261152527788000E-032, -4.064000000000000100 ) ) ;
#1248 = CARTESIAN_POINT ( 'NONE',  ( 0.5863824213837015600, 0.3304539999999995300, 7.649799424477651900 ) ) ;
#1249 = EDGE_CURVE ( 'NONE', #150, #651, #133, .T. ) ;
#1250 = CARTESIAN_POINT ( 'NONE',  ( -0.02947499499756202700, 0.4168150841817317400, 8.545620179248471600 ) ) ;
#1251 = CARTESIAN_POINT ( 'NONE',  ( -0.7148193617970908200, 0.3304539999999995800, 8.737600000000000500 ) ) ;
#1252 = CARTESIAN_POINT ( 'NONE',  ( 0.0000000000000000000, -0.9016999999999998300, 6.400800000000002000 ) ) ;
#1253 = ADVANCED_FACE ( 'NONE', ( #104, #1865 ), #2704, .F. ) ;
#1254 = CIRCLE ( 'NONE', #526, 0.7873999999999999900 ) ;
#1255 = AXIS2_PLACEMENT_3D ( 'NONE', #125, #1999, #765 ) ;
#1256 = LINE ( 'NONE', #2395, #1634 ) ;
#1257 = CARTESIAN_POINT ( 'NONE',  ( -0.5258789823146368100, 0.4397557579566884200, 6.598254746660069600 ) ) ;
#1258 = CARTESIAN_POINT ( 'NONE',  ( 1.104264018791168100E-016, 0.9016999999999998300, 6.400800000000002000 ) ) ;
#1259 = LINE ( 'NONE', #124, #242 ) ;
#1260 = ADVANCED_FACE ( 'NONE', ( #2500, #1799 ), #2639, .F. ) ;
#1261 = CARTESIAN_POINT ( 'NONE',  ( -0.02964991788215144300, 0.3233587971468194800, 8.352100091142419900 ) ) ;
#1262 = CIRCLE ( 'NONE', #1013, 0.9016999999999998300 ) ;
#1263 = CARTESIAN_POINT ( 'NONE',  ( -0.7686708132975993400, 0.3936370736751565500, -0.4292429112190842600 ) ) ;
#1264 = ORIENTED_EDGE ( 'NONE', *, *, #888, .T. ) ;
#1265 = VERTEX_POINT ( 'NONE', #1812 ) ;
#1266 = VERTEX_POINT ( 'NONE', #999 ) ;
#1267 = EDGE_CURVE ( 'NONE', #1231, #881, #2141, .T. ) ;
#1268 = CARTESIAN_POINT ( 'NONE',  ( 0.4645171102982208500, 0.4165869654474313500, 6.593437709808205800 ) ) ;
#1269 = CARTESIAN_POINT ( 'NONE',  ( 0.4508052794721892900, 0.3304539999999995800, 7.638707874451315000 ) ) ;
#1270 = ORIENTED_EDGE ( 'NONE', *, *, #503, .F. ) ;
#1271 = CARTESIAN_POINT ( 'NONE',  ( 0.0000000000000000000, -3.099094360138043000E-032, 0.7874000000000005400 ) ) ;
#1272 = DIRECTION ( 'NONE',  ( 0.0000000000000000000, -1.000000000000000000, 0.0000000000000000000 ) ) ;
#1273 = AXIS2_PLACEMENT_3D ( 'NONE', #2040, #1601, #1211 ) ;
#1274 = DIRECTION ( 'NONE',  ( 0.0000000000000000000, -0.0000000000000000000, 1.000000000000000000 ) ) ;
#1275 = EDGE_LOOP ( 'NONE', ( #2317, #327, #1483, #1387, #2489, #2413 ) ) ;
#1276 = ORIENTED_EDGE ( 'NONE', *, *, #536, .F. ) ;
#1277 = ADVANCED_FACE ( 'NONE', ( #701 ), #1715, .F. ) ;
#1278 = CARTESIAN_POINT ( 'NONE',  ( 0.4644229139468868400, 0.4297249174439206100, 6.597713129424613000 ) ) ;
#1279 = EDGE_LOOP ( 'NONE', ( #1445, #1962, #2452, #2342 ) ) ;
#1280 = CARTESIAN_POINT ( 'NONE',  ( -0.02938753355526731900, 0.5001520422876250000, 8.623299999999998600 ) ) ;
#1281 = CARTESIAN_POINT ( 'NONE',  ( -0.2064601339255908200, 0.8809900060482827000, 3.296676469388941700 ) ) ;
#1282 = LINE ( 'NONE', #871, #60 ) ;
#1283 = CARTESIAN_POINT ( 'NONE',  ( 0.4645919091050875200, 0.4061544686458623000, 6.590042713275606100 ) ) ;
#1284 = LINE ( 'NONE', #646, #1703 ) ;
#1285 = AXIS2_PLACEMENT_3D ( 'NONE', #2115, #2331, #883 ) ;
#1286 = LINE ( 'NONE', #16, #2145 ) ;
#1287 = CIRCLE ( 'NONE', #2324, 0.5587999999999987400 ) ;
#1288 = CARTESIAN_POINT ( 'NONE',  ( -0.4142760437578937900, 0.3936846580898565900, -0.5870034935464107900 ) ) ;
#1289 = ORIENTED_EDGE ( 'NONE', *, *, #1656, .T. ) ;
#1290 = CYLINDRICAL_SURFACE ( 'NONE', #2048, 0.9016999999999998300 ) ;
#1291 = VERTEX_POINT ( 'NONE', #1093 ) ;
#1292 = ORIENTED_EDGE ( 'NONE', *, *, #1642, .F. ) ;
#1293 = CARTESIAN_POINT ( 'NONE',  ( 0.6867400963974654700, 0.3301999999999996600, 6.788112350455179500 ) ) ;
#1294 = EDGE_LOOP ( 'NONE', ( #2195, #1362, #708, #110, #2407, #119 ) ) ;
#1295 = PLANE ( 'NONE',  #1488 ) ;
#1296 = EDGE_CURVE ( 'NONE', #1456, #257, #2080, .T. ) ;
#1297 = ORIENTED_EDGE ( 'NONE', *, *, #2118, .F. ) ;
#1298 = ORIENTED_EDGE ( 'NONE', *, *, #759, .T. ) ;
#1299 = CARTESIAN_POINT ( 'NONE',  ( 0.4613927511526462700, 0.4293030631704752300, 7.014288598065925300 ) ) ;
#1300 = CARTESIAN_POINT ( 'NONE',  ( -0.7148193617970908200, 0.3301999999999995500, 7.607299999999999500 ) ) ;
#1301 = AXIS2_PLACEMENT_3D ( 'NONE', #215, #897, #437 ) ;
#1302 = DIRECTION ( 'NONE',  ( -0.0000000000000000000, 3.536567796574281500E-033, 1.000000000000000000 ) ) ;
#1303 = CARTESIAN_POINT ( 'NONE',  ( 0.7148193617970908200, 0.3304539999999995800, 8.623300000000000400 ) ) ;
#1304 = CARTESIAN_POINT ( 'NONE',  ( 0.0000000000000000000, 0.0000000000000000000, 1.930399999999998800 ) ) ;
#1305 = DIRECTION ( 'NONE',  ( 0.0000000000000000000, 0.0000000000000000000, 1.000000000000000000 ) ) ;
#1306 = LINE ( 'NONE', #2633, #32 ) ;
#1307 = CARTESIAN_POINT ( 'NONE',  ( 0.6799205993777898100, 0.3304379505029930700, 6.585401146633257600 ) ) ;
#1308 = EDGE_CURVE ( 'NONE', #1616, #318, #599, .T. ) ;
#1309 = CARTESIAN_POINT ( 'NONE',  ( 0.4087743142615481400, 0.3809999999999995600, 8.737600000000000500 ) ) ;
#1310 = FACE_OUTER_BOUND ( 'NONE', #1687, .T. ) ;
#1311 =( LENGTH_UNIT ( ) NAMED_UNIT ( * ) SI_UNIT ( .MILLI., .METRE. ) );
#1312 = EDGE_CURVE ( 'NONE', #2123, #1787, #1191, .T. ) ;
#1313 = CARTESIAN_POINT ( 'NONE',  ( 0.4639990303658856900, 0.4888457014281217800, 6.616952517698447200 ) ) ;
#1314 = CARTESIAN_POINT ( 'NONE',  ( 0.6867400963974654700, 0.4190999999999999200, 8.623300000000000400 ) ) ;
#1315 = LINE ( 'NONE', #612, #2116 ) ;
#1316 = CARTESIAN_POINT ( 'NONE',  ( -0.02938395339158054000, 0.4970220560070914800, 8.627234357996505000 ) ) ;
#1317 = DIRECTION ( 'NONE',  ( 1.000000000000000000, 0.0000000000000000000, 0.0000000000000000000 ) ) ;
#1318 = ORIENTED_EDGE ( 'NONE', *, *, #1862, .F. ) ;
#1319 = ORIENTED_EDGE ( 'NONE', *, *, #2065, .F. ) ;
#1320 = CARTESIAN_POINT ( 'NONE',  ( 0.0000000000000000000, -1.437261152527788000E-032, -4.064000000000000100 ) ) ;
#1321 = DIRECTION ( 'NONE',  ( 0.0000000000000000000, 0.0000000000000000000, -1.000000000000000000 ) ) ;
#1322 = VERTEX_POINT ( 'NONE', #918 ) ;
#1323 = CARTESIAN_POINT ( 'NONE',  ( 0.4607036295274920000, 0.4274479607758432400, 7.122147874762899500 ) ) ;
#1324 = DIRECTION ( 'NONE',  ( 0.0000000000000000000, -1.000000000000000000, 0.0000000000000000000 ) ) ;
#1325 = DIRECTION ( 'NONE',  ( 0.0000000000000000000, -1.000000000000000000, 0.0000000000000000000 ) ) ;
#1326 = ORIENTED_EDGE ( 'NONE', *, *, #2628, .T. ) ;
#1327 = EDGE_CURVE ( 'NONE', #23, #685, #1735, .T. ) ;
#1328 = CARTESIAN_POINT ( 'NONE',  ( 0.6867400963974654700, 0.4190999999999998100, 7.771717572831029500 ) ) ;
#1329 = EDGE_LOOP ( 'NONE', ( #519, #2352, #715, #1686, #521, #214, #1070, #2056 ) ) ;
#1330 = EDGE_CURVE ( 'NONE', #2284, #1690, #476, .T. ) ;
#1331 = ORIENTED_EDGE ( 'NONE', *, *, #954, .F. ) ;
#1332 = CARTESIAN_POINT ( 'NONE',  ( 0.4508052794721895100, 0.3302846570894304400, 7.596830708438778500 ) ) ;
#1333 =( LENGTH_UNIT ( ) NAMED_UNIT ( * ) SI_UNIT ( .MILLI., .METRE. ) );
#1334 = VERTEX_POINT ( 'NONE', #964 ) ;
#1335 = CARTESIAN_POINT ( 'NONE',  ( 0.0000000000000000000, 0.0000000000000000000, 0.0000000000000000000 ) ) ;
#1336 = AXIS2_PLACEMENT_3D ( 'NONE', #1887, #465, #2107 ) ;
#1337 = DIRECTION ( 'NONE',  ( 0.0000000000000000000, 0.0000000000000000000, -1.000000000000000000 ) ) ;
#1338 = VECTOR ( 'NONE', #348, 1000.000000000000000 ) ;
#1339 = CARTESIAN_POINT ( 'NONE',  ( 0.6757469364351228500, 0.3333545849249168700, 8.623318709119825300 ) ) ;
#1340 = DIRECTION ( 'NONE',  ( 0.0000000000000000000, 0.7071067811865465700, -0.7071067811865484600 ) ) ;
#1341 = DIRECTION ( 'NONE',  ( -0.0000000000000000000, 3.536567796574281500E-033, 1.000000000000000000 ) ) ;
#1342 = CARTESIAN_POINT ( 'NONE',  ( 0.6598342347907547600, 0.3355255640406258300, 6.739562633803991800 ) ) ;
#1343 = FACE_OUTER_BOUND ( 'NONE', #1144, .T. ) ;
#1344 = CARTESIAN_POINT ( 'NONE',  ( -0.5241232970490741200, 0.4505410068762752400, 8.429297541372042300 ) ) ;
#1345 = EDGE_CURVE ( 'NONE', #2094, #147, #39, .T. ) ;
#1346 = FACE_OUTER_BOUND ( 'NONE', #1907, .T. ) ;
#1347 = PLANE ( 'NONE',  #1147 ) ;
#1348 = VECTOR ( 'NONE', #22, 1000.000000000000200 ) ;
#1349 = DIRECTION ( 'NONE',  ( 0.0000000000000000000, -1.000000000000000000, 3.536567796574281500E-033 ) ) ;
#1350 = CARTESIAN_POINT ( 'NONE',  ( 4.012620686271281700E-016, 0.5587999999999987400, 2.552700000000000600 ) ) ;
#1351 = ORIENTED_EDGE ( 'NONE', *, *, #1194, .F. ) ;
#1352 = CIRCLE ( 'NONE', #2286, 0.8508999999999998800 ) ;
#1353 = CARTESIAN_POINT ( 'NONE',  ( 0.6867400963974663600, 0.4190999999999999200, 8.444570576554575300 ) ) ;
#1354 = ORIENTED_EDGE ( 'NONE', *, *, #901, .T. ) ;
#1355 = VERTEX_POINT ( 'NONE', #1155 ) ;
#1356 = CARTESIAN_POINT ( 'NONE',  ( 0.6843990563795402400, 0.3304539999999995800, 8.623299227727255100 ) ) ;
#1357 = ORIENTED_EDGE ( 'NONE', *, *, #1379, .F. ) ;
#1358 = CARTESIAN_POINT ( 'NONE',  ( 0.0000000000000000000, -1.437261152527788000E-032, -4.064000000000000100 ) ) ;
#1359 = CARTESIAN_POINT ( 'NONE',  ( -0.6691753690493973400, 0.6043734073051220100, 8.960973407305122200 ) ) ;
#1360 = CARTESIAN_POINT ( 'NONE',  ( -0.8421126661106127500, 0.2061655775837830400, -0.8841106310672203200 ) ) ;
#1361 = CARTESIAN_POINT ( 'NONE',  ( 0.0000000000000000000, -1.437261152527788000E-032, -4.064000000000000100 ) ) ;
#1362 = ORIENTED_EDGE ( 'NONE', *, *, #1550, .T. ) ;
#1363 = EDGE_CURVE ( 'NONE', #1695, #2385, #565, .T. ) ;
#1364 = VERTEX_POINT ( 'NONE', #57 ) ;
#1365 = EDGE_CURVE ( 'NONE', #1974, #1640, #1256, .T. ) ;
#1366 = DIRECTION ( 'NONE',  ( -0.0000000000000000000, 3.536567796574281500E-033, 1.000000000000000000 ) ) ;
#1367 = CARTESIAN_POINT ( 'NONE',  ( 1.275347176632053500E-016, 1.041400000000000100, 0.7874000000000005400 ) ) ;
#1368 = CARTESIAN_POINT ( 'NONE',  ( 0.0000000000000000000, 0.0000000000000000000, 9.220200000000001900 ) ) ;
#1369 = CARTESIAN_POINT ( 'NONE',  ( -0.7769295137571739000, 1.524682823169351800E-032, 7.607300000000000400 ) ) ;
#1370 = AXIS2_PLACEMENT_3D ( 'NONE', #806, #825, #2650 ) ;
#1371 = DIRECTION ( 'NONE',  ( -0.0000000000000000000, -3.536567796574281500E-033, -1.000000000000000000 ) ) ;
#1372 = DIRECTION ( 'NONE',  ( -0.0000000000000000000, 3.536567796574281500E-033, 1.000000000000000000 ) ) ;
#1373 = FACE_OUTER_BOUND ( 'NONE', #976, .T. ) ;
#1374 = CARTESIAN_POINT ( 'NONE',  ( 0.6547957027910558100, 0.3304539999999425200, 7.715930690142435800 ) ) ;
#1375 = CARTESIAN_POINT ( 'NONE',  ( 1.104264018791168100E-016, 0.9016999999999998300, 9.258300000000000200 ) ) ;
#1376 = FACE_OUTER_BOUND ( 'NONE', #877, .T. ) ;
#1377 = VECTOR ( 'NONE', #2154, 1000.000000000000000 ) ;
#1378 = CARTESIAN_POINT ( 'NONE',  ( 0.7148193617970908200, 0.3304539999999995800, 8.737600000000000500 ) ) ;
#1379 = EDGE_CURVE ( 'NONE', #2655, #73, #1925, .T. ) ;
#1380 = CARTESIAN_POINT ( 'NONE',  ( -0.6744166368054698200, 0.4063999999999982100, 8.762999999999999900 ) ) ;
#1381 = AXIS2_PLACEMENT_3D ( 'NONE', #1251, #1857, #2068 ) ;
#1382 = VERTEX_POINT ( 'NONE', #764 ) ;
#1383 = ORIENTED_EDGE ( 'NONE', *, *, #1728, .F. ) ;
#1384 = CARTESIAN_POINT ( 'NONE',  ( 3.698434229207881500E-016, 0.9016999999999998300, 2.552700000000000600 ) ) ;
#1385 = ORIENTED_EDGE ( 'NONE', *, *, #660, .F. ) ;
#1386 = CARTESIAN_POINT ( 'NONE',  ( 9.642868896486258500E-017, 0.7873999999999999900, 9.550399999999999800 ) ) ;
#1387 = ORIENTED_EDGE ( 'NONE', *, *, #1061, .T. ) ;
#1388 = VERTEX_POINT ( 'NONE', #1557 ) ;
#1389 = ORIENTED_EDGE ( 'NONE', *, *, #134, .F. ) ;
#1390 = EDGE_CURVE ( 'NONE', #876, #1411, #1569, .T. ) ;
#1391 = ORIENTED_EDGE ( 'NONE', *, *, #1554, .F. ) ;
#1392 = CARTESIAN_POINT ( 'NONE',  ( 0.6550666478518949500, 0.3309159685883009100, 7.014267214727271800 ) ) ;
#1393 =( BOUNDED_CURVE ( )  B_SPLINE_CURVE ( 3, ( #2097, #896, #2543, #2323 ),
 .UNSPECIFIED., .F., .T. ) 
 B_SPLINE_CURVE_WITH_KNOTS ( ( 4, 4 ),
 ( 5.462634224371210900, 7.103736389987960600 ),
 .UNSPECIFIED. ) 
 CURVE ( )  GEOMETRIC_REPRESENTATION_ITEM ( )  RATIONAL_B_SPLINE_CURVE ( ( 1.000000000000000000, 0.7878787878787880700, 0.7878787878787880700, 1.000000000000000000 ) ) 
 REPRESENTATION_ITEM ( '' )  );
#1394 = PRESENTATION_STYLE_ASSIGNMENT (( #2182 ) ) ;
#1395 = AXIS2_PLACEMENT_3D ( 'NONE', #2400, #1371, #1161 ) ;
#1396 = CIRCLE ( 'NONE', #2235, 0.08890000000000004800 ) ;
#1397 = CARTESIAN_POINT ( 'NONE',  ( 0.4508052794721892900, 0.3304539999999995800, 7.638707874451315000 ) ) ;
#1398 = CARTESIAN_POINT ( 'NONE',  ( -0.5403079178279255300, 0.3304540000000005800, 7.583354222303801100 ) ) ;
#1399 = CARTESIAN_POINT ( 'NONE',  ( -0.02987485645264713000, 0.3204941370203581700, 8.087710690934807500 ) ) ;
#1400 = ADVANCED_FACE ( 'NONE', ( #2635 ), #1597, .F. ) ;
#1401 = CIRCLE ( 'NONE', #684, 0.7873999999999999900 ) ;
#1402 = LINE ( 'NONE', #249, #1127 ) ;
#1403 = EDGE_CURVE ( 'NONE', #1555, #813, #580, .T. ) ;
#1404 = FACE_OUTER_BOUND ( 'NONE', #2319, .T. ) ;
#1405 = CARTESIAN_POINT ( 'NONE',  ( -0.7769295137571731200, 0.3302000000000003300, 7.918487649544820400 ) ) ;
#1406 = VERTEX_POINT ( 'NONE', #511 ) ;
#1407 = CARTESIAN_POINT ( 'NONE',  ( 0.6574270039031656600, 0.3304539999999995300, 7.460962473778231200 ) ) ;
#1408 = AXIS2_PLACEMENT_3D ( 'NONE', #1119, #2554, #1321 ) ;
#1409 = VECTOR ( 'NONE', #1660, 1000.000000000000000 ) ;
#1410 = DIRECTION ( 'NONE',  ( -0.0000000000000000000, 3.536567796574281500E-033, 1.000000000000000000 ) ) ;
#1411 = VERTEX_POINT ( 'NONE', #784 ) ;
#1412 = EDGE_LOOP ( 'NONE', ( #358, #1451, #461, #2688 ) ) ;
#1413 = DIRECTION ( 'NONE',  ( -0.0000000000000000000, -0.0000000000000000000, 1.000000000000000000 ) ) ;
#1414 = EDGE_LOOP ( 'NONE', ( #1080, #1911, #657 ) ) ;
#1415 = ADVANCED_FACE ( 'NONE', ( #2466 ), #1859, .T. ) ;
#1416 = CARTESIAN_POINT ( 'NONE',  ( -0.02938216330973693300, 0.4954570628668247300, 6.585398463005240900 ) ) ;
#1417 = DIRECTION ( 'NONE',  ( -0.0000000000000000000, 3.536567796574281500E-033, 1.000000000000000000 ) ) ;
#1418 = VERTEX_POINT ( 'NONE', #1730 ) ;
#1419 = PLANE ( 'NONE',  #1273 ) ;
#1420 = ORIENTED_EDGE ( 'NONE', *, *, #2591, .F. ) ;
#1421 = CARTESIAN_POINT ( 'NONE',  ( -0.7769295137571739000, 0.3524249999999999900, 8.623300000000000400 ) ) ;
#1422 = CARTESIAN_POINT ( 'NONE',  ( 0.6666540327629634200, 0.3373046903376801200, 8.623300000000000400 ) ) ;
#1423 = CARTESIAN_POINT ( 'NONE',  ( -0.4508052794721895100, 0.3303693272991173300, 7.624572968238203100 ) ) ;
#1424 = EDGE_CURVE ( 'NONE', #457, #1614, #1533, .T. ) ;
#1425 = CARTESIAN_POINT ( 'NONE',  ( 0.6590816842679749800, 0.3304539999999995300, 7.810359487883926200 ) ) ;
#1426 = DIRECTION ( 'NONE',  ( 0.0000000000000000000, -1.000000000000000000, 0.0000000000000000000 ) ) ;
#1427 = DIRECTION ( 'NONE',  ( 0.0000000000000000000, -0.7071067811865474600, 0.7071067811865475700 ) ) ;
#1428 = ADVANCED_FACE ( 'NONE', ( #2268, #767 ), #2216, .F. ) ;
#1429 = CARTESIAN_POINT ( 'NONE',  ( -0.5181771578887978100, 0.3301999999999998800, 7.607300000000000400 ) ) ;
#1430 = CARTESIAN_POINT ( 'NONE',  ( -0.5260385384303736300, 0.4203340528384383900, 8.623299999999998600 ) ) ;
#1431 = AXIS2_PLACEMENT_3D ( 'NONE', #666, #1118, #1133 ) ;
#1432 = CIRCLE ( 'NONE', #1016, 0.7494410588864090000 ) ;
#1433 = DIRECTION ( 'NONE',  ( 1.000000000000000000, 0.0000000000000000000, 0.0000000000000000000 ) ) ;
#1434 = CARTESIAN_POINT ( 'NONE',  ( 0.2096674678421291400, 0.5242305277835737100, 2.598691998464010700 ) ) ;
#1435 = CIRCLE ( 'NONE', #1099, 0.5715000000000000100 ) ;
#1436 = VECTOR ( 'NONE', #2242, 1000.000000000000000 ) ;
#1437 = CARTESIAN_POINT ( 'NONE',  ( 0.6867400963974654700, 0.3302000000000003300, 7.918487649544820400 ) ) ;
#1438 = CARTESIAN_POINT ( 'NONE',  ( -0.03024146212785103900, 0.3291215707800395600, 7.553436469957627100 ) ) ;
#1439 = LINE ( 'NONE', #1627, #69 ) ;
#1440 = CIRCLE ( 'NONE', #2016, 1.041400000000000100 ) ;
#1441 = EDGE_CURVE ( 'NONE', #1614, #1940, #440, .T. ) ;
#1442 = ADVANCED_FACE ( 'NONE', ( #998 ), #1966, .T. ) ;
#1443 = CARTESIAN_POINT ( 'NONE',  ( 0.6551767521828115700, 0.3308354660842757800, 7.880839247063391000 ) ) ;
#1444 = CARTESIAN_POINT ( 'NONE',  ( 0.0000000000000000000, 0.0000000000000000000, 9.550399999999999800 ) ) ;
#1445 = ORIENTED_EDGE ( 'NONE', *, *, #269, .T. ) ;
#1446 = ORIENTED_EDGE ( 'NONE', *, *, #978, .F. ) ;
#1447 = EDGE_CURVE ( 'NONE', #2193, #2385, #1092, .T. ) ;
#1448 = ORIENTED_EDGE ( 'NONE', *, *, #2531, .T. ) ;
#1449 = PLANE ( 'NONE',  #2685 ) ;
#1450 = CARTESIAN_POINT ( 'NONE',  ( -0.02978320503384647800, 0.3183372785804376400, 7.019788929757997000 ) ) ;
#1451 = ORIENTED_EDGE ( 'NONE', *, *, #522, .T. ) ;
#1452 = ADVANCED_FACE ( 'NONE', ( #970 ), #733, .F. ) ;
#1453 = ORIENTED_EDGE ( 'NONE', *, *, #1327, .T. ) ;
#1454 = CARTESIAN_POINT ( 'NONE',  ( 0.6867400963974654700, 0.4190999999999998600, 8.593508596400109700 ) ) ;
#1455 = CARTESIAN_POINT ( 'NONE',  ( 0.6689572104310302900, 0.3365027517453946200, 6.591300000000000400 ) ) ;
#1456 = VERTEX_POINT ( 'NONE', #540 ) ;
#1457 = CARTESIAN_POINT ( 'NONE',  ( 0.7148193617970908200, 0.3304539999999995800, 8.737600000000000500 ) ) ;
#1458 = CARTESIAN_POINT ( 'NONE',  ( -0.04492528340461435900, 0.3301999999999998300, 7.607300000000000400 ) ) ;
#1459 = CARTESIAN_POINT ( 'NONE',  ( 0.4632107859104794300, 0.3597049148255935200, 6.779699594189647600 ) ) ;
#1460 = ADVANCED_FACE ( 'NONE', ( #2236 ), #2204, .F. ) ;
#1461 = EDGE_CURVE ( 'NONE', #1213, #1355, #546, .T. ) ;
#1462 = CARTESIAN_POINT ( 'NONE',  ( -0.7769295137571739000, 0.3746500000000000900, 6.591299999999999500 ) ) ;
#1463 = EDGE_CURVE ( 'NONE', #1654, #354, #1749, .T. ) ;
#1464 = ADVANCED_FACE ( 'NONE', ( #1376 ), #67, .F. ) ;
#1465 = CARTESIAN_POINT ( 'NONE',  ( 3.698434229207881500E-016, 0.9016999999999998300, 2.552700000000000600 ) ) ;
#1466 = CIRCLE ( 'NONE', #2527, 0.8381999999999999500 ) ;
#1467 = CARTESIAN_POINT ( 'NONE',  ( -0.7769295137571739000, 0.4190999999999998600, 8.623300000000000400 ) ) ;
#1468 = LINE ( 'NONE', #376, #568 ) ;
#1469 = AXIS2_PLACEMENT_3D ( 'NONE', #1304, #2523, #1494 ) ;
#1470 = CONICAL_SURFACE ( 'NONE', #88, 0.7873999999999999900, 0.5235987755982988200 ) ;
#1471 = CARTESIAN_POINT ( 'NONE',  ( -0.7769295137571735600, 0.3968749999999997600, 6.591300000000000400 ) ) ;
#1472 = CARTESIAN_POINT ( 'NONE',  ( -0.5714999999999999000, 0.1081266397807170300, -0.9270999999999992600 ) ) ;
#1473 = FACE_OUTER_BOUND ( 'NONE', #2417, .T. ) ;
#1474 = DIRECTION ( 'NONE',  ( -0.0000000000000000000, 3.536567796574281500E-033, 1.000000000000000000 ) ) ;
#1475 = CARTESIAN_POINT ( 'NONE',  ( 0.6691753690493980100, 0.6043734073051209000, 8.960973407305122200 ) ) ;
#1476 = CIRCLE ( 'NONE', #1094, 1.041400000000000100 ) ;
#1477 = DIRECTION ( 'NONE',  ( -0.0000000000000000000, 3.536567796574281500E-033, 1.000000000000000000 ) ) ;
#1478 = ORIENTED_EDGE ( 'NONE', *, *, #2065, .T. ) ;
#1479 = LINE ( 'NONE', #1828, #906 ) ;
#1480 = ADVANCED_FACE ( 'NONE', ( #900 ), #1470, .T. ) ;
#1481 = ORIENTED_EDGE ( 'NONE', *, *, #1636, .T. ) ;
#1482 = EDGE_CURVE ( 'NONE', #1713, #262, #2225, .T. ) ;
#1483 = ORIENTED_EDGE ( 'NONE', *, *, #1194, .T. ) ;
#1484 = CARTESIAN_POINT ( 'NONE',  ( -0.7769295137571739000, 0.3524249999999999900, 6.591299999999999500 ) ) ;
#1485 = ORIENTED_EDGE ( 'NONE', *, *, #2497, .F. ) ;
#1486 = CARTESIAN_POINT ( 'NONE',  ( 0.0000000000000000000, -0.9016999999999998300, 9.550399999999999800 ) ) ;
#1487 = CARTESIAN_POINT ( 'NONE',  ( -0.7769295137571739000, 0.4190999999999998600, 8.623300000000000400 ) ) ;
#1488 = AXIS2_PLACEMENT_3D ( 'NONE', #1103, #429, #2283 ) ;
#1489 = CARTESIAN_POINT ( 'NONE',  ( -0.5237460202583764700, 0.3499564443468201100, 6.878079379420669600 ) ) ;
#1490 = EDGE_LOOP ( 'NONE', ( #487, #710, #614, #1577 ) ) ;
#1491 = ORIENTED_EDGE ( 'NONE', *, *, #251, .T. ) ;
#1492 = CARTESIAN_POINT ( 'NONE',  ( 0.0000000000000000000, -3.781793407588742300E-032, -1.143000000000000000 ) ) ;
#1493 = CARTESIAN_POINT ( 'NONE',  ( -0.5257838141890409700, 0.4089780159971167500, 6.621159980266907200 ) ) ;
#1494 = DIRECTION ( 'NONE',  ( 1.000000000000000000, 0.0000000000000000000, 0.0000000000000000000 ) ) ;
#1495 = CARTESIAN_POINT ( 'NONE',  ( -0.7769295137571739000, 0.3236642210690958100, 8.623300000000000400 ) ) ;
#1496 = EDGE_CURVE ( 'NONE', #416, #2384, #2436, .T. ) ;
#1497 = CARTESIAN_POINT ( 'NONE',  ( -0.5636744644539941600, 0.1066261457863326200, -0.1508368633346911500 ) ) ;
#1498 = EDGE_CURVE ( 'NONE', #845, #1213, #834, .T. ) ;
#1499 = CIRCLE ( 'NONE', #109, 0.7873999999999999900 ) ;
#1500 = DIRECTION ( 'NONE',  ( -0.0000000000000000000, 3.536567796574281500E-033, 1.000000000000000000 ) ) ;
#1501 = CARTESIAN_POINT ( 'NONE',  ( 0.6867400963974654700, 0.3236642210690958100, 8.623300000000000400 ) ) ;
#1502 = AXIS2_PLACEMENT_3D ( 'NONE', #1853, #1608, #2659 ) ;
#1503 = VECTOR ( 'NONE', #2418, 1000.000000000000000 ) ;
#1504 = FACE_OUTER_BOUND ( 'NONE', #860, .T. ) ;
#1505 = CARTESIAN_POINT ( 'NONE',  ( 0.5587999999999993000, 0.0000000000000000000, 9.220200000000001900 ) ) ;
#1506 = CARTESIAN_POINT ( 'NONE',  ( -0.4253789984356568500, 0.3825338113707380500, -0.4271363986228461400 ) ) ;
#1507 = VECTOR ( 'NONE', #728, 1000.000000000000000 ) ;
#1508 = CARTESIAN_POINT ( 'NONE',  ( 0.6867400963974654700, 0.4190999999999999700, 6.859511586241700000 ) ) ;
#1509 = ORIENTED_EDGE ( 'NONE', *, *, #2211, .F. ) ;
#1510 = EDGE_LOOP ( 'NONE', ( #712, #2680, #849 ) ) ;
#1511 = EDGE_CURVE ( 'NONE', #1201, #2384, #229, .T. ) ;
#1512 = EDGE_LOOP ( 'NONE', ( #1685, #282, #464 ) ) ;
#1513 = EDGE_CURVE ( 'NONE', #1970, #1291, #1673, .T. ) ;
#1514 = ORIENTED_EDGE ( 'NONE', *, *, #2168, .T. ) ;
#1515 = CARTESIAN_POINT ( 'NONE',  ( -0.5254003139674259200, 0.4980208733114378500, 6.619118986640272900 ) ) ;
#1516 = ORIENTED_EDGE ( 'NONE', *, *, #2102, .F. ) ;
#1517 = CARTESIAN_POINT ( 'NONE',  ( -0.02972853572658518800, 0.4059507305017153700, 6.955322707303748700 ) ) ;
#1518 = CARTESIAN_POINT ( 'NONE',  ( -0.6744166368054698200, 0.4063999999999982100, 8.762999999999999900 ) ) ;
#1519 = AXIS2_PLACEMENT_3D ( 'NONE', #466, #2128, #1906 ) ;
#1520 = CARTESIAN_POINT ( 'NONE',  ( 0.6752383761442104500, 0.3259129758402210000, 7.504090605180041800 ) ) ;
#1521 = ORIENTED_EDGE ( 'NONE', *, *, #1786, .F. ) ;
#1522 = CARTESIAN_POINT ( 'NONE',  ( 0.4645919091050875200, 0.4061544686458623000, 8.624557286724394700 ) ) ;
#1523 = CARTESIAN_POINT ( 'NONE',  ( 0.6867400963974654700, 0.4190999999999999700, 8.355088413758300800 ) ) ;
#1524 = CARTESIAN_POINT ( 'NONE',  ( 0.0000000000000000000, 0.7873999999999999900, 6.400800000000001200 ) ) ;
#1525 = FILL_AREA_STYLE ('',( #504 ) ) ;
#1526 = CARTESIAN_POINT ( 'NONE',  ( -0.5230591162837796600, 0.4339410128725080300, 6.931779941826966300 ) ) ;
#1527 = CIRCLE ( 'NONE', #1336, 0.7873999999999999900 ) ;
#1528 = CARTESIAN_POINT ( 'NONE',  ( 0.6757825560086546700, 0.3268081308273391700, 6.891208953461863900 ) ) ;
#1529 = CARTESIAN_POINT ( 'NONE',  ( -0.7769295137571739000, 0.3280214070230319500, 8.623300000000000400 ) ) ;
#1530 = CARTESIAN_POINT ( 'NONE',  ( -0.02960673762823426400, 0.4416495199262765500, 8.400499507338729200 ) ) ;
#1531 = EDGE_CURVE ( 'NONE', #2655, #330, #1063, .T. ) ;
#1532 = LINE ( 'NONE', #396, #2632 ) ;
#1533 = LINE ( 'NONE', #1543, #1028 ) ;
#1534 = AXIS2_PLACEMENT_3D ( 'NONE', #179, #1647, #1861 ) ;
#1535 = DIRECTION ( 'NONE',  ( -0.0000000000000000000, -0.0000000000000000000, 1.000000000000000000 ) ) ;
#1536 = VECTOR ( 'NONE', #2364, 1000.000000000000000 ) ;
#1537 = CARTESIAN_POINT ( 'NONE',  ( 0.6753711792659491400, 0.3261414323542968200, 7.351038904769271900 ) ) ;
#1538 = VECTOR ( 'NONE', #6, 1000.000000000000000 ) ;
#1539 = CARTESIAN_POINT ( 'NONE',  ( 0.6867400963974654700, 0.4190999999999999200, 8.533944090635523900 ) ) ;
#1540 = ORIENTED_EDGE ( 'NONE', *, *, #2252, .F. ) ;
#1541 = EDGE_LOOP ( 'NONE', ( #2411, #2164, #1048, #588, #1078 ) ) ;
#1542 = ADVANCED_BREP_SHAPE_REPRESENTATION ( 'FC6020D2-AA', ( #355, #1049 ), #766 ) ;
#1543 = CARTESIAN_POINT ( 'NONE',  ( -1.041400000000000100, 0.3809999999999995600, 8.737600000000000500 ) ) ;
#1544 = ORIENTED_EDGE ( 'NONE', *, *, #2457, .F. ) ;
#1545 = CARTESIAN_POINT ( 'NONE',  ( -0.8636000000080074100, 2.612659329674042900E-012, -0.1396999999824346500 ) ) ;
#1546 = DIRECTION ( 'NONE',  ( -0.0000000000000000000, 3.536567796574281500E-033, 1.000000000000000000 ) ) ;
#1547 = EDGE_LOOP ( 'NONE', ( #528, #177, #1298, #1605 ) ) ;
#1548 = DIRECTION ( 'NONE',  ( 0.0000000000000000000, 0.7071067811865484600, 0.7071067811865465700 ) ) ;
#1549 = ORIENTED_EDGE ( 'NONE', *, *, #660, .T. ) ;
#1550 = EDGE_CURVE ( 'NONE', #321, #1322, #2567, .T. ) ;
#1551 = CARTESIAN_POINT ( 'NONE',  ( 0.4634336007657198200, 0.4637253293746505500, 8.515996140510770500 ) ) ;
#1552 = ORIENTED_EDGE ( 'NONE', *, *, #780, .T. ) ;
#1553 = CARTESIAN_POINT ( 'NONE',  ( -0.4508052794721894000, 0.3303693272991172800, 7.590027031761795900 ) ) ;
#1554 = EDGE_CURVE ( 'NONE', #318, #1355, #366, .T. ) ;
#1555 = VERTEX_POINT ( 'NONE', #592 ) ;
#1556 = DIRECTION ( 'NONE',  ( 0.0000000000000000000, 1.000000000000000000, 0.0000000000000000000 ) ) ;
#1557 = CARTESIAN_POINT ( 'NONE',  ( -0.5587999999999993000, 6.843326313635400200E-017, 9.220200000000001900 ) ) ;
#1558 = CARTESIAN_POINT ( 'NONE',  ( -0.7769295137571739000, 0.4190999999999998600, 7.607300000000000400 ) ) ;
#1559 = VERTEX_POINT ( 'NONE', #1199 ) ;
#1560 = CARTESIAN_POINT ( 'NONE',  ( 0.0000000000000000000, 0.5715000000000000100, -2.021148495742201500E-033 ) ) ;
#1561 = AXIS2_PLACEMENT_3D ( 'NONE', #2255, #434, #1034 ) ;
#1562 = CARTESIAN_POINT ( 'NONE',  ( -0.7769295137571731200, 0.4190999999999998100, 7.771717572831029500 ) ) ;
#1563 = CARTESIAN_POINT ( 'NONE',  ( 0.6626331159554551500, 0.3304539999999995300, 7.196219110586452100 ) ) ;
#1564 = LINE ( 'NONE', #1386, #1338 ) ;
#1565 = CARTESIAN_POINT ( 'NONE',  ( 0.6843533581417113900, 0.3895572533394685600, 8.746157253339468700 ) ) ;
#1566 = LINE ( 'NONE', #2198, #1733 ) ;
#1567 = CARTESIAN_POINT ( 'NONE',  ( 0.6691753690493980100, 0.6043734073051209000, 8.960973407305122200 ) ) ;
#1568 = EDGE_CURVE ( 'NONE', #1265, #2241, #1159, .T. ) ;
#1569 = LINE ( 'NONE', #61, #639 ) ;
#1570 = CARTESIAN_POINT ( 'NONE',  ( 0.6654958995595627900, 0.3303685025075037700, 7.710489112874884500 ) ) ;
#1571 = AXIS2_PLACEMENT_3D ( 'NONE', #1920, #2314, #2346 ) ;
#1572 = VECTOR ( 'NONE', #618, 1000.000000000000000 ) ;
#1573 = DIRECTION ( 'NONE',  ( -1.000000000000000000, 0.0000000000000000000, -0.0000000000000000000 ) ) ;
#1574 = DIRECTION ( 'NONE',  ( 1.000000000000000000, 0.0000000000000000000, 0.0000000000000000000 ) ) ;
#1575 = ORIENTED_EDGE ( 'NONE', *, *, #169, .F. ) ;
#1576 = CARTESIAN_POINT ( 'NONE',  ( -0.7769295137571747800, 0.3301999999999996000, 7.140340405318680100 ) ) ;
#1577 = ORIENTED_EDGE ( 'NONE', *, *, #123, .F. ) ;
#1578 = B_SPLINE_SURFACE_WITH_KNOTS ( 'NONE', 3, 3, ( 
 ( #1495, #458, #472, #467, #1501 ),
 ( #480, #2548, #1316, #1522, #70 ),
 ( #1529, #293, #2224, #426, #1020 ),
 ( #2672, #1430, #2058, #191, #1218 ),
 ( #1626, #2434, #1644, #2657, #2034 ),
 ( #1421, #175, #1633, #393, #403 ),
 ( #1843, #2684, #604, #837, #2041 ),
 ( #823, #2692, #1910, #2505, #2307 ),
 ( #2070, #848, #1055, #2485, #1930 ),
 ( #463, #693, #887, #1111, #2519 ) ),
 .UNSPECIFIED., .F., .F., .F.,
 ( 4, 3, 1, 1, 1, 4 ),
 ( 4, 1, 4 ),
 ( -0.005968569016814116000, 0.0000000000000000000, 0.02029619541925703800, 0.04059239083851407700, 0.06088858625777112500, 0.08118478167702815300 ),
 ( 0.0000000000000000000, 0.5303499247505153400, 1.000000000000000000 ),
 .UNSPECIFIED. ) ;
#1579 = ORIENTED_EDGE ( 'NONE', *, *, #1181, .F. ) ;
#1580 = ORIENTED_EDGE ( 'NONE', *, *, #1308, .F. ) ;
#1581 = DIRECTION ( 'NONE',  ( 0.0000000000000000000, 0.0000000000000000000, -1.000000000000000000 ) ) ;
#1582 = EDGE_CURVE ( 'NONE', #23, #1201, #2332, .T. ) ;
#1583 = ORIENTED_EDGE ( 'NONE', *, *, #305, .T. ) ;
#1584 = DIRECTION ( 'NONE',  ( 0.0000000000000000000, -1.000000000000000000, 0.0000000000000000000 ) ) ;
#1585 = DIRECTION ( 'NONE',  ( -0.0000000000000000000, -1.000000000000000000, -0.0000000000000000000 ) ) ;
#1586 = DIRECTION ( 'NONE',  ( 0.0000000000000000000, -1.000000000000000000, 0.0000000000000000000 ) ) ;
#1587 = ORIENTED_EDGE ( 'NONE', *, *, #1162, .F. ) ;
#1588 = AXIS2_PLACEMENT_3D ( 'NONE', #2460, #624, #862 ) ;
#1589 = CARTESIAN_POINT ( 'NONE',  ( -0.04492528340461435900, 0.3301999999999998300, 7.607300000000000400 ) ) ;
#1590 = CARTESIAN_POINT ( 'NONE',  ( 0.2062429035846657700, 0.8810840710896380400, 2.595774943839992900 ) ) ;
#1591 = CARTESIAN_POINT ( 'NONE',  ( 0.6547957027910700200, 0.3304539999999571200, 7.498669309851268700 ) ) ;
#1592 = DIRECTION ( 'NONE',  ( 0.0000000000000000000, -1.000000000000000000, 0.0000000000000000000 ) ) ;
#1593 = VECTOR ( 'NONE', #2458, 1000.000000000000000 ) ;
#1594 = B_SPLINE_CURVE_WITH_KNOTS ( 'NONE', 3,
 ( #2172, #1765, #1339, #1778 ),
 .UNSPECIFIED., .F., .F.,
 ( 4, 4 ),
 ( 0.0000000000000000000, 1.474721249719842800E-005 ),
 .UNSPECIFIED. ) ;
#1595 = EDGE_CURVE ( 'NONE', #1875, #553, #1124, .T. ) ;
#1596 = CARTESIAN_POINT ( 'NONE',  ( 0.2589573288731692500, 0.9016999999999998300, 9.258300000000000200 ) ) ;
#1597 = CONICAL_SURFACE ( 'NONE', #176, 0.7238999999999995400, 0.7853981633974497200 ) ;
#1598 = CARTESIAN_POINT ( 'NONE',  ( 0.4508052794721892900, 0.3304539999999995800, 7.575892125548681300 ) ) ;
#1599 = CIRCLE ( 'NONE', #1987, 0.5714999999999995600 ) ;
#1600 = CARTESIAN_POINT ( 'NONE',  ( -0.2023522152820114200, 0.5232370076675834100, 3.288080764989299400 ) ) ;
#1601 = DIRECTION ( 'NONE',  ( 0.0000000000000000000, -3.536567796574281500E-033, -1.000000000000000000 ) ) ;
#1602 = EDGE_CURVE ( 'NONE', #416, #658, #445, .T. ) ;
#1603 = CARTESIAN_POINT ( 'NONE',  ( 0.0000000000000000000, 1.127784303181524300E-065, 9.550399999999999800 ) ) ;
#1604 = LINE ( 'NONE', #392, #1160 ) ;
#1605 = ORIENTED_EDGE ( 'NONE', *, *, #1447, .T. ) ;
#1606 = ORIENTED_EDGE ( 'NONE', *, *, #10, .F. ) ;
#1607 = ADVANCED_FACE ( 'NONE', ( #928, #404 ), #1419, .F. ) ;
#1608 = DIRECTION ( 'NONE',  ( -0.0000000000000000000, -3.536567796574281500E-033, -1.000000000000000000 ) ) ;
#1609 = CARTESIAN_POINT ( 'NONE',  ( -0.4955117591861934500, 0.3304539999999994700, 7.583038135517274900 ) ) ;
#1610 = ORIENTED_EDGE ( 'NONE', *, *, #916, .F. ) ;
#1611 = ORIENTED_EDGE ( 'NONE', *, *, #1403, .F. ) ;
#1612 = CARTESIAN_POINT ( 'NONE',  ( 0.4607936680638760600, 0.3387903428146005200, 8.078558106601965600 ) ) ;
#1613 = CARTESIAN_POINT ( 'NONE',  ( 0.6577372530555373200, 0.3304539999999995300, 7.489680466610593600 ) ) ;
#1614 = VERTEX_POINT ( 'NONE', #800 ) ;
#1615 = CARTESIAN_POINT ( 'NONE',  ( -0.7148193617970908200, 0.3301999999999995500, 9.550399999999999800 ) ) ;
#1616 = VERTEX_POINT ( 'NONE', #794 ) ;
#1617 = ORIENTED_EDGE ( 'NONE', *, *, #1482, .T. ) ;
#1618 = DIRECTION ( 'NONE',  ( -0.0000000000000000000, 3.536567796574281500E-033, 1.000000000000000000 ) ) ;
#1619 = CARTESIAN_POINT ( 'NONE',  ( -0.4594938829532781400, -0.3491701369774269900, -0.7406279232809246400 ) ) ;
#1620 = CARTESIAN_POINT ( 'NONE',  ( -0.8419377382096084900, -0.2066078624894691400, -0.1832596984677170000 ) ) ;
#1621 = EDGE_CURVE ( 'NONE', #1555, #2053, #699, .T. ) ;
#1622 = ORIENTED_EDGE ( 'NONE', *, *, #1390, .F. ) ;
#1623 = CARTESIAN_POINT ( 'NONE',  ( 0.4579571473086927500, 0.3311544825349554400, 7.659722868659729400 ) ) ;
#1624 = CARTESIAN_POINT ( 'NONE',  ( 0.5863824213870449900, 0.3304539999999995800, 7.564800575521522000 ) ) ;
#1625 = ADVANCED_FACE ( 'NONE', ( #1827 ), #1816, .F. ) ;
#1626 = CARTESIAN_POINT ( 'NONE',  ( -0.7769295137571739000, 0.3376083333333333400, 8.623300000000000400 ) ) ;
#1627 = CARTESIAN_POINT ( 'NONE',  ( -0.7148193617970908200, 0.3304539999999995800, 8.737600000000000500 ) ) ;
#1628 = CARTESIAN_POINT ( 'NONE',  ( 0.6666521835458048000, 0.3373041855212689000, 8.623260045956946800 ) ) ;
#1629 = CARTESIAN_POINT ( 'NONE',  ( -0.5193783303001930900, 0.3338515295251052200, 7.764638460782862200 ) ) ;
#1630 = CARTESIAN_POINT ( 'NONE',  ( 0.6577504621472802800, 0.3304539999999995300, 7.451510508564684400 ) ) ;
#1631 = CARTESIAN_POINT ( 'NONE',  ( -0.03028728783725136500, 0.3301999999999998800, 7.607300000000000400 ) ) ;
#1632 = CYLINDRICAL_SURFACE ( 'NONE', #1973, 0.8381999999999999500 ) ;
#1633 = CARTESIAN_POINT ( 'NONE',  ( -0.02940579514400373400, 0.5161173799666412000, 8.603231747830641000 ) ) ;
#1634 = VECTOR ( 'NONE', #270, 1000.000000000000000 ) ;
#1635 = CARTESIAN_POINT ( 'NONE',  ( 0.6867400963974654700, 0.4190999999999999200, 8.623300000000000400 ) ) ;
#1636 = EDGE_CURVE ( 'NONE', #457, #2241, #2465, .T. ) ;
#1637 = CARTESIAN_POINT ( 'NONE',  ( 2.950687221352513400E-013, 0.5588000000015216400, 3.340100000002162300 ) ) ;
#1638 = DIRECTION ( 'NONE',  ( 0.0000000000000000000, 0.7071067811865485700, -0.7071067811865465700 ) ) ;
#1639 = FACE_OUTER_BOUND ( 'NONE', #18, .T. ) ;
#1640 = VERTEX_POINT ( 'NONE', #441 ) ;
#1641 = CARTESIAN_POINT ( 'NONE',  ( 0.6843990563795269200, 0.3304539999999997500, 6.591300772272743000 ) ) ;
#1642 = EDGE_CURVE ( 'NONE', #851, #1456, #1284, .T. ) ;
#1643 = B_SPLINE_SURFACE_WITH_KNOTS ( 'NONE', 3, 3, ( 
 ( #2032, #2653, #827, #2461, #2254 ),
 ( #2470, #1033, #1244, #1623, #600 ),
 ( #2643, #1629, #799, #2454, #186 ),
 ( #1405, #399, #380, #153, #1437 ),
 ( #1651, #2231, #1399, #1612, #818 ),
 ( #1233, #409, #1043, #370, #1822 ),
 ( #433, #2492, #1877, #234, #1081 ),
 ( #1866, #670, #1261, #206, #244 ),
 ( #2501, #863, #1692, #655, #217 ),
 ( #1052, #3, #1250, #1663, #645 ),
 ( #2088, #2289, #882, #1072, #2076 ),
 ( #2481, #2690, #1280, #2067, #856 ) ),
 .UNSPECIFIED., .F., .F., .F.,
 ( 4, 1, 1, 1, 2, 1, 1, 1, 4 ),
 ( 4, 1, 4 ),
 ( 0.0000000000000000000, 0.1527940805107136100, 0.3055881610214272200, 0.4583822415321408000, 0.6111763220428544400, 0.7083822415321408000, 0.8055881610214271600, 0.9027940805107135300, 1.000000000000000000 ),
 ( 0.0000000000000000000, 0.5303499247505153400, 1.000000000000000000 ),
 .UNSPECIFIED. ) ;
#1644 = CARTESIAN_POINT ( 'NONE',  ( -0.02939362075151264600, 0.5054738215139638100, 8.616610582610212200 ) ) ;
#1645 = ORIENTED_EDGE ( 'NONE', *, *, #2118, .T. ) ;
#1646 = ORIENTED_EDGE ( 'NONE', *, *, #302, .F. ) ;
#1647 = DIRECTION ( 'NONE',  ( -0.0000000000000000000, 3.536567796574281500E-033, 1.000000000000000000 ) ) ;
#1648 = ORIENTED_EDGE ( 'NONE', *, *, #1550, .F. ) ;
#1649 = DIRECTION ( 'NONE',  ( 0.0000000000000000000, 0.8571673007021137800, -0.5150380749100518200 ) ) ;
#1650 = ORIENTED_EDGE ( 'NONE', *, *, #2130, .T. ) ;
#1651 = CARTESIAN_POINT ( 'NONE',  ( -0.7769295137571747800, 0.3301999999999996000, 8.074259594681320700 ) ) ;
#1652 = PLANE ( 'NONE',  #1561 ) ;
#1653 = DIRECTION ( 'NONE',  ( 0.0000000000000000000, -0.0000000000000000000, 1.000000000000000000 ) ) ;
#1654 = VERTEX_POINT ( 'NONE', #1475 ) ;
#1655 = ADVANCED_FACE ( 'NONE', ( #1764 ), #1221, .F. ) ;
#1656 = EDGE_CURVE ( 'NONE', #1748, #654, #1254, .T. ) ;
#1657 = VERTEX_POINT ( 'NONE', #1693 ) ;
#1658 = B_SPLINE_SURFACE_WITH_KNOTS ( 'NONE', 3, 3, ( 
 ( #2228, #1220, #1416, #165, #388 ),
 ( #596, #431, #1060, #1283, #640 ),
 ( #878, #861, #2275, #1067, #652 ),
 ( #436, #1900, #223, #1874, #2488 ),
 ( #2073, #2498, #852, #1268, #1 ),
 ( #1484, #1257, #202, #1278, #1051 ),
 ( #1462, #15, #667, #842, #1680 ),
 ( #1471, #2477, #231, #1883, #2104 ),
 ( #2063, #2082, #1085, #1688, #1697 ),
 ( #418, #448, #2285, #2300, #1892 ) ),
 .UNSPECIFIED., .F., .F., .F.,
 ( 4, 3, 1, 1, 1, 4 ),
 ( 4, 1, 4 ),
 ( -0.005968569016814127300, 0.0000000000000000000, 0.02029619541925703800, 0.04059239083851407700, 0.06088858625777112500, 0.08118478167702815300 ),
 ( 0.0000000000000000000, 0.5303499247505153400, 1.000000000000000000 ),
 .UNSPECIFIED. ) ;
#1659 = CARTESIAN_POINT ( 'NONE',  ( 1.057604975743654300E-016, 0.8636000000000000300, -3.054179949121549600E-033 ) ) ;
#1660 = DIRECTION ( 'NONE',  ( 1.000000000000000000, -2.095057586716274100E-016, 0.0000000000000000000 ) ) ;
#1661 = EDGE_CURVE ( 'NONE', #909, #2644, #2044, .T. ) ;
#1662 = ADVANCED_FACE ( 'NONE', ( #1343 ), #307, .F. ) ;
#1663 = CARTESIAN_POINT ( 'NONE',  ( 0.4638874971921829200, 0.3809068959495188200, 8.531397113466075800 ) ) ;
#1664 = DIRECTION ( 'NONE',  ( -0.0000000000000000000, 3.536567796574281500E-033, 1.000000000000000000 ) ) ;
#1665 = DIRECTION ( 'NONE',  ( 0.0000000000000000000, -1.000000000000000000, 0.0000000000000000000 ) ) ;
#1666 = CARTESIAN_POINT ( 'NONE',  ( 0.4615027982526722100, 0.3406993078845120800, 7.031276040444843100 ) ) ;
#1667 = CARTESIAN_POINT ( 'NONE',  ( 0.6867400963974654700, 0.3301999999999998800, 7.607300000000000400 ) ) ;
#1668 = FACE_OUTER_BOUND ( 'NONE', #2683, .T. ) ;
#1669 = ADVANCED_FACE ( 'NONE', ( #2398 ), #2429, .T. ) ;
#1670 = CARTESIAN_POINT ( 'NONE',  ( -0.7769295137571739000, 0.4190999999999999200, 8.533944090635523900 ) ) ;
#1671 = FACE_OUTER_BOUND ( 'NONE', #2244, .T. ) ;
#1672 = UNCERTAINTY_MEASURE_WITH_UNIT (LENGTH_MEASURE( 1.000000000000000100E-005 ), #1333, 'distance_accuracy_value', 'NONE');
#1673 = LINE ( 'NONE', #2455, #2402 ) ;
#1674 = PRODUCT_DEFINITION_SHAPE ( 'NONE', 'NONE',  #2327 ) ;
#1675 = CARTESIAN_POINT ( 'NONE',  ( -0.7769295137571739000, 0.3302000000000001000, 6.689882750448902000 ) ) ;
#1676 = FACE_OUTER_BOUND ( 'NONE', #2189, .T. ) ;
#1677 = ADVANCED_FACE ( 'NONE', ( #2234 ), #1652, .T. ) ;
#1678 = CIRCLE ( 'NONE', #2133, 0.9016999999999998300 ) ;
#1679 = EDGE_CURVE ( 'NONE', #1075, #1912, #1157, .T. ) ;
#1680 = CARTESIAN_POINT ( 'NONE',  ( 0.6867400963974671400, 0.3746500000000000900, 6.591299999999999500 ) ) ;
#1681 = DIRECTION ( 'NONE',  ( -0.0000000000000000000, 3.536567796574281500E-033, 1.000000000000000000 ) ) ;
#1682 = ORIENTED_EDGE ( 'NONE', *, *, #1296, .T. ) ;
#1683 = ORIENTED_EDGE ( 'NONE', *, *, #2531, .F. ) ;
#1684 = CARTESIAN_POINT ( 'NONE',  ( -0.1054852710611232400, 0.9016999999999998300, 2.552700000000001100 ) ) ;
#1685 = ORIENTED_EDGE ( 'NONE', *, *, #1089, .F. ) ;
#1686 = ORIENTED_EDGE ( 'NONE', *, *, #978, .T. ) ;
#1687 = EDGE_LOOP ( 'NONE', ( #2340, #1354, #1549, #1318 ) ) ;
#1688 = CARTESIAN_POINT ( 'NONE',  ( 0.4640461285415524700, 0.4822767254298772600, 6.614814807890244500 ) ) ;
#1689 = DIRECTION ( 'NONE',  ( 0.0000000000000000000, 0.0000000000000000000, -1.000000000000000000 ) ) ;
#1690 = VERTEX_POINT ( 'NONE', #857 ) ;
#1691 = ADVANCED_FACE ( 'NONE', ( #129 ), #235, .F. ) ;
#1692 = CARTESIAN_POINT ( 'NONE',  ( -0.02956245643985673500, 0.3582276751778859000, 8.452813223690910100 ) ) ;
#1693 = CARTESIAN_POINT ( 'NONE',  ( -0.7148193617970908200, 0.3301999999999995500, 8.737600000000000500 ) ) ;
#1694 = CARTESIAN_POINT ( 'NONE',  ( 0.4620829337743047600, 0.3422610217476495000, 6.945502317405348500 ) ) ;
#1695 = VERTEX_POINT ( 'NONE', #2278 ) ;
#1696 = EDGE_CURVE ( 'NONE', #1322, #1231, #867, .T. ) ;
#1697 = CARTESIAN_POINT ( 'NONE',  ( 0.6867400963974654700, 0.4116916666666665100, 6.591299999999999500 ) ) ;
#1698 = CARTESIAN_POINT ( 'NONE',  ( 0.0000000000000000000, 0.9016999999999998300, 0.7873999999999997700 ) ) ;
#1699 = CARTESIAN_POINT ( 'NONE',  ( 0.0000000000000000000, 0.3304539999999995800, 8.623300000000000400 ) ) ;
#1700 = AXIS2_PLACEMENT_3D ( 'NONE', #1358, #541, #334 ) ;
#1701 = CIRCLE ( 'NONE', #2486, 0.7873999999999999900 ) ;
#1702 = AXIS2_PLACEMENT_3D ( 'NONE', #872, #1096, #2295 ) ;
#1703 = VECTOR ( 'NONE', #2502, 1000.000000000000000 ) ;
#1704 = CARTESIAN_POINT ( 'NONE',  ( 1.104264018791168100E-016, 0.9016999999999998300, 9.258300000000000200 ) ) ;
#1705 = VECTOR ( 'NONE', #172, 1000.000000000000000 ) ;
#1706 = CARTESIAN_POINT ( 'NONE',  ( 0.4619257884986121000, 0.4307379896345918100, 6.930807572726766200 ) ) ;
#1707 = DIRECTION ( 'NONE',  ( -0.0000000000000000000, 3.536567796574281500E-033, 1.000000000000000000 ) ) ;
#1708 = ORIENTED_EDGE ( 'NONE', *, *, #1568, .F. ) ;
#1709 = VECTOR ( 'NONE', #1638, 1000.000000000000000 ) ;
#1710 = CARTESIAN_POINT ( 'NONE',  ( 0.0000000000000000000, -1.041400000000000100, 9.550399999999999800 ) ) ;
#1711 = ORIENTED_EDGE ( 'NONE', *, *, #1181, .T. ) ;
#1712 = EDGE_CURVE ( 'NONE', #147, #851, #240, .T. ) ;
#1713 = VERTEX_POINT ( 'NONE', #637 ) ;
#1714 = CARTESIAN_POINT ( 'NONE',  ( -0.5714999999999997900, 4.820877453534699600E-017, -0.1396999999999991900 ) ) ;
#1715 = PLANE ( 'NONE',  #372 ) ;
#1716 = ORIENTED_EDGE ( 'NONE', *, *, #1447, .F. ) ;
#1717 = CARTESIAN_POINT ( 'NONE',  ( 0.4638105538324970300, 0.4798672218392385800, 6.643711308461419700 ) ) ;
#1718 = DIRECTION ( 'NONE',  ( 0.0000000000000000000, 0.0000000000000000000, 1.000000000000000000 ) ) ;
#1719 = AXIS2_PLACEMENT_3D ( 'NONE', #2280, #2296, #2291 ) ;
#1720 = ORIENTED_EDGE ( 'NONE', *, *, #1461, .T. ) ;
#1721 = ORIENTED_EDGE ( 'NONE', *, *, #1513, .F. ) ;
#1722 = CARTESIAN_POINT ( 'NONE',  ( 0.0000000000000000000, -1.086928746599139900E-032, 6.477000000000000300 ) ) ;
#1723 = CARTESIAN_POINT ( 'NONE',  ( 0.7148193617970908200, 0.3301999999999995500, 8.737600000000000500 ) ) ;
#1724 = DIRECTION ( 'NONE',  ( 0.0000000000000000000, -0.0000000000000000000, 1.000000000000000000 ) ) ;
#1725 = CARTESIAN_POINT ( 'NONE',  ( -0.02953365876922362300, 0.4918884878520312600, 6.736819439706512600 ) ) ;
#1726 = CARTESIAN_POINT ( 'NONE',  ( 1.104264018791168100E-016, 0.9016999999999998300, 9.550399999999999800 ) ) ;
#1727 = DIRECTION ( 'NONE',  ( 1.000000000000000000, -0.0000000000000000000, -0.0000000000000000000 ) ) ;
#1728 = EDGE_CURVE ( 'NONE', #2644, #1654, #597, .T. ) ;
#1729 = VECTOR ( 'NONE', #2269, 1000.000000000000000 ) ;
#1730 = CARTESIAN_POINT ( 'NONE',  ( -0.5587999999999981900, 6.843326313635391600E-017, 1.930399999999998800 ) ) ;
#1731 = B_SPLINE_SURFACE_WITH_KNOTS ( 'NONE', 3, 3, ( 
 ( #156, #661, #1863, #868, #632 ),
 ( #211, #241, #2265, #2694, #1454 ),
 ( #1670, #313, #1736, #1551, #1539 ),
 ( #501, #1344, #1530, #1145, #1353 ),
 ( #101, #706, #2371, #72, #1523 ),
 ( #1975, #935, #94, #1941, #1957 ),
 ( #62, #2343, #741, #531, #2138 ),
 ( #1745, #1950, #919, #295, #947 ),
 ( #725, #1153, #716, #2176, #2579 ),
 ( #1562, #2589, #955, #1125, #1328 ),
 ( #322, #1759, #2148, #283, #2560 ),
 ( #510, #1771, #924, #2353, #1135 ) ),
 .UNSPECIFIED., .F., .F., .F.,
 ( 4, 1, 1, 1, 2, 1, 1, 1, 4 ),
 ( 4, 1, 4 ),
 ( 0.08118478167702815300, 0.1624056888445825600, 0.2436265960121369900, 0.3248475031796914100, 0.4060684103472458300, 0.5545513077604343800, 0.7030342051736229200, 0.8515171025868114600, 1.000000000000000000 ),
 ( 0.0000000000000000000, 0.5303499247505153400, 1.000000000000000000 ),
 .UNSPECIFIED. ) ;
#1732 = CARTESIAN_POINT ( 'NONE',  ( 1.275347176632053500E-016, 1.041400000000000100, 9.550399999999999800 ) ) ;
#1733 = VECTOR ( 'NONE', #1581, 1000.000000000000000 ) ;
#1734 = CARTESIAN_POINT ( 'NONE',  ( -0.02967981648724490500, 0.4118057776059221900, 6.897750793950792500 ) ) ;
#1735 = LINE ( 'NONE', #705, #2670 ) ;
#1736 = CARTESIAN_POINT ( 'NONE',  ( -0.02953365876922362300, 0.4918884878520312600, 8.477780560293487300 ) ) ;
#1737 = CARTESIAN_POINT ( 'NONE',  ( 9.642868896486258500E-017, 0.7873999999999999900, 6.477000000000000300 ) ) ;
#1738 = CONICAL_SURFACE ( 'NONE', #892, 0.7873999999999999900, 0.5235987755982988200 ) ;
#1739 =( NAMED_UNIT ( * ) SI_UNIT ( $, .STERADIAN. ) SOLID_ANGLE_UNIT ( ) );
#1740 = FACE_OUTER_BOUND ( 'NONE', #1510, .T. ) ;
#1741 = CARTESIAN_POINT ( 'NONE',  ( 0.0000000000000000000, -2.874522305055578400E-033, 8.737600000000000500 ) ) ;
#1742 = CARTESIAN_POINT ( 'NONE',  ( 0.4508052794721892900, 0.3304539999999995800, 7.638707874451315000 ) ) ;
#1743 = EDGE_LOOP ( 'NONE', ( #792, #2288, #1198, #1010 ) ) ;
#1744 = ORIENTED_EDGE ( 'NONE', *, *, #1424, .T. ) ;
#1745 = CARTESIAN_POINT ( 'NONE',  ( -0.7769295137571735600, 0.4190999999999996900, 8.101032767484499100 ) ) ;
#1746 = VERTEX_POINT ( 'NONE', #2077 ) ;
#1747 = EDGE_CURVE ( 'NONE', #562, #1695, #2668, .T. ) ;
#1748 = VERTEX_POINT ( 'NONE', #2303 ) ;
#1749 =( BOUNDED_CURVE ( )  B_SPLINE_CURVE ( 3, ( #1567, #2627, #1793, #2590 ),
 .UNSPECIFIED., .F., .F. ) 
 B_SPLINE_CURVE_WITH_KNOTS ( ( 4, 4 ),
 ( 1.418650691984573600, 1.658115400503605800 ),
 .UNSPECIFIED. ) 
 CURVE ( )  GEOMETRIC_REPRESENTATION_ITEM ( )  RATIONAL_B_SPLINE_CURVE ( ( 1.000000000000000000, 0.9952270938375342700, 0.9952270938375342700, 1.000000000000000000 ) ) 
 REPRESENTATION_ITEM ( '' )  );
#1750 = CARTESIAN_POINT ( 'NONE',  ( -0.7769295137571739000, 0.4190999999999998600, 6.591299999999999500 ) ) ;
#1751 = ORIENTED_EDGE ( 'NONE', *, *, #2419, .T. ) ;
#1752 = CARTESIAN_POINT ( 'NONE',  ( 0.0000000000000000000, -3.377563708440301900E-032, 0.0000000000000000000 ) ) ;
#1753 = AXIS2_PLACEMENT_3D ( 'NONE', #1752, #1972, #2157 ) ;
#1754 = VERTEX_POINT ( 'NONE', #37 ) ;
#1755 = PLANE ( 'NONE',  #1117 ) ;
#1756 = DIRECTION ( 'NONE',  ( 0.0000000000000000000, 1.000000000000000000, 0.0000000000000000000 ) ) ;
#1757 = CARTESIAN_POINT ( 'NONE',  ( 0.6867400963974663600, 0.3713821105345479500, 6.591299999999999500 ) ) ;
#1758 = CARTESIAN_POINT ( 'NONE',  ( 0.7148193617970908200, 0.3304539999999995800, 8.737600000000000500 ) ) ;
#1759 = CARTESIAN_POINT ( 'NONE',  ( -0.5185662514089577300, 0.4202828330915812100, 7.661179915496216400 ) ) ;
#1760 = VECTOR ( 'NONE', #2383, 1000.000000000000000 ) ;
#1761 = EDGE_CURVE ( 'NONE', #2385, #262, #482, .T. ) ;
#1762 = DIRECTION ( 'NONE',  ( 0.5150380749100590400, -0.8571673007021094500, 0.0000000000000000000 ) ) ;
#1763 = UNCERTAINTY_MEASURE_WITH_UNIT (LENGTH_MEASURE( 1.000000000000000100E-005 ), #1311, 'distance_accuracy_value', 'NONE');
#1764 = FACE_OUTER_BOUND ( 'NONE', #284, .T. ) ;
#1765 = CARTESIAN_POINT ( 'NONE',  ( 0.6712974062641531300, 0.3356879238760095400, 8.623300000000000400 ) ) ;
#1766 = DIRECTION ( 'NONE',  ( 0.0000000000000000000, -1.000000000000000000, 0.0000000000000000000 ) ) ;
#1767 = CARTESIAN_POINT ( 'NONE',  ( 0.7148193617970908200, 0.3301999999999995500, 6.591299999999999500 ) ) ;
#1768 = CARTESIAN_POINT ( 'NONE',  ( -0.5260385384303736300, 0.4203340528384383900, 8.623299999999998600 ) ) ;
#1769 = VECTOR ( 'NONE', #2412, 1000.000000000000000 ) ;
#1770 = VECTOR ( 'NONE', #1090, 1000.000000000000000 ) ;
#1771 = CARTESIAN_POINT ( 'NONE',  ( -0.5181771578887973700, 0.4190999999999998100, 7.607300000000000400 ) ) ;
#1772 = DIRECTION ( 'NONE',  ( 0.0000000000000000000, 0.0000000000000000000, 1.000000000000000000 ) ) ;
#1773 = DIRECTION ( 'NONE',  ( 0.0000000000000000000, 0.0000000000000000000, -1.000000000000000000 ) ) ;
#1774 = ORIENTED_EDGE ( 'NONE', *, *, #302, .T. ) ;
#1775 = FACE_BOUND ( 'NONE', #92, .T. ) ;
#1776 = CARTESIAN_POINT ( 'NONE',  ( 0.6660029365820208100, 0.3308600116125217100, 8.016866989504375600 ) ) ;
#1777 = VERTEX_POINT ( 'NONE', #54 ) ;
#1778 = CARTESIAN_POINT ( 'NONE',  ( 0.6797170062874404700, 0.3304539999999719400, 8.623320638892508300 ) ) ;
#1779 = ORIENTED_EDGE ( 'NONE', *, *, #2679, .T. ) ;
#1780 = ORIENTED_EDGE ( 'NONE', *, *, #2443, .F. ) ;
#1781 = EDGE_CURVE ( 'NONE', #1226, #651, #162, .T. ) ;
#1782 = CARTESIAN_POINT ( 'NONE',  ( 0.6567168554350932800, 0.3322158784792494400, 6.895776380979099500 ) ) ;
#1783 = CARTESIAN_POINT ( 'NONE',  ( 0.6797170062874021700, 0.3304539999999997500, 6.591279361107489800 ) ) ;
#1784 = EDGE_LOOP ( 'NONE', ( #289, #178, #2031, #814 ) ) ;
#1785 = DIRECTION ( 'NONE',  ( 0.0000000000000000000, 0.0000000000000000000, 1.000000000000000000 ) ) ;
#1786 = EDGE_CURVE ( 'NONE', #746, #851, #2552, .T. ) ;
#1787 = VERTEX_POINT ( 'NONE', #1518 ) ;
#1788 = CARTESIAN_POINT ( 'NONE',  ( 0.6551353800125053800, 0.3307980780524184500, 7.863755019945921600 ) ) ;
#1789 = CARTESIAN_POINT ( 'NONE',  ( 0.6744166368054693700, 0.4063999999999992600, 8.762999999999999900 ) ) ;
#1790 = ORIENTED_EDGE ( 'NONE', *, *, #192, .T. ) ;
#1791 = CARTESIAN_POINT ( 'NONE',  ( 0.1053797499333090100, 0.9016999999999999500, 2.552700000000000600 ) ) ;
#1792 = PLANE ( 'NONE',  #2629 ) ;
#1793 = CARTESIAN_POINT ( 'NONE',  ( 0.6791405624536925900, 0.4724897057326003500, 8.829089705732601000 ) ) ;
#1794 = DIRECTION ( 'NONE',  ( 0.0000000000000000000, -3.536567796574281500E-033, -1.000000000000000000 ) ) ;
#1795 = CARTESIAN_POINT ( 'NONE',  ( 0.3936560878714800400, 0.8112322582715567600, 3.050420916747921900 ) ) ;
#1796 = VECTOR ( 'NONE', #1878, 1000.000000000000000 ) ;
#1797 = EDGE_CURVE ( 'NONE', #55, #908, #2363, .T. ) ;
#1798 = PLANE ( 'NONE',  #749 ) ;
#1799 = FACE_BOUND ( 'NONE', #844, .T. ) ;
#1800 = VECTOR ( 'NONE', #77, 999.9999999999998900 ) ;
#1801 = CARTESIAN_POINT ( 'NONE',  ( -1.041400000000000100, 0.3304539999999995800, 6.477000000000000300 ) ) ;
#1802 = CARTESIAN_POINT ( 'NONE',  ( 0.6691753690493980100, 0.6043734073051209000, 8.960973407305122200 ) ) ;
#1803 = ORIENTED_EDGE ( 'NONE', *, *, #1933, .F. ) ;
#1804 = DIRECTION ( 'NONE',  ( 0.0000000000000000000, 5.335640612625514300E-017, -1.000000000000000000 ) ) ;
#1805 = EDGE_LOOP ( 'NONE', ( #688, #1841 ) ) ;
#1806 = CARTESIAN_POINT ( 'NONE',  ( 0.6590816134659837100, 0.3304539999999995800, 7.404243496697383800 ) ) ;
#1807 = ORIENTED_EDGE ( 'NONE', *, *, #2693, .T. ) ;
#1808 = DIRECTION ( 'NONE',  ( 1.000000000000000000, 0.0000000000000000000, -0.0000000000000000000 ) ) ;
#1809 = ORIENTED_EDGE ( 'NONE', *, *, #49, .T. ) ;
#1810 = ORIENTED_EDGE ( 'NONE', *, *, #1424, .F. ) ;
#1811 = PRODUCT_CONTEXT ( 'NONE', #752, 'mechanical' ) ;
#1812 = CARTESIAN_POINT ( 'NONE',  ( 0.4508052794721896200, 0.3301999999999997200, 7.607300000000000400 ) ) ;
#1813 = EDGE_CURVE ( 'NONE', #218, #2027, #2602, .T. ) ;
#1814 = ORIENTED_EDGE ( 'NONE', *, *, #1919, .F. ) ;
#1815 = DIRECTION ( 'NONE',  ( 0.0000000000000000000, -3.536567796574281500E-033, -1.000000000000000000 ) ) ;
#1816 = PLANE ( 'NONE',  #1952 ) ;
#1817 = VERTEX_POINT ( 'NONE', #2530 ) ;
#1818 = AXIS2_PLACEMENT_3D ( 'NONE', #828, #1053, #2261 ) ;
#1819 = CARTESIAN_POINT ( 'NONE',  ( -0.4508052794721895100, 0.3304539999999995800, 8.737600000000000500 ) ) ;
#1820 = CARTESIAN_POINT ( 'NONE',  ( 0.0000000000000000000, 0.0000000000000000000, 9.550399999999999800 ) ) ;
#1821 = CARTESIAN_POINT ( 'NONE',  ( -0.7686798104500531800, -0.3936195081058556600, -0.6381085188024066000 ) ) ;
#1822 = CARTESIAN_POINT ( 'NONE',  ( 0.6867400963974654700, 0.3301999999999999400, 8.177929037156680200 ) ) ;
#1823 = CARTESIAN_POINT ( 'NONE',  ( 0.6383897859681986200, 0.3304539999999995800, 7.535752688680868300 ) ) ;
#1824 = EDGE_CURVE ( 'NONE', #185, #52, #35, .T. ) ;
#1825 = ADVANCED_FACE ( 'NONE', ( #1894 ), #1632, .T. ) ;
#1826 = CARTESIAN_POINT ( 'NONE',  ( 0.5587999999999981900, 0.0000000000000000000, 1.930399999999998800 ) ) ;
#1827 = FACE_OUTER_BOUND ( 'NONE', #1884, .T. ) ;
#1828 = CARTESIAN_POINT ( 'NONE',  ( 8.865218179027684200E-017, -0.7238999999999995400, -4.064000000000000100 ) ) ;
#1829 = LINE ( 'NONE', #1219, #443 ) ;
#1830 = DIRECTION ( 'NONE',  ( -1.000000000000000000, 0.0000000000000000000, 4.796081449551024600E-017 ) ) ;
#1831 = EDGE_CURVE ( 'NONE', #685, #1355, #732, .T. ) ;
#1832 = CARTESIAN_POINT ( 'NONE',  ( 0.7147019755702374000, 0.3304539999999995800, 6.477000000000000300 ) ) ;
#1833 = FACE_OUTER_BOUND ( 'NONE', #1490, .T. ) ;
#1834 = AXIS2_PLACEMENT_3D ( 'NONE', #2696, #835, #2471 ) ;
#1835 = ORIENTED_EDGE ( 'NONE', *, *, #2252, .T. ) ;
#1836 = DIRECTION ( 'NONE',  ( -0.0000000000000000000, -3.536567796574281500E-033, -1.000000000000000000 ) ) ;
#1837 = ORIENTED_EDGE ( 'NONE', *, *, #1463, .F. ) ;
#1838 = EDGE_LOOP ( 'NONE', ( #1683, #74, #1837, #1383 ) ) ;
#1839 = CARTESIAN_POINT ( 'NONE',  ( 0.6603083880909134100, 0.3304539999999995800, 7.867087575978462900 ) ) ;
#1840 = CARTESIAN_POINT ( 'NONE',  ( 0.4899168959008535800, 0.3304539999999994700, 7.576192620758720700 ) ) ;
#1841 = ORIENTED_EDGE ( 'NONE', *, *, #1200, .F. ) ;
#1842 = CARTESIAN_POINT ( 'NONE',  ( 0.0000000000000000000, 0.3304539999999995800, 0.0000000000000000000 ) ) ;
#1843 = CARTESIAN_POINT ( 'NONE',  ( -0.7769295137571739000, 0.3746500000000000900, 8.623300000000000400 ) ) ;
#1844 = ORIENTED_EDGE ( 'NONE', *, *, #134, .T. ) ;
#1845 = ORIENTED_EDGE ( 'NONE', *, *, #1327, .F. ) ;
#1846 = DIRECTION ( 'NONE',  ( -0.0000000000000000000, -1.000000000000000000, -0.0000000000000000000 ) ) ;
#1847 = DIRECTION ( 'NONE',  ( 1.000000000000000000, 0.0000000000000000000, 0.0000000000000000000 ) ) ;
#1848 = EDGE_CURVE ( 'NONE', #1912, #220, #831, .T. ) ;
#1849 = ORIENTED_EDGE ( 'NONE', *, *, #707, .T. ) ;
#1850 = DIRECTION ( 'NONE',  ( -0.0000000000000000000, 3.536567796574281500E-033, 1.000000000000000000 ) ) ;
#1851 = AXIS2_PLACEMENT_3D ( 'NONE', #608, #824, #1029 ) ;
#1852 = ADVANCED_FACE ( 'NONE', ( #1373, #1956 ), #1091, .T. ) ;
#1853 = CARTESIAN_POINT ( 'NONE',  ( 0.0000000000000000000, 0.0000000000000000000, 0.0000000000000000000 ) ) ;
#1854 = CARTESIAN_POINT ( 'NONE',  ( 0.6061555820957335000, 0.3304539999999996900, 7.655287688568345800 ) ) ;
#1855 = CONICAL_SURFACE ( 'NONE', #1502, 0.5715000000000000100, 1.029744258676657200 ) ;
#1856 = CARTESIAN_POINT ( 'NONE',  ( 0.6577380231115126400, 0.3304539999999996400, 7.724921875504914900 ) ) ;
#1857 = DIRECTION ( 'NONE',  ( 0.0000000000000000000, 0.0000000000000000000, -1.000000000000000000 ) ) ;
#1858 = FACE_OUTER_BOUND ( 'NONE', #745, .T. ) ;
#1859 = CYLINDRICAL_SURFACE ( 'NONE', #2448, 0.9016999999999998300 ) ;
#1860 = B_SPLINE_CURVE_WITH_KNOTS ( 'NONE', 3,
 ( #1864, #633, #406, #1854, #1248, #224, #2478, #1269 ),
 .UNSPECIFIED., .F., .F.,
 ( 4, 2, 2, 4 ),
 ( 0.001010576074654011300, 0.001069975730964043300, 0.001129375387274075600, 0.001248174699894139100 ),
 .UNSPECIFIED. ) ;
#1861 = DIRECTION ( 'NONE',  ( 0.0000000000000000000, -1.000000000000000000, 0.0000000000000000000 ) ) ;
#1862 = EDGE_CURVE ( 'NONE', #677, #1559, #1986, .T. ) ;
#1863 = CARTESIAN_POINT ( 'NONE',  ( -0.02946057991021298200, 0.5640133930036889100, 8.543026991322562900 ) ) ;
#1864 = CARTESIAN_POINT ( 'NONE',  ( 0.6547957027910558100, 0.3304539999999425200, 7.715930690142435800 ) ) ;
#1865 = FACE_OUTER_BOUND ( 'NONE', #2066, .T. ) ;
#1866 = CARTESIAN_POINT ( 'NONE',  ( -0.7769295137571739000, 0.3302000000000000500, 8.328258049538545600 ) ) ;
#1867 = DIRECTION ( 'NONE',  ( 1.000000000000000000, 0.0000000000000000000, 0.0000000000000000000 ) ) ;
#1868 = AXIS2_PLACEMENT_3D ( 'NONE', #613, #2259, #2267 ) ;
#1869 = ADVANCED_FACE ( 'NONE', ( #669 ), #474, .T. ) ;
#1870 = EDGE_LOOP ( 'NONE', ( #1880, #142, #950 ) ) ;
#1871 = ORIENTED_EDGE ( 'NONE', *, *, #621, .T. ) ;
#1872 = STYLED_ITEM ( 'NONE', ( #1394 ), #1542 ) ;
#1873 = ORIENTED_EDGE ( 'NONE', *, *, #2299, .T. ) ;
#1874 = CARTESIAN_POINT ( 'NONE',  ( 0.4645642084738876900, 0.4100179894491867100, 6.591300000000001300 ) ) ;
#1875 = VERTEX_POINT ( 'NONE', #2339 ) ;
#1876 = ADVANCED_FACE ( 'NONE', ( #1858 ), #1026, .F. ) ;
#1877 = CARTESIAN_POINT ( 'NONE',  ( -0.02970822551034806000, 0.3165727645096772500, 8.282941987352508300 ) ) ;
#1878 = DIRECTION ( 'NONE',  ( -0.0000000000000000000, 1.000000000000000000, -0.0000000000000000000 ) ) ;
#1879 = CARTESIAN_POINT ( 'NONE',  ( -0.02947499499756202700, 0.4168150841817317400, 6.668979820751527400 ) ) ;
#1880 = ORIENTED_EDGE ( 'NONE', *, *, #155, .F. ) ;
#1881 = EDGE_CURVE ( 'NONE', #2155, #884, #2321, .T. ) ;
#1882 = ORIENTED_EDGE ( 'NONE', *, *, #587, .F. ) ;
#1883 = CARTESIAN_POINT ( 'NONE',  ( 0.4641403248928856500, 0.4691387734333880000, 6.610539388273837200 ) ) ;
#1884 = EDGE_LOOP ( 'NONE', ( #1132, #1109, #2547, #782, #1264, #2093, #1932, #1682 ) ) ;
#1885 = DIRECTION ( 'NONE',  ( 0.0000000000000000000, -1.000000000000000000, 0.0000000000000000000 ) ) ;
#1886 = EDGE_CURVE ( 'NONE', #1047, #1970, #1435, .T. ) ;
#1887 = CARTESIAN_POINT ( 'NONE',  ( 0.0000000000000000000, -2.874522305055578400E-033, 8.737600000000000500 ) ) ;
#1888 = DIRECTION ( 'NONE',  ( -0.0000000000000000000, -0.0000000000000000000, 1.000000000000000000 ) ) ;
#1889 = CARTESIAN_POINT ( 'NONE',  ( 0.4625340746287742200, 0.3460825678225884500, 6.878722846552344400 ) ) ;
#1890 = AXIS2_PLACEMENT_3D ( 'NONE', #280, #2574, #2165 ) ;
#1891 = ADVANCED_FACE ( 'NONE', ( #1310 ), #1186, .T. ) ;
#1892 = CARTESIAN_POINT ( 'NONE',  ( 0.6867400963974654700, 0.4190999999999998600, 6.591299999999999500 ) ) ;
#1893 = DIRECTION ( 'NONE',  ( 0.0000000000000000000, -1.000000000000000000, 0.0000000000000000000 ) ) ;
#1894 = FACE_OUTER_BOUND ( 'NONE', #1017, .T. ) ;
#1895 = DIRECTION ( 'NONE',  ( 4.796081449551024600E-017, 0.0000000000000000000, 1.000000000000000000 ) ) ;
#1896 = DIRECTION ( 'NONE',  ( 0.0000000000000000000, -1.000000000000000000, 0.0000000000000000000 ) ) ;
#1897 = LINE ( 'NONE', #89, #1536 ) ;
#1898 = VECTOR ( 'NONE', #2699, 1000.000000000000000 ) ;
#1899 = EDGE_CURVE ( 'NONE', #1970, #1047, #965, .T. ) ;
#1900 = CARTESIAN_POINT ( 'NONE',  ( -0.5260385384303736300, 0.4203340528384383900, 6.591300000000001300 ) ) ;
#1901 = DIRECTION ( 'NONE',  ( 0.0000000000000000000, -3.536567796574281500E-033, -1.000000000000000000 ) ) ;
#1902 = ORIENTED_EDGE ( 'NONE', *, *, #2608, .F. ) ;
#1903 = LINE ( 'NONE', #1156, #1507 ) ;
#1904 = CARTESIAN_POINT ( 'NONE',  ( -0.4141981271639376100, -0.3937666440027430300, -0.4259102127559786800 ) ) ;
#1905 = CARTESIAN_POINT ( 'NONE',  ( -0.7148193617970908200, 0.3304539999999995800, 8.737600000000000500 ) ) ;
#1906 = DIRECTION ( 'NONE',  ( 0.0000000000000000000, -1.000000000000000000, 0.0000000000000000000 ) ) ;
#1907 = EDGE_LOOP ( 'NONE', ( #1967, #1076, #1976, #1015 ) ) ;
#1908 = CARTESIAN_POINT ( 'NONE',  ( 0.0000000000000000000, -2.784693483022591600E-033, 8.762999999999999900 ) ) ;
#1909 = ORIENTED_EDGE ( 'NONE', *, *, #1267, .F. ) ;
#1910 = CARTESIAN_POINT ( 'NONE',  ( -0.02944231832147656600, 0.5480480553246731600, 8.563095243491922300 ) ) ;
#1911 = ORIENTED_EDGE ( 'NONE', *, *, #1089, .T. ) ;
#1912 = VERTEX_POINT ( 'NONE', #2144 ) ;
#1913 = PLANE ( 'NONE',  #2188 ) ;
#1914 = ORIENTED_EDGE ( 'NONE', *, *, #2391, .T. ) ;
#1915 = DIRECTION ( 'NONE',  ( -0.0000000000000000000, -0.0000000000000000000, -1.000000000000000000 ) ) ;
#1916 = ORIENTED_EDGE ( 'NONE', *, *, #265, .T. ) ;
#1917 = EDGE_CURVE ( 'NONE', #1640, #2241, #2175, .T. ) ;
#1918 = CARTESIAN_POINT ( 'NONE',  ( -0.6691753690493973400, 0.6043734073051220100, 8.960973407305122200 ) ) ;
#1919 = EDGE_CURVE ( 'NONE', #2276, #2310, #638, .T. ) ;
#1920 = CARTESIAN_POINT ( 'NONE',  ( 0.0000000000000000000, 0.3304539999999995800, 0.0000000000000000000 ) ) ;
#1921 = CARTESIAN_POINT ( 'NONE',  ( 0.6867400963974637000, 0.4191000000000000800, 7.278212505738322200 ) ) ;
#1922 = PRODUCT_RELATED_PRODUCT_CATEGORY ( 'part', '', ( #2533 ) ) ;
#1923 = CIRCLE ( 'NONE', #1064, 1.041400000000000100 ) ;
#1924 = CARTESIAN_POINT ( 'NONE',  ( -0.5378190525628820900, 0.2093060876899456000, -0.8813524984529144100 ) ) ;
#1925 = LINE ( 'NONE', #709, #1190 ) ;
#1926 = CARTESIAN_POINT ( 'NONE',  ( -0.7769295137571739000, 0.3301999999999999400, 6.591299999999999500 ) ) ;
#1927 = CARTESIAN_POINT ( 'NONE',  ( 0.6867400963974654700, 0.4190999999999998100, 7.442882427168970400 ) ) ;
#1928 = FACE_OUTER_BOUND ( 'NONE', #139, .T. ) ;
#1929 = CARTESIAN_POINT ( 'NONE',  ( 0.6867400963974654700, 0.3301999999999996600, 7.451884295591677100 ) ) ;
#1930 = CARTESIAN_POINT ( 'NONE',  ( 0.6867400963974654700, 0.4116916666666665100, 8.623300000000000400 ) ) ;
#1931 = CARTESIAN_POINT ( 'NONE',  ( 0.6669065530103529500, 0.3373720083490767700, 8.628768508879931100 ) ) ;
#1932 = ORIENTED_EDGE ( 'NONE', *, *, #1642, .T. ) ;
#1933 = EDGE_CURVE ( 'NONE', #1106, #576, #1923, .T. ) ;
#1934 = ORIENTED_EDGE ( 'NONE', *, *, #1862, .T. ) ;
#1935 = ORIENTED_EDGE ( 'NONE', *, *, #1831, .F. ) ;
#1936 = CARTESIAN_POINT ( 'NONE',  ( -0.7769295137571731200, 0.4190999999999999700, 6.859511586241700000 ) ) ;
#1937 = DIRECTION ( 'NONE',  ( -0.0000000000000000000, -3.536567796574281500E-033, -1.000000000000000000 ) ) ;
#1938 = CARTESIAN_POINT ( 'NONE',  ( 0.6654958995595351400, 0.3303685025075140900, 7.504110887118784500 ) ) ;
#1939 = CARTESIAN_POINT ( 'NONE',  ( -0.03014981070904995300, 0.3269647123401193100, 7.446336090650431700 ) ) ;
#1940 = VERTEX_POINT ( 'NONE', #737 ) ;
#1941 = CARTESIAN_POINT ( 'NONE',  ( 0.4619257884986121000, 0.4307379896345918100, 8.283792427273233700 ) ) ;
#1942 = ORIENTED_EDGE ( 'NONE', *, *, #1917, .T. ) ;
#1943 = CARTESIAN_POINT ( 'NONE',  ( 0.6771501493603279100, 0.3289167182794923100, 8.471813324976510600 ) ) ;
#1944 = ORIENTED_EDGE ( 'NONE', *, *, #829, .F. ) ;
#1945 = DIRECTION ( 'NONE',  ( -0.0000000000000000000, -3.536567796574281500E-033, -1.000000000000000000 ) ) ;
#1946 = CARTESIAN_POINT ( 'NONE',  ( -0.4508052794721894600, 0.3301999999999995500, 9.550399999999999800 ) ) ;
#1947 = CARTESIAN_POINT ( 'NONE',  ( -0.7769295137571743400, 0.4191000000000000800, 7.278212505738322200 ) ) ;
#1948 = CARTESIAN_POINT ( 'NONE',  ( 0.6690284451886574500, 0.3337823725096003000, 6.742290720662214000 ) ) ;
#1949 = CARTESIAN_POINT ( 'NONE',  ( -0.5193783303001930900, 0.3338515295251052200, 7.449961539217137700 ) ) ;
#1950 = CARTESIAN_POINT ( 'NONE',  ( -0.5216789995702397800, 0.4297454978242318800, 8.091727451926338700 ) ) ;
#1951 = EDGE_CURVE ( 'NONE', #1334, #354, #1499, .T. ) ;
#1952 = AXIS2_PLACEMENT_3D ( 'NONE', #575, #2214, #1012 ) ;
#1953 = CARTESIAN_POINT ( 'NONE',  ( 0.4576025822142955100, 0.4190999999999999200, 7.607300000000000400 ) ) ;
#1954 = DIRECTION ( 'NONE',  ( -0.0000000000000000000, 3.536567796574281500E-033, 1.000000000000000000 ) ) ;
#1955 = CARTESIAN_POINT ( 'NONE',  ( 0.6551353800126401600, 0.3307980780524324400, 7.350844980048755400 ) ) ;
#1956 = FACE_BOUND ( 'NONE', #2585, .T. ) ;
#1957 = CARTESIAN_POINT ( 'NONE',  ( 0.6867400963974654700, 0.4190999999999998600, 8.295305962072065500 ) ) ;
#1958 = LINE ( 'NONE', #1129, #1800 ) ;
#1959 =( NAMED_UNIT ( * ) PLANE_ANGLE_UNIT ( ) SI_UNIT ( $, .RADIAN. ) );
#1960 = LINE ( 'NONE', #38, #407 ) ;
#1961 = PLANE ( 'NONE',  #630 ) ;
#1962 = ORIENTED_EDGE ( 'NONE', *, *, #1126, .T. ) ;
#1963 = LINE ( 'NONE', #2064, #739 ) ;
#1964 = DIRECTION ( 'NONE',  ( 1.000000000000000000, 0.0000000000000000000, 0.0000000000000000000 ) ) ;
#1965 = ORIENTED_EDGE ( 'NONE', *, *, #1899, .F. ) ;
#1966 = PLANE ( 'NONE',  #561 ) ;
#1967 = ORIENTED_EDGE ( 'NONE', *, *, #305, .F. ) ;
#1968 = ORIENTED_EDGE ( 'NONE', *, *, #920, .T. ) ;
#1969 = DIRECTION ( 'NONE',  ( -0.0000000000000000000, 3.536567796574281500E-033, 1.000000000000000000 ) ) ;
#1970 = VERTEX_POINT ( 'NONE', #1560 ) ;
#1971 = CARTESIAN_POINT ( 'NONE',  ( 0.6794634294922070600, 0.3980248992361116700, 8.754624899236111100 ) ) ;
#1972 = DIRECTION ( 'NONE',  ( -0.0000000000000000000, 3.536567796574281500E-033, 1.000000000000000000 ) ) ;
#1973 = AXIS2_PLACEMENT_3D ( 'NONE', #44, #1707, #665 ) ;
#1974 = VERTEX_POINT ( 'NONE', #1742 ) ;
#1975 = CARTESIAN_POINT ( 'NONE',  ( -0.7769295137571739000, 0.4190999999999998600, 8.295305962072065500 ) ) ;
#1976 = ORIENTED_EDGE ( 'NONE', *, *, #916, .T. ) ;
#1977 = CARTESIAN_POINT ( 'NONE',  ( 0.6562279689163095200, 0.3318329586629504300, 8.323584709253607300 ) ) ;
#1978 = CARTESIAN_POINT ( 'NONE',  ( -0.7148193617970904900, 0.3302845987484644400, 7.589536486788142100 ) ) ;
#1979 = CARTESIAN_POINT ( 'NONE',  ( -0.8635999999995767100, 0.1039694941637822600, -0.1397000000009277800 ) ) ;
#1980 = SURFACE_SIDE_STYLE ('',( #197 ) ) ;
#1981 = CARTESIAN_POINT ( 'NONE',  ( 0.3508875131542177300, 0.8341002510006654300, 2.740603939788218500 ) ) ;
#1982 = CARTESIAN_POINT ( 'NONE',  ( 0.6669065530103519500, 0.3373720083490763200, 6.585831491120103500 ) ) ;
#1983 = CARTESIAN_POINT ( 'NONE',  ( -0.3937235923550117500, 0.3965339505412241400, 3.000027072788848100 ) ) ;
#1984 = CARTESIAN_POINT ( 'NONE',  ( -0.5403047565080034700, 0.3304539999999994700, 7.631239399974165700 ) ) ;
#1985 = EDGE_CURVE ( 'NONE', #2310, #2276, #2329, .T. ) ;
#1986 = CIRCLE ( 'NONE', #1890, 0.8636000000000000300 ) ;
#1987 = AXIS2_PLACEMENT_3D ( 'NONE', #2057, #811, #1019 ) ;
#1988 = DIRECTION ( 'NONE',  ( 0.0000000000000000000, 5.335640612625514300E-017, 1.000000000000000000 ) ) ;
#1989 = VECTOR ( 'NONE', #1585, 1000.000000000000000 ) ;
#1990 = FACE_OUTER_BOUND ( 'NONE', #84, .T. ) ;
#1991 = CARTESIAN_POINT ( 'NONE',  ( 0.6666512589662008100, 0.3373039330343415900, 6.591359931064925300 ) ) ;
#1992 = CARTESIAN_POINT ( 'NONE',  ( 0.6867400963974654700, 0.3301999999999999400, 7.036670962843318800 ) ) ;
#1993 = CARTESIAN_POINT ( 'NONE',  ( -0.6074132261236843100, 0.3304539999999994100, 7.634263413588119100 ) ) ;
#1994 = CARTESIAN_POINT ( 'NONE',  ( 0.0000000000000000000, -0.7873999999999999900, 6.400800000000000300 ) ) ;
#1995 = LINE ( 'NONE', #1732, #278 ) ;
#1996 = CARTESIAN_POINT ( 'NONE',  ( -0.6773850945179400500, 0.5387973215290277100, 8.895397321529028300 ) ) ;
#1997 = VERTEX_POINT ( 'NONE', #1350 ) ;
#1998 = VERTEX_POINT ( 'NONE', #2174 ) ;
#1999 = DIRECTION ( 'NONE',  ( 0.0000000000000000000, 0.0000000000000000000, -1.000000000000000000 ) ) ;
#2000 = ORIENTED_EDGE ( 'NONE', *, *, #192, .F. ) ;
#2001 = EDGE_CURVE ( 'NONE', #1231, #1322, #31, .T. ) ;
#2002 = DIRECTION ( 'NONE',  ( -0.0000000000000000000, 3.536567796574281500E-033, 1.000000000000000000 ) ) ;
#2003 = VERTEX_POINT ( 'NONE', #298 ) ;
#2004 = AXIS2_PLACEMENT_3D ( 'NONE', #146, #2433, #1808 ) ;
#2005 = ORIENTED_EDGE ( 'NONE', *, *, #2693, .F. ) ;
#2006 = CARTESIAN_POINT ( 'NONE',  ( 1.104259024440942700E-016, 0.9016999999999998300, 3.340100000000001400 ) ) ;
#2007 = ORIENTED_EDGE ( 'NONE', *, *, #1797, .F. ) ;
#2008 = PLANE ( 'NONE',  #1238 ) ;
#2009 = PRODUCT_DEFINITION_FORMATION_WITH_SPECIFIED_SOURCE ( 'ANY', '', #2533, .NOT_KNOWN. ) ;
#2010 = CARTESIAN_POINT ( 'NONE',  ( -0.3424900856001305600, 0.4423086752898996400, 2.745721459496834000 ) ) ;
#2011 = DIRECTION ( 'NONE',  ( 0.0000000000000000000, -1.000000000000000000, 0.0000000000000000000 ) ) ;
#2012 = CARTESIAN_POINT ( 'NONE',  ( -0.6890847262855274200, 0.3809999999999995600, 8.737600000000000500 ) ) ;
#2013 = VECTOR ( 'NONE', #1002, 1000.000000000000000 ) ;
#2014 = FACE_OUTER_BOUND ( 'NONE', #2311, .T. ) ;
#2015 = CARTESIAN_POINT ( 'NONE',  ( 2.950687221352513400E-013, 0.5588000000015216400, 3.340100000002162300 ) ) ;
#2016 = AXIS2_PLACEMENT_3D ( 'NONE', #297, #1969, #317 ) ;
#2017 = DIRECTION ( 'NONE',  ( 0.0000000000000000000, -1.000000000000000000, 0.0000000000000000000 ) ) ;
#2018 = VECTOR ( 'NONE', #2432, 1000.000000000000000 ) ;
#2019 = AXIS2_PLACEMENT_3D ( 'NONE', #544, #758, #753 ) ;
#2020 = VECTOR ( 'NONE', #1325, 1000.000000000000000 ) ;
#2021 =( BOUNDED_SURFACE ( )  B_SPLINE_SURFACE ( 3, 2, ( 
 ( #1520, #1938, #2137 ),
 ( #1537, #2538, #1955 ),
 ( #722, #300, #1123 ),
 ( #1528, #1142, #2577 ),
 ( #291, #1948, #1342 ),
 ( #1307, #2381, #1982 ) ),
 .UNSPECIFIED., .F., .F., .F. ) 
 B_SPLINE_SURFACE_WITH_KNOTS ( ( 4, 2, 4 ),
 ( 3, 3 ),
 ( 0.0001031781426601942800, 0.0005630088105247889300, 0.001022839478389383700 ),
 ( 0.6322718957010502500, 1.000000000000000000 ),
 .UNSPECIFIED. ) 
 GEOMETRIC_REPRESENTATION_ITEM ( )  RATIONAL_B_SPLINE_SURFACE ( (
 ( 0.9240620969198976000, 0.9399483801222068300, 1.000000000000000000),
 ( 0.9254222919733590100, 0.9410240210471867400, 1.000000000000000000),
 ( 0.9267841722416150200, 0.9421009946383868100, 1.000000000000000000),
 ( 0.9295205569117877000, 0.9442649249734038600, 1.000000000000000000),
 ( 0.9393150846212392500, 0.9520104279572045900, 1.000000000000000000),
 ( 0.9624702636964457300, 0.9703215210428244300, 1.000000000000000000) ) ) 
 REPRESENTATION_ITEM ( '' )  SURFACE ( )  );
#2022 = VECTOR ( 'NONE', #550, 1000.000000000000000 ) ;
#2023 = CARTESIAN_POINT ( 'NONE',  ( -1.042400000000000000, 0.0000000000000000000, -0.5333999999999992100 ) ) ;
#2024 = ORIENTED_EDGE ( 'NONE', *, *, #2042, .F. ) ;
#2025 = FACE_OUTER_BOUND ( 'NONE', #1209, .T. ) ;
#2026 = ORIENTED_EDGE ( 'NONE', *, *, #2591, .T. ) ;
#2027 = VERTEX_POINT ( 'NONE', #1150 ) ;
#2028 = ORIENTED_EDGE ( 'NONE', *, *, #2001, .T. ) ;
#2029 = CARTESIAN_POINT ( 'NONE',  ( 0.05355505678052728500, 0.5587999999999538900, 3.340099999999938800 ) ) ;
#2030 = EDGE_CURVE ( 'NONE', #851, #1382, #1566, .T. ) ;
#2031 = ORIENTED_EDGE ( 'NONE', *, *, #2354, .T. ) ;
#2032 = CARTESIAN_POINT ( 'NONE',  ( -0.7769295137571739000, 0.3301999999999998800, 7.607300000000000400 ) ) ;
#2033 = ORIENTED_EDGE ( 'NONE', *, *, #2081, .T. ) ;
#2034 = CARTESIAN_POINT ( 'NONE',  ( 0.6867400963974654700, 0.3376083333333333400, 8.623300000000000400 ) ) ;
#2035 = ORIENTED_EDGE ( 'NONE', *, *, #1831, .T. ) ;
#2036 = CARTESIAN_POINT ( 'NONE',  ( 0.0000000000000000000, 0.0000000000000000000, 9.550399999999999800 ) ) ;
#2037 = CARTESIAN_POINT ( 'NONE',  ( 0.6581307732665396800, 0.3333296570079624100, 8.420347999592934200 ) ) ;
#2038 = CARTESIAN_POINT ( 'NONE',  ( -0.7769295137571739000, 0.3301999999999998800, 6.591300000000000400 ) ) ;
#2039 = CARTESIAN_POINT ( 'NONE',  ( 0.6547957027910558100, 0.3304539999999425200, 7.715930690142435800 ) ) ;
#2040 = CARTESIAN_POINT ( 'NONE',  ( 0.0000000000000000000, 5.638921515907621600E-066, 9.550399999999999800 ) ) ;
#2041 = CARTESIAN_POINT ( 'NONE',  ( 0.6867400963974671400, 0.3746500000000000900, 8.623300000000000400 ) ) ;
#2042 = EDGE_CURVE ( 'NONE', #190, #2155, #2113, .T. ) ;
#2043 = CARTESIAN_POINT ( 'NONE',  ( 0.2029789668227408000, 0.5230117402628855500, 3.287740533741039700 ) ) ;
#2044 = CIRCLE ( 'NONE', #394, 0.9016999999999998300 ) ;
#2045 = DIRECTION ( 'NONE',  ( -0.0000000000000000000, -3.536567796574281500E-033, -1.000000000000000000 ) ) ;
#2046 = CARTESIAN_POINT ( 'NONE',  ( 0.6777052576311476400, 0.3319238098628846100, 6.591280338978849700 ) ) ;
#2047 = DIRECTION ( 'NONE',  ( -0.0000000000000000000, -0.0000000000000000000, 1.000000000000000000 ) ) ;
#2048 = AXIS2_PLACEMENT_3D ( 'NONE', #432, #1681, #1885 ) ;
#2049 = ADVANCED_FACE ( 'NONE', ( #2203 ), #2297, .T. ) ;
#2050 = LINE ( 'NONE', #2333, #1770 ) ;
#2051 = CARTESIAN_POINT ( 'NONE',  ( 0.3937303966820827600, 0.3965271952475765100, 2.893059455324792100 ) ) ;
#2052 = CARTESIAN_POINT ( 'NONE',  ( -0.4508052794721895700, 0.3301999999999999400, 7.607300000000000400 ) ) ;
#2053 = VERTEX_POINT ( 'NONE', #132 ) ;
#2054 = EDGE_LOOP ( 'NONE', ( #1146, #1617, #2253, #1968, #212 ) ) ;
#2055 = CARTESIAN_POINT ( 'NONE',  ( 0.6626330578841792600, 0.3304539999999996900, 8.018376756319721500 ) ) ;
#2056 = ORIENTED_EDGE ( 'NONE', *, *, #105, .F. ) ;
#2057 = CARTESIAN_POINT ( 'NONE',  ( 0.0000000000000000000, -1.383363859307996200E-032, -3.911600000000000400 ) ) ;
#2058 = CARTESIAN_POINT ( 'NONE',  ( -0.02938753355526731900, 0.5001520422876250000, 8.623299999999998600 ) ) ;
#2059 = ORIENTED_EDGE ( 'NONE', *, *, #1696, .T. ) ;
#2060 = B_SPLINE_CURVE_WITH_KNOTS ( 'NONE', 3,
 ( #2355, #115, #1553, #343 ),
 .UNSPECIFIED., .F., .F.,
 ( 4, 4 ),
 ( 8.673617379884035500E-019, 2.591069726690449100E-005 ),
 .UNSPECIFIED. ) ;
#2061 = EDGE_LOOP ( 'NONE', ( #532, #2124, #1212, #742, #2096, #1009, #319, #1711 ) ) ;
#2062 = ADVANCED_FACE ( 'NONE', ( #898 ), #339, .F. ) ;
#2063 = CARTESIAN_POINT ( 'NONE',  ( -0.7769295137571739000, 0.4116916666666665100, 6.591299999999999500 ) ) ;
#2064 = CARTESIAN_POINT ( 'NONE',  ( 0.0000000000000000000, 0.5715000000000000100, -2.021148495742201500E-033 ) ) ;
#2065 = EDGE_CURVE ( 'NONE', #1787, #1334, #1401, .T. ) ;
#2066 = EDGE_LOOP ( 'NONE', ( #2453, #530, #2122, #1721 ) ) ;
#2067 = CARTESIAN_POINT ( 'NONE',  ( 0.4645642084738876900, 0.4100179894491867100, 8.623299999999998600 ) ) ;
#2068 = DIRECTION ( 'NONE',  ( -1.000000000000000000, 0.0000000000000000000, -0.0000000000000000000 ) ) ;
#2069 = CARTESIAN_POINT ( 'NONE',  ( 0.6867400963974654700, 0.3301999999999998800, 6.952004296176652600 ) ) ;
#2070 = CARTESIAN_POINT ( 'NONE',  ( -0.7769295137571739000, 0.4116916666666665100, 8.623300000000000400 ) ) ;
#2071 = AXIS2_PLACEMENT_3D ( 'NONE', #2108, #697, #2514 ) ;
#2072 = ADVANCED_FACE ( 'NONE', ( #542 ), #1195, .F. ) ;
#2073 = CARTESIAN_POINT ( 'NONE',  ( -0.7769295137571739000, 0.3376083333333333400, 6.591299999999999500 ) ) ;
#2074 = CARTESIAN_POINT ( 'NONE',  ( 0.6755774918513104400, 0.3332465582547219900, 6.591285351147454300 ) ) ;
#2075 = FACE_BOUND ( 'NONE', #450, .T. ) ;
#2076 = CARTESIAN_POINT ( 'NONE',  ( 0.6867400963974654700, 0.3301999999999998800, 8.590379595266295400 ) ) ;
#2077 = CARTESIAN_POINT ( 'NONE',  ( -0.7207976635030471900, -0.4521963492649489500, 6.591299999999999500 ) ) ;
#2078 = CARTESIAN_POINT ( 'NONE',  ( -0.5245101929823754400, 0.3650767779383879400, 6.778989099594976900 ) ) ;
#2079 = CIRCLE ( 'NONE', #982, 0.7873999999999999900 ) ;
#2080 = LINE ( 'NONE', #1699, #344 ) ;
#2081 = EDGE_CURVE ( 'NONE', #185, #1654, #2212, .T. ) ;
#2082 = CARTESIAN_POINT ( 'NONE',  ( -0.5254534993393380500, 0.4915469716053546000, 6.616800737753584000 ) ) ;
#2083 = DIRECTION ( 'NONE',  ( -0.0000000000000000000, 3.536567796574281500E-033, 1.000000000000000000 ) ) ;
#2084 = DIRECTION ( 'NONE',  ( -1.000000000000000000, 0.0000000000000000000, 0.0000000000000000000 ) ) ;
#2085 = VECTOR ( 'NONE', #2517, 1000.000000000000100 ) ;
#2086 = CARTESIAN_POINT ( 'NONE',  ( -0.02941668736936541000, 0.4703041791904860600, 6.615389404418822400 ) ) ;
#2087 = ADVANCED_FACE ( 'NONE', ( #762 ), #2008, .F. ) ;
#2088 = CARTESIAN_POINT ( 'NONE',  ( -0.7769295137571739000, 0.3301999999999998800, 8.590379595266295400 ) ) ;
#2089 = CARTESIAN_POINT ( 'NONE',  ( -0.2069713336618077000, 0.8808512327202778800, 2.596483235801696500 ) ) ;
#2090 = AXIS2_PLACEMENT_3D ( 'NONE', #748, #2603, #5 ) ;
#2091 = LINE ( 'NONE', #682, #1538 ) ;
#2092 = CARTESIAN_POINT ( 'NONE',  ( 0.6867400963974645800, 0.3302000000000001000, 6.689882750448902000 ) ) ;
#2093 = ORIENTED_EDGE ( 'NONE', *, *, #1712, .T. ) ;
#2094 = VERTEX_POINT ( 'NONE', #2404 ) ;
#2095 = ORIENTED_EDGE ( 'NONE', *, *, #1531, .T. ) ;
#2096 = ORIENTED_EDGE ( 'NONE', *, *, #99, .T. ) ;
#2097 = CARTESIAN_POINT ( 'NONE',  ( -0.4087743142615485300, 0.3809999999999995600, 8.737600000000000500 ) ) ;
#2098 = ORIENTED_EDGE ( 'NONE', *, *, #2184, .T. ) ;
#2099 = DIRECTION ( 'NONE',  ( -1.000000000000000000, 0.0000000000000000000, 4.796081449551024600E-017 ) ) ;
#2100 = CARTESIAN_POINT ( 'NONE',  ( -0.7148193617970908200, 0.3303692636329184600, 7.642827026108887100 ) ) ;
#2101 = ORIENTED_EDGE ( 'NONE', *, *, #1040, .F. ) ;
#2102 = EDGE_CURVE ( 'NONE', #262, #1364, #2701, .T. ) ;
#2103 = EDGE_LOOP ( 'NONE', ( #1357, #1236, #1544, #1136 ) ) ;
#2104 = CARTESIAN_POINT ( 'NONE',  ( 0.6867400963974645800, 0.3968749999999997600, 6.591300000000000400 ) ) ;
#2105 = ORIENTED_EDGE ( 'NONE', *, *, #1024, .F. ) ;
#2106 = CARTESIAN_POINT ( 'NONE',  ( 0.0000000000000000000, -0.8381999999999999500, -1.143000000000000000 ) ) ;
#2107 = DIRECTION ( 'NONE',  ( -1.000000000000000000, 0.0000000000000000000, 0.0000000000000000000 ) ) ;
#2108 = CARTESIAN_POINT ( 'NONE',  ( 0.0000000000000000000, -2.084547106169211400E-033, 8.960973407305122200 ) ) ;
#2109 = CARTESIAN_POINT ( 'NONE',  ( 0.0000000000000000000, -1.086928746599139900E-032, 6.477000000000000300 ) ) ;
#2110 = UNCERTAINTY_MEASURE_WITH_UNIT (LENGTH_MEASURE( 1.000000000000000100E-005 ), #108, 'distance_accuracy_value', 'NONE');
#2111 = VECTOR ( 'NONE', #1011, 1000.000000000000000 ) ;
#2112 = DIRECTION ( 'NONE',  ( 1.000000000000000000, 0.0000000000000000000, 0.0000000000000000000 ) ) ;
#2113 = LINE ( 'NONE', #989, #2532 ) ;
#2114 = PLANE ( 'NONE',  #2615 ) ;
#2115 = CARTESIAN_POINT ( 'NONE',  ( 0.0000000000000000000, 0.0000000000000000000, 9.550399999999999800 ) ) ;
#2116 = VECTOR ( 'NONE', #2045, 1000.000000000000000 ) ;
#2117 = CYLINDRICAL_SURFACE ( 'NONE', #803, 0.3937000000000002700 ) ;
#2118 = EDGE_CURVE ( 'NONE', #1243, #2123, #2564, .T. ) ;
#2119 = CARTESIAN_POINT ( 'NONE',  ( -0.7769295137571731200, 0.4190999999999998100, 7.442882427168970400 ) ) ;
#2120 = AXIS2_PLACEMENT_3D ( 'NONE', #788, #1417, #2238 ) ;
#2121 = ORIENTED_EDGE ( 'NONE', *, *, #798, .F. ) ;
#2122 = ORIENTED_EDGE ( 'NONE', *, *, #1058, .T. ) ;
#2123 = VERTEX_POINT ( 'NONE', #2012 ) ;
#2124 = ORIENTED_EDGE ( 'NONE', *, *, #1511, .T. ) ;
#2125 = CARTESIAN_POINT ( 'NONE',  ( -1.042400000000000000, 0.0000000000000000000, -0.5333999999999992100 ) ) ;
#2126 = ORIENTED_EDGE ( 'NONE', *, *, #1296, .F. ) ;
#2127 = CARTESIAN_POINT ( 'NONE',  ( -0.7769295137571752300, 0.4190999999999999200, 6.770029423445424600 ) ) ;
#2128 = DIRECTION ( 'NONE',  ( -0.0000000000000000000, 3.536567796574281500E-033, 1.000000000000000000 ) ) ;
#2129 = ORIENTED_EDGE ( 'NONE', *, *, #1246, .F. ) ;
#2130 = EDGE_CURVE ( 'NONE', #1265, #1974, #674, .T. ) ;
#2131 = DIRECTION ( 'NONE',  ( -0.0000000000000000000, 3.536567796574281500E-033, 1.000000000000000000 ) ) ;
#2132 = SHAPE_DEFINITION_REPRESENTATION ( #1674, #1542 ) ;
#2133 = AXIS2_PLACEMENT_3D ( 'NONE', #1003, #1410, #2011 ) ;
#2134 = DIRECTION ( 'NONE',  ( 0.0000000000000000000, 0.0000000000000000000, -1.000000000000000000 ) ) ;
#2135 = CARTESIAN_POINT ( 'NONE',  ( -0.5254003139674259200, 0.4980208733114378500, 6.619118986640272900 ) ) ;
#2136 = CARTESIAN_POINT ( 'NONE',  ( 0.0000000000000000000, -3.377563708440301900E-032, 0.0000000000000000000 ) ) ;
#2137 = CARTESIAN_POINT ( 'NONE',  ( 0.6547831707788910300, 0.3304413118990123200, 7.504121846490091000 ) ) ;
#2138 = CARTESIAN_POINT ( 'NONE',  ( 0.6867400963974654700, 0.4190999999999998600, 8.210639295405398400 ) ) ;
#2139 = DIRECTION ( 'NONE',  ( 0.0000000000000000000, -1.000000000000000000, 0.0000000000000000000 ) ) ;
#2140 = LINE ( 'NONE', #2428, #1593 ) ;
#2141 = LINE ( 'NONE', #2665, #1503 ) ;
#2142 = PLANE ( 'NONE',  #1571 ) ;
#2143 = CARTESIAN_POINT ( 'NONE',  ( -0.5205117190097592300, 0.4261969985494881700, 7.284310455677819500 ) ) ;
#2144 = CARTESIAN_POINT ( 'NONE',  ( -0.7769295137571739000, 0.4190999999999998600, 6.591299999999999500 ) ) ;
#2145 = VECTOR ( 'NONE', #117, 1000.000000000000000 ) ;
#2146 = CARTESIAN_POINT ( 'NONE',  ( -0.03001233358084897500, 0.3237294246802384600, 7.286612699857811600 ) ) ;
#2147 = LINE ( 'NONE', #1615, #312 ) ;
#2148 = CARTESIAN_POINT ( 'NONE',  ( -0.03024275512966776600, 0.4180519993529885300, 7.659516788533628600 ) ) ;
#2149 = ORIENTED_EDGE ( 'NONE', *, *, #850, .T. ) ;
#2150 = EDGE_CURVE ( 'NONE', #1180, #884, #11, .T. ) ;
#2151 = EDGE_LOOP ( 'NONE', ( #907, #1289, #2121 ) ) ;
#2152 = DIRECTION ( 'NONE',  ( 1.000000000000000000, 0.0000000000000000000, 0.0000000000000000000 ) ) ;
#2153 = ORIENTED_EDGE ( 'NONE', *, *, #1881, .T. ) ;
#2154 = DIRECTION ( 'NONE',  ( 0.0000000000000000000, 1.000000000000000000, 0.0000000000000000000 ) ) ;
#2155 = VERTEX_POINT ( 'NONE', #775 ) ;
#2156 = DIRECTION ( 'NONE',  ( -1.000000000000000000, 0.0000000000000000000, -0.0000000000000000000 ) ) ;
#2157 = DIRECTION ( 'NONE',  ( 0.0000000000000000000, -1.000000000000000000, 3.536567796574281500E-033 ) ) ;
#2158 = AXIS2_PLACEMENT_3D ( 'NONE', #489, #1718, #690 ) ;
#2159 = ORIENTED_EDGE ( 'NONE', *, *, #391, .T. ) ;
#2160 = ORIENTED_EDGE ( 'NONE', *, *, #2642, .F. ) ;
#2161 = CARTESIAN_POINT ( 'NONE',  ( 0.6867400963974663600, 0.3304539999999995800, 8.623300000000000400 ) ) ;
#2162 = ORIENTED_EDGE ( 'NONE', *, *, #1345, .T. ) ;
#2163 = CARTESIAN_POINT ( 'NONE',  ( 0.6890847262855274200, 0.3809999999999995600, 8.737600000000000500 ) ) ;
#2164 = ORIENTED_EDGE ( 'NONE', *, *, #1824, .T. ) ;
#2165 = DIRECTION ( 'NONE',  ( 0.0000000000000000000, -1.000000000000000000, 0.0000000000000000000 ) ) ;
#2166 = PLANE ( 'NONE',  #731 ) ;
#2167 = CARTESIAN_POINT ( 'NONE',  ( 0.6586293903933747600, 0.3304539999999995800, 7.423152717571604800 ) ) ;
#2168 = EDGE_CURVE ( 'NONE', #1997, #881, #252, .T. ) ;
#2169 = FACE_OUTER_BOUND ( 'NONE', #171, .T. ) ;
#2170 = CARTESIAN_POINT ( 'NONE',  ( 0.6867400963974654700, 0.4190999999999998600, 6.591299999999999500 ) ) ;
#2171 = VECTOR ( 'NONE', #1804, 1000.000000000000000 ) ;
#2172 = CARTESIAN_POINT ( 'NONE',  ( 0.6666540327629634200, 0.3373046903376801200, 8.623300000000000400 ) ) ;
#2173 = CARTESIAN_POINT ( 'NONE',  ( 0.6867400963974654700, 0.4190999999999998600, 7.607300000000000400 ) ) ;
#2174 = CARTESIAN_POINT ( 'NONE',  ( -0.4087743142615485300, 0.3809999999999995600, 8.737600000000000500 ) ) ;
#2175 = LINE ( 'NONE', #2566, #2266 ) ;
#2176 = CARTESIAN_POINT ( 'NONE',  ( 0.4596699470897588300, 0.4246653071838957200, 7.930764436500085800 ) ) ;
#2177 = DIRECTION ( 'NONE',  ( -0.0000000000000000000, 3.536567796574281500E-033, 1.000000000000000000 ) ) ;
#2178 = VECTOR ( 'NONE', #323, 1000.000000000000000 ) ;
#2179 = LINE ( 'NONE', #423, #1898 ) ;
#2180 = CARTESIAN_POINT ( 'NONE',  ( -0.8419161751433694700, 0.2067770240303480600, -0.1832389396344668000 ) ) ;
#2181 = CARTESIAN_POINT ( 'NONE',  ( 0.0000000000000000000, -3.781793407588742300E-032, -1.143000000000000000 ) ) ;
#2182 = SURFACE_STYLE_USAGE ( .BOTH. , #1980 ) ;
#2183 = ORIENTED_EDGE ( 'NONE', *, *, #723, .F. ) ;
#2184 = EDGE_CURVE ( 'NONE', #2245, #1616, #1532, .T. ) ;
#2185 = ORIENTED_EDGE ( 'NONE', *, *, #2130, .F. ) ;
#2186 = VERTEX_POINT ( 'NONE', #405 ) ;
#2187 = CARTESIAN_POINT ( 'NONE',  ( 1.026498947045311500E-016, 0.8381999999999999500, -1.143000000000000000 ) ) ;
#2188 = AXIS2_PLACEMENT_3D ( 'NONE', #1698, #1901, #28 ) ;
#2189 = EDGE_LOOP ( 'NONE', ( #42, #351, #14, #1232, #1606, #2437, #2542, #1914, #386, #1205 ) ) ;
#2190 = CARTESIAN_POINT ( 'NONE',  ( 0.0000000000000000000, -0.9016999999999998300, 0.7874000000000005400 ) ) ;
#2191 = CARTESIAN_POINT ( 'NONE',  ( -0.8636000000000000300, -3.118918426961002600E-018, -0.9270999999999991500 ) ) ;
#2192 = CARTESIAN_POINT ( 'NONE',  ( 0.4508052794721892900, 0.3303693241925697000, 7.586361416958527400 ) ) ;
#2193 = VERTEX_POINT ( 'NONE', #1007 ) ;
#2194 =( NAMED_UNIT ( * ) PLANE_ANGLE_UNIT ( ) SI_UNIT ( $, .RADIAN. ) );
#2195 = ORIENTED_EDGE ( 'NONE', *, *, #360, .T. ) ;
#2196 = CARTESIAN_POINT ( 'NONE',  ( -0.5232365717757103700, 0.3455804724555198700, 6.944953196448333100 ) ) ;
#2197 = ORIENTED_EDGE ( 'NONE', *, *, #368, .F. ) ;
#2198 = CARTESIAN_POINT ( 'NONE',  ( 0.6867400963974654700, 0.4190999999999998600, 7.607300000000000400 ) ) ;
#2199 = DIRECTION ( 'NONE',  ( -0.0000000000000000000, 3.536567796574281500E-033, 1.000000000000000000 ) ) ;
#2200 = CARTESIAN_POINT ( 'NONE',  ( -0.7148193617970908200, 0.3301999999999995500, 6.477000000000000300 ) ) ;
#2201 = EDGE_CURVE ( 'NONE', #607, #2647, #2079, .T. ) ;
#2202 = DIRECTION ( 'NONE',  ( -1.000000000000000000, 0.0000000000000000000, 0.0000000000000000000 ) ) ;
#2203 = FACE_OUTER_BOUND ( 'NONE', #983, .T. ) ;
#2204 = CONICAL_SURFACE ( 'NONE', #698, 0.5587999999999981900, 1.029744258676659400 ) ;
#2205 = LINE ( 'NONE', #1757, #1377 ) ;
#2206 = VECTOR ( 'NONE', #1427, 1000.000000000000000 ) ;
#2207 = ORIENTED_EDGE ( 'NONE', *, *, #430, .T. ) ;
#2208 = EDGE_LOOP ( 'NONE', ( #1909, #2028, #2474, #1514 ) ) ;
#2209 = APPLICATION_CONTEXT ( 'automotive_design' ) ;
#2210 = ORIENTED_EDGE ( 'NONE', *, *, #554, .F. ) ;
#2211 = EDGE_CURVE ( 'NONE', #9, #1382, #2140, .T. ) ;
#2212 =( BOUNDED_CURVE ( )  B_SPLINE_CURVE ( 3, ( #1375, #1596, #2397, #1802 ),
 .UNSPECIFIED., .F., .T. ) 
 B_SPLINE_CURVE_WITH_KNOTS ( ( 4, 4 ),
 ( 1.224646799147352500E-016, 0.8362373019409284900 ),
 .UNSPECIFIED. ) 
 CURVE ( )  GEOMETRIC_REPRESENTATION_ITEM ( )  RATIONAL_B_SPLINE_CURVE ( ( 1.000000000000000000, 0.9425696424436843500, 0.9425696424436843500, 1.000000000000000000 ) ) 
 REPRESENTATION_ITEM ( '' )  );
#2213 = CARTESIAN_POINT ( 'NONE',  ( -0.2446063900097637000, 0.5040509144332258100, 3.258893581436344400 ) ) ;
#2214 = DIRECTION ( 'NONE',  ( -0.0000000000000000000, 0.0000000000000000000, -1.000000000000000000 ) ) ;
#2215 = ORIENTED_EDGE ( 'NONE', *, *, #155, .T. ) ;
#2216 = PLANE ( 'NONE',  #2392 ) ;
#2217 = AXIS2_PLACEMENT_3D ( 'NONE', #157, #1023, #183 ) ;
#2218 = VERTEX_POINT ( 'NONE', #1826 ) ;
#2219 =( NAMED_UNIT ( * ) SI_UNIT ( $, .STERADIAN. ) SOLID_ANGLE_UNIT ( ) );
#2220 = ORIENTED_EDGE ( 'NONE', *, *, #2150, .T. ) ;
#2221 = ORIENTED_EDGE ( 'NONE', *, *, #2168, .F. ) ;
#2222 = DIRECTION ( 'NONE',  ( 0.0000000000000000000, -1.000000000000000000, 0.0000000000000000000 ) ) ;
#2223 = CARTESIAN_POINT ( 'NONE',  ( 0.0000000000000000000, -1.046505776684296000E-032, 6.591299999999999500 ) ) ;
#2224 = CARTESIAN_POINT ( 'NONE',  ( -0.02938574347342371200, 0.4985870491473582400, 8.625267178998253600 ) ) ;
#2225 = B_SPLINE_CURVE_WITH_KNOTS ( 'NONE', 3,
 ( #1183, #333, #1984, #1993, #967, #2390, #1175, #2607 ),
 .UNSPECIFIED., .F., .F.,
 ( 4, 2, 2, 4 ),
 ( 0.0000000000000000000, 0.0001342377589013793400, 0.0002013566383520690700, 0.0002684755178027587900 ),
 .UNSPECIFIED. ) ;
#2226 = CARTESIAN_POINT ( 'NONE',  ( -1.041400000000000100, 0.0000000000000000000, 6.477000000000000300 ) ) ;
#2227 = EDGE_CURVE ( 'NONE', #1559, #677, #438, .T. ) ;
#2228 = CARTESIAN_POINT ( 'NONE',  ( -0.7769295137571739000, 0.3236642210690958100, 6.591299999999999500 ) ) ;
#2229 = CARTESIAN_POINT ( 'NONE',  ( 1.104264018791168100E-016, 0.9016999999999998300, 9.550399999999999800 ) ) ;
#2230 = PLANE ( 'NONE',  #1301 ) ;
#2231 = CARTESIAN_POINT ( 'NONE',  ( -0.5217806751229829800, 0.3411545885753159400, 8.078921135006490700 ) ) ;
#2232 = CARTESIAN_POINT ( 'NONE',  ( 0.0000000000000000000, -4.814824860968089600E-032, -4.064000000000000100 ) ) ;
#2233 = ADVANCED_FACE ( 'NONE', ( #2014 ), #1855, .F. ) ;
#2234 = FACE_OUTER_BOUND ( 'NONE', #2313, .T. ) ;
#2235 = AXIS2_PLACEMENT_3D ( 'NONE', #680, #1915, #913 ) ;
#2236 = FACE_OUTER_BOUND ( 'NONE', #1414, .T. ) ;
#2237 = CARTESIAN_POINT ( 'NONE',  ( -0.6663566519491025400, -0.4194848893621587200, 8.623300000000000400 ) ) ;
#2238 = DIRECTION ( 'NONE',  ( 0.0000000000000000000, -1.000000000000000000, 0.0000000000000000000 ) ) ;
#2239 = CIRCLE ( 'NONE', #1719, 0.7873999999999999900 ) ;
#2240 = CARTESIAN_POINT ( 'NONE',  ( 0.6634939144738641900, 0.3304539999999995800, 8.094025894352354200 ) ) ;
#2241 = VERTEX_POINT ( 'NONE', #365 ) ;
#2242 = DIRECTION ( 'NONE',  ( 0.0000000000000000000, 0.0000000000000000000, 1.000000000000000000 ) ) ;
#2243 = CIRCLE ( 'NONE', #2463, 0.7238999999999995400 ) ;
#2244 = EDGE_LOOP ( 'NONE', ( #946, #2215, #2257, #625, #2374, #1446 ) ) ;
#2245 = VERTEX_POINT ( 'NONE', #1819 ) ;
#2246 = EDGE_CURVE ( 'NONE', #73, #917, #1468, .T. ) ;
#2247 = DIRECTION ( 'NONE',  ( 0.0000000000000000000, 0.0000000000000000000, 1.000000000000000000 ) ) ;
#2248 = ORIENTED_EDGE ( 'NONE', *, *, #991, .F. ) ;
#2249 = ADVANCED_FACE ( 'NONE', ( #1671 ), #1658, .T. ) ;
#2250 = DIRECTION ( 'NONE',  ( -0.0000000000000000000, -3.536567796574281500E-033, -1.000000000000000000 ) ) ;
#2251 = CARTESIAN_POINT ( 'NONE',  ( -0.04509470867985380900, 0.4190999999999998600, 7.607300000000000400 ) ) ;
#2252 = EDGE_CURVE ( 'NONE', #1291, #943, #895, .T. ) ;
#2253 = ORIENTED_EDGE ( 'NONE', *, *, #2102, .T. ) ;
#2254 = CARTESIAN_POINT ( 'NONE',  ( 0.6867400963974654700, 0.3301999999999998800, 7.607300000000000400 ) ) ;
#2255 = CARTESIAN_POINT ( 'NONE',  ( 0.0000000000000000000, 0.3304539999999995800, 0.0000000000000000000 ) ) ;
#2256 = EDGE_LOOP ( 'NONE', ( #1478, #1448, #250, #1100 ) ) ;
#2257 = ORIENTED_EDGE ( 'NONE', *, *, #2549, .F. ) ;
#2258 = CARTESIAN_POINT ( 'NONE',  ( 0.3823462269552871900, 0.4083508652563976900, 3.053184619889311300 ) ) ;
#2259 = DIRECTION ( 'NONE',  ( -0.0000000000000000000, -0.0000000000000000000, 1.000000000000000000 ) ) ;
#2260 = CARTESIAN_POINT ( 'NONE',  ( 0.0000000000000000000, -4.814824860968089600E-032, -4.064000000000000100 ) ) ;
#2261 = DIRECTION ( 'NONE',  ( -1.000000000000000000, 0.0000000000000000000, 0.0000000000000000000 ) ) ;
#2262 = CARTESIAN_POINT ( 'NONE',  ( -0.7769295137571739000, 0.3301999999999999400, 7.036670962843318800 ) ) ;
#2263 = ADVANCED_FACE ( 'NONE', ( #1088 ), #1731, .F. ) ;
#2264 = EDGE_CURVE ( 'NONE', #2284, #257, #2562, .T. ) ;
#2265 = CARTESIAN_POINT ( 'NONE',  ( -0.02948493952988334000, 0.5380784952367843000, 8.522725375798641400 ) ) ;
#2266 = VECTOR ( 'NONE', #730, 1000.000000000000000 ) ;
#2267 = DIRECTION ( 'NONE',  ( 1.000000000000000000, 0.0000000000000000000, 0.0000000000000000000 ) ) ;
#2268 = FACE_BOUND ( 'NONE', #374, .T. ) ;
#2269 = DIRECTION ( 'NONE',  ( 0.0000000000000000000, -0.4999999999999999400, 0.8660254037844387100 ) ) ;
#2270 = CARTESIAN_POINT ( 'NONE',  ( -0.3936263539185981300, 0.8112466888586853400, 2.841874291488598400 ) ) ;
#2271 = AXIS2_PLACEMENT_3D ( 'NONE', #980, #995, #2202 ) ;
#2272 = DIRECTION ( 'NONE',  ( 0.0000000000000000000, -1.000000000000000000, 0.0000000000000000000 ) ) ;
#2273 = FACE_OUTER_BOUND ( 'NONE', #781, .T. ) ;
#2274 = LINE ( 'NONE', #1710, #4 ) ;
#2275 = CARTESIAN_POINT ( 'NONE',  ( -0.02938574347342371200, 0.4985870491473582400, 6.589332821001748100 ) ) ;
#2276 = VERTEX_POINT ( 'NONE', #1659 ) ;
#2277 = EDGE_LOOP ( 'NONE', ( #152, #2007, #1036, #1037, #1006, #2005, #12 ) ) ;
#2278 = CARTESIAN_POINT ( 'NONE',  ( -0.7148193617970909400, 0.3304539999999995800, 7.554009461335197400 ) ) ;
#2279 = ORIENTED_EDGE ( 'NONE', *, *, #1636, .F. ) ;
#2280 = CARTESIAN_POINT ( 'NONE',  ( 0.0000000000000000000, -3.278752004204016800E-033, 8.623300000000000400 ) ) ;
#2281 = ORIENTED_EDGE ( 'NONE', *, *, #2184, .F. ) ;
#2282 = ADVANCED_FACE ( 'NONE', ( #200 ), #1755, .F. ) ;
#2283 = DIRECTION ( 'NONE',  ( 0.0000000000000000000, 0.0000000000000000000, -1.000000000000000000 ) ) ;
#2284 = VERTEX_POINT ( 'NONE', #2361 ) ;
#2285 = CARTESIAN_POINT ( 'NONE',  ( -0.02946057991021298200, 0.5640133930036889100, 6.671573008677437000 ) ) ;
#2286 = AXIS2_PLACEMENT_3D ( 'NONE', #184, #653, #2084 ) ;
#2287 = CARTESIAN_POINT ( 'NONE',  ( -0.02938753355526731900, 0.5001520422876250000, 6.591300000000001300 ) ) ;
#2288 = ORIENTED_EDGE ( 'NONE', *, *, #408, .T. ) ;
#2289 = CARTESIAN_POINT ( 'NONE',  ( -0.5257838141890409700, 0.4089780159971167500, 8.593440019733092700 ) ) ;
#2290 = CARTESIAN_POINT ( 'NONE',  ( -0.3937734501188284700, 0.8111752995900110000, 3.050370189095601900 ) ) ;
#2291 = DIRECTION ( 'NONE',  ( -1.000000000000000000, 0.0000000000000000000, 0.0000000000000000000 ) ) ;
#2292 = AXIS2_PLACEMENT_3D ( 'NONE', #26, #462, #2509 ) ;
#2293 = ADVANCED_FACE ( 'NONE', ( #268 ), #2166, .F. ) ;
#2294 = CARTESIAN_POINT ( 'NONE',  ( 0.6666540327629634200, 0.3373046903376801200, 6.591300000000000400 ) ) ;
#2295 = DIRECTION ( 'NONE',  ( -1.000000000000000000, 0.0000000000000000000, 0.0000000000000000000 ) ) ;
#2296 = DIRECTION ( 'NONE',  ( -0.0000000000000000000, -0.0000000000000000000, -1.000000000000000000 ) ) ;
#2297 = CYLINDRICAL_SURFACE ( 'NONE', #1204, 0.8508999999999998800 ) ;
#2298 = B_SPLINE_CURVE_WITH_KNOTS ( 'NONE', 3,
 ( #2015, #1182, #793, #1600, #2213, #986, #2389, #1174, #1983, #779, #756, #2010, #992, #126, #563, #2618 ),
 .UNSPECIFIED., .F., .F.,
 ( 4, 2, 2, 2, 2, 2, 2, 4 ),
 ( 0.001280299848080229900, 0.001440086014741510000, 0.001599872181402790200, 0.001759658348064070300, 0.001919444514725350600, 0.002079230681386630800, 0.002239016848047910900, 0.002558589181370470300 ),
 .UNSPECIFIED. ) ;
#2299 = EDGE_CURVE ( 'NONE', #2647, #607, #1701, .T. ) ;
#2300 = CARTESIAN_POINT ( 'NONE',  ( 0.4639990303658856900, 0.4888457014281217800, 6.616952517698447200 ) ) ;
#2301 = DIRECTION ( 'NONE',  ( 0.0000000000000000000, 0.0000000000000000000, 1.000000000000000000 ) ) ;
#2302 = CIRCLE ( 'NONE', #1534, 0.9016999999999998300 ) ;
#2303 = CARTESIAN_POINT ( 'NONE',  ( 0.7148193617970908200, 0.3301999999999995500, 6.477000000000000300 ) ) ;
#2304 = AXIS2_PLACEMENT_3D ( 'NONE', #518, #508, #499 ) ;
#2305 = FACE_OUTER_BOUND ( 'NONE', #2344, .T. ) ;
#2306 = DIRECTION ( 'NONE',  ( -0.0000000000000000000, 3.536567796574281500E-033, 1.000000000000000000 ) ) ;
#2307 = CARTESIAN_POINT ( 'NONE',  ( 0.6867400963974645800, 0.3968749999999997600, 8.623300000000000400 ) ) ;
#2308 = ORIENTED_EDGE ( 'NONE', *, *, #1917, .F. ) ;
#2309 = VECTOR ( 'NONE', #485, 1000.000000000000000 ) ;
#2310 = VERTEX_POINT ( 'NONE', #340 ) ;
#2311 = EDGE_LOOP ( 'NONE', ( #1389, #2622, #1176 ) ) ;
#2312 = CARTESIAN_POINT ( 'NONE',  ( -0.5183357020836957300, 0.2440899987316456600, -0.2204565163672788700 ) ) ;
#2313 = EDGE_LOOP ( 'NONE', ( #683, #350, #1134, #622, #2620 ) ) ;
#2314 = DIRECTION ( 'NONE',  ( 0.0000000000000000000, 1.000000000000000000, 0.0000000000000000000 ) ) ;
#2315 = CARTESIAN_POINT ( 'NONE',  ( -0.5241232970490741200, 0.4505410068762752400, 6.785302458627957600 ) ) ;
#2316 = CARTESIAN_POINT ( 'NONE',  ( -0.7148193617970908200, 0.3304539999999995800, 7.660590538664803400 ) ) ;
#2317 = ORIENTED_EDGE ( 'NONE', *, *, #2391, .F. ) ;
#2318 = EDGE_CURVE ( 'NONE', #881, #1997, #2298, .T. ) ;
#2319 = EDGE_LOOP ( 'NONE', ( #1622, #2544, #808, #491 ) ) ;
#2320 = CARTESIAN_POINT ( 'NONE',  ( 0.6739314322004579200, 0.3348753580296359700, 8.628958722726640200 ) ) ;
#2321 = B_SPLINE_CURVE_WITH_KNOTS ( 'NONE', 3,
 ( #80, #1768, #2349, #93, #1131 ),
 .UNSPECIFIED., .F., .F.,
 ( 4, 1, 4 ),
 ( 0.0000000000000000000, 0.5303499247505153400, 0.9858655200729432600 ),
 .UNSPECIFIED. ) ;
#2322 = CLOSED_SHELL ( 'NONE', ( #216, #417, #1253, #2233, #650, #1662, #822, #1825, #222, #635, #629, #19, #439, #1480, #1669, #174, #795, #2666, #866, #2702, #1415, #855, #193, #805, #1224, #1607, #1428, #228, #1869, #1260, #1852, #1891, #1240, #2689, #2656, #1460, #1655, #2062, #1464, #1876, #1400, #2484, #387, #1691, #594, #1059, #2491, #1442, #1625, #2249, #1035, #2087, #2637, #2263, #2049, #428, #840, #610, #2282, #1452, #1677, #400, #2293, #663, #1214, #2507, #847, #2439, #1277, #1050, #2072, #1071 ) ) ;
#2323 = CARTESIAN_POINT ( 'NONE',  ( 0.4087743142615481400, 0.3809999999999995600, 8.737600000000000500 ) ) ;
#2324 = AXIS2_PLACEMENT_3D ( 'NONE', #103, #1773, #957 ) ;
#2325 = CARTESIAN_POINT ( 'NONE',  ( -0.5193444384492779100, 0.4226484992747436800, 7.445735206601180600 ) ) ;
#2326 = CARTESIAN_POINT ( 'NONE',  ( -0.7769295137571739000, 0.4190999999999998600, 7.607300000000000400 ) ) ;
#2327 = PRODUCT_DEFINITION ( 'UNKNOWN', '', #2009, #1203 ) ;
#2328 = DIRECTION ( 'NONE',  ( -0.0000000000000000000, 3.536567796574281500E-033, 1.000000000000000000 ) ) ;
#2329 = CIRCLE ( 'NONE', #1753, 0.8636000000000000300 ) ;
#2330 = CARTESIAN_POINT ( 'NONE',  ( -0.02960673762823426400, 0.4416495199262765500, 6.814100492661271600 ) ) ;
#2331 = DIRECTION ( 'NONE',  ( -0.0000000000000000000, 3.536567796574281500E-033, 1.000000000000000000 ) ) ;
#2332 = LINE ( 'NONE', #381, #275 ) ;
#2333 = CARTESIAN_POINT ( 'NONE',  ( -1.042400000000000000, 0.0000000000000000000, -0.9270999999999991500 ) ) ;
#2334 = B_SPLINE_CURVE_WITH_KNOTS ( 'NONE', 3,
 ( #2513, #664, #453, #1087, #2294 ),
 .UNSPECIFIED., .F., .F.,
 ( 4, 1, 4 ),
 ( 0.0000000000000000000, 0.5303499247505153400, 0.9858655200729432600 ),
 .UNSPECIFIED. ) ;
#2335 = EDGE_CURVE ( 'NONE', #1748, #2655, #398, .T. ) ;
#2336 = CARTESIAN_POINT ( 'NONE',  ( 0.6797170062874021700, 0.3304539999999997500, 6.591279361107489800 ) ) ;
#2337 = CIRCLE ( 'NONE', #486, 0.7873999999999999900 ) ;
#2338 = CARTESIAN_POINT ( 'NONE',  ( 0.4623027415653889200, 0.4339902034947491500, 6.871731533751999500 ) ) ;
#2339 = CARTESIAN_POINT ( 'NONE',  ( 1.026498947045311500E-016, 0.8381999999999999500, -4.064000000000000100 ) ) ;
#2340 = ORIENTED_EDGE ( 'NONE', *, *, #558, .F. ) ;
#2341 = DIRECTION ( 'NONE',  ( 0.0000000000000000000, 1.000000000000000000, 0.0000000000000000000 ) ) ;
#2342 = ORIENTED_EDGE ( 'NONE', *, *, #1330, .T. ) ;
#2343 = CARTESIAN_POINT ( 'NONE',  ( -0.5224571866105608400, 0.4321111640073947400, 8.199439165504763600 ) ) ;
#2344 = EDGE_LOOP ( 'NONE', ( #2518, #1882, #2356, #1516 ) ) ;
#2345 = ORIENTED_EDGE ( 'NONE', *, *, #481, .T. ) ;
#2346 = DIRECTION ( 'NONE',  ( 0.0000000000000000000, -0.0000000000000000000, 1.000000000000000000 ) ) ;
#2347 = ORIENTED_EDGE ( 'NONE', *, *, #1112, .F. ) ;
#2348 = CARTESIAN_POINT ( 'NONE',  ( 0.4596699470897588300, 0.4246653071838957200, 7.283835563499914100 ) ) ;
#2349 = CARTESIAN_POINT ( 'NONE',  ( -0.03640743721442706700, 0.4990238565179374600, 8.623299999999998600 ) ) ;
#2350 = CARTESIAN_POINT ( 'NONE',  ( -0.8636000000000000300, -3.118918426961002600E-018, -0.9270999999999991500 ) ) ;
#2351 = CARTESIAN_POINT ( 'NONE',  ( 0.4597299727806822800, 0.3359268952097340100, 7.293076585892557700 ) ) ;
#2352 = ORIENTED_EDGE ( 'NONE', *, *, #1379, .T. ) ;
#2353 = CARTESIAN_POINT ( 'NONE',  ( 0.4576025822142955100, 0.4190999999999999200, 7.607300000000000400 ) ) ;
#2354 = EDGE_CURVE ( 'NONE', #2218, #1039, #539, .T. ) ;
#2355 = CARTESIAN_POINT ( 'NONE',  ( -0.4508052794721895700, 0.3301999999999999400, 7.607300000000000400 ) ) ;
#2356 = ORIENTED_EDGE ( 'NONE', *, *, #324, .F. ) ;
#2357 = AXIS2_PLACEMENT_3D ( 'NONE', #2181, #960, #1766 ) ;
#2358 = CARTESIAN_POINT ( 'NONE',  ( -0.8635999999999999200, 0.1054986479411170000, -0.9270999999999991500 ) ) ;
#2359 = DIRECTION ( 'NONE',  ( -0.0000000000000000000, -0.0000000000000000000, 1.000000000000000000 ) ) ;
#2360 = DIRECTION ( 'NONE',  ( 0.0000000000000000000, 1.000000000000000000, -3.536567796574280800E-033 ) ) ;
#2361 = CARTESIAN_POINT ( 'NONE',  ( 0.7148193617970908200, 0.3304539999999995800, 8.737600000000000500 ) ) ;
#2362 = CARTESIAN_POINT ( 'NONE',  ( 0.0000000000000000000, -0.7873999999999999900, 6.591299999999999500 ) ) ;
#2363 = CIRCLE ( 'NONE', #1702, 0.7873999999999999900 ) ;
#2364 = DIRECTION ( 'NONE',  ( 0.0000000000000000000, 1.000000000000000000, 0.0000000000000000000 ) ) ;
#2365 = CARTESIAN_POINT ( 'NONE',  ( -0.03028728783725093100, 0.4190999999999999200, 7.607300000000000400 ) ) ;
#2366 = DIRECTION ( 'NONE',  ( -0.0000000000000000000, 3.536567796574281500E-033, 1.000000000000000000 ) ) ;
#2367 = LINE ( 'NONE', #395, #163 ) ;
#2368 = EDGE_CURVE ( 'NONE', #2647, #452, #1564, .T. ) ;
#2369 = CARTESIAN_POINT ( 'NONE',  ( -0.6890847262855274200, 0.3809999999999995600, 8.737600000000000500 ) ) ;
#2370 = VECTOR ( 'NONE', #2152, 1000.000000000000000 ) ;
#2371 = CARTESIAN_POINT ( 'NONE',  ( -0.02967981648724490500, 0.4118057776059221900, 8.316849206049207400 ) ) ;
#2372 = CARTESIAN_POINT ( 'NONE',  ( -0.4508052794721894600, 0.3304539999999995800, 8.737600000000000500 ) ) ;
#2373 = DIRECTION ( 'NONE',  ( -0.0000000000000000000, -0.0000000000000000000, 1.000000000000000000 ) ) ;
#2374 = ORIENTED_EDGE ( 'NONE', *, *, #385, .T. ) ;
#2375 = AXIS2_PLACEMENT_3D ( 'NONE', #1603, #364, #1586 ) ;
#2376 = CYLINDRICAL_SURFACE ( 'NONE', #2697, 0.5587999999999987400 ) ;
#2377 = ORIENTED_EDGE ( 'NONE', *, *, #1249, .F. ) ;
#2378 = CARTESIAN_POINT ( 'NONE',  ( -0.4508052794721894600, 0.3304539999999995800, 6.477000000000000300 ) ) ;
#2379 = ORIENTED_EDGE ( 'NONE', *, *, #888, .F. ) ;
#2380 = AXIS2_PLACEMENT_3D ( 'NONE', #2493, #1305, #1108 ) ;
#2381 = CARTESIAN_POINT ( 'NONE',  ( 0.6739314322004330600, 0.3348753580296442400, 6.585641277273393400 ) ) ;
#2382 = ORIENTED_EDGE ( 'NONE', *, *, #1919, .T. ) ;
#2383 = DIRECTION ( 'NONE',  ( -4.796081449551024600E-017, 0.0000000000000000000, -1.000000000000000000 ) ) ;
#2384 = VERTEX_POINT ( 'NONE', #1591 ) ;
#2385 = VERTEX_POINT ( 'NONE', #332 ) ;
#2386 = CARTESIAN_POINT ( 'NONE',  ( 0.6755065237178381500, 0.3263658628846537500, 8.016836954046377500 ) ) ;
#2387 = EDGE_CURVE ( 'NONE', #717, #2384, #468, .T. ) ;
#2388 = ORIENTED_EDGE ( 'NONE', *, *, #2201, .T. ) ;
#2389 = CARTESIAN_POINT ( 'NONE',  ( -0.3427927860565517200, 0.4420727985941338400, 3.146597151306146600 ) ) ;
#2390 = CARTESIAN_POINT ( 'NONE',  ( -0.6739750258401026000, 0.3304540000000030800, 7.642691795310960300 ) ) ;
#2391 = EDGE_CURVE ( 'NONE', #190, #1075, #2663, .T. ) ;
#2392 = AXIS2_PLACEMENT_3D ( 'NONE', #1524, #944, #446 ) ;
#2393 = VECTOR ( 'NONE', #2199, 1000.000000000000000 ) ;
#2394 = DIRECTION ( 'NONE',  ( 0.0000000000000000000, 0.0000000000000000000, -1.000000000000000000 ) ) ;
#2395 = CARTESIAN_POINT ( 'NONE',  ( 0.4508052794721894600, 0.3304539999999995800, 6.477000000000000300 ) ) ;
#2396 =( NAMED_UNIT ( * ) PLANE_ANGLE_UNIT ( ) SI_UNIT ( $, .RADIAN. ) );
#2397 = CARTESIAN_POINT ( 'NONE',  ( 0.4956066397628166000, 0.7965524758609038300, 9.153152475860903100 ) ) ;
#2398 = FACE_OUTER_BOUND ( 'NONE', #1541, .T. ) ;
#2399 = CARTESIAN_POINT ( 'NONE',  ( -0.6663566519491025400, -0.4194848893621587200, 9.550399999999999800 ) ) ;
#2400 = CARTESIAN_POINT ( 'NONE',  ( 0.0000000000000000000, 0.0000000000000000000, 0.0000000000000000000 ) ) ;
#2401 = CARTESIAN_POINT ( 'NONE',  ( 0.6797170062874404700, 0.3304539999999719400, 8.623320638892508300 ) ) ;
#2402 = VECTOR ( 'NONE', #586, 1000.000000000000000 ) ;
#2403 = FACE_OUTER_BOUND ( 'NONE', #2277, .T. ) ;
#2404 = CARTESIAN_POINT ( 'NONE',  ( 0.7668597743105027800, 0.3687233333333333500, 6.591299999999999500 ) ) ;
#2405 = COLOUR_RGB ( '',0.7921568627450980000, 0.8196078431372548800, 0.9333333333333333500 ) ;
#2406 = EDGE_CURVE ( 'NONE', #876, #2186, #237, .T. ) ;
#2407 = ORIENTED_EDGE ( 'NONE', *, *, #481, .F. ) ;
#2408 = CARTESIAN_POINT ( 'NONE',  ( 0.6609356519637118500, 0.3304539999999996400, 7.309690485424087400 ) ) ;
#2409 = ORIENTED_EDGE ( 'NONE', *, *, #1330, .F. ) ;
#2410 = AXIS2_PLACEMENT_3D ( 'NONE', #577, #136, #1184 ) ;
#2411 = ORIENTED_EDGE ( 'NONE', *, *, #2081, .F. ) ;
#2412 = DIRECTION ( 'NONE',  ( 1.000000000000000000, -2.092221828340229600E-016, -0.0000000000000000000 ) ) ;
#2413 = ORIENTED_EDGE ( 'NONE', *, *, #1679, .F. ) ;
#2414 = CARTESIAN_POINT ( 'NONE',  ( 0.4508052794721894600, 0.3304539999999995800, 8.737600000000000500 ) ) ;
#2415 = ORIENTED_EDGE ( 'NONE', *, *, #324, .T. ) ;
#2416 = CARTESIAN_POINT ( 'NONE',  ( 0.6666540327629634200, 0.3373046903376801200, 6.591300000000000400 ) ) ;
#2417 = EDGE_LOOP ( 'NONE', ( #2185, #2611, #2308, #584 ) ) ;
#2418 = DIRECTION ( 'NONE',  ( 0.0000000000000000000, -1.000000000000000000, 0.0000000000000000000 ) ) ;
#2419 = EDGE_CURVE ( 'NONE', #1411, #1746, #1306, .T. ) ;
#2420 = CARTESIAN_POINT ( 'NONE',  ( 0.3937438418556483700, 0.8111896691769454600, 2.842711747820159600 ) ) ;
#2421 = COLOUR_RGB ( '',0.7921568627450980000, 0.8196078431372548800, 0.9333333333333333500 ) ;
#2422 = CARTESIAN_POINT ( 'NONE',  ( 0.6867400963974654700, 0.4190999999999998600, 6.591299999999999500 ) ) ;
#2423 = CARTESIAN_POINT ( 'NONE',  ( 0.6619571528565345600, 0.3360220526822667600, 6.692783605162122600 ) ) ;
#2424 = VECTOR ( 'NONE', #2359, 1000.000000000000000 ) ;
#2425 = CARTESIAN_POINT ( 'NONE',  ( 0.5289216756253977100, 0.3304539999999995300, 7.575505424330159200 ) ) ;
#2426 = EDGE_CURVE ( 'NONE', #854, #1406, #1432, .T. ) ;
#2427 = AXIS2_PLACEMENT_3D ( 'NONE', #1741, #696, #2545 ) ;
#2428 = CARTESIAN_POINT ( 'NONE',  ( 0.6867400963974654700, 0.4190999999999998600, 7.607300000000000400 ) ) ;
#2429 = CYLINDRICAL_SURFACE ( 'NONE', #963, 0.9016999999999998300 ) ;
#2430 = FACE_OUTER_BOUND ( 'NONE', #1870, .T. ) ;
#2431 = CARTESIAN_POINT ( 'NONE',  ( 0.6658155109632023500, 0.3304539999999996900, 8.320977245285655900 ) ) ;
#2432 = DIRECTION ( 'NONE',  ( -0.0000000000000000000, 3.536567796574281500E-033, 1.000000000000000000 ) ) ;
#2433 = DIRECTION ( 'NONE',  ( 0.0000000000000000000, -0.0000000000000000000, 1.000000000000000000 ) ) ;
#2434 = CARTESIAN_POINT ( 'NONE',  ( -0.5259853530584615000, 0.4268079545445217500, 8.620981751113308900 ) ) ;
#2435 = LINE ( 'NONE', #593, #2206 ) ;
#2436 = B_SPLINE_CURVE_WITH_KNOTS ( 'NONE', 3,
 ( #1783, #2619, #128, #564, #1563, #2408, #1188, #1806, #2167, #1630, #1407, #1217, #1613, #2661 ),
 .UNSPECIFIED., .F., .F.,
 ( 4, 2, 2, 2, 2, 2, 4 ),
 ( 6.533795802900888000E-006, 0.0004604597974321166300, 0.0006874227982467244000, 0.0008009042986540284400, 0.0008576450488576804700, 0.0008860154239595076700, 0.0009143857990613349800 ),
 .UNSPECIFIED. ) ;
#2437 = ORIENTED_EDGE ( 'NONE', *, *, #1363, .T. ) ;
#2438 = LINE ( 'NONE', #2490, #1709 ) ;
#2439 = ADVANCED_FACE ( 'NONE', ( #335 ), #1792, .F. ) ;
#2440 = DIRECTION ( 'NONE',  ( -4.796081449551024600E-017, 0.0000000000000000000, -1.000000000000000000 ) ) ;
#2441 = DIRECTION ( 'NONE',  ( 0.0000000000000000000, 1.000000000000000000, 0.0000000000000000000 ) ) ;
#2442 = ORIENTED_EDGE ( 'NONE', *, *, #2227, .F. ) ;
#2443 = EDGE_CURVE ( 'NONE', #553, #1875, #1466, .T. ) ;
#2444 = ORIENTED_EDGE ( 'NONE', *, *, #1513, .T. ) ;
#2445 = CARTESIAN_POINT ( 'NONE',  ( 0.0000000000000000000, 0.0000000000000000000, 9.550399999999999800 ) ) ;
#2446 = CARTESIAN_POINT ( 'NONE',  ( -1.042400000000000000, 4.821434448243129300E-017, -0.1396999999999992100 ) ) ;
#2447 = ORIENTED_EDGE ( 'NONE', *, *, #338, .T. ) ;
#2448 = AXIS2_PLACEMENT_3D ( 'NONE', #85, #2698, #29 ) ;
#2449 = ORIENTED_EDGE ( 'NONE', *, *, #230, .T. ) ;
#2450 = CARTESIAN_POINT ( 'NONE',  ( 0.6666540327629634200, 0.3373046903376801200, 8.623300000000000400 ) ) ;
#2451 = CARTESIAN_POINT ( 'NONE',  ( -0.8636000000080074100, 2.612659329674042900E-012, -0.1396999999824346500 ) ) ;
#2452 = ORIENTED_EDGE ( 'NONE', *, *, #2264, .F. ) ;
#2453 = ORIENTED_EDGE ( 'NONE', *, *, #1886, .F. ) ;
#2454 = CARTESIAN_POINT ( 'NONE',  ( 0.4586662774974884500, 0.3330634476048666100, 7.764488721612920600 ) ) ;
#2455 = CARTESIAN_POINT ( 'NONE',  ( 0.0000000000000000000, 0.5714999999999997900, -4.064000000000000100 ) ) ;
#2456 = CARTESIAN_POINT ( 'NONE',  ( 0.0000000000000000000, -3.099094360138043000E-032, 0.7874000000000005400 ) ) ;
#2457 = EDGE_CURVE ( 'NONE', #917, #1748, #304, .T. ) ;
#2458 = DIRECTION ( 'NONE',  ( -0.0000000000000000000, -0.0000000000000000000, 1.000000000000000000 ) ) ;
#2459 = CARTESIAN_POINT ( 'NONE',  ( 0.0000000000000000000, 0.0000000000000000000, 9.550399999999999800 ) ) ;
#2460 = CARTESIAN_POINT ( 'NONE',  ( 0.0000000000000000000, -1.046505776684296000E-032, 6.591299999999999500 ) ) ;
#2461 = CARTESIAN_POINT ( 'NONE',  ( 0.4576025822142946700, 0.3301999999999998800, 7.607300000000000400 ) ) ;
#2462 = DIRECTION ( 'NONE',  ( 0.0000000000000000000, 0.0000000000000000000, 1.000000000000000000 ) ) ;
#2463 = AXIS2_PLACEMENT_3D ( 'NONE', #2561, #1945, #1756 ) ;
#2464 = CARTESIAN_POINT ( 'NONE',  ( 0.6867400963974654700, 0.3301999999999996000, 7.140340405318680100 ) ) ;
#2465 = CIRCLE ( 'NONE', #1818, 0.5587999999999987400 ) ;
#2466 = FACE_OUTER_BOUND ( 'NONE', #1239, .T. ) ;
#2467 = CARTESIAN_POINT ( 'NONE',  ( 0.3426061962448796500, 0.4422217325247681500, 3.146930762244758200 ) ) ;
#2468 = CARTESIAN_POINT ( 'NONE',  ( 0.6712075915788507900, 0.3355294324041918100, 6.591295188442862800 ) ) ;
#2469 = CIRCLE ( 'NONE', #1851, 0.8508999999999998800 ) ;
#2470 = CARTESIAN_POINT ( 'NONE',  ( -0.7769295137571739000, 0.3301999999999998300, 7.659046261932961600 ) ) ;
#2471 = DIRECTION ( 'NONE',  ( 1.000000000000000000, 0.0000000000000000000, 0.0000000000000000000 ) ) ;
#2472 = VECTOR ( 'NONE', #1847, 1000.000000000000000 ) ;
#2473 = CARTESIAN_POINT ( 'NONE',  ( -0.5225814567305789900, 0.3435889415920531100, 7.030820415310607500 ) ) ;
#2474 = ORIENTED_EDGE ( 'NONE', *, *, #833, .T. ) ;
#2475 = VERTEX_POINT ( 'NONE', #591 ) ;
#2476 = ORIENTED_EDGE ( 'NONE', *, *, #33, .T. ) ;
#2477 = CARTESIAN_POINT ( 'NONE',  ( -0.5255598700831627400, 0.4785991681931879300, 6.612164239980206300 ) ) ;
#2478 = CARTESIAN_POINT ( 'NONE',  ( 0.4899168958998722500, 0.3304539999999996400, 7.638407379241281900 ) ) ;
#2479 = EDGE_CURVE ( 'NONE', #1180, #138, #267, .T. ) ;
#2480 = EDGE_LOOP ( 'NONE', ( #1803, #2197 ) ) ;
#2481 = CARTESIAN_POINT ( 'NONE',  ( -0.7769295137571739000, 0.3301999999999998800, 8.623300000000000400 ) ) ;
#2482 = CARTESIAN_POINT ( 'NONE',  ( 0.0000000000000000000, -2.084547106169211400E-033, 8.960973407305122200 ) ) ;
#2483 = ORIENTED_EDGE ( 'NONE', *, *, #598, .T. ) ;
#2484 = ADVANCED_FACE ( 'NONE', ( #925 ), #2599, .F. ) ;
#2485 = CARTESIAN_POINT ( 'NONE',  ( 0.4640461285415524700, 0.4822767254298772600, 8.599785192109756300 ) ) ;
#2486 = AXIS2_PLACEMENT_3D ( 'NONE', #1187, #2002, #1584 ) ;
#2487 = ORIENTED_EDGE ( 'NONE', *, *, #149, .T. ) ;
#2488 = CARTESIAN_POINT ( 'NONE',  ( 0.6867400963974654700, 0.3301999999999999900, 6.591299999999999500 ) ) ;
#2489 = ORIENTED_EDGE ( 'NONE', *, *, #1848, .F. ) ;
#2490 = CARTESIAN_POINT ( 'NONE',  ( 0.0000000000000000000, 0.7238999999999995400, -4.064000000000000100 ) ) ;
#2491 = ADVANCED_FACE ( 'NONE', ( #996 ), #1643, .F. ) ;
#2492 = CARTESIAN_POINT ( 'NONE',  ( -0.5232365717757103700, 0.3455804724555198700, 8.269646803551665900 ) ) ;
#2493 = CARTESIAN_POINT ( 'NONE',  ( 0.6867400963974654700, 0.3301999999999999400, 8.623300000000000400 ) ) ;
#2494 = CARTESIAN_POINT ( 'NONE',  ( -0.7147019755702374000, 0.3304539999999995800, 8.737600000000000500 ) ) ;
#2495 = DIRECTION ( 'NONE',  ( 1.000000000000000000, 0.0000000000000000000, 0.0000000000000000000 ) ) ;
#2496 = B_SPLINE_CURVE_WITH_KNOTS ( 'NONE', 3,
 ( #1242, #2046, #2074, #1031, #2468, #1455, #832 ),
 .UNSPECIFIED., .F., .F.,
 ( 4, 3, 4 ),
 ( 9.355661361296470000E-006, 1.679715461673271500E-005, 2.402903183764784000E-005 ),
 .UNSPECIFIED. ) ;
#2497 = EDGE_CURVE ( 'NONE', #607, #330, #1282, .T. ) ;
#2498 = CARTESIAN_POINT ( 'NONE',  ( -0.5259853530584615000, 0.4268079545445217500, 6.593618248886691000 ) ) ;
#2499 = CARTESIAN_POINT ( 'NONE',  ( 0.4645642084738876900, 0.4100179894491867100, 6.591300000000001300 ) ) ;
#2500 = FACE_OUTER_BOUND ( 'NONE', #2480, .T. ) ;
#2501 = CARTESIAN_POINT ( 'NONE',  ( -0.7769295137571739000, 0.3301999999999996600, 8.426487649544821300 ) ) ;
#2502 = DIRECTION ( 'NONE',  ( -0.0000000000000000000, -1.000000000000000000, -0.0000000000000000000 ) ) ;
#2503 = AXIS2_PLACEMENT_3D ( 'NONE', #2372, #2600, #1772 ) ;
#2504 = CARTESIAN_POINT ( 'NONE',  ( -0.7769295137571739000, 0.3301999999999998800, 6.624220404733705400 ) ) ;
#2505 = CARTESIAN_POINT ( 'NONE',  ( 0.4641403248928856500, 0.4691387734333880000, 8.604060611726163500 ) ) ;
#2506 = LINE ( 'NONE', #261, #2085 ) ;
#2507 = ADVANCED_FACE ( 'NONE', ( #233 ), #636, .F. ) ;
#2508 = FACE_OUTER_BOUND ( 'NONE', #1512, .T. ) ;
#2509 = DIRECTION ( 'NONE',  ( 0.0000000000000000000, 1.000000000000000000, 0.0000000000000000000 ) ) ;
#2510 = ORIENTED_EDGE ( 'NONE', *, *, #430, .F. ) ;
#2511 = LINE ( 'NONE', #525, #1227 ) ;
#2512 = CARTESIAN_POINT ( 'NONE',  ( 0.4643386380466531500, 0.3996531490187300000, 6.621398318012342800 ) ) ;
#2513 = CARTESIAN_POINT ( 'NONE',  ( -0.7769295137571739000, 0.3301999999999999400, 6.591299999999999500 ) ) ;
#2514 = DIRECTION ( 'NONE',  ( 0.0000000000000000000, -1.000000000000000000, 0.0000000000000000000 ) ) ;
#2515 = ORIENTED_EDGE ( 'NONE', *, *, #833, .F. ) ;
#2516 = EDGE_LOOP ( 'NONE', ( #774, #253, #2207, #1916 ) ) ;
#2517 = DIRECTION ( 'NONE',  ( 1.049727191138620400E-016, -0.8571673007021137800, -0.5150380749100518200 ) ) ;
#2518 = ORIENTED_EDGE ( 'NONE', *, *, #1761, .F. ) ;
#2519 = CARTESIAN_POINT ( 'NONE',  ( 0.6867400963974654700, 0.4190999999999998600, 8.623300000000000400 ) ) ;
#2520 = ORIENTED_EDGE ( 'NONE', *, *, #169, .T. ) ;
#2521 = CARTESIAN_POINT ( 'NONE',  ( -0.4143249430054246100, -0.3936332050003504300, -0.6413774245483726500 ) ) ;
#2522 = ORIENTED_EDGE ( 'NONE', *, *, #1813, .F. ) ;
#2523 = DIRECTION ( 'NONE',  ( -0.0000000000000000000, -0.0000000000000000000, 1.000000000000000000 ) ) ;
#2524 = CARTESIAN_POINT ( 'NONE',  ( -0.5254003139674259200, 0.4980208733114378500, 8.595481013359727000 ) ) ;
#2525 = CARTESIAN_POINT ( 'NONE',  ( -0.02956245643985673500, 0.3582276751778859000, 6.761786776309090600 ) ) ;
#2526 = ORIENTED_EDGE ( 'NONE', *, *, #49, .F. ) ;
#2527 = AXIS2_PLACEMENT_3D ( 'NONE', #2260, #1850, #2222 ) ;
#2528 = CARTESIAN_POINT ( 'NONE',  ( 0.0000000000000000000, 0.0000000000000000000, 9.550399999999999800 ) ) ;
#2529 = CARTESIAN_POINT ( 'NONE',  ( -0.7769295137571735600, 0.4190999999999996900, 7.113567232515500800 ) ) ;
#2530 = CARTESIAN_POINT ( 'NONE',  ( 1.118370550034268600E-017, 1.214428536298272400E-033, 0.3433918437742485800 ) ) ;
#2531 = EDGE_CURVE ( 'NONE', #1334, #2644, #634, .T. ) ;
#2532 = VECTOR ( 'NONE', #1988, 1000.000000000000000 ) ;
#2533 = PRODUCT ( 'FC6020D2-AA', 'FC6020D2-AA', '', ( #1811 ) ) ;
#2534 = EDGE_CURVE ( 'NONE', #949, #1754, #993, .T. ) ;
#2535 = CARTESIAN_POINT ( 'NONE',  ( -0.03015368971450230200, 0.4159559980589656600, 7.451114257863518600 ) ) ;
#2536 = AXIS2_PLACEMENT_3D ( 'NONE', #770, #948, #956 ) ;
#2537 = FACE_OUTER_BOUND ( 'NONE', #1784, .T. ) ;
#2538 = CARTESIAN_POINT ( 'NONE',  ( 0.6657474118540922500, 0.3306171251344915400, 7.351009052036757500 ) ) ;
#2539 = CARTESIAN_POINT ( 'NONE',  ( -0.7769295137571743400, 0.3301999999999996600, 7.451884295591677100 ) ) ;
#2540 = VECTOR ( 'NONE', #449, 1000.000000000000000 ) ;
#2541 = ORIENTED_EDGE ( 'NONE', *, *, #2318, .T. ) ;
#2542 = ORIENTED_EDGE ( 'NONE', *, *, #707, .F. ) ;
#2543 = CARTESIAN_POINT ( 'NONE',  ( 0.1729429791106548400, 0.6340230769230753600, 8.990623076923075300 ) ) ;
#2544 = ORIENTED_EDGE ( 'NONE', *, *, #2406, .T. ) ;
#2545 = DIRECTION ( 'NONE',  ( -1.000000000000000000, 0.0000000000000000000, 0.0000000000000000000 ) ) ;
#2546 = CARTESIAN_POINT ( 'NONE',  ( -0.02946057991021298200, 0.5640133930036889100, 8.543026991322562900 ) ) ;
#2547 = ORIENTED_EDGE ( 'NONE', *, *, #744, .T. ) ;
#2548 = CARTESIAN_POINT ( 'NONE',  ( -0.5260698192252601900, 0.4165264496554135200, 8.624663470166947100 ) ) ;
#2549 = EDGE_CURVE ( 'NONE', #1075, #717, #2334, .T. ) ;
#2550 = VERTEX_POINT ( 'NONE', #1486 ) ;
#2551 = CARTESIAN_POINT ( 'NONE',  ( -0.7494410588864090000, 9.178005939148438100E-017, 9.550399999999999800 ) ) ;
#2552 = B_SPLINE_CURVE_WITH_KNOTS ( 'NONE', 3,
 ( #1487, #2524, #2546, #259, #1314 ),
 .UNSPECIFIED., .F., .F.,
 ( 4, 1, 4 ),
 ( 0.0000000000000000000, 0.5303499247505153400, 1.000000000000000000 ),
 .UNSPECIFIED. ) ;
#2553 = ORIENTED_EDGE ( 'NONE', *, *, #2201, .F. ) ;
#2554 = DIRECTION ( 'NONE',  ( 1.000000000000000000, 0.0000000000000000000, 0.0000000000000000000 ) ) ;
#2555 = AXIS2_PLACEMENT_3D ( 'NONE', #2621, #1189, #2017 ) ;
#2556 = CARTESIAN_POINT ( 'NONE',  ( -0.5216789995702397800, 0.4297454978242318800, 7.122872548073662100 ) ) ;
#2557 = CARTESIAN_POINT ( 'NONE',  ( 0.0000000000000000000, 0.0000000000000000000, 0.0000000000000000000 ) ) ;
#2558 = CARTESIAN_POINT ( 'NONE',  ( -0.5205795027115873700, 0.3375030590502109400, 7.292820202105323400 ) ) ;
#2559 = AXIS2_PLACEMENT_3D ( 'NONE', #1149, #1340, #1548 ) ;
#2560 = CARTESIAN_POINT ( 'NONE',  ( 0.6867400963974654700, 0.4190999999999998600, 7.662061954755675000 ) ) ;
#2561 = CARTESIAN_POINT ( 'NONE',  ( 0.0000000000000000000, -1.437261152527788000E-032, -4.064000000000000100 ) ) ;
#2562 = LINE ( 'NONE', #82, #1760 ) ;
#2563 = CARTESIAN_POINT ( 'NONE',  ( 0.6867400963974654700, 0.3301999999999998800, 6.591300000000000400 ) ) ;
#2564 = CIRCLE ( 'NONE', #1255, 0.7873999999999999900 ) ;
#2565 = FILL_AREA_STYLE ('',( #79 ) ) ;
#2566 = CARTESIAN_POINT ( 'NONE',  ( 0.4508052794721894600, 0.3304539999999995800, 8.737600000000000500 ) ) ;
#2567 = LINE ( 'NONE', #601, #2018 ) ;
#2568 = CARTESIAN_POINT ( 'NONE',  ( -0.02987485645264713000, 0.3204941370203581700, 7.126889309065192400 ) ) ;
#2569 = LINE ( 'NONE', #1801, #839 ) ;
#2570 = AXIS2_PLACEMENT_3D ( 'NONE', #1079, #662, #687 ) ;
#2571 = PLANE ( 'NONE',  #1408 ) ;
#2572 = FACE_OUTER_BOUND ( 'NONE', #1743, .T. ) ;
#2573 = PLANE ( 'NONE',  #2559 ) ;
#2574 = DIRECTION ( 'NONE',  ( -0.0000000000000000000, 3.536567796574281500E-033, 1.000000000000000000 ) ) ;
#2575 = AXIS2_PLACEMENT_3D ( 'NONE', #2414, #984, #2631 ) ;
#2576 = ORIENTED_EDGE ( 'NONE', *, *, #1249, .T. ) ;
#2577 = CARTESIAN_POINT ( 'NONE',  ( 0.6562279689162644500, 0.3318329586629543700, 6.891015290744245000 ) ) ;
#2578 = FACE_OUTER_BOUND ( 'NONE', #50, .T. ) ;
#2579 = CARTESIAN_POINT ( 'NONE',  ( 0.6867400963974637000, 0.4191000000000000800, 7.936387494261677700 ) ) ;
#2580 = ORIENTED_EDGE ( 'NONE', *, *, #920, .F. ) ;
#2581 = ORIENTED_EDGE ( 'NONE', *, *, #1781, .T. ) ;
#2582 = CARTESIAN_POINT ( 'NONE',  ( 0.0000000000000000000, -1.113877393209035300E-032, 6.400800000000002000 ) ) ;
#2583 = ORIENTED_EDGE ( 'NONE', *, *, #2335, .T. ) ;
#2584 = DIRECTION ( 'NONE',  ( -0.0000000000000000000, 3.536567796574281500E-033, 1.000000000000000000 ) ) ;
#2585 = EDGE_LOOP ( 'NONE', ( #2347, #1611 ) ) ;
#2586 = CARTESIAN_POINT ( 'NONE',  ( 0.0000000000000000000, 0.0000000000000000000, 0.0000000000000000000 ) ) ;
#2587 = DIRECTION ( 'NONE',  ( 0.0000000000000000000, 1.000000000000000000, -3.536567796574280800E-033 ) ) ;
#2588 = ORIENTED_EDGE ( 'NONE', *, *, #1200, .T. ) ;
#2589 = CARTESIAN_POINT ( 'NONE',  ( -0.5193444384492779100, 0.4226484992747436800, 7.768864793398819300 ) ) ;
#2590 = CARTESIAN_POINT ( 'NONE',  ( 0.6744166368054693700, 0.4063999999999992600, 8.762999999999999900 ) ) ;
#2591 = EDGE_CURVE ( 'NONE', #1657, #1243, #1527, .T. ) ;
#2592 = CARTESIAN_POINT ( 'NONE',  ( -0.5587999999999987400, 6.843326313635394100E-017, 9.550399999999999800 ) ) ;
#2593 = ORIENTED_EDGE ( 'NONE', *, *, #1824, .F. ) ;
#2594 = CARTESIAN_POINT ( 'NONE',  ( 0.6554942671591808000, 0.3311473064241891000, 8.017031704219046900 ) ) ;
#2595 = AXIS2_PLACEMENT_3D ( 'NONE', #2226, #2247, #1021 ) ;
#2596 = DIRECTION ( 'NONE',  ( -1.000000000000000000, 0.0000000000000000000, 0.0000000000000000000 ) ) ;
#2597 = PLANE ( 'NONE',  #1151 ) ;
#2598 = CARTESIAN_POINT ( 'NONE',  ( -0.7148193617970908200, 0.3304539999999995800, 6.477000000000000300 ) ) ;
#2599 = CYLINDRICAL_SURFACE ( 'NONE', #219, 0.3936999999999999900 ) ;
#2600 = DIRECTION ( 'NONE',  ( -1.000000000000000000, 0.0000000000000000000, 0.0000000000000000000 ) ) ;
#2601 = CARTESIAN_POINT ( 'NONE',  ( 0.7668597743105027800, 0.3687233333333333500, 8.623300000000000400 ) ) ;
#2602 = CIRCLE ( 'NONE', #783, 0.8381999999999999500 ) ;
#2603 = DIRECTION ( 'NONE',  ( -0.0000000000000000000, 3.536567796574281500E-033, 1.000000000000000000 ) ) ;
#2604 = VECTOR ( 'NONE', #1785, 1000.000000000000000 ) ;
#2605 = EDGE_CURVE ( 'NONE', #2218, #1418, #2695, .T. ) ;
#2606 = CARTESIAN_POINT ( 'NONE',  ( 0.6549852618606840600, 0.3306458285743409400, 7.416212937449278000 ) ) ;
#2607 = CARTESIAN_POINT ( 'NONE',  ( -0.7148193617970908200, 0.3304539999999995800, 7.660590538664803400 ) ) ;
#2608 = EDGE_CURVE ( 'NONE', #1243, #2245, #1152, .T. ) ;
#2609 = CONICAL_SURFACE ( 'NONE', #905, 0.8381999999999999500, 0.7853981633974482800 ) ;
#2610 = ORIENTED_EDGE ( 'NONE', *, *, #1661, .T. ) ;
#2611 = ORIENTED_EDGE ( 'NONE', *, *, #1568, .T. ) ;
#2612 = DIRECTION ( 'NONE',  ( 1.000000000000000000, 0.0000000000000000000, 0.0000000000000000000 ) ) ;
#2613 = B_SPLINE_SURFACE_WITH_KNOTS ( 'NONE', 3, 3, ( 
 ( #631, #1429, #1631, #603, #1667 ),
 ( #401, #836, #1438, #413, #13 ),
 ( #2539, #1949, #1939, #490, #1929 ),
 ( #915, #2558, #2146, #2351, #63 ),
 ( #1576, #341, #2568, #189, #2464 ),
 ( #2262, #2473, #1450, #1666, #1992 ),
 ( #424, #2196, #238, #1694, #2069 ),
 ( #442, #1489, #2700, #1889, #656 ),
 ( #248, #2078, #2525, #1459, #1293 ),
 ( #1675, #435, #1879, #859, #2092 ),
 ( #2504, #1493, #2086, #2512, #243 ),
 ( #2038, #168, #2287, #2499, #2563 ) ),
 .UNSPECIFIED., .F., .F., .F.,
 ( 4, 1, 1, 1, 2, 1, 1, 1, 4 ),
 ( 4, 1, 4 ),
 ( 0.0000000000000000000, 0.1527940805107136100, 0.3055881610214272200, 0.4583822415321408000, 0.6111763220428544400, 0.7083822415321408000, 0.8055881610214271600, 0.9027940805107135300, 1.000000000000000000 ),
 ( 0.0000000000000000000, 0.5303499247505153400, 1.000000000000000000 ),
 .UNSPECIFIED. ) ;
#2614 = DIRECTION ( 'NONE',  ( 0.0000000000000000000, 0.0000000000000000000, 1.000000000000000000 ) ) ;
#2615 = AXIS2_PLACEMENT_3D ( 'NONE', #931, #1171, #1573 ) ;
#2616 = CARTESIAN_POINT ( 'NONE',  ( -0.5636707045667819200, -0.1065735256820784400, -0.1508452716667342000 ) ) ;
#2617 = EDGE_LOOP ( 'NONE', ( #2059, #778, #2541, #2515 ) ) ;
#2618 = CARTESIAN_POINT ( 'NONE',  ( 4.012620686271281700E-016, 0.5587999999999987400, 2.552700000000000600 ) ) ;
#2619 = CARTESIAN_POINT ( 'NONE',  ( 0.6749690467873426000, 0.3304539999999995300, 6.742514845421836400 ) ) ;
#2620 = ORIENTED_EDGE ( 'NONE', *, *, #1162, .T. ) ;
#2621 = CARTESIAN_POINT ( 'NONE',  ( 0.0000000000000000000, 0.0000000000000000000, 9.550399999999999800 ) ) ;
#2622 = ORIENTED_EDGE ( 'NONE', *, *, #991, .T. ) ;
#2623 = EDGE_CURVE ( 'NONE', #9, #2094, #1396, .T. ) ;
#2624 = ORIENTED_EDGE ( 'NONE', *, *, #1595, .F. ) ;
#2625 = DIRECTION ( 'NONE',  ( -0.0000000000000000000, -0.0000000000000000000, -1.000000000000000000 ) ) ;
#2626 = CARTESIAN_POINT ( 'NONE',  ( 0.5587999999999987400, 0.0000000000000000000, 9.550399999999999800 ) ) ;
#2627 = CARTESIAN_POINT ( 'NONE',  ( 0.6773850945179400500, 0.5387973215290276000, 8.895397321529030100 ) ) ;
#2628 = EDGE_CURVE ( 'NONE', #1940, #1690, #127, .T. ) ;
#2629 = AXIS2_PLACEMENT_3D ( 'NONE', #1378, #1830, #626 ) ;
#2630 = FACE_OUTER_BOUND ( 'NONE', #8, .T. ) ;
#2631 = DIRECTION ( 'NONE',  ( -1.000000000000000000, 0.0000000000000000000, -0.0000000000000000000 ) ) ;
#2632 = VECTOR ( 'NONE', #1846, 1000.000000000000000 ) ;
#2633 = CARTESIAN_POINT ( 'NONE',  ( -0.7207976635030471900, -0.4521963492649489500, 8.623300000000000400 ) ) ;
#2634 = CARTESIAN_POINT ( 'NONE',  ( 0.6797170062874021700, 0.3304539999999997500, 6.591279361107489800 ) ) ;
#2635 = FACE_OUTER_BOUND ( 'NONE', #574, .T. ) ;
#2636 = VECTOR ( 'NONE', #1546, 1000.000000000000000 ) ;
#2637 = ADVANCED_FACE ( 'NONE', ( #2169 ), #791, .T. ) ;
#2638 = DIRECTION ( 'NONE',  ( -1.000000000000000000, 0.0000000000000000000, 0.0000000000000000000 ) ) ;
#2639 = PLANE ( 'NONE',  #2217 ) ;
#2640 = CARTESIAN_POINT ( 'NONE',  ( -0.7927545122888848300, 0.3509961125852979500, -0.7390791702483063800 ) ) ;
#2641 = VECTOR ( 'NONE', #2373, 1000.000000000000000 ) ;
#2642 = EDGE_CURVE ( 'NONE', #1039, #1388, #502, .T. ) ;
#2643 = CARTESIAN_POINT ( 'NONE',  ( -0.7769295137571743400, 0.3301999999999996600, 7.762715704408322800 ) ) ;
#2644 = VERTEX_POINT ( 'NONE', #720 ) ;
#2645 = CARTESIAN_POINT ( 'NONE',  ( 0.6061555820995281300, 0.3304539999999995800, 7.559312311430260500 ) ) ;
#2646 = ORIENTED_EDGE ( 'NONE', *, *, #213, .T. ) ;
#2647 = VERTEX_POINT ( 'NONE', #120 ) ;
#2648 = ORIENTED_EDGE ( 'NONE', *, *, #105, .T. ) ;
#2649 = ORIENTED_EDGE ( 'NONE', *, *, #723, .T. ) ;
#2650 = DIRECTION ( 'NONE',  ( 0.0000000000000000000, -1.000000000000000000, 0.0000000000000000000 ) ) ;
#2651 = CARTESIAN_POINT ( 'NONE',  ( -0.6294394741382598500, 0.3304540000000312200, 7.578814535763846100 ) ) ;
#2652 = ORIENTED_EDGE ( 'NONE', *, *, #694, .T. ) ;
#2653 = CARTESIAN_POINT ( 'NONE',  ( -0.5181771578887978100, 0.3301999999999998800, 7.607300000000000400 ) ) ;
#2654 = CARTESIAN_POINT ( 'NONE',  ( 0.4508052794721894600, 0.3301999999999995500, 6.477000000000000300 ) ) ;
#2655 = VERTEX_POINT ( 'NONE', #1767 ) ;
#2656 = ADVANCED_FACE ( 'NONE', ( #2630 ), #2597, .T. ) ;
#2657 = CARTESIAN_POINT ( 'NONE',  ( 0.4645171102982208500, 0.4165869654474313500, 8.621162290191794100 ) ) ;
#2658 = CARTESIAN_POINT ( 'NONE',  ( 2.950687221352513400E-013, 0.5588000000015216400, 3.340100000002162300 ) ) ;
#2659 = DIRECTION ( 'NONE',  ( 0.0000000000000000000, 1.000000000000000000, -3.536567796574280800E-033 ) ) ;
#2660 = CARTESIAN_POINT ( 'NONE',  ( 0.6565934873415751900, 0.3304539999999995800, 7.734742242960726000 ) ) ;
#2661 = CARTESIAN_POINT ( 'NONE',  ( 0.6547957027910700200, 0.3304539999999571200, 7.498669309851268700 ) ) ;
#2662 = DIRECTION ( 'NONE',  ( 0.0000000000000000000, 0.0000000000000000000, -1.000000000000000000 ) ) ;
#2663 = LINE ( 'NONE', #975, #2171 ) ;
#2664 = AXIS2_PLACEMENT_3D ( 'NONE', #1457, #2099, #1895 ) ;
#2665 = CARTESIAN_POINT ( 'NONE',  ( 4.090442773832075700E-016, 10.00000000000000000, 3.340100000000001400 ) ) ;
#2666 = ADVANCED_FACE ( 'NONE', ( #1668 ), #2114, .T. ) ;
#2667 = CARTESIAN_POINT ( 'NONE',  ( 0.3823105699382690100, 0.4083830306239686300, 2.839512598359876300 ) ) ;
#2668 = LINE ( 'NONE', #454, #402 ) ;
#2669 = CARTESIAN_POINT ( 'NONE',  ( 0.7148193617970908200, 0.3301999999999995500, 8.623300000000000400 ) ) ;
#2670 = VECTOR ( 'NONE', #755, 1000.000000000000000 ) ;
#2671 = DIRECTION ( 'NONE',  ( -0.0000000000000000000, -0.0000000000000000000, -1.000000000000000000 ) ) ;
#2672 = CARTESIAN_POINT ( 'NONE',  ( -0.7769295137571739000, 0.3301999999999999900, 8.623300000000000400 ) ) ;
#2673 = CYLINDRICAL_SURFACE ( 'NONE', #2555, 0.8636000000000000300 ) ;
#2674 = DIRECTION ( 'NONE',  ( -0.0000000000000000000, 3.536567796574281500E-033, 1.000000000000000000 ) ) ;
#2675 = CIRCLE ( 'NONE', #1588, 0.7873999999999999900 ) ;
#2676 = CARTESIAN_POINT ( 'NONE',  ( 0.6556486784792638900, 0.3312928155217706400, 8.081804439741377500 ) ) ;
#2677 = DIRECTION ( 'NONE',  ( -0.0000000000000000000, -0.0000000000000000000, 1.000000000000000000 ) ) ;
#2678 = ORIENTED_EDGE ( 'NONE', *, *, #2426, .F. ) ;
#2679 = EDGE_CURVE ( 'NONE', #685, #1265, #299, .T. ) ;
#2680 = ORIENTED_EDGE ( 'NONE', *, *, #2479, .T. ) ;
#2681 = DIRECTION ( 'NONE',  ( 1.000000000000000000, 0.0000000000000000000, 0.0000000000000000000 ) ) ;
#2682 = CARTESIAN_POINT ( 'NONE',  ( -0.3501635890270725600, 0.8343588188406746400, 3.153051525104060300 ) ) ;
#2683 = EDGE_LOOP ( 'NONE', ( #1276, #2281, #1902, #1645, #227 ) ) ;
#2684 = CARTESIAN_POINT ( 'NONE',  ( -0.5257194261989000000, 0.4591774630749382300, 8.609390506679861900 ) ) ;
#2685 = AXIS2_PLACEMENT_3D ( 'NONE', #1842, #188, #1653 ) ;
#2686 = ORIENTED_EDGE ( 'NONE', *, *, #2443, .T. ) ;
#2687 = ORIENTED_EDGE ( 'NONE', *, *, #451, .T. ) ;
#2688 = ORIENTED_EDGE ( 'NONE', *, *, #2354, .F. ) ;
#2689 = ADVANCED_FACE ( 'NONE', ( #726 ), #2573, .T. ) ;
#2690 = CARTESIAN_POINT ( 'NONE',  ( -0.5260385384303736300, 0.4203340528384383900, 8.623299999999998600 ) ) ;
#2691 = CARTESIAN_POINT ( 'NONE',  ( 1.104259024440942700E-016, 0.9016999999999998300, 3.340100000000001400 ) ) ;
#2692 = CARTESIAN_POINT ( 'NONE',  ( -0.5255598700831627400, 0.4785991681931879300, 8.602435760019794500 ) ) ;
#2693 = EDGE_CURVE ( 'NONE', #354, #1614, #880, .T. ) ;
#2694 = CARTESIAN_POINT ( 'NONE',  ( 0.4638105538324970300, 0.4798672218392385800, 8.570888691538581100 ) ) ;
#2695 = CIRCLE ( 'NONE', #1469, 0.5587999999999981900 ) ;
#2696 = CARTESIAN_POINT ( 'NONE',  ( 0.0000000000000000000, 0.0000000000000000000, 9.550399999999999800 ) ) ;
#2697 = AXIS2_PLACEMENT_3D ( 'NONE', #1444, #2677, #419 ) ;
#2698 = DIRECTION ( 'NONE',  ( -0.0000000000000000000, 3.536567796574281500E-033, 1.000000000000000000 ) ) ;
#2699 = DIRECTION ( 'NONE',  ( -0.0000000000000000000, 3.536567796574281500E-033, 1.000000000000000000 ) ) ;
#2700 = CARTESIAN_POINT ( 'NONE',  ( -0.02964991788215144300, 0.3233587971468194800, 6.862499908857581800 ) ) ;
#2701 = LINE ( 'NONE', #140, #1120 ) ;
#2702 = ADVANCED_FACE ( 'NONE', ( #95, #2075 ), #1961, .F. ) ;
#2703 = MECHANICAL_DESIGN_GEOMETRIC_PRESENTATION_REPRESENTATION (  '', ( #1872 ), #201 ) ;
#2704 = CYLINDRICAL_SURFACE ( 'NONE', #940, 0.5714999999999997900 ) ;
ENDSEC;
END-ISO-10303-21;
