ISO-10303-21;
HEADER;
FILE_DESCRIPTION((''),'2;1');
FILE_NAME('RV120PE','2025-10-03T19:56:47',('Administrator'),(''),
'CREO PARAMETRIC BY PTC INC, 2020414','CREO PARAMETRIC BY PTC INC, 2020414','');
FILE_SCHEMA(('AUTOMOTIVE_DESIGN { 1 0 10303 214 1 1 1 1 }'));
ENDSEC;
DATA;
#120=DIRECTION('',(1.E0,-3.477124026060E-14,0.E0));
#121=VECTOR('',#120,2.35E0);
#122=CARTESIAN_POINT('',(1.7967E2,1.747223972185E1,7.242284929362E1));
#123=LINE('',#122,#121);
#124=DRAUGHTING_PRE_DEFINED_CURVE_FONT('continuous');
#125=CURVE_STYLE('',#124,POSITIVE_LENGTH_MEASURE(2.E-2),#69);
#126=PRESENTATION_STYLE_ASSIGNMENT((#125));
#127=STYLED_ITEM('',(#126),#123);
#128=DIRECTION('',(1.E0,0.E0,2.418868887694E-14));
#129=VECTOR('',#128,2.35E0);
#130=CARTESIAN_POINT('',(1.8202E2,1.747223972185E1,7.242284929362E1));
#131=LINE('',#130,#129);
#132=CURVE_STYLE('',#124,POSITIVE_LENGTH_MEASURE(2.E-2),#69);
#133=PRESENTATION_STYLE_ASSIGNMENT((#132));
#134=STYLED_ITEM('',(#133),#131);
#135=DIRECTION('',(1.E0,-1.889741318511E-14,0.E0));
#136=VECTOR('',#135,4.7E0);
#137=CARTESIAN_POINT('',(1.7967E2,1.647223972185E1,7.242284929362E1));
#138=LINE('',#137,#136);
#139=CURVE_STYLE('',#124,POSITIVE_LENGTH_MEASURE(2.E-2),#69);
#140=PRESENTATION_STYLE_ASSIGNMENT((#139));
#141=STYLED_ITEM('',(#140),#138);
#142=CARTESIAN_POINT('',(1.8437E2,1.697223972185E1,7.242284929362E1));
#143=DIRECTION('',(1.E0,0.E0,0.E0));
#144=DIRECTION('',(0.E0,1.E0,-2.273736754432E-13));
#145=AXIS2_PLACEMENT_3D('',#142,#143,#144);
#147=CURVE_STYLE('',#124,POSITIVE_LENGTH_MEASURE(2.E-2),#69);
#148=PRESENTATION_STYLE_ASSIGNMENT((#147));
#149=STYLED_ITEM('',(#148),#146);
#150=CARTESIAN_POINT('',(1.8437E2,1.717223972185E1,7.242284929362E1));
#151=DIRECTION('',(0.E0,2.775557561563E-14,1.E0));
#152=DIRECTION('',(1.E0,-2.013204417987E-13,0.E0));
#153=AXIS2_PLACEMENT_3D('',#150,#151,#152);
#155=CURVE_STYLE('',#124,POSITIVE_LENGTH_MEASURE(2.E-2),#69);
#156=PRESENTATION_STYLE_ASSIGNMENT((#155));
#157=STYLED_ITEM('',(#156),#154);
#158=CARTESIAN_POINT('',(1.8437E2,1.677223972185E1,7.242284929362E1));
#159=DIRECTION('',(0.E0,0.E0,-1.E0));
#160=DIRECTION('',(1.E0,-2.013204417987E-13,0.E0));
#161=AXIS2_PLACEMENT_3D('',#158,#159,#160);
#163=CURVE_STYLE('',#124,POSITIVE_LENGTH_MEASURE(2.E-2),#69);
#164=PRESENTATION_STYLE_ASSIGNMENT((#163));
#165=STYLED_ITEM('',(#164),#162);
#166=CARTESIAN_POINT('',(1.8437E2,1.697223972185E1,7.242284929362E1));
#167=DIRECTION('',(1.E0,0.E0,0.E0));
#168=DIRECTION('',(0.E0,-1.E0,-1.421085471520E-13));
#169=AXIS2_PLACEMENT_3D('',#166,#167,#168);
#171=CURVE_STYLE('',#124,POSITIVE_LENGTH_MEASURE(2.E-2),#69);
#172=PRESENTATION_STYLE_ASSIGNMENT((#171));
#173=STYLED_ITEM('',(#172),#170);
#174=CARTESIAN_POINT('',(1.8467E2,1.697223972185E1,7.242284929362E1));
#175=DIRECTION('',(1.E0,0.E0,0.E0));
#176=DIRECTION('',(0.E0,1.E0,-4.263256414562E-13));
#177=AXIS2_PLACEMENT_3D('',#174,#175,#176);
#179=CURVE_STYLE('',#124,POSITIVE_LENGTH_MEASURE(2.E-2),#69);
#180=PRESENTATION_STYLE_ASSIGNMENT((#179));
#181=STYLED_ITEM('',(#180),#178);
#182=CARTESIAN_POINT('',(1.8467E2,1.697223972185E1,7.242284929362E1));
#183=DIRECTION('',(1.E0,0.E0,0.E0));
#184=DIRECTION('',(0.E0,-1.E0,-4.263256414559E-13));
#185=AXIS2_PLACEMENT_3D('',#182,#183,#184);
#187=CURVE_STYLE('',#124,POSITIVE_LENGTH_MEASURE(2.E-2),#69);
#188=PRESENTATION_STYLE_ASSIGNMENT((#187));
#189=STYLED_ITEM('',(#188),#186);
#190=CARTESIAN_POINT('',(1.7967E2,5.072223972185E1,6.897284929362E1));
#191=DIRECTION('',(1.E0,0.E0,0.E0));
#192=DIRECTION('',(0.E0,1.858779796748E-12,-1.E0));
#193=AXIS2_PLACEMENT_3D('',#190,#191,#192);
#195=CURVE_STYLE('',#124,POSITIVE_LENGTH_MEASURE(2.E-2),#69);
#196=PRESENTATION_STYLE_ASSIGNMENT((#195));
#197=STYLED_ITEM('',(#196),#194);
#198=CARTESIAN_POINT('',(1.7967E2,1.622223972185E1,6.897284929362E1));
#199=DIRECTION('',(1.E0,0.E0,0.E0));
#200=DIRECTION('',(0.E0,-1.E0,1.705302565824E-14));
#201=AXIS2_PLACEMENT_3D('',#198,#199,#200);
#203=CURVE_STYLE('',#124,POSITIVE_LENGTH_MEASURE(2.E-2),#69);
#204=PRESENTATION_STYLE_ASSIGNMENT((#203));
#205=STYLED_ITEM('',(#204),#202);
#206=CARTESIAN_POINT('',(1.7967E2,1.622223972185E1,6.897284929362E1));
#207=DIRECTION('',(1.E0,0.E0,0.E0));
#208=DIRECTION('',(0.E0,-9.781476007333E-1,2.079116908201E-1));
#209=AXIS2_PLACEMENT_3D('',#206,#207,#208);
#211=CURVE_STYLE('',#124,POSITIVE_LENGTH_MEASURE(2.E-2),#69);
#212=PRESENTATION_STYLE_ASSIGNMENT((#211));
#213=STYLED_ITEM('',(#212),#210);
#214=DIRECTION('',(0.E0,-2.079116908177E-1,-9.781476007338E-1));
#215=VECTOR('',#214,3.778615979650E0);
#216=CARTESIAN_POINT('',(1.7967E2,1.456248915730E1,7.318867267526E1));
#217=LINE('',#216,#215);
#218=CURVE_STYLE('',#124,POSITIVE_LENGTH_MEASURE(2.E-2),#69);
#219=PRESENTATION_STYLE_ASSIGNMENT((#218));
#220=STYLED_ITEM('',(#219),#217);
#221=CARTESIAN_POINT('',(1.7967E2,1.651878435877E1,7.277284929362E1));
#222=DIRECTION('',(1.E0,0.E0,0.E0));
#223=DIRECTION('',(0.E0,-1.584510300745E-12,1.E0));
#224=AXIS2_PLACEMENT_3D('',#221,#222,#223);
#226=CURVE_STYLE('',#124,POSITIVE_LENGTH_MEASURE(2.E-2),#69);
#227=PRESENTATION_STYLE_ASSIGNMENT((#226));
#228=STYLED_ITEM('',(#227),#225);
#229=CARTESIAN_POINT('',(1.7967E2,5.042569508494E1,7.277284929362E1));
#230=DIRECTION('',(1.E0,0.E0,0.E0));
#231=DIRECTION('',(0.E0,9.781476007338E-1,2.079116908177E-1));
#232=AXIS2_PLACEMENT_3D('',#229,#230,#231);
#234=CURVE_STYLE('',#124,POSITIVE_LENGTH_MEASURE(2.E-2),#69);
#235=PRESENTATION_STYLE_ASSIGNMENT((#234));
#236=STYLED_ITEM('',(#235),#233);
#237=DIRECTION('',(0.E0,-2.079116908178E-1,9.781476007338E-1));
#238=VECTOR('',#237,3.778615979652E0);
#239=CARTESIAN_POINT('',(1.7967E2,5.316760872369E1,6.949262852067E1));
#240=LINE('',#239,#238);
#241=CURVE_STYLE('',#124,POSITIVE_LENGTH_MEASURE(2.E-2),#69);
#242=PRESENTATION_STYLE_ASSIGNMENT((#241));
#243=STYLED_ITEM('',(#242),#240);
#244=CARTESIAN_POINT('',(1.7967E2,5.072223972185E1,6.897284929362E1));
#245=DIRECTION('',(1.E0,0.E0,0.E0));
#246=DIRECTION('',(0.E0,1.E0,-1.705302565824E-14));
#247=AXIS2_PLACEMENT_3D('',#244,#245,#246);
#249=CURVE_STYLE('',#124,POSITIVE_LENGTH_MEASURE(2.E-2),#69);
#250=PRESENTATION_STYLE_ASSIGNMENT((#249));
#251=STYLED_ITEM('',(#250),#248);
#252=CARTESIAN_POINT('',(1.7967E2,1.697223972185E1,7.242284929362E1));
#253=DIRECTION('',(-1.E0,0.E0,0.E0));
#254=DIRECTION('',(0.E0,1.E0,0.E0));
#255=AXIS2_PLACEMENT_3D('',#252,#253,#254);
#257=CURVE_STYLE('',#124,POSITIVE_LENGTH_MEASURE(2.E-2),#69);
#258=PRESENTATION_STYLE_ASSIGNMENT((#257));
#259=STYLED_ITEM('',(#258),#256);
#260=CARTESIAN_POINT('',(1.7967E2,1.697223972185E1,7.242284929362E1));
#261=DIRECTION('',(-1.E0,0.E0,0.E0));
#262=DIRECTION('',(0.E0,-1.E0,5.684341886081E-14));
#263=AXIS2_PLACEMENT_3D('',#260,#261,#262);
#265=CURVE_STYLE('',#124,POSITIVE_LENGTH_MEASURE(2.E-2),#69);
#266=PRESENTATION_STYLE_ASSIGNMENT((#265));
#267=STYLED_ITEM('',(#266),#264);
#268=CARTESIAN_POINT('',(1.7967E2,4.847223972185E1,6.902284929362E1));
#269=DIRECTION('',(-1.E0,0.E0,0.E0));
#270=DIRECTION('',(0.E0,1.E0,0.E0));
#271=AXIS2_PLACEMENT_3D('',#268,#269,#270);
#273=CURVE_STYLE('',#124,POSITIVE_LENGTH_MEASURE(2.E-2),#69);
#274=PRESENTATION_STYLE_ASSIGNMENT((#273));
#275=STYLED_ITEM('',(#274),#272);
#276=CARTESIAN_POINT('',(1.7967E2,4.847223972185E1,6.902284929362E1));
#277=DIRECTION('',(-1.E0,0.E0,0.E0));
#278=DIRECTION('',(0.E0,-1.E0,5.684341886081E-14));
#279=AXIS2_PLACEMENT_3D('',#276,#277,#278);
#281=CURVE_STYLE('',#124,POSITIVE_LENGTH_MEASURE(2.E-2),#69);
#282=PRESENTATION_STYLE_ASSIGNMENT((#281));
#283=STYLED_ITEM('',(#282),#280);
#284=CARTESIAN_POINT('',(1.7967E2,4.247223972185E1,6.902284929362E1));
#285=DIRECTION('',(-1.E0,0.E0,0.E0));
#286=DIRECTION('',(0.E0,1.E0,0.E0));
#287=AXIS2_PLACEMENT_3D('',#284,#285,#286);
#289=CURVE_STYLE('',#124,POSITIVE_LENGTH_MEASURE(2.E-2),#69);
#290=PRESENTATION_STYLE_ASSIGNMENT((#289));
#291=STYLED_ITEM('',(#290),#288);
#292=CARTESIAN_POINT('',(1.7967E2,4.247223972185E1,6.902284929362E1));
#293=DIRECTION('',(-1.E0,0.E0,0.E0));
#294=DIRECTION('',(0.E0,-1.E0,5.684341886081E-14));
#295=AXIS2_PLACEMENT_3D('',#292,#293,#294);
#297=CURVE_STYLE('',#124,POSITIVE_LENGTH_MEASURE(2.E-2),#69);
#298=PRESENTATION_STYLE_ASSIGNMENT((#297));
#299=STYLED_ITEM('',(#298),#296);
#300=CARTESIAN_POINT('',(1.7967E2,3.647223972185E1,6.902284929362E1));
#301=DIRECTION('',(-1.E0,0.E0,0.E0));
#302=DIRECTION('',(0.E0,1.E0,0.E0));
#303=AXIS2_PLACEMENT_3D('',#300,#301,#302);
#305=CURVE_STYLE('',#124,POSITIVE_LENGTH_MEASURE(2.E-2),#69);
#306=PRESENTATION_STYLE_ASSIGNMENT((#305));
#307=STYLED_ITEM('',(#306),#304);
#308=CARTESIAN_POINT('',(1.7967E2,3.647223972185E1,6.902284929362E1));
#309=DIRECTION('',(-1.E0,0.E0,0.E0));
#310=DIRECTION('',(0.E0,-1.E0,5.684341886081E-14));
#311=AXIS2_PLACEMENT_3D('',#308,#309,#310);
#313=CURVE_STYLE('',#124,POSITIVE_LENGTH_MEASURE(2.E-2),#69);
#314=PRESENTATION_STYLE_ASSIGNMENT((#313));
#315=STYLED_ITEM('',(#314),#312);
#316=CARTESIAN_POINT('',(1.7967E2,3.047223972185E1,6.902284929362E1));
#317=DIRECTION('',(-1.E0,0.E0,0.E0));
#318=DIRECTION('',(0.E0,1.E0,-1.705302565824E-13));
#319=AXIS2_PLACEMENT_3D('',#316,#317,#318);
#321=CURVE_STYLE('',#124,POSITIVE_LENGTH_MEASURE(2.E-2),#69);
#322=PRESENTATION_STYLE_ASSIGNMENT((#321));
#323=STYLED_ITEM('',(#322),#320);
#324=CARTESIAN_POINT('',(1.7967E2,3.047223972185E1,6.902284929362E1));
#325=DIRECTION('',(-1.E0,0.E0,0.E0));
#326=DIRECTION('',(0.E0,-1.E0,-1.136868377216E-13));
#327=AXIS2_PLACEMENT_3D('',#324,#325,#326);
#329=CURVE_STYLE('',#124,POSITIVE_LENGTH_MEASURE(2.E-2),#69);
#330=PRESENTATION_STYLE_ASSIGNMENT((#329));
#331=STYLED_ITEM('',(#330),#328);
#332=CARTESIAN_POINT('',(1.7967E2,2.447223972185E1,6.902284929362E1));
#333=DIRECTION('',(-1.E0,0.E0,0.E0));
#334=DIRECTION('',(0.E0,1.E0,0.E0));
#335=AXIS2_PLACEMENT_3D('',#332,#333,#334);
#337=CURVE_STYLE('',#124,POSITIVE_LENGTH_MEASURE(2.E-2),#69);
#338=PRESENTATION_STYLE_ASSIGNMENT((#337));
#339=STYLED_ITEM('',(#338),#336);
#340=CARTESIAN_POINT('',(1.7967E2,2.447223972185E1,6.902284929362E1));
#341=DIRECTION('',(-1.E0,0.E0,0.E0));
#342=DIRECTION('',(0.E0,-1.E0,5.684341886081E-14));
#343=AXIS2_PLACEMENT_3D('',#340,#341,#342);
#345=CURVE_STYLE('',#124,POSITIVE_LENGTH_MEASURE(2.E-2),#69);
#346=PRESENTATION_STYLE_ASSIGNMENT((#345));
#347=STYLED_ITEM('',(#346),#344);
#348=CARTESIAN_POINT('',(1.7967E2,1.847223972185E1,6.902284929362E1));
#349=DIRECTION('',(-1.E0,0.E0,0.E0));
#350=DIRECTION('',(0.E0,1.E0,0.E0));
#351=AXIS2_PLACEMENT_3D('',#348,#349,#350);
#353=CURVE_STYLE('',#124,POSITIVE_LENGTH_MEASURE(2.E-2),#69);
#354=PRESENTATION_STYLE_ASSIGNMENT((#353));
#355=STYLED_ITEM('',(#354),#352);
#356=CARTESIAN_POINT('',(1.7967E2,1.847223972185E1,6.902284929362E1));
#357=DIRECTION('',(-1.E0,0.E0,0.E0));
#358=DIRECTION('',(0.E0,-1.E0,5.684341886081E-14));
#359=AXIS2_PLACEMENT_3D('',#356,#357,#358);
#361=CURVE_STYLE('',#124,POSITIVE_LENGTH_MEASURE(2.E-2),#69);
#362=PRESENTATION_STYLE_ASSIGNMENT((#361));
#363=STYLED_ITEM('',(#362),#360);
#364=CARTESIAN_POINT('',(1.7967E2,1.547223972185E1,6.902284929362E1));
#365=DIRECTION('',(-1.E0,0.E0,0.E0));
#366=DIRECTION('',(0.E0,1.E0,-1.989519660128E-13));
#367=AXIS2_PLACEMENT_3D('',#364,#365,#366);
#369=CURVE_STYLE('',#124,POSITIVE_LENGTH_MEASURE(2.E-2),#69);
#370=PRESENTATION_STYLE_ASSIGNMENT((#369));
#371=STYLED_ITEM('',(#370),#368);
#372=CARTESIAN_POINT('',(1.7967E2,1.547223972185E1,6.902284929362E1));
#373=DIRECTION('',(-1.E0,0.E0,0.E0));
#374=DIRECTION('',(0.E0,-1.E0,-1.421085471520E-13));
#375=AXIS2_PLACEMENT_3D('',#372,#373,#374);
#377=CURVE_STYLE('',#124,POSITIVE_LENGTH_MEASURE(2.E-2),#69);
#378=PRESENTATION_STYLE_ASSIGNMENT((#377));
#379=STYLED_ITEM('',(#378),#376);
#380=CARTESIAN_POINT('',(1.7967E2,2.147223972185E1,6.902284929362E1));
#381=DIRECTION('',(-1.E0,0.E0,0.E0));
#382=DIRECTION('',(0.E0,1.E0,0.E0));
#383=AXIS2_PLACEMENT_3D('',#380,#381,#382);
#385=CURVE_STYLE('',#124,POSITIVE_LENGTH_MEASURE(2.E-2),#69);
#386=PRESENTATION_STYLE_ASSIGNMENT((#385));
#387=STYLED_ITEM('',(#386),#384);
#388=CARTESIAN_POINT('',(1.7967E2,2.147223972185E1,6.902284929362E1));
#389=DIRECTION('',(-1.E0,0.E0,0.E0));
#390=DIRECTION('',(0.E0,-1.E0,5.684341886081E-14));
#391=AXIS2_PLACEMENT_3D('',#388,#389,#390);
#393=CURVE_STYLE('',#124,POSITIVE_LENGTH_MEASURE(2.E-2),#69);
#394=PRESENTATION_STYLE_ASSIGNMENT((#393));
#395=STYLED_ITEM('',(#394),#392);
#396=CARTESIAN_POINT('',(1.7967E2,2.747223972185E1,6.902284929362E1));
#397=DIRECTION('',(-1.E0,0.E0,0.E0));
#398=DIRECTION('',(0.E0,1.E0,0.E0));
#399=AXIS2_PLACEMENT_3D('',#396,#397,#398);
#401=CURVE_STYLE('',#124,POSITIVE_LENGTH_MEASURE(2.E-2),#69);
#402=PRESENTATION_STYLE_ASSIGNMENT((#401));
#403=STYLED_ITEM('',(#402),#400);
#404=CARTESIAN_POINT('',(1.7967E2,2.747223972185E1,6.902284929362E1));
#405=DIRECTION('',(-1.E0,0.E0,0.E0));
#406=DIRECTION('',(0.E0,-1.E0,5.684341886081E-14));
#407=AXIS2_PLACEMENT_3D('',#404,#405,#406);
#409=CURVE_STYLE('',#124,POSITIVE_LENGTH_MEASURE(2.E-2),#69);
#410=PRESENTATION_STYLE_ASSIGNMENT((#409));
#411=STYLED_ITEM('',(#410),#408);
#412=CARTESIAN_POINT('',(1.7967E2,3.347223972185E1,6.902284929362E1));
#413=DIRECTION('',(-1.E0,0.E0,0.E0));
#414=DIRECTION('',(0.E0,1.E0,0.E0));
#415=AXIS2_PLACEMENT_3D('',#412,#413,#414);
#417=CURVE_STYLE('',#124,POSITIVE_LENGTH_MEASURE(2.E-2),#69);
#418=PRESENTATION_STYLE_ASSIGNMENT((#417));
#419=STYLED_ITEM('',(#418),#416);
#420=CARTESIAN_POINT('',(1.7967E2,3.347223972185E1,6.902284929362E1));
#421=DIRECTION('',(-1.E0,0.E0,0.E0));
#422=DIRECTION('',(0.E0,-1.E0,5.684341886081E-14));
#423=AXIS2_PLACEMENT_3D('',#420,#421,#422);
#425=CURVE_STYLE('',#124,POSITIVE_LENGTH_MEASURE(2.E-2),#69);
#426=PRESENTATION_STYLE_ASSIGNMENT((#425));
#427=STYLED_ITEM('',(#426),#424);
#428=CARTESIAN_POINT('',(1.7967E2,3.947223972185E1,6.902284929362E1));
#429=DIRECTION('',(-1.E0,0.E0,0.E0));
#430=DIRECTION('',(0.E0,1.E0,0.E0));
#431=AXIS2_PLACEMENT_3D('',#428,#429,#430);
#433=CURVE_STYLE('',#124,POSITIVE_LENGTH_MEASURE(2.E-2),#69);
#434=PRESENTATION_STYLE_ASSIGNMENT((#433));
#435=STYLED_ITEM('',(#434),#432);
#436=CARTESIAN_POINT('',(1.7967E2,3.947223972185E1,6.902284929362E1));
#437=DIRECTION('',(-1.E0,0.E0,0.E0));
#438=DIRECTION('',(0.E0,-1.E0,5.684341886081E-14));
#439=AXIS2_PLACEMENT_3D('',#436,#437,#438);
#441=CURVE_STYLE('',#124,POSITIVE_LENGTH_MEASURE(2.E-2),#69);
#442=PRESENTATION_STYLE_ASSIGNMENT((#441));
#443=STYLED_ITEM('',(#442),#440);
#444=CARTESIAN_POINT('',(1.7967E2,4.547223972185E1,6.902284929362E1));
#445=DIRECTION('',(-1.E0,0.E0,0.E0));
#446=DIRECTION('',(0.E0,1.E0,0.E0));
#447=AXIS2_PLACEMENT_3D('',#444,#445,#446);
#449=CURVE_STYLE('',#124,POSITIVE_LENGTH_MEASURE(2.E-2),#69);
#450=PRESENTATION_STYLE_ASSIGNMENT((#449));
#451=STYLED_ITEM('',(#450),#448);
#452=CARTESIAN_POINT('',(1.7967E2,4.547223972185E1,6.902284929362E1));
#453=DIRECTION('',(-1.E0,0.E0,0.E0));
#454=DIRECTION('',(0.E0,-1.E0,5.684341886081E-14));
#455=AXIS2_PLACEMENT_3D('',#452,#453,#454);
#457=CURVE_STYLE('',#124,POSITIVE_LENGTH_MEASURE(2.E-2),#69);
#458=PRESENTATION_STYLE_ASSIGNMENT((#457));
#459=STYLED_ITEM('',(#458),#456);
#460=CARTESIAN_POINT('',(1.7967E2,5.147223972185E1,6.902284929362E1));
#461=DIRECTION('',(-1.E0,0.E0,0.E0));
#462=DIRECTION('',(0.E0,1.E0,0.E0));
#463=AXIS2_PLACEMENT_3D('',#460,#461,#462);
#465=CURVE_STYLE('',#124,POSITIVE_LENGTH_MEASURE(2.E-2),#69);
#466=PRESENTATION_STYLE_ASSIGNMENT((#465));
#467=STYLED_ITEM('',(#466),#464);
#468=CARTESIAN_POINT('',(1.7967E2,5.147223972185E1,6.902284929362E1));
#469=DIRECTION('',(-1.E0,0.E0,0.E0));
#470=DIRECTION('',(0.E0,-1.E0,5.684341886081E-14));
#471=AXIS2_PLACEMENT_3D('',#468,#469,#470);
#473=CURVE_STYLE('',#124,POSITIVE_LENGTH_MEASURE(2.E-2),#69);
#474=PRESENTATION_STYLE_ASSIGNMENT((#473));
#475=STYLED_ITEM('',(#474),#472);
#476=CARTESIAN_POINT('',(1.7967E2,1.997223972185E1,7.242284929362E1));
#477=DIRECTION('',(-1.E0,0.E0,0.E0));
#478=DIRECTION('',(0.E0,1.E0,0.E0));
#479=AXIS2_PLACEMENT_3D('',#476,#477,#478);
#481=CURVE_STYLE('',#124,POSITIVE_LENGTH_MEASURE(2.E-2),#69);
#482=PRESENTATION_STYLE_ASSIGNMENT((#481));
#483=STYLED_ITEM('',(#482),#480);
#484=CARTESIAN_POINT('',(1.7967E2,1.997223972185E1,7.242284929362E1));
#485=DIRECTION('',(-1.E0,0.E0,0.E0));
#486=DIRECTION('',(0.E0,-1.E0,5.684341886081E-14));
#487=AXIS2_PLACEMENT_3D('',#484,#485,#486);
#489=CURVE_STYLE('',#124,POSITIVE_LENGTH_MEASURE(2.E-2),#69);
#490=PRESENTATION_STYLE_ASSIGNMENT((#489));
#491=STYLED_ITEM('',(#490),#488);
#492=CARTESIAN_POINT('',(1.7967E2,2.297223972185E1,7.242284929362E1));
#493=DIRECTION('',(-1.E0,0.E0,0.E0));
#494=DIRECTION('',(0.E0,1.E0,0.E0));
#495=AXIS2_PLACEMENT_3D('',#492,#493,#494);
#497=CURVE_STYLE('',#124,POSITIVE_LENGTH_MEASURE(2.E-2),#69);
#498=PRESENTATION_STYLE_ASSIGNMENT((#497));
#499=STYLED_ITEM('',(#498),#496);
#500=CARTESIAN_POINT('',(1.7967E2,2.297223972185E1,7.242284929362E1));
#501=DIRECTION('',(-1.E0,0.E0,0.E0));
#502=DIRECTION('',(0.E0,-1.E0,5.684341886081E-14));
#503=AXIS2_PLACEMENT_3D('',#500,#501,#502);
#505=CURVE_STYLE('',#124,POSITIVE_LENGTH_MEASURE(2.E-2),#69);
#506=PRESENTATION_STYLE_ASSIGNMENT((#505));
#507=STYLED_ITEM('',(#506),#504);
#508=CARTESIAN_POINT('',(1.7967E2,2.597223972185E1,7.242284929362E1));
#509=DIRECTION('',(-1.E0,0.E0,0.E0));
#510=DIRECTION('',(0.E0,1.E0,0.E0));
#511=AXIS2_PLACEMENT_3D('',#508,#509,#510);
#513=CURVE_STYLE('',#124,POSITIVE_LENGTH_MEASURE(2.E-2),#69);
#514=PRESENTATION_STYLE_ASSIGNMENT((#513));
#515=STYLED_ITEM('',(#514),#512);
#516=CARTESIAN_POINT('',(1.7967E2,2.597223972185E1,7.242284929362E1));
#517=DIRECTION('',(-1.E0,0.E0,0.E0));
#518=DIRECTION('',(0.E0,-1.E0,5.684341886081E-14));
#519=AXIS2_PLACEMENT_3D('',#516,#517,#518);
#521=CURVE_STYLE('',#124,POSITIVE_LENGTH_MEASURE(2.E-2),#69);
#522=PRESENTATION_STYLE_ASSIGNMENT((#521));
#523=STYLED_ITEM('',(#522),#520);
#524=CARTESIAN_POINT('',(1.7967E2,2.897223972185E1,7.242284929362E1));
#525=DIRECTION('',(-1.E0,0.E0,0.E0));
#526=DIRECTION('',(0.E0,1.E0,-1.989519660128E-13));
#527=AXIS2_PLACEMENT_3D('',#524,#525,#526);
#529=CURVE_STYLE('',#124,POSITIVE_LENGTH_MEASURE(2.E-2),#69);
#530=PRESENTATION_STYLE_ASSIGNMENT((#529));
#531=STYLED_ITEM('',(#530),#528);
#532=CARTESIAN_POINT('',(1.7967E2,2.897223972185E1,7.242284929362E1));
#533=DIRECTION('',(-1.E0,0.E0,0.E0));
#534=DIRECTION('',(0.E0,-1.E0,-1.421085471520E-13));
#535=AXIS2_PLACEMENT_3D('',#532,#533,#534);
#537=CURVE_STYLE('',#124,POSITIVE_LENGTH_MEASURE(2.E-2),#69);
#538=PRESENTATION_STYLE_ASSIGNMENT((#537));
#539=STYLED_ITEM('',(#538),#536);
#540=CARTESIAN_POINT('',(1.7967E2,3.197223972185E1,7.242284929362E1));
#541=DIRECTION('',(-1.E0,0.E0,0.E0));
#542=DIRECTION('',(0.E0,1.E0,0.E0));
#543=AXIS2_PLACEMENT_3D('',#540,#541,#542);
#545=CURVE_STYLE('',#124,POSITIVE_LENGTH_MEASURE(2.E-2),#69);
#546=PRESENTATION_STYLE_ASSIGNMENT((#545));
#547=STYLED_ITEM('',(#546),#544);
#548=CARTESIAN_POINT('',(1.7967E2,3.197223972185E1,7.242284929362E1));
#549=DIRECTION('',(-1.E0,0.E0,0.E0));
#550=DIRECTION('',(0.E0,-1.E0,5.684341886081E-14));
#551=AXIS2_PLACEMENT_3D('',#548,#549,#550);
#553=CURVE_STYLE('',#124,POSITIVE_LENGTH_MEASURE(2.E-2),#69);
#554=PRESENTATION_STYLE_ASSIGNMENT((#553));
#555=STYLED_ITEM('',(#554),#552);
#556=CARTESIAN_POINT('',(1.7967E2,3.497223972185E1,7.242284929362E1));
#557=DIRECTION('',(-1.E0,0.E0,0.E0));
#558=DIRECTION('',(0.E0,1.E0,0.E0));
#559=AXIS2_PLACEMENT_3D('',#556,#557,#558);
#561=CURVE_STYLE('',#124,POSITIVE_LENGTH_MEASURE(2.E-2),#69);
#562=PRESENTATION_STYLE_ASSIGNMENT((#561));
#563=STYLED_ITEM('',(#562),#560);
#564=CARTESIAN_POINT('',(1.7967E2,3.497223972185E1,7.242284929362E1));
#565=DIRECTION('',(-1.E0,0.E0,0.E0));
#566=DIRECTION('',(0.E0,-1.E0,5.684341886081E-14));
#567=AXIS2_PLACEMENT_3D('',#564,#565,#566);
#569=CURVE_STYLE('',#124,POSITIVE_LENGTH_MEASURE(2.E-2),#69);
#570=PRESENTATION_STYLE_ASSIGNMENT((#569));
#571=STYLED_ITEM('',(#570),#568);
#572=CARTESIAN_POINT('',(1.7967E2,3.797223972185E1,7.242284929362E1));
#573=DIRECTION('',(-1.E0,0.E0,0.E0));
#574=DIRECTION('',(0.E0,1.E0,0.E0));
#575=AXIS2_PLACEMENT_3D('',#572,#573,#574);
#577=CURVE_STYLE('',#124,POSITIVE_LENGTH_MEASURE(2.E-2),#69);
#578=PRESENTATION_STYLE_ASSIGNMENT((#577));
#579=STYLED_ITEM('',(#578),#576);
#580=CARTESIAN_POINT('',(1.7967E2,3.797223972185E1,7.242284929362E1));
#581=DIRECTION('',(-1.E0,0.E0,0.E0));
#582=DIRECTION('',(0.E0,-1.E0,5.684341886081E-14));
#583=AXIS2_PLACEMENT_3D('',#580,#581,#582);
#585=CURVE_STYLE('',#124,POSITIVE_LENGTH_MEASURE(2.E-2),#69);
#586=PRESENTATION_STYLE_ASSIGNMENT((#585));
#587=STYLED_ITEM('',(#586),#584);
#588=CARTESIAN_POINT('',(1.7967E2,4.097223972185E1,7.242284929362E1));
#589=DIRECTION('',(-1.E0,0.E0,0.E0));
#590=DIRECTION('',(0.E0,1.E0,-1.705302565824E-13));
#591=AXIS2_PLACEMENT_3D('',#588,#589,#590);
#593=CURVE_STYLE('',#124,POSITIVE_LENGTH_MEASURE(2.E-2),#69);
#594=PRESENTATION_STYLE_ASSIGNMENT((#593));
#595=STYLED_ITEM('',(#594),#592);
#596=CARTESIAN_POINT('',(1.7967E2,4.097223972185E1,7.242284929362E1));
#597=DIRECTION('',(-1.E0,0.E0,0.E0));
#598=DIRECTION('',(0.E0,-1.E0,-1.136868377216E-13));
#599=AXIS2_PLACEMENT_3D('',#596,#597,#598);
#601=CURVE_STYLE('',#124,POSITIVE_LENGTH_MEASURE(2.E-2),#69);
#602=PRESENTATION_STYLE_ASSIGNMENT((#601));
#603=STYLED_ITEM('',(#602),#600);
#604=CARTESIAN_POINT('',(1.7967E2,4.397223972185E1,7.242284929362E1));
#605=DIRECTION('',(-1.E0,0.E0,0.E0));
#606=DIRECTION('',(0.E0,1.E0,0.E0));
#607=AXIS2_PLACEMENT_3D('',#604,#605,#606);
#609=CURVE_STYLE('',#124,POSITIVE_LENGTH_MEASURE(2.E-2),#69);
#610=PRESENTATION_STYLE_ASSIGNMENT((#609));
#611=STYLED_ITEM('',(#610),#608);
#612=CARTESIAN_POINT('',(1.7967E2,4.397223972185E1,7.242284929362E1));
#613=DIRECTION('',(-1.E0,0.E0,0.E0));
#614=DIRECTION('',(0.E0,-1.E0,5.684341886081E-14));
#615=AXIS2_PLACEMENT_3D('',#612,#613,#614);
#617=CURVE_STYLE('',#124,POSITIVE_LENGTH_MEASURE(2.E-2),#69);
#618=PRESENTATION_STYLE_ASSIGNMENT((#617));
#619=STYLED_ITEM('',(#618),#616);
#620=CARTESIAN_POINT('',(1.7967E2,4.697223972185E1,7.242284929362E1));
#621=DIRECTION('',(-1.E0,0.E0,0.E0));
#622=DIRECTION('',(0.E0,1.E0,2.273736754432E-13));
#623=AXIS2_PLACEMENT_3D('',#620,#621,#622);
#625=CURVE_STYLE('',#124,POSITIVE_LENGTH_MEASURE(2.E-2),#69);
#626=PRESENTATION_STYLE_ASSIGNMENT((#625));
#627=STYLED_ITEM('',(#626),#624);
#628=CARTESIAN_POINT('',(1.7967E2,4.697223972185E1,7.242284929362E1));
#629=DIRECTION('',(-1.E0,0.E0,0.E0));
#630=DIRECTION('',(0.E0,-1.E0,2.842170943040E-13));
#631=AXIS2_PLACEMENT_3D('',#628,#629,#630);
#633=CURVE_STYLE('',#124,POSITIVE_LENGTH_MEASURE(2.E-2),#69);
#634=PRESENTATION_STYLE_ASSIGNMENT((#633));
#635=STYLED_ITEM('',(#634),#632);
#636=CARTESIAN_POINT('',(1.7967E2,4.997223972185E1,7.242284929362E1));
#637=DIRECTION('',(-1.E0,0.E0,0.E0));
#638=DIRECTION('',(0.E0,1.E0,1.989519660128E-13));
#639=AXIS2_PLACEMENT_3D('',#636,#637,#638);
#641=CURVE_STYLE('',#124,POSITIVE_LENGTH_MEASURE(2.E-2),#69);
#642=PRESENTATION_STYLE_ASSIGNMENT((#641));
#643=STYLED_ITEM('',(#642),#640);
#644=CARTESIAN_POINT('',(1.7967E2,4.997223972185E1,7.242284929362E1));
#645=DIRECTION('',(-1.E0,0.E0,0.E0));
#646=DIRECTION('',(0.E0,-1.E0,2.557953848736E-13));
#647=AXIS2_PLACEMENT_3D('',#644,#645,#646);
#649=CURVE_STYLE('',#124,POSITIVE_LENGTH_MEASURE(2.E-2),#69);
#650=PRESENTATION_STYLE_ASSIGNMENT((#649));
#651=STYLED_ITEM('',(#650),#648);
#652=DIRECTION('',(-1.E0,1.162706294880E-14,0.E0));
#653=VECTOR('',#652,5.5E0);
#654=CARTESIAN_POINT('',(1.8517E2,5.322223972185E1,6.897284929362E1));
#655=LINE('',#654,#653);
#656=CURVE_STYLE('',#124,POSITIVE_LENGTH_MEASURE(2.E-2),#69);
#657=PRESENTATION_STYLE_ASSIGNMENT((#656));
#658=STYLED_ITEM('',(#657),#655);
#659=DIRECTION('',(1.E0,-2.067033413120E-14,0.E0));
#660=VECTOR('',#659,5.5E0);
#661=CARTESIAN_POINT('',(1.7967E2,5.072223972185E1,6.647284929362E1));
#662=LINE('',#661,#660);
#663=CURVE_STYLE('',#124,POSITIVE_LENGTH_MEASURE(2.E-2),#69);
#664=PRESENTATION_STYLE_ASSIGNMENT((#663));
#665=STYLED_ITEM('',(#664),#662);
#666=DIRECTION('',(-1.E0,1.162706294880E-14,0.E0));
#667=VECTOR('',#666,5.5E0);
#668=CARTESIAN_POINT('',(1.8517E2,5.316760872369E1,6.949262852067E1));
#669=LINE('',#668,#667);
#670=CURVE_STYLE('',#124,POSITIVE_LENGTH_MEASURE(2.E-2),#69);
#671=PRESENTATION_STYLE_ASSIGNMENT((#670));
#672=STYLED_ITEM('',(#671),#669);
#673=CARTESIAN_POINT('',(1.8517E2,1.622223972185E1,6.897284929363E1));
#674=DIRECTION('',(1.E0,0.E0,0.E0));
#675=DIRECTION('',(0.E0,-9.781476007332E-1,2.079116908207E-1));
#676=AXIS2_PLACEMENT_3D('',#673,#674,#675);
#678=CURVE_STYLE('',#124,POSITIVE_LENGTH_MEASURE(2.E-2),#69);
#679=PRESENTATION_STYLE_ASSIGNMENT((#678));
#680=STYLED_ITEM('',(#679),#677);
#681=DIRECTION('',(0.E0,-2.079116908177E-1,-9.781476007338E-1));
#682=VECTOR('',#681,3.778615979649E0);
#683=CARTESIAN_POINT('',(1.8517E2,1.407341535693E1,7.329262852067E1));
#684=LINE('',#683,#682);
#685=CURVE_STYLE('',#124,POSITIVE_LENGTH_MEASURE(2.E-2),#69);
#686=PRESENTATION_STYLE_ASSIGNMENT((#685));
#687=STYLED_ITEM('',(#686),#684);
#688=CARTESIAN_POINT('',(1.8517E2,1.651878435877E1,7.277284929362E1));
#689=DIRECTION('',(1.E0,0.E0,0.E0));
#690=DIRECTION('',(0.E0,-1.693933882052E-12,1.E0));
#691=AXIS2_PLACEMENT_3D('',#688,#689,#690);
#693=CURVE_STYLE('',#124,POSITIVE_LENGTH_MEASURE(2.E-2),#69);
#694=PRESENTATION_STYLE_ASSIGNMENT((#693));
#695=STYLED_ITEM('',(#694),#692);
#696=CARTESIAN_POINT('',(1.8517E2,5.042569508494E1,7.277284929362E1));
#697=DIRECTION('',(1.E0,0.E0,0.E0));
#698=DIRECTION('',(0.E0,9.781476007338E-1,2.079116908177E-1));
#699=AXIS2_PLACEMENT_3D('',#696,#697,#698);
#701=CURVE_STYLE('',#124,POSITIVE_LENGTH_MEASURE(2.E-2),#69);
#702=PRESENTATION_STYLE_ASSIGNMENT((#701));
#703=STYLED_ITEM('',(#702),#700);
#704=DIRECTION('',(0.E0,-2.079116908178E-1,9.781476007338E-1));
#705=VECTOR('',#704,3.778615979653E0);
#706=CARTESIAN_POINT('',(1.8517E2,5.365668252405E1,6.959658436608E1));
#707=LINE('',#706,#705);
#708=CURVE_STYLE('',#124,POSITIVE_LENGTH_MEASURE(2.E-2),#69);
#709=PRESENTATION_STYLE_ASSIGNMENT((#708));
#710=STYLED_ITEM('',(#709),#707);
#711=CARTESIAN_POINT('',(1.8517E2,5.072223972185E1,6.897284929362E1));
#712=DIRECTION('',(1.E0,0.E0,0.E0));
#713=DIRECTION('',(0.E0,1.E0,-1.894780628694E-14));
#714=AXIS2_PLACEMENT_3D('',#711,#712,#713);
#716=CURVE_STYLE('',#124,POSITIVE_LENGTH_MEASURE(2.E-2),#69);
#717=PRESENTATION_STYLE_ASSIGNMENT((#716));
#718=STYLED_ITEM('',(#717),#715);
#719=CARTESIAN_POINT('',(1.8517E2,5.072223972185E1,6.897284929362E1));
#720=DIRECTION('',(1.E0,0.E0,0.E0));
#721=DIRECTION('',(0.E0,1.721881896325E-12,-1.E0));
#722=AXIS2_PLACEMENT_3D('',#719,#720,#721);
#724=CURVE_STYLE('',#124,POSITIVE_LENGTH_MEASURE(2.E-2),#69);
#725=PRESENTATION_STYLE_ASSIGNMENT((#724));
#726=STYLED_ITEM('',(#725),#723);
#727=CARTESIAN_POINT('',(1.8517E2,1.622223972185E1,6.897284929363E1));
#728=DIRECTION('',(1.E0,0.E0,0.E0));
#729=DIRECTION('',(0.E0,-1.E0,1.894780628694E-14));
#730=AXIS2_PLACEMENT_3D('',#727,#728,#729);
#732=CURVE_STYLE('',#124,POSITIVE_LENGTH_MEASURE(2.E-2),#69);
#733=PRESENTATION_STYLE_ASSIGNMENT((#732));
#734=STYLED_ITEM('',(#733),#731);
#735=CARTESIAN_POINT('',(1.8517E2,5.072223972185E1,6.897284929362E1));
#736=DIRECTION('',(-1.E0,0.E0,0.E0));
#737=DIRECTION('',(0.E0,1.E0,-2.273736754432E-14));
#738=AXIS2_PLACEMENT_3D('',#735,#736,#737);
#740=CURVE_STYLE('',#124,POSITIVE_LENGTH_MEASURE(2.E-2),#69);
#741=PRESENTATION_STYLE_ASSIGNMENT((#740));
#742=STYLED_ITEM('',(#741),#739);
#743=CARTESIAN_POINT('',(1.8517E2,5.072223972185E1,6.897284929362E1));
#744=DIRECTION('',(-1.E0,0.E0,0.E0));
#745=DIRECTION('',(0.E0,9.781476007338E-1,2.079116908176E-1));
#746=AXIS2_PLACEMENT_3D('',#743,#744,#745);
#748=CURVE_STYLE('',#124,POSITIVE_LENGTH_MEASURE(2.E-2),#69);
#749=PRESENTATION_STYLE_ASSIGNMENT((#748));
#750=STYLED_ITEM('',(#749),#747);
#751=DIRECTION('',(0.E0,2.079116908178E-1,-9.781476007338E-1));
#752=VECTOR('',#751,3.778615979652E0);
#753=CARTESIAN_POINT('',(1.8517E2,5.238199028641E1,7.318867267526E1));
#754=LINE('',#753,#752);
#755=CURVE_STYLE('',#124,POSITIVE_LENGTH_MEASURE(2.E-2),#69);
#756=PRESENTATION_STYLE_ASSIGNMENT((#755));
#757=STYLED_ITEM('',(#756),#754);
#758=CARTESIAN_POINT('',(1.8517E2,5.042569508494E1,7.277284929362E1));
#759=DIRECTION('',(-1.E0,0.E0,0.E0));
#760=DIRECTION('',(0.E0,-8.171241461241E-14,1.E0));
#761=AXIS2_PLACEMENT_3D('',#758,#759,#760);
#763=CURVE_STYLE('',#124,POSITIVE_LENGTH_MEASURE(2.E-2),#69);
#764=PRESENTATION_STYLE_ASSIGNMENT((#763));
#765=STYLED_ITEM('',(#764),#762);
#766=DIRECTION('',(0.E0,1.E0,-2.472771509525E-14));
#767=VECTOR('',#766,3.390691072617E1);
#768=CARTESIAN_POINT('',(1.8517E2,1.651878435876E1,7.477284929362E1));
#769=LINE('',#768,#767);
#770=CURVE_STYLE('',#124,POSITIVE_LENGTH_MEASURE(2.E-2),#69);
#771=PRESENTATION_STYLE_ASSIGNMENT((#770));
#772=STYLED_ITEM('',(#771),#769);
#773=CARTESIAN_POINT('',(1.8517E2,1.651878435877E1,7.277284929362E1));
#774=DIRECTION('',(-1.E0,0.E0,0.E0));
#775=DIRECTION('',(0.E0,-9.781476007338E-1,2.079116908178E-1));
#776=AXIS2_PLACEMENT_3D('',#773,#774,#775);
#778=CURVE_STYLE('',#124,POSITIVE_LENGTH_MEASURE(2.E-2),#69);
#779=PRESENTATION_STYLE_ASSIGNMENT((#778));
#780=STYLED_ITEM('',(#779),#777);
#781=DIRECTION('',(0.E0,2.079116908177E-1,9.781476007338E-1));
#782=VECTOR('',#781,3.778615979650E0);
#783=CARTESIAN_POINT('',(1.8517E2,1.377687072002E1,6.949262852067E1));
#784=LINE('',#783,#782);
#785=CURVE_STYLE('',#124,POSITIVE_LENGTH_MEASURE(2.E-2),#69);
#786=PRESENTATION_STYLE_ASSIGNMENT((#785));
#787=STYLED_ITEM('',(#786),#784);
#788=CARTESIAN_POINT('',(1.8517E2,1.622223972185E1,6.897284929362E1));
#789=DIRECTION('',(-1.E0,0.E0,0.E0));
#790=DIRECTION('',(0.E0,-1.E0,1.705302565824E-14));
#791=AXIS2_PLACEMENT_3D('',#788,#789,#790);
#793=CURVE_STYLE('',#124,POSITIVE_LENGTH_MEASURE(2.E-2),#69);
#794=PRESENTATION_STYLE_ASSIGNMENT((#793));
#795=STYLED_ITEM('',(#794),#792);
#796=CARTESIAN_POINT('',(1.8517E2,1.622223972185E1,6.897284929362E1));
#797=DIRECTION('',(-1.E0,0.E0,0.E0));
#798=DIRECTION('',(0.E0,8.952838470577E-14,-1.E0));
#799=AXIS2_PLACEMENT_3D('',#796,#797,#798);
#801=CURVE_STYLE('',#124,POSITIVE_LENGTH_MEASURE(2.E-2),#69);
#802=PRESENTATION_STYLE_ASSIGNMENT((#801));
#803=STYLED_ITEM('',(#802),#800);
#804=DIRECTION('',(0.E0,-1.E0,2.636216526878E-14));
#805=VECTOR('',#804,3.45E1);
#806=CARTESIAN_POINT('',(1.8517E2,5.072223972185E1,6.647284929362E1));
#807=LINE('',#806,#805);
#808=CURVE_STYLE('',#124,POSITIVE_LENGTH_MEASURE(2.E-2),#69);
#809=PRESENTATION_STYLE_ASSIGNMENT((#808));
#810=STYLED_ITEM('',(#809),#807);
#811=DIRECTION('',(-1.E0,1.497091663676E-14,0.E0));
#812=VECTOR('',#811,6.17E0);
#813=CARTESIAN_POINT('',(1.8517E2,1.322223972185E1,6.897284929363E1));
#814=LINE('',#813,#812);
#815=CURVE_STYLE('',#124,POSITIVE_LENGTH_MEASURE(2.E-2),#69);
#816=PRESENTATION_STYLE_ASSIGNMENT((#815));
#817=STYLED_ITEM('',(#816),#814);
#818=DIRECTION('',(-1.E0,0.E0,-3.685148710587E-14));
#819=VECTOR('',#818,6.17E0);
#820=CARTESIAN_POINT('',(1.8517E2,1.328779691965E1,6.959658436608E1));
#821=LINE('',#820,#819);
#822=CURVE_STYLE('',#124,POSITIVE_LENGTH_MEASURE(2.E-2),#69);
#823=PRESENTATION_STYLE_ASSIGNMENT((#822));
#824=STYLED_ITEM('',(#823),#821);
#825=DIRECTION('',(1.E0,2.130476598308E-14,0.E0));
#826=VECTOR('',#825,6.17E0);
#827=CARTESIAN_POINT('',(1.79E2,1.622223972185E1,6.597284929363E1));
#828=LINE('',#827,#826);
#829=CURVE_STYLE('',#124,POSITIVE_LENGTH_MEASURE(2.E-2),#69);
#830=PRESENTATION_STYLE_ASSIGNMENT((#829));
#831=STYLED_ITEM('',(#830),#828);
#832=DIRECTION('',(0.E0,-1.E0,2.759789176575E-14));
#833=VECTOR('',#832,3.45E1);
#834=CARTESIAN_POINT('',(1.8517E2,5.072223972185E1,6.597284929362E1));
#835=LINE('',#834,#833);
#836=CURVE_STYLE('',#124,POSITIVE_LENGTH_MEASURE(2.E-2),#69);
#837=PRESENTATION_STYLE_ASSIGNMENT((#836));
#838=STYLED_ITEM('',(#837),#835);
#839=CARTESIAN_POINT('',(1.79E2,7.972239721852E0,7.597284929362E1));
#840=DIRECTION('',(1.E0,0.E0,0.E0));
#841=DIRECTION('',(0.E0,-3.642419699190E-12,1.E0));
#842=AXIS2_PLACEMENT_3D('',#839,#840,#841);
#844=CURVE_STYLE('',#124,POSITIVE_LENGTH_MEASURE(2.E-2),#69);
#845=PRESENTATION_STYLE_ASSIGNMENT((#844));
#846=STYLED_ITEM('',(#845),#843);
#847=CARTESIAN_POINT('',(1.79E2,5.897223972185E1,7.597284929362E1));
#848=DIRECTION('',(1.E0,0.E0,0.E0));
#849=DIRECTION('',(0.E0,1.E0,-8.668621376273E-13));
#850=AXIS2_PLACEMENT_3D('',#847,#848,#849);
#852=CURVE_STYLE('',#124,POSITIVE_LENGTH_MEASURE(2.E-2),#69);
#853=PRESENTATION_STYLE_ASSIGNMENT((#852));
#854=STYLED_ITEM('',(#853),#851);
#855=DIRECTION('',(0.E0,0.E0,1.E0));
#856=VECTOR('',#855,1.05E1);
#857=CARTESIAN_POINT('',(1.79E2,5.997223972185E1,6.547284929362E1));
#858=LINE('',#857,#856);
#859=CURVE_STYLE('',#124,POSITIVE_LENGTH_MEASURE(2.E-2),#69);
#860=PRESENTATION_STYLE_ASSIGNMENT((#859));
#861=STYLED_ITEM('',(#860),#858);
#862=CARTESIAN_POINT('',(1.79E2,5.897223972185E1,6.547284929362E1));
#863=DIRECTION('',(1.E0,0.E0,0.E0));
#864=DIRECTION('',(0.E0,3.765876499529E-12,-1.E0));
#865=AXIS2_PLACEMENT_3D('',#862,#863,#864);
#867=CURVE_STYLE('',#124,POSITIVE_LENGTH_MEASURE(2.E-2),#69);
#868=PRESENTATION_STYLE_ASSIGNMENT((#867));
#869=STYLED_ITEM('',(#868),#866);
#870=CARTESIAN_POINT('',(1.79E2,7.972239721853E0,6.547284929363E1));
#871=DIRECTION('',(1.E0,0.E0,0.E0));
#872=DIRECTION('',(0.E0,-1.E0,9.237055564881E-13));
#873=AXIS2_PLACEMENT_3D('',#870,#871,#872);
#875=CURVE_STYLE('',#124,POSITIVE_LENGTH_MEASURE(2.E-2),#69);
#876=PRESENTATION_STYLE_ASSIGNMENT((#875));
#877=STYLED_ITEM('',(#876),#874);
#878=DIRECTION('',(0.E0,-1.023519893178E-14,-1.E0));
#879=VECTOR('',#878,1.05E1);
#880=CARTESIAN_POINT('',(1.79E2,6.972239721853E0,7.597284929363E1));
#881=LINE('',#880,#879);
#882=CURVE_STYLE('',#124,POSITIVE_LENGTH_MEASURE(2.E-2),#69);
#883=PRESENTATION_STYLE_ASSIGNMENT((#882));
#884=STYLED_ITEM('',(#883),#881);
#885=CARTESIAN_POINT('',(1.79E2,1.622223972185E1,6.897284929362E1));
#886=DIRECTION('',(-1.E0,0.E0,0.E0));
#887=DIRECTION('',(0.E0,-1.E0,0.E0));
#888=AXIS2_PLACEMENT_3D('',#885,#886,#887);
#890=CURVE_STYLE('',#124,POSITIVE_LENGTH_MEASURE(2.E-2),#69);
#891=PRESENTATION_STYLE_ASSIGNMENT((#890));
#892=STYLED_ITEM('',(#891),#889);
#893=CARTESIAN_POINT('',(1.79E2,1.622223972185E1,6.897284929362E1));
#894=DIRECTION('',(-1.E0,0.E0,0.E0));
#895=DIRECTION('',(0.E0,-1.847411112976E-13,-1.E0));
#896=AXIS2_PLACEMENT_3D('',#893,#894,#895);
#898=CURVE_STYLE('',#124,POSITIVE_LENGTH_MEASURE(2.E-2),#69);
#899=PRESENTATION_STYLE_ASSIGNMENT((#898));
#900=STYLED_ITEM('',(#899),#897);
#901=DIRECTION('',(0.E0,-1.E0,2.759789176575E-14));
#902=VECTOR('',#901,3.45E1);
#903=CARTESIAN_POINT('',(1.79E2,5.072223972185E1,6.597284929362E1));
#904=LINE('',#903,#902);
#905=CURVE_STYLE('',#124,POSITIVE_LENGTH_MEASURE(2.E-2),#69);
#906=PRESENTATION_STYLE_ASSIGNMENT((#905));
#907=STYLED_ITEM('',(#906),#904);
#908=CARTESIAN_POINT('',(1.79E2,5.072223972185E1,6.897284929362E1));
#909=DIRECTION('',(-1.E0,0.E0,0.E0));
#910=DIRECTION('',(0.E0,1.E0,-1.421085471520E-14));
#911=AXIS2_PLACEMENT_3D('',#908,#909,#910);
#913=CURVE_STYLE('',#124,POSITIVE_LENGTH_MEASURE(2.E-2),#69);
#914=PRESENTATION_STYLE_ASSIGNMENT((#913));
#915=STYLED_ITEM('',(#914),#912);
#916=CARTESIAN_POINT('',(1.79E2,5.072223972185E1,6.897284929362E1));
#917=DIRECTION('',(-1.E0,0.E0,0.E0));
#918=DIRECTION('',(0.E0,9.781476007338E-1,2.079116908176E-1));
#919=AXIS2_PLACEMENT_3D('',#916,#917,#918);
#921=CURVE_STYLE('',#124,POSITIVE_LENGTH_MEASURE(2.E-2),#69);
#922=PRESENTATION_STYLE_ASSIGNMENT((#921));
#923=STYLED_ITEM('',(#922),#920);
#924=DIRECTION('',(0.E0,2.079116908178E-1,-9.781476007338E-1));
#925=VECTOR('',#924,3.778615979652E0);
#926=CARTESIAN_POINT('',(1.79E2,5.287106408677E1,7.329262852067E1));
#927=LINE('',#926,#925);
#928=CURVE_STYLE('',#124,POSITIVE_LENGTH_MEASURE(2.E-2),#69);
#929=PRESENTATION_STYLE_ASSIGNMENT((#928));
#930=STYLED_ITEM('',(#929),#927);
#931=CARTESIAN_POINT('',(1.79E2,5.042569508494E1,7.277284929362E1));
#932=DIRECTION('',(-1.E0,0.E0,0.E0));
#933=DIRECTION('',(0.E0,3.581135388231E-13,1.E0));
#934=AXIS2_PLACEMENT_3D('',#931,#932,#933);
#936=CURVE_STYLE('',#124,POSITIVE_LENGTH_MEASURE(2.E-2),#69);
#937=PRESENTATION_STYLE_ASSIGNMENT((#936));
#938=STYLED_ITEM('',(#937),#935);
#939=DIRECTION('',(0.E0,1.E0,-2.514682891042E-14));
#940=VECTOR('',#939,3.390691072617E1);
#941=CARTESIAN_POINT('',(1.79E2,1.651878435876E1,7.527284929362E1));
#942=LINE('',#941,#940);
#943=CURVE_STYLE('',#124,POSITIVE_LENGTH_MEASURE(2.E-2),#69);
#944=PRESENTATION_STYLE_ASSIGNMENT((#943));
#945=STYLED_ITEM('',(#944),#942);
#946=CARTESIAN_POINT('',(1.79E2,1.651878435877E1,7.277284929362E1));
#947=DIRECTION('',(-1.E0,0.E0,0.E0));
#948=DIRECTION('',(0.E0,-9.781476007338E-1,2.079116908177E-1));
#949=AXIS2_PLACEMENT_3D('',#946,#947,#948);
#951=CURVE_STYLE('',#124,POSITIVE_LENGTH_MEASURE(2.E-2),#69);
#952=PRESENTATION_STYLE_ASSIGNMENT((#951));
#953=STYLED_ITEM('',(#952),#950);
#954=DIRECTION('',(0.E0,2.079116908177E-1,9.781476007338E-1));
#955=VECTOR('',#954,3.778615979649E0);
#956=CARTESIAN_POINT('',(1.79E2,1.328779691965E1,6.959658436608E1));
#957=LINE('',#956,#955);
#958=CURVE_STYLE('',#124,POSITIVE_LENGTH_MEASURE(2.E-2),#69);
#959=PRESENTATION_STYLE_ASSIGNMENT((#958));
#960=STYLED_ITEM('',(#959),#957);
#961=CARTESIAN_POINT('',(1.79E2,9.952239721853E0,7.072284929362E1));
#962=DIRECTION('',(-1.E0,0.E0,0.E0));
#963=DIRECTION('',(0.E0,-2.030122102172E-14,1.E0));
#964=AXIS2_PLACEMENT_3D('',#961,#962,#963);
#966=CURVE_STYLE('',#124,POSITIVE_LENGTH_MEASURE(2.E-2),#69);
#967=PRESENTATION_STYLE_ASSIGNMENT((#966));
#968=STYLED_ITEM('',(#967),#965);
#969=CARTESIAN_POINT('',(1.79E2,9.952239721853E0,7.072284929362E1));
#970=DIRECTION('',(-1.E0,0.E0,0.E0));
#971=DIRECTION('',(0.E0,1.649474208015E-14,-1.E0));
#972=AXIS2_PLACEMENT_3D('',#969,#970,#971);
#974=CURVE_STYLE('',#124,POSITIVE_LENGTH_MEASURE(2.E-2),#69);
#975=PRESENTATION_STYLE_ASSIGNMENT((#974));
#976=STYLED_ITEM('',(#975),#973);
#977=CARTESIAN_POINT('',(1.79E2,5.699223972185E1,7.072284929362E1));
#978=DIRECTION('',(-1.E0,0.E0,0.E0));
#979=DIRECTION('',(0.E0,-2.030122102172E-14,1.E0));
#980=AXIS2_PLACEMENT_3D('',#977,#978,#979);
#982=CURVE_STYLE('',#124,POSITIVE_LENGTH_MEASURE(2.E-2),#69);
#983=PRESENTATION_STYLE_ASSIGNMENT((#982));
#984=STYLED_ITEM('',(#983),#981);
#985=CARTESIAN_POINT('',(1.79E2,5.699223972185E1,7.072284929362E1));
#986=DIRECTION('',(-1.E0,0.E0,0.E0));
#987=DIRECTION('',(0.E0,2.030122102172E-14,-1.E0));
#988=AXIS2_PLACEMENT_3D('',#985,#986,#987);
#990=CURVE_STYLE('',#124,POSITIVE_LENGTH_MEASURE(2.E-2),#69);
#991=PRESENTATION_STYLE_ASSIGNMENT((#990));
#992=STYLED_ITEM('',(#991),#989);
#993=DIRECTION('',(1.E0,6.128431095931E-14,2.415845301584E-13));
#994=VECTOR('',#993,1.E0);
#995=CARTESIAN_POINT('',(1.78E2,6.972239721853E0,7.597284929363E1));
#996=LINE('',#995,#994);
#997=CURVE_STYLE('',#124,POSITIVE_LENGTH_MEASURE(2.E-2),#69);
#998=PRESENTATION_STYLE_ASSIGNMENT((#997));
#999=STYLED_ITEM('',(#998),#996);
#1000=DIRECTION('',(-1.E0,-6.492584248008E-13,-1.847411112976E-13));
#1001=VECTOR('',#1000,1.E0);
#1002=CARTESIAN_POINT('',(1.79E2,7.972239721851E0,7.697284929362E1));
#1003=LINE('',#1002,#1001);
#1004=CURVE_STYLE('',#124,POSITIVE_LENGTH_MEASURE(2.E-2),#69);
#1005=PRESENTATION_STYLE_ASSIGNMENT((#1004));
#1006=STYLED_ITEM('',(#1005),#1003);
#1007=DIRECTION('',(0.E0,0.E0,-1.E0));
#1008=VECTOR('',#1007,1.05E1);
#1009=CARTESIAN_POINT('',(1.78E2,6.972239721853E0,7.597284929363E1));
#1010=LINE('',#1009,#1008);
#1011=CURVE_STYLE('',#124,POSITIVE_LENGTH_MEASURE(2.E-2),#69);
#1012=PRESENTATION_STYLE_ASSIGNMENT((#1011));
#1013=STYLED_ITEM('',(#1012),#1010);
#1014=DIRECTION('',(1.E0,-7.744915819785E-13,1.563194018672E-13));
#1015=VECTOR('',#1014,1.E0);
#1016=CARTESIAN_POINT('',(1.78E2,7.972239721854E0,6.447284929362E1));
#1017=LINE('',#1016,#1015);
#1018=CURVE_STYLE('',#124,POSITIVE_LENGTH_MEASURE(2.E-2),#69);
#1019=PRESENTATION_STYLE_ASSIGNMENT((#1018));
#1020=STYLED_ITEM('',(#1019),#1017);
#1021=DIRECTION('',(-1.E0,0.E0,-1.563194018672E-13));
#1022=VECTOR('',#1021,1.E0);
#1023=CARTESIAN_POINT('',(1.79E2,6.972239721853E0,6.547284929363E1));
#1024=LINE('',#1023,#1022);
#1025=CURVE_STYLE('',#124,POSITIVE_LENGTH_MEASURE(2.E-2),#69);
#1026=PRESENTATION_STYLE_ASSIGNMENT((#1025));
#1027=STYLED_ITEM('',(#1026),#1024);
#1028=DIRECTION('',(0.E0,-1.E0,2.396340206877E-14));
#1029=VECTOR('',#1028,5.1E1);
#1030=CARTESIAN_POINT('',(1.79E2,5.897223972185E1,6.447284929362E1));
#1031=LINE('',#1030,#1029);
#1032=CURVE_STYLE('',#124,POSITIVE_LENGTH_MEASURE(2.E-2),#69);
#1033=PRESENTATION_STYLE_ASSIGNMENT((#1032));
#1034=STYLED_ITEM('',(#1033),#1031);
#1035=DIRECTION('',(1.E0,-4.263256414561E-14,-1.705302565824E-13));
#1036=VECTOR('',#1035,9.999999999999E-1);
#1037=CARTESIAN_POINT('',(1.78E2,5.997223972185E1,6.547284929362E1));
#1038=LINE('',#1037,#1036);
#1039=CURVE_STYLE('',#124,POSITIVE_LENGTH_MEASURE(2.E-2),#69);
#1040=PRESENTATION_STYLE_ASSIGNMENT((#1039));
#1041=STYLED_ITEM('',(#1040),#1038);
#1042=DIRECTION('',(-1.E0,7.744915819786E-13,1.563194018672E-13));
#1043=VECTOR('',#1042,9.999999999999E-1);
#1044=CARTESIAN_POINT('',(1.79E2,5.897223972185E1,6.447284929362E1));
#1045=LINE('',#1044,#1043);
#1046=CURVE_STYLE('',#124,POSITIVE_LENGTH_MEASURE(2.E-2),#69);
#1047=PRESENTATION_STYLE_ASSIGNMENT((#1046));
#1048=STYLED_ITEM('',(#1047),#1045);
#1049=DIRECTION('',(0.E0,0.E0,1.E0));
#1050=VECTOR('',#1049,1.05E1);
#1051=CARTESIAN_POINT('',(1.78E2,5.997223972185E1,6.547284929362E1));
#1052=LINE('',#1051,#1050);
#1053=CURVE_STYLE('',#124,POSITIVE_LENGTH_MEASURE(2.E-2),#69);
#1054=PRESENTATION_STYLE_ASSIGNMENT((#1053));
#1055=STYLED_ITEM('',(#1054),#1052);
#1056=DIRECTION('',(1.E0,8.384404281970E-13,-1.278976924368E-13));
#1057=VECTOR('',#1056,9.999999999999E-1);
#1058=CARTESIAN_POINT('',(1.78E2,5.897223972185E1,7.697284929362E1));
#1059=LINE('',#1058,#1057);
#1060=CURVE_STYLE('',#124,POSITIVE_LENGTH_MEASURE(2.E-2),#69);
#1061=PRESENTATION_STYLE_ASSIGNMENT((#1060));
#1062=STYLED_ITEM('',(#1061),#1059);
#1063=DIRECTION('',(-1.E0,-2.842170943041E-14,1.278976924368E-13));
#1064=VECTOR('',#1063,9.999999999999E-1);
#1065=CARTESIAN_POINT('',(1.79E2,5.997223972185E1,7.597284929362E1));
#1066=LINE('',#1065,#1064);
#1067=CURVE_STYLE('',#124,POSITIVE_LENGTH_MEASURE(2.E-2),#69);
#1068=PRESENTATION_STYLE_ASSIGNMENT((#1067));
#1069=STYLED_ITEM('',(#1068),#1066);
#1070=DIRECTION('',(0.E0,1.E0,-2.257018101826E-14));
#1071=VECTOR('',#1070,5.1E1);
#1072=CARTESIAN_POINT('',(1.79E2,7.972239721851E0,7.697284929362E1));
#1073=LINE('',#1072,#1071);
#1074=CURVE_STYLE('',#124,POSITIVE_LENGTH_MEASURE(2.E-2),#69);
#1075=PRESENTATION_STYLE_ASSIGNMENT((#1074));
#1076=STYLED_ITEM('',(#1075),#1073);
#1077=DIRECTION('',(0.E0,0.E0,1.E0));
#1078=VECTOR('',#1077,1.365994505536E1);
#1079=CARTESIAN_POINT('',(1.78E2,6.555E1,6.43E1));
#1080=LINE('',#1079,#1078);
#1081=CURVE_STYLE('',#124,POSITIVE_LENGTH_MEASURE(2.E-2),#69);
#1082=PRESENTATION_STYLE_ASSIGNMENT((#1081));
#1083=STYLED_ITEM('',(#1082),#1080);
#1084=CARTESIAN_POINT('',(1.78E2,7.972239721853E0,7.597284929362E1));
#1085=DIRECTION('',(-1.E0,0.E0,0.E0));
#1086=DIRECTION('',(0.E0,-1.E0,-5.684341886081E-14));
#1087=AXIS2_PLACEMENT_3D('',#1084,#1085,#1086);
#1089=CURVE_STYLE('',#124,POSITIVE_LENGTH_MEASURE(2.E-2),#69);
#1090=PRESENTATION_STYLE_ASSIGNMENT((#1089));
#1091=STYLED_ITEM('',(#1090),#1088);
#1092=CARTESIAN_POINT('',(1.78E2,7.972239721853E0,6.547284929363E1));
#1093=DIRECTION('',(-1.E0,0.E0,0.E0));
#1094=DIRECTION('',(0.E0,2.601474591302E-12,-1.E0));
#1095=AXIS2_PLACEMENT_3D('',#1092,#1093,#1094);
#1097=CURVE_STYLE('',#124,POSITIVE_LENGTH_MEASURE(2.E-2),#69);
#1098=PRESENTATION_STYLE_ASSIGNMENT((#1097));
#1099=STYLED_ITEM('',(#1098),#1096);
#1100=DIRECTION('',(0.E0,-1.E0,1.783322944653E-14));
#1101=VECTOR('',#1100,5.1E1);
#1102=CARTESIAN_POINT('',(1.78E2,5.897223972185E1,6.447284929362E1));
#1103=LINE('',#1102,#1101);
#1104=CURVE_STYLE('',#124,POSITIVE_LENGTH_MEASURE(2.E-2),#69);
#1105=PRESENTATION_STYLE_ASSIGNMENT((#1104));
#1106=STYLED_ITEM('',(#1105),#1103);
#1107=CARTESIAN_POINT('',(1.78E2,5.897223972185E1,6.547284929362E1));
#1108=DIRECTION('',(-1.E0,0.E0,0.E0));
#1109=DIRECTION('',(0.E0,1.E0,-1.421085471520E-14));
#1110=AXIS2_PLACEMENT_3D('',#1107,#1108,#1109);
#1112=CURVE_STYLE('',#124,POSITIVE_LENGTH_MEASURE(2.E-2),#69);
#1113=PRESENTATION_STYLE_ASSIGNMENT((#1112));
#1114=STYLED_ITEM('',(#1113),#1111);
#1115=CARTESIAN_POINT('',(1.78E2,5.897223972185E1,7.597284929362E1));
#1116=DIRECTION('',(-1.E0,0.E0,0.E0));
#1117=DIRECTION('',(0.E0,-2.408739874227E-12,1.E0));
#1118=AXIS2_PLACEMENT_3D('',#1115,#1116,#1117);
#1120=CURVE_STYLE('',#124,POSITIVE_LENGTH_MEASURE(2.E-2),#69);
#1121=PRESENTATION_STYLE_ASSIGNMENT((#1120));
#1122=STYLED_ITEM('',(#1121),#1119);
#1123=DIRECTION('',(0.E0,1.E0,-1.671865260612E-14));
#1124=VECTOR('',#1123,5.1E1);
#1125=CARTESIAN_POINT('',(1.78E2,7.972239721851E0,7.697284929362E1));
#1126=LINE('',#1125,#1124);
#1127=CURVE_STYLE('',#124,POSITIVE_LENGTH_MEASURE(2.E-2),#69);
#1128=PRESENTATION_STYLE_ASSIGNMENT((#1127));
#1129=STYLED_ITEM('',(#1128),#1126);
#1130=DIRECTION('',(-9.615239476408E-1,0.E0,2.747211278974E-1));
#1131=VECTOR('',#1130,5.824087911424E1);
#1132=CARTESIAN_POINT('',(1.785E2,6.555E1,8.06E1));
#1133=LINE('',#1132,#1131);
#1134=CURVE_STYLE('',#124,POSITIVE_LENGTH_MEASURE(2.E-2),#69);
#1135=PRESENTATION_STYLE_ASSIGNMENT((#1134));
#1136=STYLED_ITEM('',(#1135),#1133);
#1137=CARTESIAN_POINT('',(1.845E2,6.555E1,6.43E1));
#1138=DIRECTION('',(0.E0,1.E0,0.E0));
#1139=DIRECTION('',(-2.368475785867E-14,0.E0,-1.E0));
#1140=AXIS2_PLACEMENT_3D('',#1137,#1138,#1139);
#1142=CURVE_STYLE('',#124,POSITIVE_LENGTH_MEASURE(2.E-2),#69);
#1143=PRESENTATION_STYLE_ASSIGNMENT((#1142));
#1144=STYLED_ITEM('',(#1143),#1141);
#1145=CARTESIAN_POINT('',(2.48E2,6.555E1,-1.67E1));
#1146=DIRECTION('',(0.E0,1.E0,0.E0));
#1147=DIRECTION('',(1.E0,0.E0,0.E0));
#1148=AXIS2_PLACEMENT_3D('',#1145,#1146,#1147);
#1150=CURVE_STYLE('',#124,POSITIVE_LENGTH_MEASURE(2.E-2),#69);
#1151=PRESENTATION_STYLE_ASSIGNMENT((#1150));
#1152=STYLED_ITEM('',(#1151),#1149);
#1153=CARTESIAN_POINT('',(2.48E2,6.555E1,5.48E1));
#1154=DIRECTION('',(0.E0,1.E0,0.E0));
#1155=DIRECTION('',(3.789561257387E-14,0.E0,1.E0));
#1156=AXIS2_PLACEMENT_3D('',#1153,#1154,#1155);
#1158=CURVE_STYLE('',#124,POSITIVE_LENGTH_MEASURE(2.E-2),#69);
#1159=PRESENTATION_STYLE_ASSIGNMENT((#1158));
#1160=STYLED_ITEM('',(#1159),#1157);
#1161=CARTESIAN_POINT('',(1.845E2,6.555E1,6.43E1));
#1162=DIRECTION('',(0.E0,-1.E0,0.E0));
#1163=DIRECTION('',(-1.E0,0.E0,0.E0));
#1164=AXIS2_PLACEMENT_3D('',#1161,#1162,#1163);
#1166=CURVE_STYLE('',#124,POSITIVE_LENGTH_MEASURE(2.E-2),#69);
#1167=PRESENTATION_STYLE_ASSIGNMENT((#1166));
#1168=STYLED_ITEM('',(#1167),#1165);
#1169=CARTESIAN_POINT('',(1.75E2,6.555E1,7.795994505536E1));
#1170=DIRECTION('',(0.E0,1.E0,0.E0));
#1171=DIRECTION('',(2.747211278974E-1,0.E0,9.615239476408E-1));
#1172=AXIS2_PLACEMENT_3D('',#1169,#1170,#1171);
#1174=CURVE_STYLE('',#124,POSITIVE_LENGTH_MEASURE(2.E-2),#69);
#1175=PRESENTATION_STYLE_ASSIGNMENT((#1174));
#1176=STYLED_ITEM('',(#1175),#1173);
#1177=DIRECTION('',(9.615239476408E-1,0.E0,-2.747211278974E-1));
#1178=VECTOR('',#1177,5.553079669728E1);
#1179=CARTESIAN_POINT('',(1.224299725277E2,6.555E1,9.61E1));
#1180=LINE('',#1179,#1178);
#1181=CURVE_STYLE('',#124,POSITIVE_LENGTH_MEASURE(2.E-2),#69);
#1182=PRESENTATION_STYLE_ASSIGNMENT((#1181));
#1183=STYLED_ITEM('',(#1182),#1180);
#1184=DIRECTION('',(0.E0,1.E0,0.E0));
#1185=VECTOR('',#1184,5.E-1);
#1186=CARTESIAN_POINT('',(1.145E2,6.555E1,9.66E1));
#1187=LINE('',#1186,#1185);
#1188=CURVE_STYLE('',#124,POSITIVE_LENGTH_MEASURE(2.E-2),#69);
#1189=PRESENTATION_STYLE_ASSIGNMENT((#1188));
#1190=STYLED_ITEM('',(#1189),#1187);
#1191=DIRECTION('',(0.E0,0.E0,1.E0));
#1192=VECTOR('',#1191,5.E-1);
#1193=CARTESIAN_POINT('',(1.145E2,6.555E1,9.61E1));
#1194=LINE('',#1193,#1192);
#1195=CURVE_STYLE('',#124,POSITIVE_LENGTH_MEASURE(2.E-2),#69);
#1196=PRESENTATION_STYLE_ASSIGNMENT((#1195));
#1197=STYLED_ITEM('',(#1196),#1194);
#1198=DIRECTION('',(0.E0,1.E0,-1.235726496974E-14));
#1199=VECTOR('',#1198,1.15E0);
#1200=CARTESIAN_POINT('',(1.145E2,6.44E1,9.61E1));
#1201=LINE('',#1200,#1199);
#1202=CURVE_STYLE('',#124,POSITIVE_LENGTH_MEASURE(2.E-2),#69);
#1203=PRESENTATION_STYLE_ASSIGNMENT((#1202));
#1204=STYLED_ITEM('',(#1203),#1201);
#1205=DIRECTION('',(0.E0,-7.071067811865E-1,7.071067811866E-1));
#1206=VECTOR('',#1205,2.262741699797E0);
#1207=CARTESIAN_POINT('',(1.145E2,6.6E1,9.45E1));
#1208=LINE('',#1207,#1206);
#1209=CURVE_STYLE('',#124,POSITIVE_LENGTH_MEASURE(2.E-2),#69);
#1210=PRESENTATION_STYLE_ASSIGNMENT((#1209));
#1211=STYLED_ITEM('',(#1210),#1208);
#1212=DIRECTION('',(-1.E0,0.E0,0.E0));
#1213=VECTOR('',#1212,1.37E2);
#1214=CARTESIAN_POINT('',(2.515E2,2.25E0,-2.02E1));
#1215=LINE('',#1214,#1213);
#1216=CURVE_STYLE('',#124,POSITIVE_LENGTH_MEASURE(2.E-2),#69);
#1217=PRESENTATION_STYLE_ASSIGNMENT((#1216));
#1218=STYLED_ITEM('',(#1217),#1215);
#1219=DIRECTION('',(0.E0,-1.E0,0.E0));
#1220=VECTOR('',#1219,6.28E1);
#1221=CARTESIAN_POINT('',(1.145E2,6.555E1,-2.02E1));
#1222=LINE('',#1221,#1220);
#1223=CURVE_STYLE('',#124,POSITIVE_LENGTH_MEASURE(2.E-2),#69);
#1224=PRESENTATION_STYLE_ASSIGNMENT((#1223));
#1225=STYLED_ITEM('',(#1224),#1222);
#1226=DIRECTION('',(-1.E0,0.E0,0.E0));
#1227=VECTOR('',#1226,1.37E2);
#1228=CARTESIAN_POINT('',(2.515E2,6.555E1,-2.02E1));
#1229=LINE('',#1228,#1227);
#1230=CURVE_STYLE('',#124,POSITIVE_LENGTH_MEASURE(2.E-2),#69);
#1231=PRESENTATION_STYLE_ASSIGNMENT((#1230));
#1232=STYLED_ITEM('',(#1231),#1229);
#1233=DIRECTION('',(0.E0,1.E0,0.E0));
#1234=VECTOR('',#1233,5.E-2);
#1235=CARTESIAN_POINT('',(1.145E2,6.6E1,-2.02E1));
#1236=LINE('',#1235,#1234);
#1237=CURVE_STYLE('',#124,POSITIVE_LENGTH_MEASURE(2.E-2),#69);
#1238=PRESENTATION_STYLE_ASSIGNMENT((#1237));
#1239=STYLED_ITEM('',(#1238),#1236);
#1240=DIRECTION('',(-1.E0,0.E0,0.E0));
#1241=VECTOR('',#1240,6.072679921906E0);
#1242=CARTESIAN_POINT('',(1.145E2,2.2E0,-2.02E1));
#1243=LINE('',#1242,#1241);
#1244=CURVE_STYLE('',#124,POSITIVE_LENGTH_MEASURE(2.E-2),#69);
#1245=PRESENTATION_STYLE_ASSIGNMENT((#1244));
#1246=STYLED_ITEM('',(#1245),#1243);
#1247=DIRECTION('',(0.E0,-1.E0,0.E0));
#1248=VECTOR('',#1247,5.E-2);
#1249=CARTESIAN_POINT('',(1.145E2,2.25E0,-2.02E1));
#1250=LINE('',#1249,#1248);
#1251=CURVE_STYLE('',#124,POSITIVE_LENGTH_MEASURE(2.E-2),#69);
#1252=PRESENTATION_STYLE_ASSIGNMENT((#1251));
#1253=STYLED_ITEM('',(#1252),#1250);
#1254=DIRECTION('',(-1.E0,0.E0,0.E0));
#1255=VECTOR('',#1254,8.E0);
#1256=CARTESIAN_POINT('',(1.225E2,2.25E0,9.66E1));
#1257=LINE('',#1256,#1255);
#1258=CURVE_STYLE('',#124,POSITIVE_LENGTH_MEASURE(2.E-2),#69);
#1259=PRESENTATION_STYLE_ASSIGNMENT((#1258));
#1260=STYLED_ITEM('',(#1259),#1257);
#1261=DIRECTION('',(-9.615239476408E-1,0.E0,2.747211278974E-1));
#1262=VECTOR('',#1261,5.824087911424E1);
#1263=CARTESIAN_POINT('',(1.785E2,2.25E0,8.06E1));
#1264=LINE('',#1263,#1262);
#1265=CURVE_STYLE('',#124,POSITIVE_LENGTH_MEASURE(2.E-2),#69);
#1266=PRESENTATION_STYLE_ASSIGNMENT((#1265));
#1267=STYLED_ITEM('',(#1266),#1264);
#1268=CARTESIAN_POINT('',(1.845E2,2.25E0,6.43E1));
#1269=DIRECTION('',(0.E0,1.E0,0.E0));
#1270=DIRECTION('',(-2.368475785867E-14,0.E0,-1.E0));
#1271=AXIS2_PLACEMENT_3D('',#1268,#1269,#1270);
#1273=CURVE_STYLE('',#124,POSITIVE_LENGTH_MEASURE(2.E-2),#69);
#1274=PRESENTATION_STYLE_ASSIGNMENT((#1273));
#1275=STYLED_ITEM('',(#1274),#1272);
#1276=CARTESIAN_POINT('',(2.468585264666E2,2.25E0,-1.476986839775E1));
#1277=DIRECTION('',(0.E0,1.E0,0.E0));
#1278=DIRECTION('',(0.E0,0.E0,1.E0));
#1279=AXIS2_PLACEMENT_3D('',#1276,#1277,#1278);
#1281=CURVE_STYLE('',#124,POSITIVE_LENGTH_MEASURE(2.E-2),#69);
#1282=PRESENTATION_STYLE_ASSIGNMENT((#1281));
#1283=STYLED_ITEM('',(#1282),#1280);
#1284=CARTESIAN_POINT('',(2.468585264666E2,2.25E0,-1.476986839775E1));
#1285=DIRECTION('',(0.E0,1.E0,0.E0));
#1286=DIRECTION('',(0.E0,0.E0,-1.E0));
#1287=AXIS2_PLACEMENT_3D('',#1284,#1285,#1286);
#1289=CURVE_STYLE('',#124,POSITIVE_LENGTH_MEASURE(2.E-2),#69);
#1290=PRESENTATION_STYLE_ASSIGNMENT((#1289));
#1291=STYLED_ITEM('',(#1290),#1288);
#1292=CARTESIAN_POINT('',(1.204141910864E2,2.25E0,-1.476986839775E1));
#1293=DIRECTION('',(0.E0,1.E0,0.E0));
#1294=DIRECTION('',(0.E0,0.E0,1.E0));
#1295=AXIS2_PLACEMENT_3D('',#1292,#1293,#1294);
#1297=CURVE_STYLE('',#124,POSITIVE_LENGTH_MEASURE(2.E-2),#69);
#1298=PRESENTATION_STYLE_ASSIGNMENT((#1297));
#1299=STYLED_ITEM('',(#1298),#1296);
#1300=CARTESIAN_POINT('',(1.204141910864E2,2.25E0,-1.476986839775E1));
#1301=DIRECTION('',(0.E0,1.E0,0.E0));
#1302=DIRECTION('',(0.E0,0.E0,-1.E0));
#1303=AXIS2_PLACEMENT_3D('',#1300,#1301,#1302);
#1305=CURVE_STYLE('',#124,POSITIVE_LENGTH_MEASURE(2.E-2),#69);
#1306=PRESENTATION_STYLE_ASSIGNMENT((#1305));
#1307=STYLED_ITEM('',(#1306),#1304);
#1308=CARTESIAN_POINT('',(1.204141910864E2,2.25E0,8.958568606523E1));
#1309=DIRECTION('',(0.E0,1.E0,0.E0));
#1310=DIRECTION('',(0.E0,0.E0,1.E0));
#1311=AXIS2_PLACEMENT_3D('',#1308,#1309,#1310);
#1313=CURVE_STYLE('',#124,POSITIVE_LENGTH_MEASURE(2.E-2),#69);
#1314=PRESENTATION_STYLE_ASSIGNMENT((#1313));
#1315=STYLED_ITEM('',(#1314),#1312);
#1316=CARTESIAN_POINT('',(1.204141910864E2,2.25E0,8.958568606523E1));
#1317=DIRECTION('',(0.E0,1.E0,0.E0));
#1318=DIRECTION('',(0.E0,0.E0,-1.E0));
#1319=AXIS2_PLACEMENT_3D('',#1316,#1317,#1318);
#1321=CURVE_STYLE('',#124,POSITIVE_LENGTH_MEASURE(2.E-2),#69);
#1322=PRESENTATION_STYLE_ASSIGNMENT((#1321));
#1323=STYLED_ITEM('',(#1322),#1320);
#1324=CARTESIAN_POINT('',(2.468585264666E2,2.25E0,5.135731116225E1));
#1325=DIRECTION('',(0.E0,1.E0,0.E0));
#1326=DIRECTION('',(0.E0,0.E0,1.E0));
#1327=AXIS2_PLACEMENT_3D('',#1324,#1325,#1326);
#1329=CURVE_STYLE('',#124,POSITIVE_LENGTH_MEASURE(2.E-2),#69);
#1330=PRESENTATION_STYLE_ASSIGNMENT((#1329));
#1331=STYLED_ITEM('',(#1330),#1328);
#1332=CARTESIAN_POINT('',(2.468585264666E2,2.25E0,5.135731116225E1));
#1333=DIRECTION('',(0.E0,1.E0,0.E0));
#1334=DIRECTION('',(0.E0,0.E0,-1.E0));
#1335=AXIS2_PLACEMENT_3D('',#1332,#1333,#1334);
#1337=CURVE_STYLE('',#124,POSITIVE_LENGTH_MEASURE(2.E-2),#69);
#1338=PRESENTATION_STYLE_ASSIGNMENT((#1337));
#1339=STYLED_ITEM('',(#1338),#1336);
#1340=DIRECTION('',(-1.E0,0.E0,0.E0));
#1341=VECTOR('',#1340,8.E0);
#1342=CARTESIAN_POINT('',(1.225E2,2.75E0,9.66E1));
#1343=LINE('',#1342,#1341);
#1344=CURVE_STYLE('',#124,POSITIVE_LENGTH_MEASURE(2.E-2),#69);
#1345=PRESENTATION_STYLE_ASSIGNMENT((#1344));
#1346=STYLED_ITEM('',(#1345),#1343);
#1347=DIRECTION('',(0.E0,1.E0,0.E0));
#1348=VECTOR('',#1347,5.E-1);
#1349=CARTESIAN_POINT('',(1.225E2,2.25E0,9.66E1));
#1350=LINE('',#1349,#1348);
#1351=CURVE_STYLE('',#124,POSITIVE_LENGTH_MEASURE(2.E-2),#69);
#1352=PRESENTATION_STYLE_ASSIGNMENT((#1351));
#1353=STYLED_ITEM('',(#1352),#1350);
#1354=DIRECTION('',(0.E0,-1.E0,0.E0));
#1355=VECTOR('',#1354,5.E-1);
#1356=CARTESIAN_POINT('',(1.145E2,2.75E0,9.65E1));
#1357=LINE('',#1356,#1355);
#1358=CURVE_STYLE('',#124,POSITIVE_LENGTH_MEASURE(2.E-2),#69);
#1359=PRESENTATION_STYLE_ASSIGNMENT((#1358));
#1360=STYLED_ITEM('',(#1359),#1357);
#1361=DIRECTION('',(0.E0,1.E0,0.E0));
#1362=VECTOR('',#1361,5.E-1);
#1363=CARTESIAN_POINT('',(1.145E2,2.25E0,9.66E1));
#1364=LINE('',#1363,#1362);
#1365=CURVE_STYLE('',#124,POSITIVE_LENGTH_MEASURE(2.E-2),#69);
#1366=PRESENTATION_STYLE_ASSIGNMENT((#1365));
#1367=STYLED_ITEM('',(#1366),#1364);
#1368=DIRECTION('',(0.E0,0.E0,1.E0));
#1369=VECTOR('',#1368,9.999999999999E-2);
#1370=CARTESIAN_POINT('',(1.145E2,2.25E0,9.65E1));
#1371=LINE('',#1370,#1369);
#1372=CURVE_STYLE('',#124,POSITIVE_LENGTH_MEASURE(2.E-2),#69);
#1373=PRESENTATION_STYLE_ASSIGNMENT((#1372));
#1374=STYLED_ITEM('',(#1373),#1371);
#1375=DIRECTION('',(1.E0,0.E0,0.E0));
#1376=VECTOR('',#1375,4.2E1);
#1377=CARTESIAN_POINT('',(7.25E1,2.2E0,9.65E1));
#1378=LINE('',#1377,#1376);
#1379=CURVE_STYLE('',#124,POSITIVE_LENGTH_MEASURE(2.E-2),#69);
#1380=PRESENTATION_STYLE_ASSIGNMENT((#1379));
#1381=STYLED_ITEM('',(#1380),#1378);
#1382=DIRECTION('',(0.E0,-1.E0,0.E0));
#1383=VECTOR('',#1382,1.18E1);
#1384=CARTESIAN_POINT('',(7.25E1,1.4E1,9.65E1));
#1385=LINE('',#1384,#1383);
#1386=CURVE_STYLE('',#124,POSITIVE_LENGTH_MEASURE(2.E-2),#69);
#1387=PRESENTATION_STYLE_ASSIGNMENT((#1386));
#1388=STYLED_ITEM('',(#1387),#1385);
#1389=DIRECTION('',(0.E0,0.E0,1.E0));
#1390=VECTOR('',#1389,1.167E2);
#1391=CARTESIAN_POINT('',(1.145E2,2.25E0,-2.02E1));
#1392=LINE('',#1391,#1390);
#1393=CURVE_STYLE('',#124,POSITIVE_LENGTH_MEASURE(2.E-2),#69);
#1394=PRESENTATION_STYLE_ASSIGNMENT((#1393));
#1395=STYLED_ITEM('',(#1394),#1392);
#1396=DIRECTION('',(0.E0,0.E0,-1.E0));
#1397=VECTOR('',#1396,1.167E2);
#1398=CARTESIAN_POINT('',(1.145E2,2.2E0,9.65E1));
#1399=LINE('',#1398,#1397);
#1400=CURVE_STYLE('',#124,POSITIVE_LENGTH_MEASURE(2.E-2),#69);
#1401=PRESENTATION_STYLE_ASSIGNMENT((#1400));
#1402=STYLED_ITEM('',(#1401),#1399);
#1403=DIRECTION('',(0.E0,-1.E0,0.E0));
#1404=VECTOR('',#1403,5.E-2);
#1405=CARTESIAN_POINT('',(1.145E2,2.25E0,9.65E1));
#1406=LINE('',#1405,#1404);
#1407=CURVE_STYLE('',#124,POSITIVE_LENGTH_MEASURE(2.E-2),#69);
#1408=PRESENTATION_STYLE_ASSIGNMENT((#1407));
#1409=STYLED_ITEM('',(#1408),#1406);
#1410=CARTESIAN_POINT('',(5.359964166221E0,2.2E0,-5.863332076903E1));
#1411=DIRECTION('',(0.E0,1.E0,0.E0));
#1412=DIRECTION('',(6.103639621253E-1,0.E0,7.921210979003E-1));
#1413=AXIS2_PLACEMENT_3D('',#1410,#1411,#1412);
#1415=CURVE_STYLE('',#124,POSITIVE_LENGTH_MEASURE(2.E-2),#69);
#1416=PRESENTATION_STYLE_ASSIGNMENT((#1415));
#1417=STYLED_ITEM('',(#1416),#1414);
#1418=DIRECTION('',(0.E0,1.E0,0.E0));
#1419=VECTOR('',#1418,5.2E1);
#1420=CARTESIAN_POINT('',(7.25E1,1.4E1,2.85E1));
#1421=LINE('',#1420,#1419);
#1422=CURVE_STYLE('',#124,POSITIVE_LENGTH_MEASURE(2.E-2),#69);
#1423=PRESENTATION_STYLE_ASSIGNMENT((#1422));
#1424=STYLED_ITEM('',(#1423),#1421);
#1425=DIRECTION('',(0.E0,1.E0,0.E0));
#1426=VECTOR('',#1425,1.18E1);
#1427=CARTESIAN_POINT('',(7.25E1,2.2E0,2.85E1));
#1428=LINE('',#1427,#1426);
#1429=CURVE_STYLE('',#124,POSITIVE_LENGTH_MEASURE(2.E-2),#69);
#1430=PRESENTATION_STYLE_ASSIGNMENT((#1429));
#1431=STYLED_ITEM('',(#1430),#1428);
#1432=DIRECTION('',(0.E0,-1.E0,0.E0));
#1433=VECTOR('',#1432,6.38E1);
#1434=CARTESIAN_POINT('',(1.084273200781E2,6.6E1,-2.02E1));
#1435=LINE('',#1434,#1433);
#1436=CURVE_STYLE('',#124,POSITIVE_LENGTH_MEASURE(2.E-2),#69);
#1437=PRESENTATION_STYLE_ASSIGNMENT((#1436));
#1438=STYLED_ITEM('',(#1437),#1435);
#1439=CARTESIAN_POINT('',(0.E0,6.6E1,0.E0));
#1440=DIRECTION('',(0.E0,-1.E0,0.E0));
#1441=DIRECTION('',(0.E0,0.E0,1.E0));
#1442=AXIS2_PLACEMENT_3D('',#1439,#1440,#1441);
#1444=CURVE_STYLE('',#124,POSITIVE_LENGTH_MEASURE(2.E-2),#69);
#1445=PRESENTATION_STYLE_ASSIGNMENT((#1444));
#1446=STYLED_ITEM('',(#1445),#1443);
#1447=CARTESIAN_POINT('',(0.E0,6.6E1,0.E0));
#1448=DIRECTION('',(0.E0,-1.E0,0.E0));
#1449=DIRECTION('',(9.205261468238E-1,0.E0,3.906809606491E-1));
#1450=AXIS2_PLACEMENT_3D('',#1447,#1448,#1449);
#1452=CURVE_STYLE('',#124,POSITIVE_LENGTH_MEASURE(2.E-2),#69);
#1453=PRESENTATION_STYLE_ASSIGNMENT((#1452));
#1454=STYLED_ITEM('',(#1453),#1451);
#1455=DIRECTION('',(-9.659258262891E-1,0.E0,-2.588190451025E-1));
#1456=VECTOR('',#1455,1.501859910489E1);
#1457=CARTESIAN_POINT('',(7.25E1,6.6E1,2.85E1));
#1458=LINE('',#1457,#1456);
#1459=CURVE_STYLE('',#124,POSITIVE_LENGTH_MEASURE(2.E-2),#69);
#1460=PRESENTATION_STYLE_ASSIGNMENT((#1459));
#1461=STYLED_ITEM('',(#1460),#1458);
#1462=CARTESIAN_POINT('',(5.359964166221E0,6.6E1,-5.863332076903E1));
#1463=DIRECTION('',(0.E0,-1.E0,0.E0));
#1464=DIRECTION('',(9.369759628352E-1,0.E0,3.493938251730E-1));
#1465=AXIS2_PLACEMENT_3D('',#1462,#1463,#1464);
#1467=CURVE_STYLE('',#124,POSITIVE_LENGTH_MEASURE(2.E-2),#69);
#1468=PRESENTATION_STYLE_ASSIGNMENT((#1467));
#1469=STYLED_ITEM('',(#1468),#1466);
#1470=DIRECTION('',(-1.E0,0.E0,0.E0));
#1471=VECTOR('',#1470,6.072679921906E0);
#1472=CARTESIAN_POINT('',(1.145E2,6.6E1,-2.02E1));
#1473=LINE('',#1472,#1471);
#1474=CURVE_STYLE('',#124,POSITIVE_LENGTH_MEASURE(2.E-2),#69);
#1475=PRESENTATION_STYLE_ASSIGNMENT((#1474));
#1476=STYLED_ITEM('',(#1475),#1473);
#1477=DIRECTION('',(0.E0,0.E0,-1.E0));
#1478=VECTOR('',#1477,1.147E2);
#1479=CARTESIAN_POINT('',(1.145E2,6.6E1,9.45E1));
#1480=LINE('',#1479,#1478);
#1481=CURVE_STYLE('',#124,POSITIVE_LENGTH_MEASURE(2.E-2),#69);
#1482=PRESENTATION_STYLE_ASSIGNMENT((#1481));
#1483=STYLED_ITEM('',(#1482),#1480);
#1484=DIRECTION('',(0.E0,1.E0,0.E0));
#1485=VECTOR('',#1484,1.5E0);
#1486=CARTESIAN_POINT('',(1.941677553745E-14,6.6E1,6.3E1));
#1487=LINE('',#1486,#1485);
#1488=CURVE_STYLE('',#124,POSITIVE_LENGTH_MEASURE(2.E-2),#69);
#1489=PRESENTATION_STYLE_ASSIGNMENT((#1488));
#1490=STYLED_ITEM('',(#1489),#1487);
#1491=DIRECTION('',(0.E0,1.E0,0.E0));
#1492=VECTOR('',#1491,5.E1);
#1493=CARTESIAN_POINT('',(-4.45E1,1.4E1,4.459540335057E1));
#1494=LINE('',#1493,#1492);
#1495=CURVE_STYLE('',#124,POSITIVE_LENGTH_MEASURE(2.E-2),#69);
#1496=PRESENTATION_STYLE_ASSIGNMENT((#1495));
#1497=STYLED_ITEM('',(#1496),#1494);
#1498=DIRECTION('',(0.E0,1.E0,0.E0));
#1499=VECTOR('',#1498,5.35E1);
#1500=CARTESIAN_POINT('',(0.E0,1.4E1,-6.3E1));
#1501=LINE('',#1500,#1499);
#1502=CURVE_STYLE('',#124,POSITIVE_LENGTH_MEASURE(2.E-2),#69);
#1503=PRESENTATION_STYLE_ASSIGNMENT((#1502));
#1504=STYLED_ITEM('',(#1503),#1501);
#1505=DIRECTION('',(0.E0,-1.E0,0.E0));
#1506=VECTOR('',#1505,5.2E1);
#1507=CARTESIAN_POINT('',(5.799314724990E1,6.6E1,2.461290052089E1));
#1508=LINE('',#1507,#1506);
#1509=CURVE_STYLE('',#124,POSITIVE_LENGTH_MEASURE(2.E-2),#69);
#1510=PRESENTATION_STYLE_ASSIGNMENT((#1509));
#1511=STYLED_ITEM('',(#1510),#1508);
#1512=CARTESIAN_POINT('',(0.E0,6.75E1,0.E0));
#1513=DIRECTION('',(0.E0,1.E0,0.E0));
#1514=DIRECTION('',(0.E0,0.E0,1.E0));
#1515=AXIS2_PLACEMENT_3D('',#1512,#1513,#1514);
#1517=CURVE_STYLE('',#124,POSITIVE_LENGTH_MEASURE(2.E-2),#69);
#1518=PRESENTATION_STYLE_ASSIGNMENT((#1517));
#1519=STYLED_ITEM('',(#1518),#1516);
#1520=CARTESIAN_POINT('',(0.E0,6.75E1,0.E0));
#1521=DIRECTION('',(0.E0,1.E0,0.E0));
#1522=DIRECTION('',(0.E0,0.E0,-1.E0));
#1523=AXIS2_PLACEMENT_3D('',#1520,#1521,#1522);
#1525=CURVE_STYLE('',#124,POSITIVE_LENGTH_MEASURE(2.E-2),#69);
#1526=PRESENTATION_STYLE_ASSIGNMENT((#1525));
#1527=STYLED_ITEM('',(#1526),#1524);
#1528=CARTESIAN_POINT('',(0.E0,6.75E1,0.E0));
#1529=DIRECTION('',(0.E0,-1.E0,0.E0));
#1530=DIRECTION('',(0.E0,0.E0,-1.E0));
#1531=AXIS2_PLACEMENT_3D('',#1528,#1529,#1530);
#1533=CURVE_STYLE('',#124,POSITIVE_LENGTH_MEASURE(2.E-2),#69);
#1534=PRESENTATION_STYLE_ASSIGNMENT((#1533));
#1535=STYLED_ITEM('',(#1534),#1532);
#1536=CARTESIAN_POINT('',(0.E0,6.75E1,0.E0));
#1537=DIRECTION('',(0.E0,-1.E0,0.E0));
#1538=DIRECTION('',(0.E0,0.E0,1.E0));
#1539=AXIS2_PLACEMENT_3D('',#1536,#1537,#1538);
#1541=CURVE_STYLE('',#124,POSITIVE_LENGTH_MEASURE(2.E-2),#69);
#1542=PRESENTATION_STYLE_ASSIGNMENT((#1541));
#1543=STYLED_ITEM('',(#1542),#1540);
#1544=DIRECTION('',(0.E0,1.E0,0.E0));
#1545=VECTOR('',#1544,5.E-1);
#1546=CARTESIAN_POINT('',(0.E0,6.75E1,-4.875E1));
#1547=LINE('',#1546,#1545);
#1548=CURVE_STYLE('',#124,POSITIVE_LENGTH_MEASURE(2.E-2),#69);
#1549=PRESENTATION_STYLE_ASSIGNMENT((#1548));
#1550=STYLED_ITEM('',(#1549),#1547);
#1551=CARTESIAN_POINT('',(0.E0,6.8E1,0.E0));
#1552=DIRECTION('',(0.E0,1.E0,0.E0));
#1553=DIRECTION('',(0.E0,0.E0,1.E0));
#1554=AXIS2_PLACEMENT_3D('',#1551,#1552,#1553);
#1556=CURVE_STYLE('',#124,POSITIVE_LENGTH_MEASURE(2.E-2),#69);
#1557=PRESENTATION_STYLE_ASSIGNMENT((#1556));
#1558=STYLED_ITEM('',(#1557),#1555);
#1559=CARTESIAN_POINT('',(0.E0,6.8E1,0.E0));
#1560=DIRECTION('',(0.E0,1.E0,0.E0));
#1561=DIRECTION('',(0.E0,0.E0,-1.E0));
#1562=AXIS2_PLACEMENT_3D('',#1559,#1560,#1561);
#1564=CURVE_STYLE('',#124,POSITIVE_LENGTH_MEASURE(2.E-2),#69);
#1565=PRESENTATION_STYLE_ASSIGNMENT((#1564));
#1566=STYLED_ITEM('',(#1565),#1563);
#1567=CARTESIAN_POINT('',(-1.172505357237E-13,6.8E1,4.375E1));
#1568=DIRECTION('',(0.E0,-1.E0,0.E0));
#1569=DIRECTION('',(0.E0,0.E0,-1.E0));
#1570=AXIS2_PLACEMENT_3D('',#1567,#1568,#1569);
#1572=CURVE_STYLE('',#124,POSITIVE_LENGTH_MEASURE(2.E-2),#69);
#1573=PRESENTATION_STYLE_ASSIGNMENT((#1572));
#1574=STYLED_ITEM('',(#1573),#1571);
#1575=CARTESIAN_POINT('',(-1.172505357237E-13,6.8E1,4.375E1));
#1576=DIRECTION('',(0.E0,-1.E0,0.E0));
#1577=DIRECTION('',(0.E0,0.E0,1.E0));
#1578=AXIS2_PLACEMENT_3D('',#1575,#1576,#1577);
#1580=CURVE_STYLE('',#124,POSITIVE_LENGTH_MEASURE(2.E-2),#69);
#1581=PRESENTATION_STYLE_ASSIGNMENT((#1580));
#1582=STYLED_ITEM('',(#1581),#1579);
#1583=CARTESIAN_POINT('',(-1.688253554425E-13,6.8E1,-4.375E1));
#1584=DIRECTION('',(0.E0,-1.E0,0.E0));
#1585=DIRECTION('',(0.E0,0.E0,-1.E0));
#1586=AXIS2_PLACEMENT_3D('',#1583,#1584,#1585);
#1588=CURVE_STYLE('',#124,POSITIVE_LENGTH_MEASURE(2.E-2),#69);
#1589=PRESENTATION_STYLE_ASSIGNMENT((#1588));
#1590=STYLED_ITEM('',(#1589),#1587);
#1591=CARTESIAN_POINT('',(-1.688253554425E-13,6.8E1,-4.375E1));
#1592=DIRECTION('',(0.E0,-1.E0,0.E0));
#1593=DIRECTION('',(0.E0,0.E0,1.E0));
#1594=AXIS2_PLACEMENT_3D('',#1591,#1592,#1593);
#1596=CURVE_STYLE('',#124,POSITIVE_LENGTH_MEASURE(2.E-2),#69);
#1597=PRESENTATION_STYLE_ASSIGNMENT((#1596));
#1598=STYLED_ITEM('',(#1597),#1595);
#1599=CARTESIAN_POINT('',(0.E0,6.8E1,0.E0));
#1600=DIRECTION('',(0.E0,-1.E0,0.E0));
#1601=DIRECTION('',(0.E0,0.E0,-1.E0));
#1602=AXIS2_PLACEMENT_3D('',#1599,#1600,#1601);
#1604=CURVE_STYLE('',#124,POSITIVE_LENGTH_MEASURE(2.E-2),#69);
#1605=PRESENTATION_STYLE_ASSIGNMENT((#1604));
#1606=STYLED_ITEM('',(#1605),#1603);
#1607=CARTESIAN_POINT('',(0.E0,6.8E1,0.E0));
#1608=DIRECTION('',(0.E0,-1.E0,0.E0));
#1609=DIRECTION('',(0.E0,0.E0,1.E0));
#1610=AXIS2_PLACEMENT_3D('',#1607,#1608,#1609);
#1612=CURVE_STYLE('',#124,POSITIVE_LENGTH_MEASURE(2.E-2),#69);
#1613=PRESENTATION_STYLE_ASSIGNMENT((#1612));
#1614=STYLED_ITEM('',(#1613),#1611);
#1615=CARTESIAN_POINT('',(4.375E1,6.8E1,-2.578740985939E-14));
#1616=DIRECTION('',(0.E0,-1.E0,0.E0));
#1617=DIRECTION('',(0.E0,0.E0,-1.E0));
#1618=AXIS2_PLACEMENT_3D('',#1615,#1616,#1617);
#1620=CURVE_STYLE('',#124,POSITIVE_LENGTH_MEASURE(2.E-2),#69);
#1621=PRESENTATION_STYLE_ASSIGNMENT((#1620));
#1622=STYLED_ITEM('',(#1621),#1619);
#1623=CARTESIAN_POINT('',(4.375E1,6.8E1,-2.578740985939E-14));
#1624=DIRECTION('',(0.E0,-1.E0,0.E0));
#1625=DIRECTION('',(0.E0,0.E0,1.E0));
#1626=AXIS2_PLACEMENT_3D('',#1623,#1624,#1625);
#1628=CURVE_STYLE('',#124,POSITIVE_LENGTH_MEASURE(2.E-2),#69);
#1629=PRESENTATION_STYLE_ASSIGNMENT((#1628));
#1630=STYLED_ITEM('',(#1629),#1627);
#1631=CARTESIAN_POINT('',(-4.375E1,6.8E1,-2.505740298413E-13));
#1632=DIRECTION('',(0.E0,-1.E0,0.E0));
#1633=DIRECTION('',(0.E0,0.E0,-1.E0));
#1634=AXIS2_PLACEMENT_3D('',#1631,#1632,#1633);
#1636=CURVE_STYLE('',#124,POSITIVE_LENGTH_MEASURE(2.E-2),#69);
#1637=PRESENTATION_STYLE_ASSIGNMENT((#1636));
#1638=STYLED_ITEM('',(#1637),#1635);
#1639=CARTESIAN_POINT('',(-4.375E1,6.8E1,-2.505740298413E-13));
#1640=DIRECTION('',(0.E0,-1.E0,0.E0));
#1641=DIRECTION('',(0.E0,0.E0,1.E0));
#1642=AXIS2_PLACEMENT_3D('',#1639,#1640,#1641);
#1644=CURVE_STYLE('',#124,POSITIVE_LENGTH_MEASURE(2.E-2),#69);
#1645=PRESENTATION_STYLE_ASSIGNMENT((#1644));
#1646=STYLED_ITEM('',(#1645),#1643);
#1647=DIRECTION('',(0.E0,1.E0,0.E0));
#1648=VECTOR('',#1647,5.E-1);
#1649=CARTESIAN_POINT('',(0.E0,6.75E1,4.875E1));
#1650=LINE('',#1649,#1648);
#1651=CURVE_STYLE('',#124,POSITIVE_LENGTH_MEASURE(2.E-2),#69);
#1652=PRESENTATION_STYLE_ASSIGNMENT((#1651));
#1653=STYLED_ITEM('',(#1652),#1650);
#1654=DIRECTION('',(0.E0,-1.E0,0.E0));
#1655=VECTOR('',#1654,8.508580154035E0);
#1656=CARTESIAN_POINT('',(-1.159279252418E-13,6.8E1,4.21E1));
#1657=LINE('',#1656,#1655);
#1658=CURVE_STYLE('',#124,POSITIVE_LENGTH_MEASURE(2.E-2),#69);
#1659=PRESENTATION_STYLE_ASSIGNMENT((#1658));
#1660=STYLED_ITEM('',(#1659),#1657);
#1661=DIRECTION('',(0.E0,-1.E0,0.E0));
#1662=VECTOR('',#1661,8.508580154035E0);
#1663=CARTESIAN_POINT('',(-1.185658233234E-13,6.8E1,4.54E1));
#1664=LINE('',#1663,#1662);
#1665=CURVE_STYLE('',#124,POSITIVE_LENGTH_MEASURE(2.E-2),#69);
#1666=PRESENTATION_STYLE_ASSIGNMENT((#1665));
#1667=STYLED_ITEM('',(#1666),#1664);
#1668=DIRECTION('',(0.E0,-5.150380079496E-1,-8.571673409360E-1));
#1669=VECTOR('',#1668,1.924945015052E0);
#1670=CARTESIAN_POINT('',(-1.174526024455E-13,5.949141984596E1,4.54E1));
#1671=LINE('',#1670,#1669);
#1672=CURVE_STYLE('',#124,POSITIVE_LENGTH_MEASURE(2.E-2),#69);
#1673=PRESENTATION_STYLE_ASSIGNMENT((#1672));
#1674=STYLED_ITEM('',(#1673),#1671);
#1675=CARTESIAN_POINT('',(-1.172505357237E-13,5.949141984596E1,4.375E1));
#1676=DIRECTION('',(0.E0,1.E0,0.E0));
#1677=DIRECTION('',(0.E0,0.E0,-1.E0));
#1678=AXIS2_PLACEMENT_3D('',#1675,#1676,#1677);
#1680=CURVE_STYLE('',#124,POSITIVE_LENGTH_MEASURE(2.E-2),#69);
#1681=PRESENTATION_STYLE_ASSIGNMENT((#1680));
#1682=STYLED_ITEM('',(#1681),#1679);
#1683=DIRECTION('',(0.E0,-5.150380079496E-1,8.571673409360E-1));
#1684=VECTOR('',#1683,1.924945015052E0);
#1685=CARTESIAN_POINT('',(-1.170484690018E-13,5.949141984596E1,4.21E1));
#1686=LINE('',#1685,#1684);
#1687=CURVE_STYLE('',#124,POSITIVE_LENGTH_MEASURE(2.E-2),#69);
#1688=PRESENTATION_STYLE_ASSIGNMENT((#1687));
#1689=STYLED_ITEM('',(#1688),#1686);
#1690=CARTESIAN_POINT('',(-1.172505357237E-13,5.949141984596E1,4.375E1));
#1691=DIRECTION('',(0.E0,1.E0,0.E0));
#1692=DIRECTION('',(0.E0,0.E0,1.E0));
#1693=AXIS2_PLACEMENT_3D('',#1690,#1691,#1692);
#1695=CURVE_STYLE('',#124,POSITIVE_LENGTH_MEASURE(2.E-2),#69);
#1696=PRESENTATION_STYLE_ASSIGNMENT((#1695));
#1697=STYLED_ITEM('',(#1696),#1694);
#1698=DIRECTION('',(0.E0,-1.E0,0.E0));
#1699=VECTOR('',#1698,8.508580154035E0);
#1700=CARTESIAN_POINT('',(-1.692589446745E-13,6.8E1,-4.54E1));
#1701=LINE('',#1700,#1699);
#1702=CURVE_STYLE('',#124,POSITIVE_LENGTH_MEASURE(2.E-2),#69);
#1703=PRESENTATION_STYLE_ASSIGNMENT((#1702));
#1704=STYLED_ITEM('',(#1703),#1701);
#1705=DIRECTION('',(0.E0,-1.E0,0.E0));
#1706=VECTOR('',#1705,8.508580154035E0);
#1707=CARTESIAN_POINT('',(-1.695283669704E-13,6.8E1,-4.21E1));
#1708=LINE('',#1707,#1706);
#1709=CURVE_STYLE('',#124,POSITIVE_LENGTH_MEASURE(2.E-2),#69);
#1710=PRESENTATION_STYLE_ASSIGNMENT((#1709));
#1711=STYLED_ITEM('',(#1710),#1708);
#1712=DIRECTION('',(0.E0,-5.150380079496E-1,-8.571673409360E-1));
#1713=VECTOR('',#1712,1.924945015052E0);
#1714=CARTESIAN_POINT('',(-1.690274221643E-13,5.949141984596E1,-4.21E1));
#1715=LINE('',#1714,#1713);
#1716=CURVE_STYLE('',#124,POSITIVE_LENGTH_MEASURE(2.E-2),#69);
#1717=PRESENTATION_STYLE_ASSIGNMENT((#1716));
#1718=STYLED_ITEM('',(#1717),#1715);
#1719=CARTESIAN_POINT('',(-1.688253554425E-13,5.949141984596E1,-4.375E1));
#1720=DIRECTION('',(0.E0,1.E0,0.E0));
#1721=DIRECTION('',(0.E0,0.E0,-1.E0));
#1722=AXIS2_PLACEMENT_3D('',#1719,#1720,#1721);
#1724=CURVE_STYLE('',#124,POSITIVE_LENGTH_MEASURE(2.E-2),#69);
#1725=PRESENTATION_STYLE_ASSIGNMENT((#1724));
#1726=STYLED_ITEM('',(#1725),#1723);
#1727=DIRECTION('',(0.E0,-5.150380079496E-1,8.571673409360E-1));
#1728=VECTOR('',#1727,1.924945015052E0);
#1729=CARTESIAN_POINT('',(-1.686232887206E-13,5.949141984596E1,-4.54E1));
#1730=LINE('',#1729,#1728);
#1731=CURVE_STYLE('',#124,POSITIVE_LENGTH_MEASURE(2.E-2),#69);
#1732=PRESENTATION_STYLE_ASSIGNMENT((#1731));
#1733=STYLED_ITEM('',(#1732),#1730);
#1734=CARTESIAN_POINT('',(-1.688253554425E-13,5.949141984596E1,-4.375E1));
#1735=DIRECTION('',(0.E0,1.E0,0.E0));
#1736=DIRECTION('',(0.E0,0.E0,1.E0));
#1737=AXIS2_PLACEMENT_3D('',#1734,#1735,#1736);
#1739=CURVE_STYLE('',#124,POSITIVE_LENGTH_MEASURE(2.E-2),#69);
#1740=PRESENTATION_STYLE_ASSIGNMENT((#1739));
#1741=STYLED_ITEM('',(#1740),#1738);
#1742=DIRECTION('',(0.E0,1.E0,0.E0));
#1743=VECTOR('',#1742,6.75E1);
#1744=CARTESIAN_POINT('',(0.E0,5.E-1,3.9E1));
#1745=LINE('',#1744,#1743);
#1746=CURVE_STYLE('',#124,POSITIVE_LENGTH_MEASURE(2.E-2),#69);
#1747=PRESENTATION_STYLE_ASSIGNMENT((#1746));
#1748=STYLED_ITEM('',(#1747),#1745);
#1749=DIRECTION('',(0.E0,1.E0,0.E0));
#1750=VECTOR('',#1749,6.75E1);
#1751=CARTESIAN_POINT('',(0.E0,5.E-1,-3.9E1));
#1752=LINE('',#1751,#1750);
#1753=CURVE_STYLE('',#124,POSITIVE_LENGTH_MEASURE(2.E-2),#69);
#1754=PRESENTATION_STYLE_ASSIGNMENT((#1753));
#1755=STYLED_ITEM('',(#1754),#1752);
#1756=CARTESIAN_POINT('',(0.E0,5.E-1,0.E0));
#1757=DIRECTION('',(0.E0,-1.E0,0.E0));
#1758=DIRECTION('',(0.E0,0.E0,-1.E0));
#1759=AXIS2_PLACEMENT_3D('',#1756,#1757,#1758);
#1761=CURVE_STYLE('',#124,POSITIVE_LENGTH_MEASURE(2.E-2),#69);
#1762=PRESENTATION_STYLE_ASSIGNMENT((#1761));
#1763=STYLED_ITEM('',(#1762),#1760);
#1764=CARTESIAN_POINT('',(0.E0,5.E-1,0.E0));
#1765=DIRECTION('',(0.E0,-1.E0,0.E0));
#1766=DIRECTION('',(0.E0,0.E0,1.E0));
#1767=AXIS2_PLACEMENT_3D('',#1764,#1765,#1766);
#1769=CURVE_STYLE('',#124,POSITIVE_LENGTH_MEASURE(2.E-2),#69);
#1770=PRESENTATION_STYLE_ASSIGNMENT((#1769));
#1771=STYLED_ITEM('',(#1770),#1768);
#1772=CARTESIAN_POINT('',(-4.375E1,5.E-1,-5.882247407262E-13));
#1773=DIRECTION('',(0.E0,1.E0,0.E0));
#1774=DIRECTION('',(0.E0,0.E0,1.E0));
#1775=AXIS2_PLACEMENT_3D('',#1772,#1773,#1774);
#1777=CURVE_STYLE('',#124,POSITIVE_LENGTH_MEASURE(2.E-2),#69);
#1778=PRESENTATION_STYLE_ASSIGNMENT((#1777));
#1779=STYLED_ITEM('',(#1778),#1776);
#1780=CARTESIAN_POINT('',(-4.375E1,5.E-1,-5.882247407262E-13));
#1781=DIRECTION('',(0.E0,1.E0,0.E0));
#1782=DIRECTION('',(0.E0,0.E0,-1.E0));
#1783=AXIS2_PLACEMENT_3D('',#1780,#1781,#1782);
#1785=CURVE_STYLE('',#124,POSITIVE_LENGTH_MEASURE(2.E-2),#69);
#1786=PRESENTATION_STYLE_ASSIGNMENT((#1785));
#1787=STYLED_ITEM('',(#1786),#1784);
#1788=CARTESIAN_POINT('',(-4.549012466086E-13,5.E-1,4.375E1));
#1789=DIRECTION('',(0.E0,1.E0,0.E0));
#1790=DIRECTION('',(0.E0,0.E0,1.E0));
#1791=AXIS2_PLACEMENT_3D('',#1788,#1789,#1790);
#1793=CURVE_STYLE('',#124,POSITIVE_LENGTH_MEASURE(2.E-2),#69);
#1794=PRESENTATION_STYLE_ASSIGNMENT((#1793));
#1795=STYLED_ITEM('',(#1794),#1792);
#1796=CARTESIAN_POINT('',(-4.549012466086E-13,5.E-1,4.375E1));
#1797=DIRECTION('',(0.E0,1.E0,0.E0));
#1798=DIRECTION('',(0.E0,0.E0,-1.E0));
#1799=AXIS2_PLACEMENT_3D('',#1796,#1797,#1798);
#1801=CURVE_STYLE('',#124,POSITIVE_LENGTH_MEASURE(2.E-2),#69);
#1802=PRESENTATION_STYLE_ASSIGNMENT((#1801));
#1803=STYLED_ITEM('',(#1802),#1800);
#1804=CARTESIAN_POINT('',(4.375E1,5.E-1,3.118633010255E-13));
#1805=DIRECTION('',(0.E0,1.E0,0.E0));
#1806=DIRECTION('',(0.E0,0.E0,1.E0));
#1807=AXIS2_PLACEMENT_3D('',#1804,#1805,#1806);
#1809=CURVE_STYLE('',#124,POSITIVE_LENGTH_MEASURE(2.E-2),#69);
#1810=PRESENTATION_STYLE_ASSIGNMENT((#1809));
#1811=STYLED_ITEM('',(#1810),#1808);
#1812=CARTESIAN_POINT('',(4.375E1,5.E-1,3.118633010255E-13));
#1813=DIRECTION('',(0.E0,1.E0,0.E0));
#1814=DIRECTION('',(0.E0,0.E0,-1.E0));
#1815=AXIS2_PLACEMENT_3D('',#1812,#1813,#1814);
#1817=CURVE_STYLE('',#124,POSITIVE_LENGTH_MEASURE(2.E-2),#69);
#1818=PRESENTATION_STYLE_ASSIGNMENT((#1817));
#1819=STYLED_ITEM('',(#1818),#1816);
#1820=CARTESIAN_POINT('',(1.688253554425E-13,5.E-1,-4.375E1));
#1821=DIRECTION('',(0.E0,1.E0,0.E0));
#1822=DIRECTION('',(0.E0,0.E0,1.E0));
#1823=AXIS2_PLACEMENT_3D('',#1820,#1821,#1822);
#1825=CURVE_STYLE('',#124,POSITIVE_LENGTH_MEASURE(2.E-2),#69);
#1826=PRESENTATION_STYLE_ASSIGNMENT((#1825));
#1827=STYLED_ITEM('',(#1826),#1824);
#1828=CARTESIAN_POINT('',(1.688253554425E-13,5.E-1,-4.375E1));
#1829=DIRECTION('',(0.E0,1.E0,0.E0));
#1830=DIRECTION('',(0.E0,0.E0,-1.E0));
#1831=AXIS2_PLACEMENT_3D('',#1828,#1829,#1830);
#1833=CURVE_STYLE('',#124,POSITIVE_LENGTH_MEASURE(2.E-2),#69);
#1834=PRESENTATION_STYLE_ASSIGNMENT((#1833));
#1835=STYLED_ITEM('',(#1834),#1832);
#1836=CARTESIAN_POINT('',(0.E0,5.E-1,0.E0));
#1837=DIRECTION('',(0.E0,1.E0,0.E0));
#1838=DIRECTION('',(0.E0,0.E0,1.E0));
#1839=AXIS2_PLACEMENT_3D('',#1836,#1837,#1838);
#1841=CURVE_STYLE('',#124,POSITIVE_LENGTH_MEASURE(2.E-2),#69);
#1842=PRESENTATION_STYLE_ASSIGNMENT((#1841));
#1843=STYLED_ITEM('',(#1842),#1840);
#1844=CARTESIAN_POINT('',(0.E0,5.E-1,0.E0));
#1845=DIRECTION('',(0.E0,1.E0,0.E0));
#1846=DIRECTION('',(0.E0,0.E0,-1.E0));
#1847=AXIS2_PLACEMENT_3D('',#1844,#1845,#1846);
#1849=CURVE_STYLE('',#124,POSITIVE_LENGTH_MEASURE(2.E-2),#69);
#1850=PRESENTATION_STYLE_ASSIGNMENT((#1849));
#1851=STYLED_ITEM('',(#1850),#1848);
#1852=DIRECTION('',(0.E0,1.E0,-2.235912177063E-14));
#1853=VECTOR('',#1852,3.177865137322E-1);
#1854=CARTESIAN_POINT('',(0.E0,5.E-1,-4.95E1));
#1855=LINE('',#1854,#1853);
#1856=CURVE_STYLE('',#124,POSITIVE_LENGTH_MEASURE(2.E-2),#69);
#1857=PRESENTATION_STYLE_ASSIGNMENT((#1856));
#1858=STYLED_ITEM('',(#1857),#1855);
#1859=CARTESIAN_POINT('',(0.E0,8.177865137322E-1,5.E1));
#1860=DIRECTION('',(-1.E0,0.E0,0.E0));
#1861=DIRECTION('',(0.E0,1.E0,0.E0));
#1862=AXIS2_PLACEMENT_3D('',#1859,#1860,#1861);
#1864=CURVE_STYLE('',#124,POSITIVE_LENGTH_MEASURE(2.E-2),#69);
#1865=PRESENTATION_STYLE_ASSIGNMENT((#1864));
#1866=STYLED_ITEM('',(#1865),#1863);
#1867=CARTESIAN_POINT('',(0.E0,8.177865137322E-1,0.E0));
#1868=DIRECTION('',(0.E0,1.E0,0.E0));
#1869=DIRECTION('',(0.E0,0.E0,1.E0));
#1870=AXIS2_PLACEMENT_3D('',#1867,#1868,#1869);
#1872=CURVE_STYLE('',#124,POSITIVE_LENGTH_MEASURE(2.E-2),#69);
#1873=PRESENTATION_STYLE_ASSIGNMENT((#1872));
#1874=STYLED_ITEM('',(#1873),#1871);
#1875=CARTESIAN_POINT('',(0.E0,8.177865137322E-1,0.E0));
#1876=DIRECTION('',(0.E0,1.E0,0.E0));
#1877=DIRECTION('',(0.E0,0.E0,-1.E0));
#1878=AXIS2_PLACEMENT_3D('',#1875,#1876,#1877);
#1880=CURVE_STYLE('',#124,POSITIVE_LENGTH_MEASURE(2.E-2),#69);
#1881=PRESENTATION_STYLE_ASSIGNMENT((#1880));
#1882=STYLED_ITEM('',(#1881),#1879);
#1883=CARTESIAN_POINT('',(-1.224646799147E-14,8.177865137322E-1,-5.E1));
#1884=DIRECTION('',(1.E0,0.E0,0.E0));
#1885=DIRECTION('',(0.E0,1.E0,0.E0));
#1886=AXIS2_PLACEMENT_3D('',#1883,#1884,#1885);
#1888=CURVE_STYLE('',#124,POSITIVE_LENGTH_MEASURE(2.E-2),#69);
#1889=PRESENTATION_STYLE_ASSIGNMENT((#1888));
#1890=STYLED_ITEM('',(#1889),#1887);
#1891=DIRECTION('',(0.E0,1.E0,2.235912177063E-14));
#1892=VECTOR('',#1891,3.177865137322E-1);
#1893=CARTESIAN_POINT('',(0.E0,5.E-1,4.95E1));
#1894=LINE('',#1893,#1892);
#1895=CURVE_STYLE('',#124,POSITIVE_LENGTH_MEASURE(2.E-2),#69);
#1896=PRESENTATION_STYLE_ASSIGNMENT((#1895));
#1897=STYLED_ITEM('',(#1896),#1894);
#1898=CARTESIAN_POINT('',(0.E0,1.317786513732E0,0.E0));
#1899=DIRECTION('',(0.E0,-1.E0,0.E0));
#1900=DIRECTION('',(0.E0,0.E0,-1.E0));
#1901=AXIS2_PLACEMENT_3D('',#1898,#1899,#1900);
#1903=CURVE_STYLE('',#124,POSITIVE_LENGTH_MEASURE(2.E-2),#69);
#1904=PRESENTATION_STYLE_ASSIGNMENT((#1903));
#1905=STYLED_ITEM('',(#1904),#1902);
#1906=CARTESIAN_POINT('',(0.E0,1.317786513732E0,0.E0));
#1907=DIRECTION('',(0.E0,-1.E0,0.E0));
#1908=DIRECTION('',(0.E0,0.E0,1.E0));
#1909=AXIS2_PLACEMENT_3D('',#1906,#1907,#1908);
#1911=CURVE_STYLE('',#124,POSITIVE_LENGTH_MEASURE(2.E-2),#69);
#1912=PRESENTATION_STYLE_ASSIGNMENT((#1911));
#1913=STYLED_ITEM('',(#1912),#1910);
#1914=CARTESIAN_POINT('',(0.E0,1.317786513732E0,0.E0));
#1915=DIRECTION('',(0.E0,1.E0,0.E0));
#1916=DIRECTION('',(0.E0,0.E0,1.E0));
#1917=AXIS2_PLACEMENT_3D('',#1914,#1915,#1916);
#1919=CURVE_STYLE('',#124,POSITIVE_LENGTH_MEASURE(2.E-2),#69);
#1920=PRESENTATION_STYLE_ASSIGNMENT((#1919));
#1921=STYLED_ITEM('',(#1920),#1918);
#1922=CARTESIAN_POINT('',(0.E0,1.317786513732E0,0.E0));
#1923=DIRECTION('',(0.E0,1.E0,0.E0));
#1924=DIRECTION('',(0.E0,0.E0,-1.E0));
#1925=AXIS2_PLACEMENT_3D('',#1922,#1923,#1924);
#1927=CURVE_STYLE('',#124,POSITIVE_LENGTH_MEASURE(2.E-2),#69);
#1928=PRESENTATION_STYLE_ASSIGNMENT((#1927));
#1929=STYLED_ITEM('',(#1928),#1926);
#1930=DIRECTION('',(0.E0,1.E0,0.E0));
#1931=VECTOR('',#1930,3.356088752140E0);
#1932=CARTESIAN_POINT('',(0.E0,1.317786513732E0,-5.675309492522E1));
#1933=LINE('',#1932,#1931);
#1934=CURVE_STYLE('',#124,POSITIVE_LENGTH_MEASURE(2.E-2),#69);
#1935=PRESENTATION_STYLE_ASSIGNMENT((#1934));
#1936=STYLED_ITEM('',(#1935),#1933);
#1937=CARTESIAN_POINT('',(0.E0,4.673875265872E0,0.E0));
#1938=DIRECTION('',(0.E0,1.E0,0.E0));
#1939=DIRECTION('',(0.E0,0.E0,1.E0));
#1940=AXIS2_PLACEMENT_3D('',#1937,#1938,#1939);
#1942=CURVE_STYLE('',#124,POSITIVE_LENGTH_MEASURE(2.E-2),#69);
#1943=PRESENTATION_STYLE_ASSIGNMENT((#1942));
#1944=STYLED_ITEM('',(#1943),#1941);
#1945=CARTESIAN_POINT('',(0.E0,4.673875265872E0,0.E0));
#1946=DIRECTION('',(0.E0,1.E0,0.E0));
#1947=DIRECTION('',(0.E0,0.E0,-1.E0));
#1948=AXIS2_PLACEMENT_3D('',#1945,#1946,#1947);
#1950=CURVE_STYLE('',#124,POSITIVE_LENGTH_MEASURE(2.E-2),#69);
#1951=PRESENTATION_STYLE_ASSIGNMENT((#1950));
#1952=STYLED_ITEM('',(#1951),#1949);
#1953=CARTESIAN_POINT('',(0.E0,4.673875265872E0,0.E0));
#1954=DIRECTION('',(0.E0,-1.E0,0.E0));
#1955=DIRECTION('',(0.E0,0.E0,-1.E0));
#1956=AXIS2_PLACEMENT_3D('',#1953,#1954,#1955);
#1958=CURVE_STYLE('',#124,POSITIVE_LENGTH_MEASURE(2.E-2),#69);
#1959=PRESENTATION_STYLE_ASSIGNMENT((#1958));
#1960=STYLED_ITEM('',(#1959),#1957);
#1961=CARTESIAN_POINT('',(0.E0,4.673875265872E0,0.E0));
#1962=DIRECTION('',(0.E0,-1.E0,0.E0));
#1963=DIRECTION('',(0.E0,0.E0,1.E0));
#1964=AXIS2_PLACEMENT_3D('',#1961,#1962,#1963);
#1966=CURVE_STYLE('',#124,POSITIVE_LENGTH_MEASURE(2.E-2),#69);
#1967=PRESENTATION_STYLE_ASSIGNMENT((#1966));
#1968=STYLED_ITEM('',(#1967),#1965);
#1969=DIRECTION('',(0.E0,1.E0,0.E0));
#1970=VECTOR('',#1969,3.356088752140E0);
#1971=CARTESIAN_POINT('',(0.E0,1.317786513732E0,5.675309492522E1));
#1972=LINE('',#1971,#1970);
#1973=CURVE_STYLE('',#124,POSITIVE_LENGTH_MEASURE(2.E-2),#69);
#1974=PRESENTATION_STYLE_ASSIGNMENT((#1973));
#1975=STYLED_ITEM('',(#1974),#1972);
#1976=DIRECTION('',(0.E0,1.E0,0.E0));
#1977=VECTOR('',#1976,6.702127356824E-1);
#1978=CARTESIAN_POINT('',(0.E0,4.673875265872E0,-5.514749014326E1));
#1979=LINE('',#1978,#1977);
#1980=CURVE_STYLE('',#124,POSITIVE_LENGTH_MEASURE(2.E-2),#69);
#1981=PRESENTATION_STYLE_ASSIGNMENT((#1980));
#1982=STYLED_ITEM('',(#1981),#1979);
#1983=CARTESIAN_POINT('',(0.E0,5.344088001554E0,0.E0));
#1984=DIRECTION('',(0.E0,-1.E0,0.E0));
#1985=DIRECTION('',(0.E0,0.E0,-1.E0));
#1986=AXIS2_PLACEMENT_3D('',#1983,#1984,#1985);
#1988=CURVE_STYLE('',#124,POSITIVE_LENGTH_MEASURE(2.E-2),#69);
#1989=PRESENTATION_STYLE_ASSIGNMENT((#1988));
#1990=STYLED_ITEM('',(#1989),#1987);
#1991=CARTESIAN_POINT('',(0.E0,5.344088001554E0,0.E0));
#1992=DIRECTION('',(0.E0,-1.E0,0.E0));
#1993=DIRECTION('',(0.E0,0.E0,1.E0));
#1994=AXIS2_PLACEMENT_3D('',#1991,#1992,#1993);
#1996=CURVE_STYLE('',#124,POSITIVE_LENGTH_MEASURE(2.E-2),#69);
#1997=PRESENTATION_STYLE_ASSIGNMENT((#1996));
#1998=STYLED_ITEM('',(#1997),#1995);
#1999=CARTESIAN_POINT('',(0.E0,5.344088001554E0,0.E0));
#2000=DIRECTION('',(0.E0,1.E0,0.E0));
#2001=DIRECTION('',(0.E0,0.E0,1.E0));
#2002=AXIS2_PLACEMENT_3D('',#1999,#2000,#2001);
#2004=CURVE_STYLE('',#124,POSITIVE_LENGTH_MEASURE(2.E-2),#69);
#2005=PRESENTATION_STYLE_ASSIGNMENT((#2004));
#2006=STYLED_ITEM('',(#2005),#2003);
#2007=CARTESIAN_POINT('',(0.E0,5.344088001554E0,0.E0));
#2008=DIRECTION('',(0.E0,1.E0,0.E0));
#2009=DIRECTION('',(0.E0,0.E0,-1.E0));
#2010=AXIS2_PLACEMENT_3D('',#2007,#2008,#2009);
#2012=CURVE_STYLE('',#124,POSITIVE_LENGTH_MEASURE(2.E-2),#69);
#2013=PRESENTATION_STYLE_ASSIGNMENT((#2012));
#2014=STYLED_ITEM('',(#2013),#2011);
#2015=DIRECTION('',(0.E0,1.E0,0.E0));
#2016=VECTOR('',#2015,5.344088001554E0);
#2017=CARTESIAN_POINT('',(0.E0,0.E0,5.775E1));
#2018=LINE('',#2017,#2016);
#2019=CURVE_STYLE('',#124,POSITIVE_LENGTH_MEASURE(2.E-2),#69);
#2020=PRESENTATION_STYLE_ASSIGNMENT((#2019));
#2021=STYLED_ITEM('',(#2020),#2018);
#2022=DIRECTION('',(0.E0,1.E0,0.E0));
#2023=VECTOR('',#2022,5.344088001554E0);
#2024=CARTESIAN_POINT('',(0.E0,0.E0,-5.775E1));
#2025=LINE('',#2024,#2023);
#2026=CURVE_STYLE('',#124,POSITIVE_LENGTH_MEASURE(2.E-2),#69);
#2027=PRESENTATION_STYLE_ASSIGNMENT((#2026));
#2028=STYLED_ITEM('',(#2027),#2025);
#2029=CARTESIAN_POINT('',(0.E0,0.E0,0.E0));
#2030=DIRECTION('',(0.E0,-1.E0,0.E0));
#2031=DIRECTION('',(0.E0,0.E0,-1.E0));
#2032=AXIS2_PLACEMENT_3D('',#2029,#2030,#2031);
#2034=CURVE_STYLE('',#124,POSITIVE_LENGTH_MEASURE(2.E-2),#69);
#2035=PRESENTATION_STYLE_ASSIGNMENT((#2034));
#2036=STYLED_ITEM('',(#2035),#2033);
#2037=CARTESIAN_POINT('',(0.E0,0.E0,0.E0));
#2038=DIRECTION('',(0.E0,-1.E0,0.E0));
#2039=DIRECTION('',(0.E0,0.E0,1.E0));
#2040=AXIS2_PLACEMENT_3D('',#2037,#2038,#2039);
#2042=CURVE_STYLE('',#124,POSITIVE_LENGTH_MEASURE(2.E-2),#69);
#2043=PRESENTATION_STYLE_ASSIGNMENT((#2042));
#2044=STYLED_ITEM('',(#2043),#2041);
#2045=CARTESIAN_POINT('',(1.482611355476E1,0.E0,6.687627648772E1));
#2046=DIRECTION('',(0.E0,1.E0,0.E0));
#2047=DIRECTION('',(0.E0,0.E0,1.E0));
#2048=AXIS2_PLACEMENT_3D('',#2045,#2046,#2047);
#2050=CURVE_STYLE('',#124,POSITIVE_LENGTH_MEASURE(2.E-2),#69);
#2051=PRESENTATION_STYLE_ASSIGNMENT((#2050));
#2052=STYLED_ITEM('',(#2051),#2049);
#2053=CARTESIAN_POINT('',(1.482611355476E1,0.E0,6.687627648772E1));
#2054=DIRECTION('',(0.E0,1.E0,0.E0));
#2055=DIRECTION('',(0.E0,0.E0,-1.E0));
#2056=AXIS2_PLACEMENT_3D('',#2053,#2054,#2055);
#2058=CURVE_STYLE('',#124,POSITIVE_LENGTH_MEASURE(2.E-2),#69);
#2059=PRESENTATION_STYLE_ASSIGNMENT((#2058));
#2060=STYLED_ITEM('',(#2059),#2057);
#2061=CARTESIAN_POINT('',(6.328574797702E1,0.E0,-2.621381511701E1));
#2062=DIRECTION('',(0.E0,1.E0,0.E0));
#2063=DIRECTION('',(0.E0,0.E0,1.E0));
#2064=AXIS2_PLACEMENT_3D('',#2061,#2062,#2063);
#2066=CURVE_STYLE('',#124,POSITIVE_LENGTH_MEASURE(2.E-2),#69);
#2067=PRESENTATION_STYLE_ASSIGNMENT((#2066));
#2068=STYLED_ITEM('',(#2067),#2065);
#2069=CARTESIAN_POINT('',(6.328574797702E1,0.E0,-2.621381511701E1));
#2070=DIRECTION('',(0.E0,1.E0,0.E0));
#2071=DIRECTION('',(0.E0,0.E0,-1.E0));
#2072=AXIS2_PLACEMENT_3D('',#2069,#2070,#2071);
#2074=CURVE_STYLE('',#124,POSITIVE_LENGTH_MEASURE(2.E-2),#69);
#2075=PRESENTATION_STYLE_ASSIGNMENT((#2074));
#2076=STYLED_ITEM('',(#2075),#2073);
#2077=CARTESIAN_POINT('',(-5.050349757149E1,0.E0,4.627792922167E1));
#2078=DIRECTION('',(0.E0,1.E0,0.E0));
#2079=DIRECTION('',(0.E0,0.E0,1.E0));
#2080=AXIS2_PLACEMENT_3D('',#2077,#2078,#2079);
#2082=CURVE_STYLE('',#124,POSITIVE_LENGTH_MEASURE(2.E-2),#69);
#2083=PRESENTATION_STYLE_ASSIGNMENT((#2082));
#2084=STYLED_ITEM('',(#2083),#2081);
#2085=CARTESIAN_POINT('',(-5.050349757149E1,0.E0,4.627792922167E1));
#2086=DIRECTION('',(0.E0,1.E0,0.E0));
#2087=DIRECTION('',(0.E0,0.E0,-1.E0));
#2088=AXIS2_PLACEMENT_3D('',#2085,#2086,#2087);
#2090=CURVE_STYLE('',#124,POSITIVE_LENGTH_MEASURE(2.E-2),#69);
#2091=PRESENTATION_STYLE_ASSIGNMENT((#2090));
#2092=STYLED_ITEM('',(#2091),#2089);
#2093=CARTESIAN_POINT('',(-6.532961112625E1,0.E0,-2.059834726604E1));
#2094=DIRECTION('',(0.E0,1.E0,0.E0));
#2095=DIRECTION('',(0.E0,0.E0,1.E0));
#2096=AXIS2_PLACEMENT_3D('',#2093,#2094,#2095);
#2098=CURVE_STYLE('',#124,POSITIVE_LENGTH_MEASURE(2.E-2),#69);
#2099=PRESENTATION_STYLE_ASSIGNMENT((#2098));
#2100=STYLED_ITEM('',(#2099),#2097);
#2101=CARTESIAN_POINT('',(-6.532961112625E1,0.E0,-2.059834726604E1));
#2102=DIRECTION('',(0.E0,1.E0,0.E0));
#2103=DIRECTION('',(0.E0,0.E0,-1.E0));
#2104=AXIS2_PLACEMENT_3D('',#2101,#2102,#2103);
#2106=CURVE_STYLE('',#124,POSITIVE_LENGTH_MEASURE(2.E-2),#69);
#2107=PRESENTATION_STYLE_ASSIGNMENT((#2106));
#2108=STYLED_ITEM('',(#2107),#2105);
#2109=CARTESIAN_POINT('',(-1.482611355476E1,0.E0,-6.687627648772E1));
#2110=DIRECTION('',(0.E0,1.E0,0.E0));
#2111=DIRECTION('',(0.E0,0.E0,1.E0));
#2112=AXIS2_PLACEMENT_3D('',#2109,#2110,#2111);
#2114=CURVE_STYLE('',#124,POSITIVE_LENGTH_MEASURE(2.E-2),#69);
#2115=PRESENTATION_STYLE_ASSIGNMENT((#2114));
#2116=STYLED_ITEM('',(#2115),#2113);
#2117=CARTESIAN_POINT('',(-1.482611355476E1,0.E0,-6.687627648772E1));
#2118=DIRECTION('',(0.E0,1.E0,0.E0));
#2119=DIRECTION('',(0.E0,0.E0,-1.E0));
#2120=AXIS2_PLACEMENT_3D('',#2117,#2118,#2119);
#2122=CURVE_STYLE('',#124,POSITIVE_LENGTH_MEASURE(2.E-2),#69);
#2123=PRESENTATION_STYLE_ASSIGNMENT((#2122));
#2124=STYLED_ITEM('',(#2123),#2121);
#2125=CARTESIAN_POINT('',(5.050349757149E1,0.E0,-4.627792922167E1));
#2126=DIRECTION('',(0.E0,1.E0,0.E0));
#2127=DIRECTION('',(0.E0,0.E0,1.E0));
#2128=AXIS2_PLACEMENT_3D('',#2125,#2126,#2127);
#2130=CURVE_STYLE('',#124,POSITIVE_LENGTH_MEASURE(2.E-2),#69);
#2131=PRESENTATION_STYLE_ASSIGNMENT((#2130));
#2132=STYLED_ITEM('',(#2131),#2129);
#2133=CARTESIAN_POINT('',(5.050349757149E1,0.E0,-4.627792922167E1));
#2134=DIRECTION('',(0.E0,1.E0,0.E0));
#2135=DIRECTION('',(0.E0,0.E0,-1.E0));
#2136=AXIS2_PLACEMENT_3D('',#2133,#2134,#2135);
#2138=CURVE_STYLE('',#124,POSITIVE_LENGTH_MEASURE(2.E-2),#69);
#2139=PRESENTATION_STYLE_ASSIGNMENT((#2138));
#2140=STYLED_ITEM('',(#2139),#2137);
#2141=CARTESIAN_POINT('',(6.532961112625E1,0.E0,2.059834726604E1));
#2142=DIRECTION('',(0.E0,1.E0,0.E0));
#2143=DIRECTION('',(0.E0,0.E0,1.E0));
#2144=AXIS2_PLACEMENT_3D('',#2141,#2142,#2143);
#2146=CURVE_STYLE('',#124,POSITIVE_LENGTH_MEASURE(2.E-2),#69);
#2147=PRESENTATION_STYLE_ASSIGNMENT((#2146));
#2148=STYLED_ITEM('',(#2147),#2145);
#2149=CARTESIAN_POINT('',(6.532961112625E1,0.E0,2.059834726604E1));
#2150=DIRECTION('',(0.E0,1.E0,0.E0));
#2151=DIRECTION('',(0.E0,0.E0,-1.E0));
#2152=AXIS2_PLACEMENT_3D('',#2149,#2150,#2151);
#2154=CURVE_STYLE('',#124,POSITIVE_LENGTH_MEASURE(2.E-2),#69);
#2155=PRESENTATION_STYLE_ASSIGNMENT((#2154));
#2156=STYLED_ITEM('',(#2155),#2153);
#2157=CARTESIAN_POINT('',(0.E0,0.E0,0.E0));
#2158=DIRECTION('',(0.E0,1.E0,0.E0));
#2159=DIRECTION('',(0.E0,0.E0,1.E0));
#2160=AXIS2_PLACEMENT_3D('',#2157,#2158,#2159);
#2162=CURVE_STYLE('',#124,POSITIVE_LENGTH_MEASURE(2.E-2),#69);
#2163=PRESENTATION_STYLE_ASSIGNMENT((#2162));
#2164=STYLED_ITEM('',(#2163),#2161);
#2165=CARTESIAN_POINT('',(0.E0,0.E0,0.E0));
#2166=DIRECTION('',(0.E0,1.E0,0.E0));
#2167=DIRECTION('',(0.E0,0.E0,-1.E0));
#2168=AXIS2_PLACEMENT_3D('',#2165,#2166,#2167);
#2170=CURVE_STYLE('',#124,POSITIVE_LENGTH_MEASURE(2.E-2),#69);
#2171=PRESENTATION_STYLE_ASSIGNMENT((#2170));
#2172=STYLED_ITEM('',(#2171),#2169);
#2173=DIRECTION('',(0.E0,1.E0,0.E0));
#2174=VECTOR('',#2173,1.4E1);
#2175=CARTESIAN_POINT('',(0.E0,0.E0,-7.75E1));
#2176=LINE('',#2175,#2174);
#2177=CURVE_STYLE('',#124,POSITIVE_LENGTH_MEASURE(2.E-2),#69);
#2178=PRESENTATION_STYLE_ASSIGNMENT((#2177));
#2179=STYLED_ITEM('',(#2178),#2176);
#2180=DIRECTION('',(-1.E0,0.E0,0.E0));
#2181=VECTOR('',#2180,1.15E2);
#2182=CARTESIAN_POINT('',(7.25E1,1.4E1,9.65E1));
#2183=LINE('',#2182,#2181);
#2184=CURVE_STYLE('',#124,POSITIVE_LENGTH_MEASURE(2.E-2),#69);
#2185=PRESENTATION_STYLE_ASSIGNMENT((#2184));
#2186=STYLED_ITEM('',(#2185),#2183);
#2187=DIRECTION('',(0.E0,0.E0,1.E0));
#2188=VECTOR('',#2187,6.8E1);
#2189=CARTESIAN_POINT('',(7.25E1,1.4E1,2.85E1));
#2190=LINE('',#2189,#2188);
#2191=CURVE_STYLE('',#124,POSITIVE_LENGTH_MEASURE(2.E-2),#69);
#2192=PRESENTATION_STYLE_ASSIGNMENT((#2191));
#2193=STYLED_ITEM('',(#2192),#2190);
#2194=DIRECTION('',(9.659258262891E-1,0.E0,2.588190451025E-1));
#2195=VECTOR('',#2194,4.031506505521E-1);
#2196=CARTESIAN_POINT('',(7.211058637475E1,1.4E1,2.839565693359E1));
#2197=LINE('',#2196,#2195);
#2198=CURVE_STYLE('',#124,POSITIVE_LENGTH_MEASURE(2.E-2),#69);
#2199=PRESENTATION_STYLE_ASSIGNMENT((#2198));
#2200=STYLED_ITEM('',(#2199),#2197);
#2201=CARTESIAN_POINT('',(0.E0,1.4E1,0.E0));
#2202=DIRECTION('',(0.E0,1.E0,0.E0));
#2203=DIRECTION('',(0.E0,0.E0,1.E0));
#2204=AXIS2_PLACEMENT_3D('',#2201,#2202,#2203);
#2206=CURVE_STYLE('',#124,POSITIVE_LENGTH_MEASURE(2.E-2),#69);
#2207=PRESENTATION_STYLE_ASSIGNMENT((#2206));
#2208=STYLED_ITEM('',(#2207),#2205);
#2209=CARTESIAN_POINT('',(0.E0,1.4E1,0.E0));
#2210=DIRECTION('',(0.E0,1.E0,0.E0));
#2211=DIRECTION('',(-5.741935483871E-1,0.E0,8.187195911853E-1));
#2212=AXIS2_PLACEMENT_3D('',#2209,#2210,#2211);
#2214=CURVE_STYLE('',#124,POSITIVE_LENGTH_MEASURE(2.E-2),#69);
#2215=PRESENTATION_STYLE_ASSIGNMENT((#2214));
#2216=STYLED_ITEM('',(#2215),#2213);
#2217=DIRECTION('',(0.E0,0.E0,-1.E0));
#2218=VECTOR('',#2217,3.104923168314E1);
#2219=CARTESIAN_POINT('',(-4.45E1,1.4E1,9.45E1));
#2220=LINE('',#2219,#2218);
#2221=CURVE_STYLE('',#124,POSITIVE_LENGTH_MEASURE(2.E-2),#69);
#2222=PRESENTATION_STYLE_ASSIGNMENT((#2221));
#2223=STYLED_ITEM('',(#2222),#2220);
#2224=DIRECTION('',(-7.071067811865E-1,0.E0,-7.071067811865E-1));
#2225=VECTOR('',#2224,2.828427124746E0);
#2226=CARTESIAN_POINT('',(-4.25E1,1.4E1,9.65E1));
#2227=LINE('',#2226,#2225);
#2228=CURVE_STYLE('',#124,POSITIVE_LENGTH_MEASURE(2.E-2),#69);
#2229=PRESENTATION_STYLE_ASSIGNMENT((#2228));
#2230=STYLED_ITEM('',(#2229),#2227);
#2231=DIRECTION('',(0.E0,0.E0,1.E0));
#2232=VECTOR('',#2231,6.8E1);
#2233=CARTESIAN_POINT('',(7.25E1,2.2E0,2.85E1));
#2234=LINE('',#2233,#2232);
#2235=CURVE_STYLE('',#124,POSITIVE_LENGTH_MEASURE(2.E-2),#69);
#2236=PRESENTATION_STYLE_ASSIGNMENT((#2235));
#2237=STYLED_ITEM('',(#2236),#2234);
#2238=CARTESIAN_POINT('',(0.E0,1.4E1,0.E0));
#2239=DIRECTION('',(0.E0,1.E0,0.E0));
#2240=DIRECTION('',(0.E0,0.E0,-1.E0));
#2241=AXIS2_PLACEMENT_3D('',#2238,#2239,#2240);
#2243=CURVE_STYLE('',#124,POSITIVE_LENGTH_MEASURE(2.E-2),#69);
#2244=PRESENTATION_STYLE_ASSIGNMENT((#2243));
#2245=STYLED_ITEM('',(#2244),#2242);
#2246=CARTESIAN_POINT('',(0.E0,1.4E1,0.E0));
#2247=DIRECTION('',(0.E0,1.E0,0.E0));
#2248=DIRECTION('',(9.304591790290E-1,0.E0,3.663955733367E-1));
#2249=AXIS2_PLACEMENT_3D('',#2246,#2247,#2248);
#2251=CURVE_STYLE('',#124,POSITIVE_LENGTH_MEASURE(2.E-2),#69);
#2252=PRESENTATION_STYLE_ASSIGNMENT((#2251));
#2253=STYLED_ITEM('',(#2252),#2250);
#2254=DIRECTION('',(9.659258262891E-1,0.E0,2.588190451025E-1));
#2255=VECTOR('',#2254,1.461544845434E1);
#2256=CARTESIAN_POINT('',(5.799314724990E1,1.4E1,2.461290052089E1));
#2257=LINE('',#2256,#2255);
#2258=CURVE_STYLE('',#124,POSITIVE_LENGTH_MEASURE(2.E-2),#69);
#2259=PRESENTATION_STYLE_ASSIGNMENT((#2258));
#2260=STYLED_ITEM('',(#2259),#2257);
#2261=CARTESIAN_POINT('',(0.E0,1.4E1,0.E0));
#2262=DIRECTION('',(0.E0,-1.E0,0.E0));
#2263=DIRECTION('',(0.E0,0.E0,-1.E0));
#2264=AXIS2_PLACEMENT_3D('',#2261,#2262,#2263);
#2266=CURVE_STYLE('',#124,POSITIVE_LENGTH_MEASURE(2.E-2),#69);
#2267=PRESENTATION_STYLE_ASSIGNMENT((#2266));
#2268=STYLED_ITEM('',(#2267),#2265);
#2269=CARTESIAN_POINT('',(0.E0,1.4E1,0.E0));
#2270=DIRECTION('',(0.E0,-1.E0,0.E0));
#2271=DIRECTION('',(-7.063492063492E-1,0.E0,7.078635452471E-1));
#2272=AXIS2_PLACEMENT_3D('',#2269,#2270,#2271);
#2274=CURVE_STYLE('',#124,POSITIVE_LENGTH_MEASURE(2.E-2),#69);
#2275=PRESENTATION_STYLE_ASSIGNMENT((#2274));
#2276=STYLED_ITEM('',(#2275),#2273);
#2277=DIRECTION('',(0.E0,0.E0,-1.E0));
#2278=VECTOR('',#2277,1.885536496629E1);
#2279=CARTESIAN_POINT('',(-4.45E1,1.4E1,6.345076831686E1));
#2280=LINE('',#2279,#2278);
#2281=CURVE_STYLE('',#124,POSITIVE_LENGTH_MEASURE(2.E-2),#69);
#2282=PRESENTATION_STYLE_ASSIGNMENT((#2281));
#2283=STYLED_ITEM('',(#2282),#2280);
#2284=CARTESIAN_POINT('',(6.328574797702E1,1.4E1,-2.621381511701E1));
#2285=DIRECTION('',(0.E0,-1.E0,0.E0));
#2286=DIRECTION('',(0.E0,0.E0,1.E0));
#2287=AXIS2_PLACEMENT_3D('',#2284,#2285,#2286);
#2289=CURVE_STYLE('',#124,POSITIVE_LENGTH_MEASURE(2.E-2),#69);
#2290=PRESENTATION_STYLE_ASSIGNMENT((#2289));
#2291=STYLED_ITEM('',(#2290),#2288);
#2292=CARTESIAN_POINT('',(6.328574797702E1,1.4E1,-2.621381511701E1));
#2293=DIRECTION('',(0.E0,-1.E0,0.E0));
#2294=DIRECTION('',(0.E0,0.E0,-1.E0));
#2295=AXIS2_PLACEMENT_3D('',#2292,#2293,#2294);
#2297=CURVE_STYLE('',#124,POSITIVE_LENGTH_MEASURE(2.E-2),#69);
#2298=PRESENTATION_STYLE_ASSIGNMENT((#2297));
#2299=STYLED_ITEM('',(#2298),#2296);
#2300=CARTESIAN_POINT('',(-5.050349757149E1,1.4E1,4.627792922167E1));
#2301=DIRECTION('',(0.E0,-1.E0,0.E0));
#2302=DIRECTION('',(0.E0,0.E0,1.E0));
#2303=AXIS2_PLACEMENT_3D('',#2300,#2301,#2302);
#2305=CURVE_STYLE('',#124,POSITIVE_LENGTH_MEASURE(2.E-2),#69);
#2306=PRESENTATION_STYLE_ASSIGNMENT((#2305));
#2307=STYLED_ITEM('',(#2306),#2304);
#2308=CARTESIAN_POINT('',(-5.050349757149E1,1.4E1,4.627792922167E1));
#2309=DIRECTION('',(0.E0,-1.E0,0.E0));
#2310=DIRECTION('',(0.E0,0.E0,-1.E0));
#2311=AXIS2_PLACEMENT_3D('',#2308,#2309,#2310);
#2313=CURVE_STYLE('',#124,POSITIVE_LENGTH_MEASURE(2.E-2),#69);
#2314=PRESENTATION_STYLE_ASSIGNMENT((#2313));
#2315=STYLED_ITEM('',(#2314),#2312);
#2316=CARTESIAN_POINT('',(-6.532961112625E1,1.4E1,-2.059834726604E1));
#2317=DIRECTION('',(0.E0,-1.E0,0.E0));
#2318=DIRECTION('',(0.E0,0.E0,1.E0));
#2319=AXIS2_PLACEMENT_3D('',#2316,#2317,#2318);
#2321=CURVE_STYLE('',#124,POSITIVE_LENGTH_MEASURE(2.E-2),#69);
#2322=PRESENTATION_STYLE_ASSIGNMENT((#2321));
#2323=STYLED_ITEM('',(#2322),#2320);
#2324=CARTESIAN_POINT('',(-6.532961112625E1,1.4E1,-2.059834726604E1));
#2325=DIRECTION('',(0.E0,-1.E0,0.E0));
#2326=DIRECTION('',(0.E0,0.E0,-1.E0));
#2327=AXIS2_PLACEMENT_3D('',#2324,#2325,#2326);
#2329=CURVE_STYLE('',#124,POSITIVE_LENGTH_MEASURE(2.E-2),#69);
#2330=PRESENTATION_STYLE_ASSIGNMENT((#2329));
#2331=STYLED_ITEM('',(#2330),#2328);
#2332=CARTESIAN_POINT('',(-1.482611355476E1,1.4E1,-6.687627648772E1));
#2333=DIRECTION('',(0.E0,-1.E0,0.E0));
#2334=DIRECTION('',(0.E0,0.E0,1.E0));
#2335=AXIS2_PLACEMENT_3D('',#2332,#2333,#2334);
#2337=CURVE_STYLE('',#124,POSITIVE_LENGTH_MEASURE(2.E-2),#69);
#2338=PRESENTATION_STYLE_ASSIGNMENT((#2337));
#2339=STYLED_ITEM('',(#2338),#2336);
#2340=CARTESIAN_POINT('',(-1.482611355476E1,1.4E1,-6.687627648772E1));
#2341=DIRECTION('',(0.E0,-1.E0,0.E0));
#2342=DIRECTION('',(0.E0,0.E0,-1.E0));
#2343=AXIS2_PLACEMENT_3D('',#2340,#2341,#2342);
#2345=CURVE_STYLE('',#124,POSITIVE_LENGTH_MEASURE(2.E-2),#69);
#2346=PRESENTATION_STYLE_ASSIGNMENT((#2345));
#2347=STYLED_ITEM('',(#2346),#2344);
#2348=CARTESIAN_POINT('',(5.050349757149E1,1.4E1,-4.627792922167E1));
#2349=DIRECTION('',(0.E0,-1.E0,0.E0));
#2350=DIRECTION('',(0.E0,0.E0,1.E0));
#2351=AXIS2_PLACEMENT_3D('',#2348,#2349,#2350);
#2353=CURVE_STYLE('',#124,POSITIVE_LENGTH_MEASURE(2.E-2),#69);
#2354=PRESENTATION_STYLE_ASSIGNMENT((#2353));
#2355=STYLED_ITEM('',(#2354),#2352);
#2356=CARTESIAN_POINT('',(5.050349757149E1,1.4E1,-4.627792922167E1));
#2357=DIRECTION('',(0.E0,-1.E0,0.E0));
#2358=DIRECTION('',(0.E0,0.E0,-1.E0));
#2359=AXIS2_PLACEMENT_3D('',#2356,#2357,#2358);
#2361=CURVE_STYLE('',#124,POSITIVE_LENGTH_MEASURE(2.E-2),#69);
#2362=PRESENTATION_STYLE_ASSIGNMENT((#2361));
#2363=STYLED_ITEM('',(#2362),#2360);
#2364=CARTESIAN_POINT('',(6.532961112625E1,1.4E1,2.059834726604E1));
#2365=DIRECTION('',(0.E0,-1.E0,0.E0));
#2366=DIRECTION('',(0.E0,0.E0,1.E0));
#2367=AXIS2_PLACEMENT_3D('',#2364,#2365,#2366);
#2369=CURVE_STYLE('',#124,POSITIVE_LENGTH_MEASURE(2.E-2),#69);
#2370=PRESENTATION_STYLE_ASSIGNMENT((#2369));
#2371=STYLED_ITEM('',(#2370),#2368);
#2372=CARTESIAN_POINT('',(6.532961112625E1,1.4E1,2.059834726604E1));
#2373=DIRECTION('',(0.E0,-1.E0,0.E0));
#2374=DIRECTION('',(0.E0,0.E0,-1.E0));
#2375=AXIS2_PLACEMENT_3D('',#2372,#2373,#2374);
#2377=CURVE_STYLE('',#124,POSITIVE_LENGTH_MEASURE(2.E-2),#69);
#2378=PRESENTATION_STYLE_ASSIGNMENT((#2377));
#2379=STYLED_ITEM('',(#2378),#2376);
#2380=DIRECTION('',(0.E0,1.E0,0.E0));
#2381=VECTOR('',#2380,1.4E1);
#2382=CARTESIAN_POINT('',(0.E0,0.E0,7.75E1));
#2383=LINE('',#2382,#2381);
#2384=CURVE_STYLE('',#124,POSITIVE_LENGTH_MEASURE(2.E-2),#69);
#2385=PRESENTATION_STYLE_ASSIGNMENT((#2384));
#2386=STYLED_ITEM('',(#2385),#2383);
#2387=CARTESIAN_POINT('',(-4.45E1,3.4E1,6.3E1));
#2388=DIRECTION('',(1.E0,0.E0,0.E0));
#2389=DIRECTION('',(0.E0,0.E0,1.E0));
#2390=AXIS2_PLACEMENT_3D('',#2387,#2388,#2389);
#2392=CURVE_STYLE('',#124,POSITIVE_LENGTH_MEASURE(2.E-2),#69);
#2393=PRESENTATION_STYLE_ASSIGNMENT((#2392));
#2394=STYLED_ITEM('',(#2393),#2391);
#2395=CARTESIAN_POINT('',(-4.45E1,3.4E1,6.3E1));
#2396=DIRECTION('',(1.E0,0.E0,0.E0));
#2397=DIRECTION('',(0.E0,0.E0,-1.E0));
#2398=AXIS2_PLACEMENT_3D('',#2395,#2396,#2397);
#2400=CURVE_STYLE('',#124,POSITIVE_LENGTH_MEASURE(2.E-2),#69);
#2401=PRESENTATION_STYLE_ASSIGNMENT((#2400));
#2402=STYLED_ITEM('',(#2401),#2399);
#2403=DIRECTION('',(0.E0,1.E0,0.E0));
#2404=VECTOR('',#2403,5.E1);
#2405=CARTESIAN_POINT('',(-4.25E1,1.4E1,9.65E1));
#2406=LINE('',#2405,#2404);
#2407=CURVE_STYLE('',#124,POSITIVE_LENGTH_MEASURE(2.E-2),#69);
#2408=PRESENTATION_STYLE_ASSIGNMENT((#2407));
#2409=STYLED_ITEM('',(#2408),#2406);
#2410=DIRECTION('',(0.E0,-1.E0,0.E0));
#2411=VECTOR('',#2410,5.E1);
#2412=CARTESIAN_POINT('',(-4.45E1,6.4E1,9.45E1));
#2413=LINE('',#2412,#2411);
#2414=CURVE_STYLE('',#124,POSITIVE_LENGTH_MEASURE(2.E-2),#69);
#2415=PRESENTATION_STYLE_ASSIGNMENT((#2414));
#2416=STYLED_ITEM('',(#2415),#2413);
#2417=DIRECTION('',(7.071067811865E-1,0.E0,7.071067811865E-1));
#2418=VECTOR('',#2417,2.828427124746E0);
#2419=CARTESIAN_POINT('',(-4.45E1,6.4E1,9.45E1));
#2420=LINE('',#2419,#2418);
#2421=CURVE_STYLE('',#124,POSITIVE_LENGTH_MEASURE(2.E-2),#69);
#2422=PRESENTATION_STYLE_ASSIGNMENT((#2421));
#2423=STYLED_ITEM('',(#2422),#2420);
#2424=DIRECTION('',(-6.785983445459E-1,-6.785983445458E-1,2.810846377148E-1));
#2425=VECTOR('',#2424,2.947251516416E0);
#2426=CARTESIAN_POINT('',(-4.25E1,6.6E1,9.367157287525E1));
#2427=LINE('',#2426,#2425);
#2428=CURVE_STYLE('',#124,POSITIVE_LENGTH_MEASURE(2.E-2),#69);
#2429=PRESENTATION_STYLE_ASSIGNMENT((#2428));
#2430=STYLED_ITEM('',(#2429),#2427);
#2431=DIRECTION('',(-7.071067811866E-1,0.E0,-7.071067811865E-1));
#2432=VECTOR('',#2431,1.171572875254E0);
#2433=CARTESIAN_POINT('',(-4.167157287525E1,6.6E1,9.45E1));
#2434=LINE('',#2433,#2432);
#2435=CURVE_STYLE('',#124,POSITIVE_LENGTH_MEASURE(2.E-2),#69);
#2436=PRESENTATION_STYLE_ASSIGNMENT((#2435));
#2437=STYLED_ITEM('',(#2436),#2434);
#2438=DIRECTION('',(1.E0,0.E0,0.E0));
#2439=VECTOR('',#2438,1.57E2);
#2440=CARTESIAN_POINT('',(-4.25E1,6.4E1,9.65E1));
#2441=LINE('',#2440,#2439);
#2442=CURVE_STYLE('',#124,POSITIVE_LENGTH_MEASURE(2.E-2),#69);
#2443=PRESENTATION_STYLE_ASSIGNMENT((#2442));
#2444=STYLED_ITEM('',(#2443),#2441);
#2445=DIRECTION('',(-2.810846377148E-1,-6.785983445458E-1,6.785983445459E-1));
#2446=VECTOR('',#2445,2.947251516416E0);
#2447=CARTESIAN_POINT('',(-4.167157287525E1,6.6E1,9.45E1));
#2448=LINE('',#2447,#2446);
#2449=CURVE_STYLE('',#124,POSITIVE_LENGTH_MEASURE(2.E-2),#69);
#2450=PRESENTATION_STYLE_ASSIGNMENT((#2449));
#2451=STYLED_ITEM('',(#2450),#2448);
#2452=DIRECTION('',(-1.E0,0.E0,0.E0));
#2453=VECTOR('',#2452,1.561715728753E2);
#2454=CARTESIAN_POINT('',(1.145E2,6.6E1,9.45E1));
#2455=LINE('',#2454,#2453);
#2456=CURVE_STYLE('',#124,POSITIVE_LENGTH_MEASURE(2.E-2),#69);
#2457=PRESENTATION_STYLE_ASSIGNMENT((#2456));
#2458=STYLED_ITEM('',(#2457),#2455);
#2459=DIRECTION('',(0.E0,-1.E0,0.E0));
#2460=VECTOR('',#2459,6.125E1);
#2461=CARTESIAN_POINT('',(1.145E2,6.4E1,9.65E1));
#2462=LINE('',#2461,#2460);
#2463=CURVE_STYLE('',#124,POSITIVE_LENGTH_MEASURE(2.E-2),#69);
#2464=PRESENTATION_STYLE_ASSIGNMENT((#2463));
#2465=STYLED_ITEM('',(#2464),#2462);
#2466=DIRECTION('',(0.E0,-7.071067811865E-1,7.071067811866E-1));
#2467=VECTOR('',#2466,5.656854249492E-1);
#2468=CARTESIAN_POINT('',(1.145E2,6.44E1,9.61E1));
#2469=LINE('',#2468,#2467);
#2470=CURVE_STYLE('',#124,POSITIVE_LENGTH_MEASURE(2.E-2),#69);
#2471=PRESENTATION_STYLE_ASSIGNMENT((#2470));
#2472=STYLED_ITEM('',(#2471),#2469);
#2473=DIRECTION('',(0.E0,1.E0,0.E0));
#2474=VECTOR('',#2473,6.165E1);
#2475=CARTESIAN_POINT('',(1.145E2,2.75E0,9.61E1));
#2476=LINE('',#2475,#2474);
#2477=CURVE_STYLE('',#124,POSITIVE_LENGTH_MEASURE(2.E-2),#69);
#2478=PRESENTATION_STYLE_ASSIGNMENT((#2477));
#2479=STYLED_ITEM('',(#2478),#2476);
#2480=DIRECTION('',(-1.E0,0.E0,0.E0));
#2481=VECTOR('',#2480,7.929972527680E0);
#2482=CARTESIAN_POINT('',(1.224299725277E2,2.75E0,9.61E1));
#2483=LINE('',#2482,#2481);
#2484=CURVE_STYLE('',#124,POSITIVE_LENGTH_MEASURE(2.E-2),#69);
#2485=PRESENTATION_STYLE_ASSIGNMENT((#2484));
#2486=STYLED_ITEM('',(#2485),#2483);
#2487=DIRECTION('',(-9.615239476408E-1,0.E0,2.747211278974E-1));
#2488=VECTOR('',#2487,5.553079669728E1);
#2489=CARTESIAN_POINT('',(1.758241633837E2,2.75E0,8.084451689828E1));
#2490=LINE('',#2489,#2488);
#2491=CURVE_STYLE('',#124,POSITIVE_LENGTH_MEASURE(2.E-2),#69);
#2492=PRESENTATION_STYLE_ASSIGNMENT((#2491));
#2493=STYLED_ITEM('',(#2492),#2490);
#2494=CARTESIAN_POINT('',(1.75E2,2.75E0,7.795994505536E1));
#2495=DIRECTION('',(0.E0,-1.E0,0.E0));
#2496=DIRECTION('',(1.E0,0.E0,0.E0));
#2497=AXIS2_PLACEMENT_3D('',#2494,#2495,#2496);
#2499=CURVE_STYLE('',#124,POSITIVE_LENGTH_MEASURE(2.E-2),#69);
#2500=PRESENTATION_STYLE_ASSIGNMENT((#2499));
#2501=STYLED_ITEM('',(#2500),#2498);
#2502=DIRECTION('',(0.E0,0.E0,1.E0));
#2503=VECTOR('',#2502,1.365994505536E1);
#2504=CARTESIAN_POINT('',(1.78E2,2.75E0,6.43E1));
#2505=LINE('',#2504,#2503);
#2506=CURVE_STYLE('',#124,POSITIVE_LENGTH_MEASURE(2.E-2),#69);
#2507=PRESENTATION_STYLE_ASSIGNMENT((#2506));
#2508=STYLED_ITEM('',(#2507),#2505);
#2509=CARTESIAN_POINT('',(1.845E2,2.75E0,6.43E1));
#2510=DIRECTION('',(0.E0,1.E0,0.E0));
#2511=DIRECTION('',(0.E0,0.E0,-1.E0));
#2512=AXIS2_PLACEMENT_3D('',#2509,#2510,#2511);
#2514=CURVE_STYLE('',#124,POSITIVE_LENGTH_MEASURE(2.E-2),#69);
#2515=PRESENTATION_STYLE_ASSIGNMENT((#2514));
#2516=STYLED_ITEM('',(#2515),#2513);
#2517=DIRECTION('',(-1.E0,0.E0,0.E0));
#2518=VECTOR('',#2517,6.35E1);
#2519=CARTESIAN_POINT('',(2.48E2,2.75E0,5.78E1));
#2520=LINE('',#2519,#2518);
#2521=CURVE_STYLE('',#124,POSITIVE_LENGTH_MEASURE(2.E-2),#69);
#2522=PRESENTATION_STYLE_ASSIGNMENT((#2521));
#2523=STYLED_ITEM('',(#2522),#2520);
#2524=CARTESIAN_POINT('',(2.48E2,2.75E0,5.48E1));
#2525=DIRECTION('',(0.E0,-1.E0,0.E0));
#2526=DIRECTION('',(1.E0,0.E0,0.E0));
#2527=AXIS2_PLACEMENT_3D('',#2524,#2525,#2526);
#2529=CURVE_STYLE('',#124,POSITIVE_LENGTH_MEASURE(2.E-2),#69);
#2530=PRESENTATION_STYLE_ASSIGNMENT((#2529));
#2531=STYLED_ITEM('',(#2530),#2528);
#2532=DIRECTION('',(0.E0,0.E0,1.E0));
#2533=VECTOR('',#2532,7.15E1);
#2534=CARTESIAN_POINT('',(2.51E2,2.75E0,-1.67E1));
#2535=LINE('',#2534,#2533);
#2536=CURVE_STYLE('',#124,POSITIVE_LENGTH_MEASURE(2.E-2),#69);
#2537=PRESENTATION_STYLE_ASSIGNMENT((#2536));
#2538=STYLED_ITEM('',(#2537),#2535);
#2539=CARTESIAN_POINT('',(2.48E2,2.75E0,-1.67E1));
#2540=DIRECTION('',(0.E0,-1.E0,0.E0));
#2541=DIRECTION('',(0.E0,0.E0,-1.E0));
#2542=AXIS2_PLACEMENT_3D('',#2539,#2540,#2541);
#2544=CURVE_STYLE('',#124,POSITIVE_LENGTH_MEASURE(2.E-2),#69);
#2545=PRESENTATION_STYLE_ASSIGNMENT((#2544));
#2546=STYLED_ITEM('',(#2545),#2543);
#2547=DIRECTION('',(1.E0,0.E0,0.E0));
#2548=VECTOR('',#2547,1.335E2);
#2549=CARTESIAN_POINT('',(1.145E2,2.75E0,-1.97E1));
#2550=LINE('',#2549,#2548);
#2551=CURVE_STYLE('',#124,POSITIVE_LENGTH_MEASURE(2.E-2),#69);
#2552=PRESENTATION_STYLE_ASSIGNMENT((#2551));
#2553=STYLED_ITEM('',(#2552),#2550);
#2554=DIRECTION('',(0.E0,0.E0,1.E0));
#2555=VECTOR('',#2554,5.E-1);
#2556=CARTESIAN_POINT('',(1.145E2,2.75E0,-2.02E1));
#2557=LINE('',#2556,#2555);
#2558=CURVE_STYLE('',#124,POSITIVE_LENGTH_MEASURE(2.E-2),#69);
#2559=PRESENTATION_STYLE_ASSIGNMENT((#2558));
#2560=STYLED_ITEM('',(#2559),#2557);
#2561=DIRECTION('',(-1.E0,0.E0,0.E0));
#2562=VECTOR('',#2561,1.37E2);
#2563=CARTESIAN_POINT('',(2.515E2,2.75E0,-2.02E1));
#2564=LINE('',#2563,#2562);
#2565=CURVE_STYLE('',#124,POSITIVE_LENGTH_MEASURE(2.E-2),#69);
#2566=PRESENTATION_STYLE_ASSIGNMENT((#2565));
#2567=STYLED_ITEM('',(#2566),#2564);
#2568=DIRECTION('',(0.E0,0.E0,-1.E0));
#2569=VECTOR('',#2568,7.85E1);
#2570=CARTESIAN_POINT('',(2.515E2,2.75E0,5.83E1));
#2571=LINE('',#2570,#2569);
#2572=CURVE_STYLE('',#124,POSITIVE_LENGTH_MEASURE(2.E-2),#69);
#2573=PRESENTATION_STYLE_ASSIGNMENT((#2572));
#2574=STYLED_ITEM('',(#2573),#2571);
#2575=DIRECTION('',(1.E0,0.E0,0.E0));
#2576=VECTOR('',#2575,6.7E1);
#2577=CARTESIAN_POINT('',(1.845E2,2.75E0,5.83E1));
#2578=LINE('',#2577,#2576);
#2579=CURVE_STYLE('',#124,POSITIVE_LENGTH_MEASURE(2.E-2),#69);
#2580=PRESENTATION_STYLE_ASSIGNMENT((#2579));
#2581=STYLED_ITEM('',(#2580),#2578);
#2582=CARTESIAN_POINT('',(1.845E2,2.75E0,6.43E1));
#2583=DIRECTION('',(0.E0,-1.E0,0.E0));
#2584=DIRECTION('',(-1.E0,0.E0,0.E0));
#2585=AXIS2_PLACEMENT_3D('',#2582,#2583,#2584);
#2587=CURVE_STYLE('',#124,POSITIVE_LENGTH_MEASURE(2.E-2),#69);
#2588=PRESENTATION_STYLE_ASSIGNMENT((#2587));
#2589=STYLED_ITEM('',(#2588),#2586);
#2590=DIRECTION('',(0.E0,0.E0,-1.E0));
#2591=VECTOR('',#2590,1.63E1);
#2592=CARTESIAN_POINT('',(1.785E2,2.75E0,8.06E1));
#2593=LINE('',#2592,#2591);
#2594=CURVE_STYLE('',#124,POSITIVE_LENGTH_MEASURE(2.E-2),#69);
#2595=PRESENTATION_STYLE_ASSIGNMENT((#2594));
#2596=STYLED_ITEM('',(#2595),#2593);
#2597=DIRECTION('',(9.615239476408E-1,0.E0,-2.747211278974E-1));
#2598=VECTOR('',#2597,5.824087911424E1);
#2599=CARTESIAN_POINT('',(1.225E2,2.75E0,9.66E1));
#2600=LINE('',#2599,#2598);
#2601=CURVE_STYLE('',#124,POSITIVE_LENGTH_MEASURE(2.E-2),#69);
#2602=PRESENTATION_STYLE_ASSIGNMENT((#2601));
#2603=STYLED_ITEM('',(#2602),#2600);
#2604=DIRECTION('',(0.E0,0.E0,1.E0));
#2605=VECTOR('',#2604,9.999999999999E-2);
#2606=CARTESIAN_POINT('',(1.145E2,2.75E0,9.65E1));
#2607=LINE('',#2606,#2605);
#2608=CURVE_STYLE('',#124,POSITIVE_LENGTH_MEASURE(2.E-2),#69);
#2609=PRESENTATION_STYLE_ASSIGNMENT((#2608));
#2610=STYLED_ITEM('',(#2609),#2607);
#2611=DIRECTION('',(0.E0,0.E0,1.E0));
#2612=VECTOR('',#2611,4.E-1);
#2613=CARTESIAN_POINT('',(1.145E2,2.75E0,9.61E1));
#2614=LINE('',#2613,#2612);
#2615=CURVE_STYLE('',#124,POSITIVE_LENGTH_MEASURE(2.E-2),#69);
#2616=PRESENTATION_STYLE_ASSIGNMENT((#2615));
#2617=STYLED_ITEM('',(#2616),#2614);
#2618=DIRECTION('',(-1.E0,0.E0,0.E0));
#2619=VECTOR('',#2618,7.929972527680E0);
#2620=CARTESIAN_POINT('',(1.224299725277E2,6.555E1,9.61E1));
#2621=LINE('',#2620,#2619);
#2622=CURVE_STYLE('',#124,POSITIVE_LENGTH_MEASURE(2.E-2),#69);
#2623=PRESENTATION_STYLE_ASSIGNMENT((#2622));
#2624=STYLED_ITEM('',(#2623),#2621);
#2625=DIRECTION('',(0.E0,1.E0,0.E0));
#2626=VECTOR('',#2625,6.28E1);
#2627=CARTESIAN_POINT('',(1.224299725277E2,2.75E0,9.61E1));
#2628=LINE('',#2627,#2626);
#2629=CURVE_STYLE('',#124,POSITIVE_LENGTH_MEASURE(2.E-2),#69);
#2630=PRESENTATION_STYLE_ASSIGNMENT((#2629));
#2631=STYLED_ITEM('',(#2630),#2628);
#2632=DIRECTION('',(0.E0,1.E0,0.E0));
#2633=VECTOR('',#2632,6.28E1);
#2634=CARTESIAN_POINT('',(1.78E2,2.75E0,7.795994505536E1));
#2635=LINE('',#2634,#2633);
#2636=CURVE_STYLE('',#124,POSITIVE_LENGTH_MEASURE(2.E-2),#69);
#2637=PRESENTATION_STYLE_ASSIGNMENT((#2636));
#2638=STYLED_ITEM('',(#2637),#2635);
#2639=DIRECTION('',(0.E0,-1.E0,0.E0));
#2640=VECTOR('',#2639,6.28E1);
#2641=CARTESIAN_POINT('',(1.758241633837E2,6.555E1,8.084451689828E1));
#2642=LINE('',#2641,#2640);
#2643=CURVE_STYLE('',#124,POSITIVE_LENGTH_MEASURE(2.E-2),#69);
#2644=PRESENTATION_STYLE_ASSIGNMENT((#2643));
#2645=STYLED_ITEM('',(#2644),#2642);
#2646=DIRECTION('',(0.E0,-1.E0,0.E0));
#2647=VECTOR('',#2646,6.28E1);
#2648=CARTESIAN_POINT('',(1.78E2,6.555E1,6.43E1));
#2649=LINE('',#2648,#2647);
#2650=CURVE_STYLE('',#124,POSITIVE_LENGTH_MEASURE(2.E-2),#69);
#2651=PRESENTATION_STYLE_ASSIGNMENT((#2650));
#2652=STYLED_ITEM('',(#2651),#2649);
#2653=DIRECTION('',(0.E0,1.E0,0.E0));
#2654=VECTOR('',#2653,6.28E1);
#2655=CARTESIAN_POINT('',(1.845E2,2.75E0,5.78E1));
#2656=LINE('',#2655,#2654);
#2657=CURVE_STYLE('',#124,POSITIVE_LENGTH_MEASURE(2.E-2),#69);
#2658=PRESENTATION_STYLE_ASSIGNMENT((#2657));
#2659=STYLED_ITEM('',(#2658),#2656);
#2660=DIRECTION('',(-1.E0,0.E0,0.E0));
#2661=VECTOR('',#2660,6.35E1);
#2662=CARTESIAN_POINT('',(2.48E2,6.555E1,5.78E1));
#2663=LINE('',#2662,#2661);
#2664=CURVE_STYLE('',#124,POSITIVE_LENGTH_MEASURE(2.E-2),#69);
#2665=PRESENTATION_STYLE_ASSIGNMENT((#2664));
#2666=STYLED_ITEM('',(#2665),#2663);
#2667=DIRECTION('',(0.E0,1.E0,0.E0));
#2668=VECTOR('',#2667,6.28E1);
#2669=CARTESIAN_POINT('',(2.51E2,2.75E0,5.48E1));
#2670=LINE('',#2669,#2668);
#2671=CURVE_STYLE('',#124,POSITIVE_LENGTH_MEASURE(2.E-2),#69);
#2672=PRESENTATION_STYLE_ASSIGNMENT((#2671));
#2673=STYLED_ITEM('',(#2672),#2670);
#2674=DIRECTION('',(0.E0,-1.E0,0.E0));
#2675=VECTOR('',#2674,6.28E1);
#2676=CARTESIAN_POINT('',(2.48E2,6.555E1,5.78E1));
#2677=LINE('',#2676,#2675);
#2678=CURVE_STYLE('',#124,POSITIVE_LENGTH_MEASURE(2.E-2),#69);
#2679=PRESENTATION_STYLE_ASSIGNMENT((#2678));
#2680=STYLED_ITEM('',(#2679),#2677);
#2681=DIRECTION('',(0.E0,0.E0,1.E0));
#2682=VECTOR('',#2681,7.15E1);
#2683=CARTESIAN_POINT('',(2.51E2,6.555E1,-1.67E1));
#2684=LINE('',#2683,#2682);
#2685=CURVE_STYLE('',#124,POSITIVE_LENGTH_MEASURE(2.E-2),#69);
#2686=PRESENTATION_STYLE_ASSIGNMENT((#2685));
#2687=STYLED_ITEM('',(#2686),#2684);
#2688=DIRECTION('',(0.E0,1.E0,0.E0));
#2689=VECTOR('',#2688,6.28E1);
#2690=CARTESIAN_POINT('',(2.48E2,2.75E0,-1.97E1));
#2691=LINE('',#2690,#2689);
#2692=CURVE_STYLE('',#124,POSITIVE_LENGTH_MEASURE(2.E-2),#69);
#2693=PRESENTATION_STYLE_ASSIGNMENT((#2692));
#2694=STYLED_ITEM('',(#2693),#2691);
#2695=DIRECTION('',(0.E0,-1.E0,0.E0));
#2696=VECTOR('',#2695,6.28E1);
#2697=CARTESIAN_POINT('',(2.51E2,6.555E1,-1.67E1));
#2698=LINE('',#2697,#2696);
#2699=CURVE_STYLE('',#124,POSITIVE_LENGTH_MEASURE(2.E-2),#69);
#2700=PRESENTATION_STYLE_ASSIGNMENT((#2699));
#2701=STYLED_ITEM('',(#2700),#2698);
#2702=DIRECTION('',(1.E0,0.E0,0.E0));
#2703=VECTOR('',#2702,1.335E2);
#2704=CARTESIAN_POINT('',(1.145E2,6.555E1,-1.97E1));
#2705=LINE('',#2704,#2703);
#2706=CURVE_STYLE('',#124,POSITIVE_LENGTH_MEASURE(2.E-2),#69);
#2707=PRESENTATION_STYLE_ASSIGNMENT((#2706));
#2708=STYLED_ITEM('',(#2707),#2705);
#2709=DIRECTION('',(0.E0,1.E0,0.E0));
#2710=VECTOR('',#2709,6.28E1);
#2711=CARTESIAN_POINT('',(1.145E2,2.75E0,-1.97E1));
#2712=LINE('',#2711,#2710);
#2713=CURVE_STYLE('',#124,POSITIVE_LENGTH_MEASURE(2.E-2),#69);
#2714=PRESENTATION_STYLE_ASSIGNMENT((#2713));
#2715=STYLED_ITEM('',(#2714),#2712);
#2716=DIRECTION('',(0.E0,0.E0,1.E0));
#2717=VECTOR('',#2716,5.E-1);
#2718=CARTESIAN_POINT('',(1.145E2,6.555E1,-2.02E1));
#2719=LINE('',#2718,#2717);
#2720=CURVE_STYLE('',#124,POSITIVE_LENGTH_MEASURE(2.E-2),#69);
#2721=PRESENTATION_STYLE_ASSIGNMENT((#2720));
#2722=STYLED_ITEM('',(#2721),#2719);
#2723=DIRECTION('',(0.E0,0.E0,-1.E0));
#2724=VECTOR('',#2723,7.85E1);
#2725=CARTESIAN_POINT('',(2.515E2,2.25E0,5.83E1));
#2726=LINE('',#2725,#2724);
#2727=CURVE_STYLE('',#124,POSITIVE_LENGTH_MEASURE(2.E-2),#69);
#2728=PRESENTATION_STYLE_ASSIGNMENT((#2727));
#2729=STYLED_ITEM('',(#2728),#2726);
#2730=DIRECTION('',(0.E0,1.E0,0.E0));
#2731=VECTOR('',#2730,5.E-1);
#2732=CARTESIAN_POINT('',(2.515E2,2.25E0,-2.02E1));
#2733=LINE('',#2732,#2731);
#2734=CURVE_STYLE('',#124,POSITIVE_LENGTH_MEASURE(2.E-2),#69);
#2735=PRESENTATION_STYLE_ASSIGNMENT((#2734));
#2736=STYLED_ITEM('',(#2735),#2733);
#2737=DIRECTION('',(1.E0,0.E0,0.E0));
#2738=VECTOR('',#2737,6.7E1);
#2739=CARTESIAN_POINT('',(1.845E2,2.25E0,5.83E1));
#2740=LINE('',#2739,#2738);
#2741=CURVE_STYLE('',#124,POSITIVE_LENGTH_MEASURE(2.E-2),#69);
#2742=PRESENTATION_STYLE_ASSIGNMENT((#2741));
#2743=STYLED_ITEM('',(#2742),#2740);
#2744=DIRECTION('',(0.E0,1.E0,0.E0));
#2745=VECTOR('',#2744,5.E-1);
#2746=CARTESIAN_POINT('',(2.515E2,2.25E0,5.83E1));
#2747=LINE('',#2746,#2745);
#2748=CURVE_STYLE('',#124,POSITIVE_LENGTH_MEASURE(2.E-2),#69);
#2749=PRESENTATION_STYLE_ASSIGNMENT((#2748));
#2750=STYLED_ITEM('',(#2749),#2747);
#2751=DIRECTION('',(0.E0,-1.E0,0.E0));
#2752=VECTOR('',#2751,5.E-1);
#2753=CARTESIAN_POINT('',(1.785E2,2.75E0,6.43E1));
#2754=LINE('',#2753,#2752);
#2755=CURVE_STYLE('',#124,POSITIVE_LENGTH_MEASURE(2.E-2),#69);
#2756=PRESENTATION_STYLE_ASSIGNMENT((#2755));
#2757=STYLED_ITEM('',(#2756),#2754);
#2758=DIRECTION('',(0.E0,1.E0,0.E0));
#2759=VECTOR('',#2758,5.E-1);
#2760=CARTESIAN_POINT('',(1.845E2,2.25E0,5.83E1));
#2761=LINE('',#2760,#2759);
#2762=CURVE_STYLE('',#124,POSITIVE_LENGTH_MEASURE(2.E-2),#69);
#2763=PRESENTATION_STYLE_ASSIGNMENT((#2762));
#2764=STYLED_ITEM('',(#2763),#2761);
#2765=DIRECTION('',(0.E0,0.E0,-1.E0));
#2766=VECTOR('',#2765,1.63E1);
#2767=CARTESIAN_POINT('',(1.785E2,2.25E0,8.06E1));
#2768=LINE('',#2767,#2766);
#2769=CURVE_STYLE('',#124,POSITIVE_LENGTH_MEASURE(2.E-2),#69);
#2770=PRESENTATION_STYLE_ASSIGNMENT((#2769));
#2771=STYLED_ITEM('',(#2770),#2768);
#2772=DIRECTION('',(0.E0,1.E0,0.E0));
#2773=VECTOR('',#2772,5.E-1);
#2774=CARTESIAN_POINT('',(1.785E2,2.25E0,8.06E1));
#2775=LINE('',#2774,#2773);
#2776=CURVE_STYLE('',#124,POSITIVE_LENGTH_MEASURE(2.E-2),#69);
#2777=PRESENTATION_STYLE_ASSIGNMENT((#2776));
#2778=STYLED_ITEM('',(#2777),#2775);
#2779=CARTESIAN_POINT('',(-4.25E1,6.6E1,4.650537603331E1));
#2780=CARTESIAN_POINT('',(-4.317578027352E1,6.532421972648E1,4.588779879656E1));
#2781=CARTESIAN_POINT('',(-4.384257906686E1,6.465742093314E1,4.525141785715E1));
#2782=CARTESIAN_POINT('',(-4.45E1,6.4E1,4.459540335057E1));
#2784=CURVE_STYLE('',#124,POSITIVE_LENGTH_MEASURE(2.E-2),#69);
#2785=PRESENTATION_STYLE_ASSIGNMENT((#2784));
#2786=STYLED_ITEM('',(#2785),#2783);
#2787=DIRECTION('',(0.E0,0.E0,-1.E0));
#2788=VECTOR('',#2787,4.716619684194E1);
#2789=CARTESIAN_POINT('',(-4.25E1,6.6E1,9.367157287525E1));
#2790=LINE('',#2789,#2788);
#2791=CURVE_STYLE('',#124,POSITIVE_LENGTH_MEASURE(2.E-2),#69);
#2792=PRESENTATION_STYLE_ASSIGNMENT((#2791));
#2793=STYLED_ITEM('',(#2792),#2790);
#2794=DIRECTION('',(0.E0,0.E0,1.E0));
#2795=VECTOR('',#2794,4.990459664943E1);
#2796=CARTESIAN_POINT('',(-4.45E1,6.4E1,4.459540335057E1));
#2797=LINE('',#2796,#2795);
#2798=CURVE_STYLE('',#124,POSITIVE_LENGTH_MEASURE(2.E-2),#69);
#2799=PRESENTATION_STYLE_ASSIGNMENT((#2798));
#2800=STYLED_ITEM('',(#2799),#2797);
#2801=DIRECTION('',(-1.E0,0.E0,0.E0));
#2802=VECTOR('',#2801,1.E0);
#2803=CARTESIAN_POINT('',(-4.45E1,3.4E1,7.4E1));
#2804=LINE('',#2803,#2802);
#2805=CURVE_STYLE('',#124,POSITIVE_LENGTH_MEASURE(2.E-2),#69);
#2806=PRESENTATION_STYLE_ASSIGNMENT((#2805));
#2807=STYLED_ITEM('',(#2806),#2804);
#2808=DIRECTION('',(-1.E0,0.E0,0.E0));
#2809=VECTOR('',#2808,1.E0);
#2810=CARTESIAN_POINT('',(-4.45E1,3.4E1,5.2E1));
#2811=LINE('',#2810,#2809);
#2812=CURVE_STYLE('',#124,POSITIVE_LENGTH_MEASURE(2.E-2),#69);
#2813=PRESENTATION_STYLE_ASSIGNMENT((#2812));
#2814=STYLED_ITEM('',(#2813),#2811);
#2815=DIRECTION('',(-7.071067811865E-1,0.E0,7.071067811866E-1));
#2816=VECTOR('',#2815,1.414213562373E0);
#2817=CARTESIAN_POINT('',(-4.55E1,3.4E1,5.2E1));
#2818=LINE('',#2817,#2816);
#2819=CURVE_STYLE('',#124,POSITIVE_LENGTH_MEASURE(2.E-2),#69);
#2820=PRESENTATION_STYLE_ASSIGNMENT((#2819));
#2821=STYLED_ITEM('',(#2820),#2818);
#2822=CARTESIAN_POINT('',(-4.55E1,3.4E1,6.3E1));
#2823=DIRECTION('',(-1.E0,0.E0,0.E0));
#2824=DIRECTION('',(0.E0,0.E0,1.E0));
#2825=AXIS2_PLACEMENT_3D('',#2822,#2823,#2824);
#2827=CURVE_STYLE('',#124,POSITIVE_LENGTH_MEASURE(2.E-2),#69);
#2828=PRESENTATION_STYLE_ASSIGNMENT((#2827));
#2829=STYLED_ITEM('',(#2828),#2826);
#2830=CARTESIAN_POINT('',(-4.65E1,3.4E1,6.3E1));
#2831=DIRECTION('',(-1.E0,0.E0,0.E0));
#2832=DIRECTION('',(0.E0,0.E0,-1.E0));
#2833=AXIS2_PLACEMENT_3D('',#2830,#2831,#2832);
#2835=CURVE_STYLE('',#124,POSITIVE_LENGTH_MEASURE(2.E-2),#69);
#2836=PRESENTATION_STYLE_ASSIGNMENT((#2835));
#2837=STYLED_ITEM('',(#2836),#2834);
#2838=CARTESIAN_POINT('',(-4.65E1,3.4E1,6.3E1));
#2839=DIRECTION('',(-1.E0,0.E0,0.E0));
#2840=DIRECTION('',(0.E0,0.E0,1.E0));
#2841=AXIS2_PLACEMENT_3D('',#2838,#2839,#2840);
#2843=CURVE_STYLE('',#124,POSITIVE_LENGTH_MEASURE(2.E-2),#69);
#2844=PRESENTATION_STYLE_ASSIGNMENT((#2843));
#2845=STYLED_ITEM('',(#2844),#2842);
#2846=DIRECTION('',(-7.071067811865E-1,0.E0,-7.071067811866E-1));
#2847=VECTOR('',#2846,1.414213562373E0);
#2848=CARTESIAN_POINT('',(-4.55E1,3.4E1,7.4E1));
#2849=LINE('',#2848,#2847);
#2850=CURVE_STYLE('',#124,POSITIVE_LENGTH_MEASURE(2.E-2),#69);
#2851=PRESENTATION_STYLE_ASSIGNMENT((#2850));
#2852=STYLED_ITEM('',(#2851),#2849);
#2853=CARTESIAN_POINT('',(-4.55E1,3.4E1,6.3E1));
#2854=DIRECTION('',(-1.E0,0.E0,0.E0));
#2855=DIRECTION('',(0.E0,0.E0,-1.E0));
#2856=AXIS2_PLACEMENT_3D('',#2853,#2854,#2855);
#2858=CURVE_STYLE('',#124,POSITIVE_LENGTH_MEASURE(2.E-2),#69);
#2859=PRESENTATION_STYLE_ASSIGNMENT((#2858));
#2860=STYLED_ITEM('',(#2859),#2857);
#2861=DIRECTION('',(0.E0,1.E0,0.E0));
#2862=VECTOR('',#2861,8.5E0);
#2863=CARTESIAN_POINT('',(6.328574797702E1,5.5E0,-2.896381511701E1));
#2864=LINE('',#2863,#2862);
#2865=CURVE_STYLE('',#124,POSITIVE_LENGTH_MEASURE(2.E-2),#69);
#2866=PRESENTATION_STYLE_ASSIGNMENT((#2865));
#2867=STYLED_ITEM('',(#2866),#2864);
#2868=DIRECTION('',(0.E0,1.E0,0.E0));
#2869=VECTOR('',#2868,8.5E0);
#2870=CARTESIAN_POINT('',(6.328574797702E1,5.5E0,-2.346381511701E1));
#2871=LINE('',#2870,#2869);
#2872=CURVE_STYLE('',#124,POSITIVE_LENGTH_MEASURE(2.E-2),#69);
#2873=PRESENTATION_STYLE_ASSIGNMENT((#2872));
#2874=STYLED_ITEM('',(#2873),#2871);
#2875=CARTESIAN_POINT('',(6.328574797702E1,5.5E0,-2.621381511701E1));
#2876=DIRECTION('',(0.E0,-1.E0,0.E0));
#2877=DIRECTION('',(0.E0,0.E0,-1.E0));
#2878=AXIS2_PLACEMENT_3D('',#2875,#2876,#2877);
#2880=CURVE_STYLE('',#124,POSITIVE_LENGTH_MEASURE(2.E-2),#69);
#2881=PRESENTATION_STYLE_ASSIGNMENT((#2880));
#2882=STYLED_ITEM('',(#2881),#2879);
#2883=CARTESIAN_POINT('',(6.328574797702E1,5.5E0,-2.621381511701E1));
#2884=DIRECTION('',(0.E0,-1.E0,0.E0));
#2885=DIRECTION('',(0.E0,0.E0,1.E0));
#2886=AXIS2_PLACEMENT_3D('',#2883,#2884,#2885);
#2888=CURVE_STYLE('',#124,POSITIVE_LENGTH_MEASURE(2.E-2),#69);
#2889=PRESENTATION_STYLE_ASSIGNMENT((#2888));
#2890=STYLED_ITEM('',(#2889),#2887);
#2891=CARTESIAN_POINT('',(6.328574797702E1,5.5E0,-2.621381511701E1));
#2892=DIRECTION('',(0.E0,1.E0,0.E0));
#2893=DIRECTION('',(0.E0,0.E0,1.E0));
#2894=AXIS2_PLACEMENT_3D('',#2891,#2892,#2893);
#2896=CURVE_STYLE('',#124,POSITIVE_LENGTH_MEASURE(2.E-2),#69);
#2897=PRESENTATION_STYLE_ASSIGNMENT((#2896));
#2898=STYLED_ITEM('',(#2897),#2895);
#2899=CARTESIAN_POINT('',(6.328574797702E1,5.5E0,-2.621381511701E1));
#2900=DIRECTION('',(0.E0,1.E0,0.E0));
#2901=DIRECTION('',(0.E0,0.E0,-1.E0));
#2902=AXIS2_PLACEMENT_3D('',#2899,#2900,#2901);
#2904=CURVE_STYLE('',#124,POSITIVE_LENGTH_MEASURE(2.E-2),#69);
#2905=PRESENTATION_STYLE_ASSIGNMENT((#2904));
#2906=STYLED_ITEM('',(#2905),#2903);
#2907=DIRECTION('',(0.E0,1.E0,0.E0));
#2908=VECTOR('',#2907,5.5E0);
#2909=CARTESIAN_POINT('',(6.328574797702E1,0.E0,-2.151381511701E1));
#2910=LINE('',#2909,#2908);
#2911=CURVE_STYLE('',#124,POSITIVE_LENGTH_MEASURE(2.E-2),#69);
#2912=PRESENTATION_STYLE_ASSIGNMENT((#2911));
#2913=STYLED_ITEM('',(#2912),#2910);
#2914=DIRECTION('',(0.E0,1.E0,0.E0));
#2915=VECTOR('',#2914,5.5E0);
#2916=CARTESIAN_POINT('',(6.328574797702E1,0.E0,-3.091381511701E1));
#2917=LINE('',#2916,#2915);
#2918=CURVE_STYLE('',#124,POSITIVE_LENGTH_MEASURE(2.E-2),#69);
#2919=PRESENTATION_STYLE_ASSIGNMENT((#2918));
#2920=STYLED_ITEM('',(#2919),#2917);
#2921=DIRECTION('',(0.E0,1.E0,0.E0));
#2922=VECTOR('',#2921,8.5E0);
#2923=CARTESIAN_POINT('',(-5.050349757149E1,5.5E0,4.352792922167E1));
#2924=LINE('',#2923,#2922);
#2925=CURVE_STYLE('',#124,POSITIVE_LENGTH_MEASURE(2.E-2),#69);
#2926=PRESENTATION_STYLE_ASSIGNMENT((#2925));
#2927=STYLED_ITEM('',(#2926),#2924);
#2928=DIRECTION('',(0.E0,1.E0,0.E0));
#2929=VECTOR('',#2928,8.5E0);
#2930=CARTESIAN_POINT('',(-5.050349757149E1,5.5E0,4.902792922167E1));
#2931=LINE('',#2930,#2929);
#2932=CURVE_STYLE('',#124,POSITIVE_LENGTH_MEASURE(2.E-2),#69);
#2933=PRESENTATION_STYLE_ASSIGNMENT((#2932));
#2934=STYLED_ITEM('',(#2933),#2931);
#2935=CARTESIAN_POINT('',(-5.050349757149E1,5.5E0,4.627792922167E1));
#2936=DIRECTION('',(0.E0,-1.E0,0.E0));
#2937=DIRECTION('',(0.E0,0.E0,-1.E0));
#2938=AXIS2_PLACEMENT_3D('',#2935,#2936,#2937);
#2940=CURVE_STYLE('',#124,POSITIVE_LENGTH_MEASURE(2.E-2),#69);
#2941=PRESENTATION_STYLE_ASSIGNMENT((#2940));
#2942=STYLED_ITEM('',(#2941),#2939);
#2943=CARTESIAN_POINT('',(-5.050349757149E1,5.5E0,4.627792922167E1));
#2944=DIRECTION('',(0.E0,-1.E0,0.E0));
#2945=DIRECTION('',(0.E0,0.E0,1.E0));
#2946=AXIS2_PLACEMENT_3D('',#2943,#2944,#2945);
#2948=CURVE_STYLE('',#124,POSITIVE_LENGTH_MEASURE(2.E-2),#69);
#2949=PRESENTATION_STYLE_ASSIGNMENT((#2948));
#2950=STYLED_ITEM('',(#2949),#2947);
#2951=CARTESIAN_POINT('',(-5.050349757149E1,5.5E0,4.627792922167E1));
#2952=DIRECTION('',(0.E0,1.E0,0.E0));
#2953=DIRECTION('',(0.E0,0.E0,1.E0));
#2954=AXIS2_PLACEMENT_3D('',#2951,#2952,#2953);
#2956=CURVE_STYLE('',#124,POSITIVE_LENGTH_MEASURE(2.E-2),#69);
#2957=PRESENTATION_STYLE_ASSIGNMENT((#2956));
#2958=STYLED_ITEM('',(#2957),#2955);
#2959=CARTESIAN_POINT('',(-5.050349757149E1,5.5E0,4.627792922167E1));
#2960=DIRECTION('',(0.E0,1.E0,0.E0));
#2961=DIRECTION('',(0.E0,0.E0,-1.E0));
#2962=AXIS2_PLACEMENT_3D('',#2959,#2960,#2961);
#2964=CURVE_STYLE('',#124,POSITIVE_LENGTH_MEASURE(2.E-2),#69);
#2965=PRESENTATION_STYLE_ASSIGNMENT((#2964));
#2966=STYLED_ITEM('',(#2965),#2963);
#2967=DIRECTION('',(0.E0,1.E0,0.E0));
#2968=VECTOR('',#2967,5.5E0);
#2969=CARTESIAN_POINT('',(-5.050349757149E1,0.E0,5.097792922167E1));
#2970=LINE('',#2969,#2968);
#2971=CURVE_STYLE('',#124,POSITIVE_LENGTH_MEASURE(2.E-2),#69);
#2972=PRESENTATION_STYLE_ASSIGNMENT((#2971));
#2973=STYLED_ITEM('',(#2972),#2970);
#2974=DIRECTION('',(0.E0,1.E0,0.E0));
#2975=VECTOR('',#2974,5.5E0);
#2976=CARTESIAN_POINT('',(-5.050349757149E1,0.E0,4.157792922167E1));
#2977=LINE('',#2976,#2975);
#2978=CURVE_STYLE('',#124,POSITIVE_LENGTH_MEASURE(2.E-2),#69);
#2979=PRESENTATION_STYLE_ASSIGNMENT((#2978));
#2980=STYLED_ITEM('',(#2979),#2977);
#2981=DIRECTION('',(0.E0,1.E0,0.E0));
#2982=VECTOR('',#2981,8.5E0);
#2983=CARTESIAN_POINT('',(-6.532961112625E1,5.5E0,-2.334834726604E1));
#2984=LINE('',#2983,#2982);
#2985=CURVE_STYLE('',#124,POSITIVE_LENGTH_MEASURE(2.E-2),#69);
#2986=PRESENTATION_STYLE_ASSIGNMENT((#2985));
#2987=STYLED_ITEM('',(#2986),#2984);
#2988=DIRECTION('',(0.E0,1.E0,0.E0));
#2989=VECTOR('',#2988,8.5E0);
#2990=CARTESIAN_POINT('',(-6.532961112625E1,5.5E0,-1.784834726604E1));
#2991=LINE('',#2990,#2989);
#2992=CURVE_STYLE('',#124,POSITIVE_LENGTH_MEASURE(2.E-2),#69);
#2993=PRESENTATION_STYLE_ASSIGNMENT((#2992));
#2994=STYLED_ITEM('',(#2993),#2991);
#2995=CARTESIAN_POINT('',(-6.532961112625E1,5.5E0,-2.059834726604E1));
#2996=DIRECTION('',(0.E0,-1.E0,0.E0));
#2997=DIRECTION('',(0.E0,0.E0,-1.E0));
#2998=AXIS2_PLACEMENT_3D('',#2995,#2996,#2997);
#3000=CURVE_STYLE('',#124,POSITIVE_LENGTH_MEASURE(2.E-2),#69);
#3001=PRESENTATION_STYLE_ASSIGNMENT((#3000));
#3002=STYLED_ITEM('',(#3001),#2999);
#3003=CARTESIAN_POINT('',(-6.532961112625E1,5.5E0,-2.059834726604E1));
#3004=DIRECTION('',(0.E0,-1.E0,0.E0));
#3005=DIRECTION('',(0.E0,0.E0,1.E0));
#3006=AXIS2_PLACEMENT_3D('',#3003,#3004,#3005);
#3008=CURVE_STYLE('',#124,POSITIVE_LENGTH_MEASURE(2.E-2),#69);
#3009=PRESENTATION_STYLE_ASSIGNMENT((#3008));
#3010=STYLED_ITEM('',(#3009),#3007);
#3011=CARTESIAN_POINT('',(-6.532961112625E1,5.5E0,-2.059834726604E1));
#3012=DIRECTION('',(0.E0,1.E0,0.E0));
#3013=DIRECTION('',(0.E0,0.E0,1.E0));
#3014=AXIS2_PLACEMENT_3D('',#3011,#3012,#3013);
#3016=CURVE_STYLE('',#124,POSITIVE_LENGTH_MEASURE(2.E-2),#69);
#3017=PRESENTATION_STYLE_ASSIGNMENT((#3016));
#3018=STYLED_ITEM('',(#3017),#3015);
#3019=CARTESIAN_POINT('',(-6.532961112625E1,5.5E0,-2.059834726604E1));
#3020=DIRECTION('',(0.E0,1.E0,0.E0));
#3021=DIRECTION('',(0.E0,0.E0,-1.E0));
#3022=AXIS2_PLACEMENT_3D('',#3019,#3020,#3021);
#3024=CURVE_STYLE('',#124,POSITIVE_LENGTH_MEASURE(2.E-2),#69);
#3025=PRESENTATION_STYLE_ASSIGNMENT((#3024));
#3026=STYLED_ITEM('',(#3025),#3023);
#3027=DIRECTION('',(0.E0,1.E0,0.E0));
#3028=VECTOR('',#3027,5.5E0);
#3029=CARTESIAN_POINT('',(-6.532961112625E1,0.E0,-1.589834726604E1));
#3030=LINE('',#3029,#3028);
#3031=CURVE_STYLE('',#124,POSITIVE_LENGTH_MEASURE(2.E-2),#69);
#3032=PRESENTATION_STYLE_ASSIGNMENT((#3031));
#3033=STYLED_ITEM('',(#3032),#3030);
#3034=DIRECTION('',(0.E0,1.E0,0.E0));
#3035=VECTOR('',#3034,5.5E0);
#3036=CARTESIAN_POINT('',(-6.532961112625E1,0.E0,-2.529834726604E1));
#3037=LINE('',#3036,#3035);
#3038=CURVE_STYLE('',#124,POSITIVE_LENGTH_MEASURE(2.E-2),#69);
#3039=PRESENTATION_STYLE_ASSIGNMENT((#3038));
#3040=STYLED_ITEM('',(#3039),#3037);
#3041=DIRECTION('',(0.E0,1.E0,0.E0));
#3042=VECTOR('',#3041,8.5E0);
#3043=CARTESIAN_POINT('',(-1.482611355476E1,5.5E0,-6.962627648772E1));
#3044=LINE('',#3043,#3042);
#3045=CURVE_STYLE('',#124,POSITIVE_LENGTH_MEASURE(2.E-2),#69);
#3046=PRESENTATION_STYLE_ASSIGNMENT((#3045));
#3047=STYLED_ITEM('',(#3046),#3044);
#3048=DIRECTION('',(0.E0,1.E0,0.E0));
#3049=VECTOR('',#3048,8.5E0);
#3050=CARTESIAN_POINT('',(-1.482611355476E1,5.5E0,-6.412627648772E1));
#3051=LINE('',#3050,#3049);
#3052=CURVE_STYLE('',#124,POSITIVE_LENGTH_MEASURE(2.E-2),#69);
#3053=PRESENTATION_STYLE_ASSIGNMENT((#3052));
#3054=STYLED_ITEM('',(#3053),#3051);
#3055=CARTESIAN_POINT('',(-1.482611355476E1,5.5E0,-6.687627648772E1));
#3056=DIRECTION('',(0.E0,-1.E0,0.E0));
#3057=DIRECTION('',(0.E0,0.E0,-1.E0));
#3058=AXIS2_PLACEMENT_3D('',#3055,#3056,#3057);
#3060=CURVE_STYLE('',#124,POSITIVE_LENGTH_MEASURE(2.E-2),#69);
#3061=PRESENTATION_STYLE_ASSIGNMENT((#3060));
#3062=STYLED_ITEM('',(#3061),#3059);
#3063=CARTESIAN_POINT('',(-1.482611355476E1,5.5E0,-6.687627648772E1));
#3064=DIRECTION('',(0.E0,-1.E0,0.E0));
#3065=DIRECTION('',(0.E0,0.E0,1.E0));
#3066=AXIS2_PLACEMENT_3D('',#3063,#3064,#3065);
#3068=CURVE_STYLE('',#124,POSITIVE_LENGTH_MEASURE(2.E-2),#69);
#3069=PRESENTATION_STYLE_ASSIGNMENT((#3068));
#3070=STYLED_ITEM('',(#3069),#3067);
#3071=CARTESIAN_POINT('',(-1.482611355476E1,5.5E0,-6.687627648772E1));
#3072=DIRECTION('',(0.E0,1.E0,0.E0));
#3073=DIRECTION('',(0.E0,0.E0,1.E0));
#3074=AXIS2_PLACEMENT_3D('',#3071,#3072,#3073);
#3076=CURVE_STYLE('',#124,POSITIVE_LENGTH_MEASURE(2.E-2),#69);
#3077=PRESENTATION_STYLE_ASSIGNMENT((#3076));
#3078=STYLED_ITEM('',(#3077),#3075);
#3079=CARTESIAN_POINT('',(-1.482611355476E1,5.5E0,-6.687627648772E1));
#3080=DIRECTION('',(0.E0,1.E0,0.E0));
#3081=DIRECTION('',(0.E0,0.E0,-1.E0));
#3082=AXIS2_PLACEMENT_3D('',#3079,#3080,#3081);
#3084=CURVE_STYLE('',#124,POSITIVE_LENGTH_MEASURE(2.E-2),#69);
#3085=PRESENTATION_STYLE_ASSIGNMENT((#3084));
#3086=STYLED_ITEM('',(#3085),#3083);
#3087=DIRECTION('',(0.E0,1.E0,0.E0));
#3088=VECTOR('',#3087,5.5E0);
#3089=CARTESIAN_POINT('',(-1.482611355476E1,0.E0,-6.217627648772E1));
#3090=LINE('',#3089,#3088);
#3091=CURVE_STYLE('',#124,POSITIVE_LENGTH_MEASURE(2.E-2),#69);
#3092=PRESENTATION_STYLE_ASSIGNMENT((#3091));
#3093=STYLED_ITEM('',(#3092),#3090);
#3094=DIRECTION('',(0.E0,1.E0,0.E0));
#3095=VECTOR('',#3094,5.5E0);
#3096=CARTESIAN_POINT('',(-1.482611355476E1,0.E0,-7.157627648772E1));
#3097=LINE('',#3096,#3095);
#3098=CURVE_STYLE('',#124,POSITIVE_LENGTH_MEASURE(2.E-2),#69);
#3099=PRESENTATION_STYLE_ASSIGNMENT((#3098));
#3100=STYLED_ITEM('',(#3099),#3097);
#3101=DIRECTION('',(0.E0,1.E0,0.E0));
#3102=VECTOR('',#3101,8.5E0);
#3103=CARTESIAN_POINT('',(5.050349757149E1,5.5E0,-4.902792922167E1));
#3104=LINE('',#3103,#3102);
#3105=CURVE_STYLE('',#124,POSITIVE_LENGTH_MEASURE(2.E-2),#69);
#3106=PRESENTATION_STYLE_ASSIGNMENT((#3105));
#3107=STYLED_ITEM('',(#3106),#3104);
#3108=DIRECTION('',(0.E0,1.E0,0.E0));
#3109=VECTOR('',#3108,8.5E0);
#3110=CARTESIAN_POINT('',(5.050349757149E1,5.5E0,-4.352792922167E1));
#3111=LINE('',#3110,#3109);
#3112=CURVE_STYLE('',#124,POSITIVE_LENGTH_MEASURE(2.E-2),#69);
#3113=PRESENTATION_STYLE_ASSIGNMENT((#3112));
#3114=STYLED_ITEM('',(#3113),#3111);
#3115=CARTESIAN_POINT('',(5.050349757149E1,5.5E0,-4.627792922167E1));
#3116=DIRECTION('',(0.E0,-1.E0,0.E0));
#3117=DIRECTION('',(0.E0,0.E0,-1.E0));
#3118=AXIS2_PLACEMENT_3D('',#3115,#3116,#3117);
#3120=CURVE_STYLE('',#124,POSITIVE_LENGTH_MEASURE(2.E-2),#69);
#3121=PRESENTATION_STYLE_ASSIGNMENT((#3120));
#3122=STYLED_ITEM('',(#3121),#3119);
#3123=CARTESIAN_POINT('',(5.050349757149E1,5.5E0,-4.627792922167E1));
#3124=DIRECTION('',(0.E0,-1.E0,0.E0));
#3125=DIRECTION('',(0.E0,0.E0,1.E0));
#3126=AXIS2_PLACEMENT_3D('',#3123,#3124,#3125);
#3128=CURVE_STYLE('',#124,POSITIVE_LENGTH_MEASURE(2.E-2),#69);
#3129=PRESENTATION_STYLE_ASSIGNMENT((#3128));
#3130=STYLED_ITEM('',(#3129),#3127);
#3131=CARTESIAN_POINT('',(5.050349757149E1,5.5E0,-4.627792922167E1));
#3132=DIRECTION('',(0.E0,1.E0,0.E0));
#3133=DIRECTION('',(0.E0,0.E0,1.E0));
#3134=AXIS2_PLACEMENT_3D('',#3131,#3132,#3133);
#3136=CURVE_STYLE('',#124,POSITIVE_LENGTH_MEASURE(2.E-2),#69);
#3137=PRESENTATION_STYLE_ASSIGNMENT((#3136));
#3138=STYLED_ITEM('',(#3137),#3135);
#3139=CARTESIAN_POINT('',(5.050349757149E1,5.5E0,-4.627792922167E1));
#3140=DIRECTION('',(0.E0,1.E0,0.E0));
#3141=DIRECTION('',(0.E0,0.E0,-1.E0));
#3142=AXIS2_PLACEMENT_3D('',#3139,#3140,#3141);
#3144=CURVE_STYLE('',#124,POSITIVE_LENGTH_MEASURE(2.E-2),#69);
#3145=PRESENTATION_STYLE_ASSIGNMENT((#3144));
#3146=STYLED_ITEM('',(#3145),#3143);
#3147=DIRECTION('',(0.E0,1.E0,0.E0));
#3148=VECTOR('',#3147,5.5E0);
#3149=CARTESIAN_POINT('',(5.050349757149E1,0.E0,-4.157792922167E1));
#3150=LINE('',#3149,#3148);
#3151=CURVE_STYLE('',#124,POSITIVE_LENGTH_MEASURE(2.E-2),#69);
#3152=PRESENTATION_STYLE_ASSIGNMENT((#3151));
#3153=STYLED_ITEM('',(#3152),#3150);
#3154=DIRECTION('',(0.E0,1.E0,0.E0));
#3155=VECTOR('',#3154,5.5E0);
#3156=CARTESIAN_POINT('',(5.050349757149E1,0.E0,-5.097792922167E1));
#3157=LINE('',#3156,#3155);
#3158=CURVE_STYLE('',#124,POSITIVE_LENGTH_MEASURE(2.E-2),#69);
#3159=PRESENTATION_STYLE_ASSIGNMENT((#3158));
#3160=STYLED_ITEM('',(#3159),#3157);
#3161=DIRECTION('',(0.E0,1.E0,0.E0));
#3162=VECTOR('',#3161,8.5E0);
#3163=CARTESIAN_POINT('',(6.532961112625E1,5.5E0,1.784834726604E1));
#3164=LINE('',#3163,#3162);
#3165=CURVE_STYLE('',#124,POSITIVE_LENGTH_MEASURE(2.E-2),#69);
#3166=PRESENTATION_STYLE_ASSIGNMENT((#3165));
#3167=STYLED_ITEM('',(#3166),#3164);
#3168=DIRECTION('',(0.E0,1.E0,0.E0));
#3169=VECTOR('',#3168,8.5E0);
#3170=CARTESIAN_POINT('',(6.532961112625E1,5.5E0,2.334834726604E1));
#3171=LINE('',#3170,#3169);
#3172=CURVE_STYLE('',#124,POSITIVE_LENGTH_MEASURE(2.E-2),#69);
#3173=PRESENTATION_STYLE_ASSIGNMENT((#3172));
#3174=STYLED_ITEM('',(#3173),#3171);
#3175=CARTESIAN_POINT('',(6.532961112625E1,5.5E0,2.059834726604E1));
#3176=DIRECTION('',(0.E0,-1.E0,0.E0));
#3177=DIRECTION('',(0.E0,0.E0,-1.E0));
#3178=AXIS2_PLACEMENT_3D('',#3175,#3176,#3177);
#3180=CURVE_STYLE('',#124,POSITIVE_LENGTH_MEASURE(2.E-2),#69);
#3181=PRESENTATION_STYLE_ASSIGNMENT((#3180));
#3182=STYLED_ITEM('',(#3181),#3179);
#3183=CARTESIAN_POINT('',(6.532961112625E1,5.5E0,2.059834726604E1));
#3184=DIRECTION('',(0.E0,-1.E0,0.E0));
#3185=DIRECTION('',(0.E0,0.E0,1.E0));
#3186=AXIS2_PLACEMENT_3D('',#3183,#3184,#3185);
#3188=CURVE_STYLE('',#124,POSITIVE_LENGTH_MEASURE(2.E-2),#69);
#3189=PRESENTATION_STYLE_ASSIGNMENT((#3188));
#3190=STYLED_ITEM('',(#3189),#3187);
#3191=CARTESIAN_POINT('',(6.532961112625E1,5.5E0,2.059834726604E1));
#3192=DIRECTION('',(0.E0,1.E0,0.E0));
#3193=DIRECTION('',(0.E0,0.E0,1.E0));
#3194=AXIS2_PLACEMENT_3D('',#3191,#3192,#3193);
#3196=CURVE_STYLE('',#124,POSITIVE_LENGTH_MEASURE(2.E-2),#69);
#3197=PRESENTATION_STYLE_ASSIGNMENT((#3196));
#3198=STYLED_ITEM('',(#3197),#3195);
#3199=CARTESIAN_POINT('',(6.532961112625E1,5.5E0,2.059834726604E1));
#3200=DIRECTION('',(0.E0,1.E0,0.E0));
#3201=DIRECTION('',(0.E0,0.E0,-1.E0));
#3202=AXIS2_PLACEMENT_3D('',#3199,#3200,#3201);
#3204=CURVE_STYLE('',#124,POSITIVE_LENGTH_MEASURE(2.E-2),#69);
#3205=PRESENTATION_STYLE_ASSIGNMENT((#3204));
#3206=STYLED_ITEM('',(#3205),#3203);
#3207=DIRECTION('',(0.E0,1.E0,0.E0));
#3208=VECTOR('',#3207,5.5E0);
#3209=CARTESIAN_POINT('',(6.532961112625E1,0.E0,2.529834726604E1));
#3210=LINE('',#3209,#3208);
#3211=CURVE_STYLE('',#124,POSITIVE_LENGTH_MEASURE(2.E-2),#69);
#3212=PRESENTATION_STYLE_ASSIGNMENT((#3211));
#3213=STYLED_ITEM('',(#3212),#3210);
#3214=DIRECTION('',(0.E0,1.E0,0.E0));
#3215=VECTOR('',#3214,5.5E0);
#3216=CARTESIAN_POINT('',(6.532961112625E1,0.E0,1.589834726604E1));
#3217=LINE('',#3216,#3215);
#3218=CURVE_STYLE('',#124,POSITIVE_LENGTH_MEASURE(2.E-2),#69);
#3219=PRESENTATION_STYLE_ASSIGNMENT((#3218));
#3220=STYLED_ITEM('',(#3219),#3217);
#3221=DIRECTION('',(0.E0,1.E0,0.E0));
#3222=VECTOR('',#3221,1.E1);
#3223=CARTESIAN_POINT('',(1.482611355476E1,0.E0,6.897627648772E1));
#3224=LINE('',#3223,#3222);
#3225=CURVE_STYLE('',#124,POSITIVE_LENGTH_MEASURE(2.E-2),#69);
#3226=PRESENTATION_STYLE_ASSIGNMENT((#3225));
#3227=STYLED_ITEM('',(#3226),#3224);
#3228=DIRECTION('',(0.E0,1.E0,0.E0));
#3229=VECTOR('',#3228,1.E1);
#3230=CARTESIAN_POINT('',(1.482611355476E1,0.E0,6.477627648772E1));
#3231=LINE('',#3230,#3229);
#3232=CURVE_STYLE('',#124,POSITIVE_LENGTH_MEASURE(2.E-2),#69);
#3233=PRESENTATION_STYLE_ASSIGNMENT((#3232));
#3234=STYLED_ITEM('',(#3233),#3231);
#3235=DIRECTION('',(0.E0,5.150380749101E-1,8.571673007021E-1));
#3236=VECTOR('',#3235,2.449930134152E0);
#3237=CARTESIAN_POINT('',(1.482611355476E1,1.E1,6.477627648772E1));
#3238=LINE('',#3237,#3236);
#3239=CURVE_STYLE('',#124,POSITIVE_LENGTH_MEASURE(2.E-2),#69);
#3240=PRESENTATION_STYLE_ASSIGNMENT((#3239));
#3241=STYLED_ITEM('',(#3240),#3238);
#3242=CARTESIAN_POINT('',(1.482611355476E1,1.E1,6.687627648772E1));
#3243=DIRECTION('',(0.E0,-1.E0,0.E0));
#3244=DIRECTION('',(0.E0,0.E0,1.E0));
#3245=AXIS2_PLACEMENT_3D('',#3242,#3243,#3244);
#3247=CURVE_STYLE('',#124,POSITIVE_LENGTH_MEASURE(2.E-2),#69);
#3248=PRESENTATION_STYLE_ASSIGNMENT((#3247));
#3249=STYLED_ITEM('',(#3248),#3246);
#3250=DIRECTION('',(0.E0,5.150380749101E-1,-8.571673007021E-1));
#3251=VECTOR('',#3250,2.449930134152E0);
#3252=CARTESIAN_POINT('',(1.482611355476E1,1.E1,6.897627648772E1));
#3253=LINE('',#3252,#3251);
#3254=CURVE_STYLE('',#124,POSITIVE_LENGTH_MEASURE(2.E-2),#69);
#3255=PRESENTATION_STYLE_ASSIGNMENT((#3254));
#3256=STYLED_ITEM('',(#3255),#3253);
#3257=CARTESIAN_POINT('',(1.482611355476E1,1.E1,6.687627648772E1));
#3258=DIRECTION('',(0.E0,-1.E0,0.E0));
#3259=DIRECTION('',(0.E0,0.E0,-1.E0));
#3260=AXIS2_PLACEMENT_3D('',#3257,#3258,#3259);
#3262=CURVE_STYLE('',#124,POSITIVE_LENGTH_MEASURE(2.E-2),#69);
#3263=PRESENTATION_STYLE_ASSIGNMENT((#3262));
#3264=STYLED_ITEM('',(#3263),#3261);
#3265=DIRECTION('',(0.E0,1.E0,0.E0));
#3266=VECTOR('',#3265,6.702127356824E-1);
#3267=CARTESIAN_POINT('',(0.E0,4.673875265872E0,5.514749014326E1));
#3268=LINE('',#3267,#3266);
#3269=CURVE_STYLE('',#124,POSITIVE_LENGTH_MEASURE(2.E-2),#69);
#3270=PRESENTATION_STYLE_ASSIGNMENT((#3269));
#3271=STYLED_ITEM('',(#3270),#3268);
#3272=DIRECTION('',(0.E0,1.E0,0.E0));
#3273=VECTOR('',#3272,1.5E1);
#3274=CARTESIAN_POINT('',(-4.375E1,5.E-1,2.249999999999E0));
#3275=LINE('',#3274,#3273);
#3276=CURVE_STYLE('',#124,POSITIVE_LENGTH_MEASURE(2.E-2),#69);
#3277=PRESENTATION_STYLE_ASSIGNMENT((#3276));
#3278=STYLED_ITEM('',(#3277),#3275);
#3279=DIRECTION('',(0.E0,1.E0,0.E0));
#3280=VECTOR('',#3279,1.5E1);
#3281=CARTESIAN_POINT('',(-4.375E1,5.E-1,-2.250000000001E0));
#3282=LINE('',#3281,#3280);
#3283=CURVE_STYLE('',#124,POSITIVE_LENGTH_MEASURE(2.E-2),#69);
#3284=PRESENTATION_STYLE_ASSIGNMENT((#3283));
#3285=STYLED_ITEM('',(#3284),#3282);
#3286=CARTESIAN_POINT('',(-4.375E1,1.55E1,-5.882247407262E-13));
#3287=DIRECTION('',(0.E0,-1.E0,0.E0));
#3288=DIRECTION('',(0.E0,0.E0,-1.E0));
#3289=AXIS2_PLACEMENT_3D('',#3286,#3287,#3288);
#3291=CURVE_STYLE('',#124,POSITIVE_LENGTH_MEASURE(2.E-2),#69);
#3292=PRESENTATION_STYLE_ASSIGNMENT((#3291));
#3293=STYLED_ITEM('',(#3292),#3290);
#3294=CARTESIAN_POINT('',(-4.375E1,1.55E1,-5.882247407262E-13));
#3295=DIRECTION('',(0.E0,-1.E0,0.E0));
#3296=DIRECTION('',(0.E0,0.E0,1.E0));
#3297=AXIS2_PLACEMENT_3D('',#3294,#3295,#3296);
#3299=CURVE_STYLE('',#124,POSITIVE_LENGTH_MEASURE(2.E-2),#69);
#3300=PRESENTATION_STYLE_ASSIGNMENT((#3299));
#3301=STYLED_ITEM('',(#3300),#3298);
#3302=CARTESIAN_POINT('',(-4.375E1,1.55E1,-5.882247407262E-13));
#3303=DIRECTION('',(0.E0,-1.E0,0.E0));
#3304=DIRECTION('',(1.E0,0.E0,0.E0));
#3305=AXIS2_PLACEMENT_3D('',#3302,#3303,#3304);
#3307=CURVE_STYLE('',#124,POSITIVE_LENGTH_MEASURE(2.E-2),#69);
#3308=PRESENTATION_STYLE_ASSIGNMENT((#3307));
#3309=STYLED_ITEM('',(#3308),#3306);
#3310=CARTESIAN_POINT('',(-4.375E1,1.55E1,-5.883180837570E-13));
#3311=DIRECTION('',(0.E0,1.E0,0.E0));
#3312=DIRECTION('',(0.E0,0.E0,1.E0));
#3313=AXIS2_PLACEMENT_3D('',#3310,#3311,#3312);
#3315=CURVE_STYLE('',#124,POSITIVE_LENGTH_MEASURE(2.E-2),#69);
#3316=PRESENTATION_STYLE_ASSIGNMENT((#3315));
#3317=STYLED_ITEM('',(#3316),#3314);
#3318=CARTESIAN_POINT('',(-4.375E1,1.55E1,-5.883180837570E-13));
#3319=DIRECTION('',(0.E0,1.E0,0.E0));
#3320=DIRECTION('',(0.E0,0.E0,-1.E0));
#3321=AXIS2_PLACEMENT_3D('',#3318,#3319,#3320);
#3323=CURVE_STYLE('',#124,POSITIVE_LENGTH_MEASURE(2.E-2),#69);
#3324=PRESENTATION_STYLE_ASSIGNMENT((#3323));
#3325=STYLED_ITEM('',(#3324),#3322);
#3326=DIRECTION('',(0.E0,1.E0,0.E0));
#3327=VECTOR('',#3326,9.5E0);
#3328=CARTESIAN_POINT('',(-4.375E1,1.55E1,1.649999999999E0));
#3329=LINE('',#3328,#3327);
#3330=CURVE_STYLE('',#124,POSITIVE_LENGTH_MEASURE(2.E-2),#69);
#3331=PRESENTATION_STYLE_ASSIGNMENT((#3330));
#3332=STYLED_ITEM('',(#3331),#3329);
#3333=DIRECTION('',(0.E0,1.E0,0.E0));
#3334=VECTOR('',#3333,9.5E0);
#3335=CARTESIAN_POINT('',(-4.375E1,1.55E1,-1.650000000001E0));
#3336=LINE('',#3335,#3334);
#3337=CURVE_STYLE('',#124,POSITIVE_LENGTH_MEASURE(2.E-2),#69);
#3338=PRESENTATION_STYLE_ASSIGNMENT((#3337));
#3339=STYLED_ITEM('',(#3338),#3336);
#3340=DIRECTION('',(0.E0,5.150380749101E-1,8.571673007021E-1));
#3341=VECTOR('',#3340,1.924945105405E0);
#3342=CARTESIAN_POINT('',(-4.375E1,2.5E1,-1.650000000001E0));
#3343=LINE('',#3342,#3341);
#3344=CURVE_STYLE('',#124,POSITIVE_LENGTH_MEASURE(2.E-2),#69);
#3345=PRESENTATION_STYLE_ASSIGNMENT((#3344));
#3346=STYLED_ITEM('',(#3345),#3343);
#3347=CARTESIAN_POINT('',(-4.375E1,2.5E1,-5.883180837570E-13));
#3348=DIRECTION('',(0.E0,-1.E0,0.E0));
#3349=DIRECTION('',(0.E0,0.E0,1.E0));
#3350=AXIS2_PLACEMENT_3D('',#3347,#3348,#3349);
#3352=CURVE_STYLE('',#124,POSITIVE_LENGTH_MEASURE(2.E-2),#69);
#3353=PRESENTATION_STYLE_ASSIGNMENT((#3352));
#3354=STYLED_ITEM('',(#3353),#3351);
#3355=DIRECTION('',(0.E0,5.150380749101E-1,-8.571673007021E-1));
#3356=VECTOR('',#3355,1.924945105405E0);
#3357=CARTESIAN_POINT('',(-4.375E1,2.5E1,1.649999999999E0));
#3358=LINE('',#3357,#3356);
#3359=CURVE_STYLE('',#124,POSITIVE_LENGTH_MEASURE(2.E-2),#69);
#3360=PRESENTATION_STYLE_ASSIGNMENT((#3359));
#3361=STYLED_ITEM('',(#3360),#3358);
#3362=CARTESIAN_POINT('',(-4.375E1,2.5E1,-5.883180837570E-13));
#3363=DIRECTION('',(0.E0,-1.E0,0.E0));
#3364=DIRECTION('',(0.E0,0.E0,-1.E0));
#3365=AXIS2_PLACEMENT_3D('',#3362,#3363,#3364);
#3367=CURVE_STYLE('',#124,POSITIVE_LENGTH_MEASURE(2.E-2),#69);
#3368=PRESENTATION_STYLE_ASSIGNMENT((#3367));
#3369=STYLED_ITEM('',(#3368),#3366);
#3370=DIRECTION('',(0.E0,1.E0,0.E0));
#3371=VECTOR('',#3370,1.5E1);
#3372=CARTESIAN_POINT('',(-4.594032025864E-13,5.E-1,4.6E1));
#3373=LINE('',#3372,#3371);
#3374=CURVE_STYLE('',#124,POSITIVE_LENGTH_MEASURE(2.E-2),#69);
#3375=PRESENTATION_STYLE_ASSIGNMENT((#3374));
#3376=STYLED_ITEM('',(#3375),#3373);
#3377=DIRECTION('',(0.E0,1.E0,0.E0));
#3378=VECTOR('',#3377,1.5E1);
#3379=CARTESIAN_POINT('',(-4.550336450544E-13,5.E-1,4.15E1));
#3380=LINE('',#3379,#3378);
#3381=CURVE_STYLE('',#124,POSITIVE_LENGTH_MEASURE(2.E-2),#69);
#3382=PRESENTATION_STYLE_ASSIGNMENT((#3381));
#3383=STYLED_ITEM('',(#3382),#3380);
#3384=CARTESIAN_POINT('',(-4.549012466086E-13,1.55E1,4.375E1));
#3385=DIRECTION('',(0.E0,-1.E0,0.E0));
#3386=DIRECTION('',(0.E0,0.E0,-1.E0));
#3387=AXIS2_PLACEMENT_3D('',#3384,#3385,#3386);
#3389=CURVE_STYLE('',#124,POSITIVE_LENGTH_MEASURE(2.E-2),#69);
#3390=PRESENTATION_STYLE_ASSIGNMENT((#3389));
#3391=STYLED_ITEM('',(#3390),#3388);
#3392=CARTESIAN_POINT('',(-4.549012466086E-13,1.55E1,4.375E1));
#3393=DIRECTION('',(0.E0,-1.E0,0.E0));
#3394=DIRECTION('',(0.E0,0.E0,1.E0));
#3395=AXIS2_PLACEMENT_3D('',#3392,#3393,#3394);
#3397=CURVE_STYLE('',#124,POSITIVE_LENGTH_MEASURE(2.E-2),#69);
#3398=PRESENTATION_STYLE_ASSIGNMENT((#3397));
#3399=STYLED_ITEM('',(#3398),#3396);
#3400=CARTESIAN_POINT('',(-4.549945896394E-13,1.55E1,4.375E1));
#3401=DIRECTION('',(0.E0,1.E0,0.E0));
#3402=DIRECTION('',(0.E0,0.E0,1.E0));
#3403=AXIS2_PLACEMENT_3D('',#3400,#3401,#3402);
#3405=CURVE_STYLE('',#124,POSITIVE_LENGTH_MEASURE(2.E-2),#69);
#3406=PRESENTATION_STYLE_ASSIGNMENT((#3405));
#3407=STYLED_ITEM('',(#3406),#3404);
#3408=CARTESIAN_POINT('',(-4.549945896394E-13,1.55E1,4.375E1));
#3409=DIRECTION('',(0.E0,1.E0,0.E0));
#3410=DIRECTION('',(0.E0,0.E0,-1.E0));
#3411=AXIS2_PLACEMENT_3D('',#3408,#3409,#3410);
#3413=CURVE_STYLE('',#124,POSITIVE_LENGTH_MEASURE(2.E-2),#69);
#3414=PRESENTATION_STYLE_ASSIGNMENT((#3413));
#3415=STYLED_ITEM('',(#3414),#3412);
#3416=DIRECTION('',(0.E0,1.E0,0.E0));
#3417=VECTOR('',#3416,9.5E0);
#3418=CARTESIAN_POINT('',(-4.547925251420E-13,1.55E1,4.54E1));
#3419=LINE('',#3418,#3417);
#3420=CURVE_STYLE('',#124,POSITIVE_LENGTH_MEASURE(2.E-2),#69);
#3421=PRESENTATION_STYLE_ASSIGNMENT((#3420));
#3422=STYLED_ITEM('',(#3421),#3419);
#3423=DIRECTION('',(0.E0,1.E0,0.E0));
#3424=VECTOR('',#3423,9.5E0);
#3425=CARTESIAN_POINT('',(-4.551964706689E-13,1.55E1,4.21E1));
#3426=LINE('',#3425,#3424);
#3427=CURVE_STYLE('',#124,POSITIVE_LENGTH_MEASURE(2.E-2),#69);
#3428=PRESENTATION_STYLE_ASSIGNMENT((#3427));
#3429=STYLED_ITEM('',(#3428),#3426);
#3430=DIRECTION('',(0.E0,5.150380749101E-1,8.571673007021E-1));
#3431=VECTOR('',#3430,1.924945105405E0);
#3432=CARTESIAN_POINT('',(-4.551966563612E-13,2.5E1,4.21E1));
#3433=LINE('',#3432,#3431);
#3434=CURVE_STYLE('',#124,POSITIVE_LENGTH_MEASURE(2.E-2),#69);
#3435=PRESENTATION_STYLE_ASSIGNMENT((#3434));
#3436=STYLED_ITEM('',(#3435),#3433);
#3437=CARTESIAN_POINT('',(-4.549945896394E-13,2.5E1,4.375E1));
#3438=DIRECTION('',(0.E0,-1.E0,0.E0));
#3439=DIRECTION('',(0.E0,0.E0,1.E0));
#3440=AXIS2_PLACEMENT_3D('',#3437,#3438,#3439);
#3442=CURVE_STYLE('',#124,POSITIVE_LENGTH_MEASURE(2.E-2),#69);
#3443=PRESENTATION_STYLE_ASSIGNMENT((#3442));
#3444=STYLED_ITEM('',(#3443),#3441);
#3445=DIRECTION('',(0.E0,5.150380749101E-1,-8.571673007021E-1));
#3446=VECTOR('',#3445,1.924945105405E0);
#3447=CARTESIAN_POINT('',(-4.547925229175E-13,2.5E1,4.54E1));
#3448=LINE('',#3447,#3446);
#3449=CURVE_STYLE('',#124,POSITIVE_LENGTH_MEASURE(2.E-2),#69);
#3450=PRESENTATION_STYLE_ASSIGNMENT((#3449));
#3451=STYLED_ITEM('',(#3450),#3448);
#3452=CARTESIAN_POINT('',(-4.549945896394E-13,2.5E1,4.375E1));
#3453=DIRECTION('',(0.E0,-1.E0,0.E0));
#3454=DIRECTION('',(0.E0,0.E0,-1.E0));
#3455=AXIS2_PLACEMENT_3D('',#3452,#3453,#3454);
#3457=CURVE_STYLE('',#124,POSITIVE_LENGTH_MEASURE(2.E-2),#69);
#3458=PRESENTATION_STYLE_ASSIGNMENT((#3457));
#3459=STYLED_ITEM('',(#3458),#3456);
#3460=DIRECTION('',(0.E0,1.E0,0.E0));
#3461=VECTOR('',#3460,1.5E1);
#3462=CARTESIAN_POINT('',(4.375E1,5.E-1,2.25E0));
#3463=LINE('',#3462,#3461);
#3464=CURVE_STYLE('',#124,POSITIVE_LENGTH_MEASURE(2.E-2),#69);
#3465=PRESENTATION_STYLE_ASSIGNMENT((#3464));
#3466=STYLED_ITEM('',(#3465),#3463);
#3467=DIRECTION('',(0.E0,1.E0,0.E0));
#3468=VECTOR('',#3467,1.5E1);
#3469=CARTESIAN_POINT('',(4.375E1,5.E-1,-2.25E0));
#3470=LINE('',#3469,#3468);
#3471=CURVE_STYLE('',#124,POSITIVE_LENGTH_MEASURE(2.E-2),#69);
#3472=PRESENTATION_STYLE_ASSIGNMENT((#3471));
#3473=STYLED_ITEM('',(#3472),#3470);
#3474=CARTESIAN_POINT('',(4.375E1,1.55E1,3.118633010255E-13));
#3475=DIRECTION('',(0.E0,-1.E0,0.E0));
#3476=DIRECTION('',(0.E0,0.E0,-1.E0));
#3477=AXIS2_PLACEMENT_3D('',#3474,#3475,#3476);
#3479=CURVE_STYLE('',#124,POSITIVE_LENGTH_MEASURE(2.E-2),#69);
#3480=PRESENTATION_STYLE_ASSIGNMENT((#3479));
#3481=STYLED_ITEM('',(#3480),#3478);
#3482=CARTESIAN_POINT('',(4.375E1,1.55E1,3.118633010255E-13));
#3483=DIRECTION('',(0.E0,-1.E0,0.E0));
#3484=DIRECTION('',(-1.E0,0.E0,0.E0));
#3485=AXIS2_PLACEMENT_3D('',#3482,#3483,#3484);
#3487=CURVE_STYLE('',#124,POSITIVE_LENGTH_MEASURE(2.E-2),#69);
#3488=PRESENTATION_STYLE_ASSIGNMENT((#3487));
#3489=STYLED_ITEM('',(#3488),#3486);
#3490=CARTESIAN_POINT('',(4.375E1,1.55E1,3.118633010255E-13));
#3491=DIRECTION('',(0.E0,-1.E0,0.E0));
#3492=DIRECTION('',(0.E0,0.E0,1.E0));
#3493=AXIS2_PLACEMENT_3D('',#3490,#3491,#3492);
#3495=CURVE_STYLE('',#124,POSITIVE_LENGTH_MEASURE(2.E-2),#69);
#3496=PRESENTATION_STYLE_ASSIGNMENT((#3495));
#3497=STYLED_ITEM('',(#3496),#3494);
#3498=CARTESIAN_POINT('',(4.375E1,1.55E1,3.119566440563E-13));
#3499=DIRECTION('',(0.E0,1.E0,0.E0));
#3500=DIRECTION('',(0.E0,0.E0,1.E0));
#3501=AXIS2_PLACEMENT_3D('',#3498,#3499,#3500);
#3503=CURVE_STYLE('',#124,POSITIVE_LENGTH_MEASURE(2.E-2),#69);
#3504=PRESENTATION_STYLE_ASSIGNMENT((#3503));
#3505=STYLED_ITEM('',(#3504),#3502);
#3506=CARTESIAN_POINT('',(4.375E1,1.55E1,3.119566440563E-13));
#3507=DIRECTION('',(0.E0,1.E0,0.E0));
#3508=DIRECTION('',(0.E0,0.E0,-1.E0));
#3509=AXIS2_PLACEMENT_3D('',#3506,#3507,#3508);
#3511=CURVE_STYLE('',#124,POSITIVE_LENGTH_MEASURE(2.E-2),#69);
#3512=PRESENTATION_STYLE_ASSIGNMENT((#3511));
#3513=STYLED_ITEM('',(#3512),#3510);
#3514=DIRECTION('',(0.E0,1.E0,0.E0));
#3515=VECTOR('',#3514,9.5E0);
#3516=CARTESIAN_POINT('',(4.375E1,1.55E1,1.65E0));
#3517=LINE('',#3516,#3515);
#3518=CURVE_STYLE('',#124,POSITIVE_LENGTH_MEASURE(2.E-2),#69);
#3519=PRESENTATION_STYLE_ASSIGNMENT((#3518));
#3520=STYLED_ITEM('',(#3519),#3517);
#3521=DIRECTION('',(0.E0,1.E0,0.E0));
#3522=VECTOR('',#3521,9.5E0);
#3523=CARTESIAN_POINT('',(4.375E1,1.55E1,-1.65E0));
#3524=LINE('',#3523,#3522);
#3525=CURVE_STYLE('',#124,POSITIVE_LENGTH_MEASURE(2.E-2),#69);
#3526=PRESENTATION_STYLE_ASSIGNMENT((#3525));
#3527=STYLED_ITEM('',(#3526),#3524);
#3528=DIRECTION('',(0.E0,5.150380749101E-1,8.571673007021E-1));
#3529=VECTOR('',#3528,1.924945105405E0);
#3530=CARTESIAN_POINT('',(4.375E1,2.5E1,-1.65E0));
#3531=LINE('',#3530,#3529);
#3532=CURVE_STYLE('',#124,POSITIVE_LENGTH_MEASURE(2.E-2),#69);
#3533=PRESENTATION_STYLE_ASSIGNMENT((#3532));
#3534=STYLED_ITEM('',(#3533),#3531);
#3535=CARTESIAN_POINT('',(4.375E1,2.5E1,3.119566440563E-13));
#3536=DIRECTION('',(0.E0,-1.E0,0.E0));
#3537=DIRECTION('',(0.E0,0.E0,1.E0));
#3538=AXIS2_PLACEMENT_3D('',#3535,#3536,#3537);
#3540=CURVE_STYLE('',#124,POSITIVE_LENGTH_MEASURE(2.E-2),#69);
#3541=PRESENTATION_STYLE_ASSIGNMENT((#3540));
#3542=STYLED_ITEM('',(#3541),#3539);
#3543=DIRECTION('',(0.E0,5.150380749101E-1,-8.571673007021E-1));
#3544=VECTOR('',#3543,1.924945105405E0);
#3545=CARTESIAN_POINT('',(4.375E1,2.5E1,1.65E0));
#3546=LINE('',#3545,#3544);
#3547=CURVE_STYLE('',#124,POSITIVE_LENGTH_MEASURE(2.E-2),#69);
#3548=PRESENTATION_STYLE_ASSIGNMENT((#3547));
#3549=STYLED_ITEM('',(#3548),#3546);
#3550=CARTESIAN_POINT('',(4.375E1,2.5E1,3.119566440563E-13));
#3551=DIRECTION('',(0.E0,-1.E0,0.E0));
#3552=DIRECTION('',(0.E0,0.E0,-1.E0));
#3553=AXIS2_PLACEMENT_3D('',#3550,#3551,#3552);
#3555=CURVE_STYLE('',#124,POSITIVE_LENGTH_MEASURE(2.E-2),#69);
#3556=PRESENTATION_STYLE_ASSIGNMENT((#3555));
#3557=STYLED_ITEM('',(#3556),#3554);
#3558=DIRECTION('',(0.E0,1.E0,0.E0));
#3559=VECTOR('',#3558,1.5E1);
#3560=CARTESIAN_POINT('',(1.695773528423E-13,5.E-1,-4.15E1));
#3561=LINE('',#3560,#3559);
#3562=CURVE_STYLE('',#124,POSITIVE_LENGTH_MEASURE(2.E-2),#69);
#3563=PRESENTATION_STYLE_ASSIGNMENT((#3562));
#3564=STYLED_ITEM('',(#3563),#3561);
#3565=DIRECTION('',(0.E0,1.E0,0.E0));
#3566=VECTOR('',#3565,1.5E1);
#3567=CARTESIAN_POINT('',(1.692099588026E-13,5.E-1,-4.6E1));
#3568=LINE('',#3567,#3566);
#3569=CURVE_STYLE('',#124,POSITIVE_LENGTH_MEASURE(2.E-2),#69);
#3570=PRESENTATION_STYLE_ASSIGNMENT((#3569));
#3571=STYLED_ITEM('',(#3570),#3568);
#3572=CARTESIAN_POINT('',(1.688253554425E-13,1.55E1,-4.375E1));
#3573=DIRECTION('',(0.E0,-1.E0,0.E0));
#3574=DIRECTION('',(0.E0,0.E0,-1.E0));
#3575=AXIS2_PLACEMENT_3D('',#3572,#3573,#3574);
#3577=CURVE_STYLE('',#124,POSITIVE_LENGTH_MEASURE(2.E-2),#69);
#3578=PRESENTATION_STYLE_ASSIGNMENT((#3577));
#3579=STYLED_ITEM('',(#3578),#3576);
#3580=CARTESIAN_POINT('',(1.688253554425E-13,1.55E1,-4.375E1));
#3581=DIRECTION('',(0.E0,-1.E0,0.E0));
#3582=DIRECTION('',(0.E0,0.E0,1.E0));
#3583=AXIS2_PLACEMENT_3D('',#3580,#3581,#3582);
#3585=CURVE_STYLE('',#124,POSITIVE_LENGTH_MEASURE(2.E-2),#69);
#3586=PRESENTATION_STYLE_ASSIGNMENT((#3585));
#3587=STYLED_ITEM('',(#3586),#3584);
#3588=CARTESIAN_POINT('',(1.689186984732E-13,1.55E1,-4.375E1));
#3589=DIRECTION('',(0.E0,1.E0,0.E0));
#3590=DIRECTION('',(0.E0,0.E0,1.E0));
#3591=AXIS2_PLACEMENT_3D('',#3588,#3589,#3590);
#3593=CURVE_STYLE('',#124,POSITIVE_LENGTH_MEASURE(2.E-2),#69);
#3594=PRESENTATION_STYLE_ASSIGNMENT((#3593));
#3595=STYLED_ITEM('',(#3594),#3592);
#3596=CARTESIAN_POINT('',(1.689186984732E-13,1.55E1,-4.375E1));
#3597=DIRECTION('',(0.E0,1.E0,0.E0));
#3598=DIRECTION('',(0.E0,0.E0,-1.E0));
#3599=AXIS2_PLACEMENT_3D('',#3596,#3597,#3598);
#3601=CURVE_STYLE('',#124,POSITIVE_LENGTH_MEASURE(2.E-2),#69);
#3602=PRESENTATION_STYLE_ASSIGNMENT((#3601));
#3603=STYLED_ITEM('',(#3602),#3600);
#3604=DIRECTION('',(0.E0,1.E0,0.E0));
#3605=VECTOR('',#3604,9.5E0);
#3606=CARTESIAN_POINT('',(1.690222952776E-13,1.55E1,-4.21E1));
#3607=LINE('',#3606,#3605);
#3608=CURVE_STYLE('',#124,POSITIVE_LENGTH_MEASURE(2.E-2),#69);
#3609=PRESENTATION_STYLE_ASSIGNMENT((#3608));
#3610=STYLED_ITEM('',(#3609),#3607);
#3611=DIRECTION('',(0.E0,1.E0,0.E0));
#3612=VECTOR('',#3611,9.5E0);
#3613=CARTESIAN_POINT('',(1.687528729817E-13,1.55E1,-4.54E1));
#3614=LINE('',#3613,#3612);
#3615=CURVE_STYLE('',#124,POSITIVE_LENGTH_MEASURE(2.E-2),#69);
#3616=PRESENTATION_STYLE_ASSIGNMENT((#3615));
#3617=STYLED_ITEM('',(#3616),#3614);
#3618=DIRECTION('',(0.E0,5.150380749101E-1,8.571673007021E-1));
#3619=VECTOR('',#3618,1.924945105405E0);
#3620=CARTESIAN_POINT('',(1.687166317514E-13,2.5E1,-4.54E1));
#3621=LINE('',#3620,#3619);
#3622=CURVE_STYLE('',#124,POSITIVE_LENGTH_MEASURE(2.E-2),#69);
#3623=PRESENTATION_STYLE_ASSIGNMENT((#3622));
#3624=STYLED_ITEM('',(#3623),#3621);
#3625=CARTESIAN_POINT('',(1.689186984732E-13,2.5E1,-4.375E1));
#3626=DIRECTION('',(0.E0,-1.E0,0.E0));
#3627=DIRECTION('',(0.E0,0.E0,1.E0));
#3628=AXIS2_PLACEMENT_3D('',#3625,#3626,#3627);
#3630=CURVE_STYLE('',#124,POSITIVE_LENGTH_MEASURE(2.E-2),#69);
#3631=PRESENTATION_STYLE_ASSIGNMENT((#3630));
#3632=STYLED_ITEM('',(#3631),#3629);
#3633=DIRECTION('',(0.E0,5.150380749101E-1,-8.571673007021E-1));
#3634=VECTOR('',#3633,1.924945105405E0);
#3635=CARTESIAN_POINT('',(1.691207651951E-13,2.5E1,-4.21E1));
#3636=LINE('',#3635,#3634);
#3637=CURVE_STYLE('',#124,POSITIVE_LENGTH_MEASURE(2.E-2),#69);
#3638=PRESENTATION_STYLE_ASSIGNMENT((#3637));
#3639=STYLED_ITEM('',(#3638),#3636);
#3640=CARTESIAN_POINT('',(1.689186984732E-13,2.5E1,-4.375E1));
#3641=DIRECTION('',(0.E0,-1.E0,0.E0));
#3642=DIRECTION('',(0.E0,0.E0,-1.E0));
#3643=AXIS2_PLACEMENT_3D('',#3640,#3641,#3642);
#3645=CURVE_STYLE('',#124,POSITIVE_LENGTH_MEASURE(2.E-2),#69);
#3646=PRESENTATION_STYLE_ASSIGNMENT((#3645));
#3647=STYLED_ITEM('',(#3646),#3644);
#3648=DIRECTION('',(0.E0,-1.E0,0.E0));
#3649=VECTOR('',#3648,8.508580154035E0);
#3650=CARTESIAN_POINT('',(4.375E1,6.8E1,-1.65E0));
#3651=LINE('',#3650,#3649);
#3652=CURVE_STYLE('',#124,POSITIVE_LENGTH_MEASURE(2.E-2),#69);
#3653=PRESENTATION_STYLE_ASSIGNMENT((#3652));
#3654=STYLED_ITEM('',(#3653),#3651);
#3655=DIRECTION('',(0.E0,-1.E0,0.E0));
#3656=VECTOR('',#3655,8.508580154035E0);
#3657=CARTESIAN_POINT('',(4.375E1,6.8E1,1.65E0));
#3658=LINE('',#3657,#3656);
#3659=CURVE_STYLE('',#124,POSITIVE_LENGTH_MEASURE(2.E-2),#69);
#3660=PRESENTATION_STYLE_ASSIGNMENT((#3659));
#3661=STYLED_ITEM('',(#3660),#3658);
#3662=DIRECTION('',(0.E0,-5.150380079496E-1,-8.571673409360E-1));
#3663=VECTOR('',#3662,1.924945015052E0);
#3664=CARTESIAN_POINT('',(4.375E1,5.949141984596E1,1.65E0));
#3665=LINE('',#3664,#3663);
#3666=CURVE_STYLE('',#124,POSITIVE_LENGTH_MEASURE(2.E-2),#69);
#3667=PRESENTATION_STYLE_ASSIGNMENT((#3666));
#3668=STYLED_ITEM('',(#3667),#3665);
#3669=CARTESIAN_POINT('',(4.375E1,5.949141984597E1,-2.578740985939E-14));
#3670=DIRECTION('',(0.E0,1.E0,0.E0));
#3671=DIRECTION('',(0.E0,0.E0,-1.E0));
#3672=AXIS2_PLACEMENT_3D('',#3669,#3670,#3671);
#3674=CURVE_STYLE('',#124,POSITIVE_LENGTH_MEASURE(2.E-2),#69);
#3675=PRESENTATION_STYLE_ASSIGNMENT((#3674));
#3676=STYLED_ITEM('',(#3675),#3673);
#3677=DIRECTION('',(0.E0,-5.150380079496E-1,8.571673409360E-1));
#3678=VECTOR('',#3677,1.924945015052E0);
#3679=CARTESIAN_POINT('',(4.375E1,5.949141984596E1,-1.65E0));
#3680=LINE('',#3679,#3678);
#3681=CURVE_STYLE('',#124,POSITIVE_LENGTH_MEASURE(2.E-2),#69);
#3682=PRESENTATION_STYLE_ASSIGNMENT((#3681));
#3683=STYLED_ITEM('',(#3682),#3680);
#3684=CARTESIAN_POINT('',(4.375E1,5.949141984597E1,-2.578740985939E-14));
#3685=DIRECTION('',(0.E0,1.E0,0.E0));
#3686=DIRECTION('',(0.E0,0.E0,1.E0));
#3687=AXIS2_PLACEMENT_3D('',#3684,#3685,#3686);
#3689=CURVE_STYLE('',#124,POSITIVE_LENGTH_MEASURE(2.E-2),#69);
#3690=PRESENTATION_STYLE_ASSIGNMENT((#3689));
#3691=STYLED_ITEM('',(#3690),#3688);
#3692=DIRECTION('',(0.E0,-1.E0,0.E0));
#3693=VECTOR('',#3692,8.508580154035E0);
#3694=CARTESIAN_POINT('',(-4.375E1,6.8E1,-1.65E0));
#3695=LINE('',#3694,#3693);
#3696=CURVE_STYLE('',#124,POSITIVE_LENGTH_MEASURE(2.E-2),#69);
#3697=PRESENTATION_STYLE_ASSIGNMENT((#3696));
#3698=STYLED_ITEM('',(#3697),#3695);
#3699=DIRECTION('',(0.E0,-1.E0,0.E0));
#3700=VECTOR('',#3699,8.508580154035E0);
#3701=CARTESIAN_POINT('',(-4.375E1,6.8E1,1.65E0));
#3702=LINE('',#3701,#3700);
#3703=CURVE_STYLE('',#124,POSITIVE_LENGTH_MEASURE(2.E-2),#69);
#3704=PRESENTATION_STYLE_ASSIGNMENT((#3703));
#3705=STYLED_ITEM('',(#3704),#3702);
#3706=DIRECTION('',(0.E0,-5.150380079496E-1,-8.571673409360E-1));
#3707=VECTOR('',#3706,1.924945015052E0);
#3708=CARTESIAN_POINT('',(-4.375E1,5.949141984596E1,1.65E0));
#3709=LINE('',#3708,#3707);
#3710=CURVE_STYLE('',#124,POSITIVE_LENGTH_MEASURE(2.E-2),#69);
#3711=PRESENTATION_STYLE_ASSIGNMENT((#3710));
#3712=STYLED_ITEM('',(#3711),#3709);
#3713=CARTESIAN_POINT('',(-4.375E1,5.949141984597E1,-2.505740298413E-13));
#3714=DIRECTION('',(0.E0,1.E0,0.E0));
#3715=DIRECTION('',(0.E0,0.E0,-1.E0));
#3716=AXIS2_PLACEMENT_3D('',#3713,#3714,#3715);
#3718=CURVE_STYLE('',#124,POSITIVE_LENGTH_MEASURE(2.E-2),#69);
#3719=PRESENTATION_STYLE_ASSIGNMENT((#3718));
#3720=STYLED_ITEM('',(#3719),#3717);
#3721=DIRECTION('',(0.E0,-5.150380079496E-1,8.571673409360E-1));
#3722=VECTOR('',#3721,1.924945015052E0);
#3723=CARTESIAN_POINT('',(-4.375E1,5.949141984596E1,-1.65E0));
#3724=LINE('',#3723,#3722);
#3725=CURVE_STYLE('',#124,POSITIVE_LENGTH_MEASURE(2.E-2),#69);
#3726=PRESENTATION_STYLE_ASSIGNMENT((#3725));
#3727=STYLED_ITEM('',(#3726),#3724);
#3728=CARTESIAN_POINT('',(-4.375E1,5.949141984597E1,-2.505740298413E-13));
#3729=DIRECTION('',(0.E0,1.E0,0.E0));
#3730=DIRECTION('',(0.E0,0.E0,1.E0));
#3731=AXIS2_PLACEMENT_3D('',#3728,#3729,#3730);
#3733=CURVE_STYLE('',#124,POSITIVE_LENGTH_MEASURE(2.E-2),#69);
#3734=PRESENTATION_STYLE_ASSIGNMENT((#3733));
#3735=STYLED_ITEM('',(#3734),#3732);
#3736=CARTESIAN_POINT('',(2.468585264666E2,2.25E0,-1.626986839775E1));
#3737=DIRECTION('',(1.E0,0.E0,0.E0));
#3738=DIRECTION('',(0.E0,-1.E0,0.E0));
#3739=AXIS2_PLACEMENT_3D('',#3736,#3737,#3738);
#3741=CURVE_STYLE('',#124,POSITIVE_LENGTH_MEASURE(2.E-2),#69);
#3742=PRESENTATION_STYLE_ASSIGNMENT((#3741));
#3743=STYLED_ITEM('',(#3742),#3740);
#3744=CARTESIAN_POINT('',(2.468585264666E2,2.25E0,-1.326986839775E1));
#3745=DIRECTION('',(-1.E0,0.E0,0.E0));
#3746=DIRECTION('',(0.E0,-1.E0,0.E0));
#3747=AXIS2_PLACEMENT_3D('',#3744,#3745,#3746);
#3749=CURVE_STYLE('',#124,POSITIVE_LENGTH_MEASURE(2.E-2),#69);
#3750=PRESENTATION_STYLE_ASSIGNMENT((#3749));
#3751=STYLED_ITEM('',(#3750),#3748);
#3752=CARTESIAN_POINT('',(2.468585264666E2,7.5E-1,-1.476986839775E1));
#3753=DIRECTION('',(0.E0,-1.E0,0.E0));
#3754=DIRECTION('',(0.E0,0.E0,-1.E0));
#3755=AXIS2_PLACEMENT_3D('',#3752,#3753,#3754);
#3757=CURVE_STYLE('',#124,POSITIVE_LENGTH_MEASURE(2.E-2),#69);
#3758=PRESENTATION_STYLE_ASSIGNMENT((#3757));
#3759=STYLED_ITEM('',(#3758),#3756);
#3760=CARTESIAN_POINT('',(2.468585264666E2,7.5E-1,-1.476986839775E1));
#3761=DIRECTION('',(0.E0,-1.E0,0.E0));
#3762=DIRECTION('',(0.E0,0.E0,1.E0));
#3763=AXIS2_PLACEMENT_3D('',#3760,#3761,#3762);
#3765=CURVE_STYLE('',#124,POSITIVE_LENGTH_MEASURE(2.E-2),#69);
#3766=PRESENTATION_STYLE_ASSIGNMENT((#3765));
#3767=STYLED_ITEM('',(#3766),#3764);
#3768=CARTESIAN_POINT('',(1.204141910864E2,2.25E0,-1.626986839775E1));
#3769=DIRECTION('',(1.E0,0.E0,0.E0));
#3770=DIRECTION('',(0.E0,-1.E0,0.E0));
#3771=AXIS2_PLACEMENT_3D('',#3768,#3769,#3770);
#3773=CURVE_STYLE('',#124,POSITIVE_LENGTH_MEASURE(2.E-2),#69);
#3774=PRESENTATION_STYLE_ASSIGNMENT((#3773));
#3775=STYLED_ITEM('',(#3774),#3772);
#3776=CARTESIAN_POINT('',(1.204141910864E2,2.25E0,-1.326986839775E1));
#3777=DIRECTION('',(-1.E0,0.E0,0.E0));
#3778=DIRECTION('',(0.E0,-1.E0,0.E0));
#3779=AXIS2_PLACEMENT_3D('',#3776,#3777,#3778);
#3781=CURVE_STYLE('',#124,POSITIVE_LENGTH_MEASURE(2.E-2),#69);
#3782=PRESENTATION_STYLE_ASSIGNMENT((#3781));
#3783=STYLED_ITEM('',(#3782),#3780);
#3784=CARTESIAN_POINT('',(1.204141910864E2,7.5E-1,-1.476986839775E1));
#3785=DIRECTION('',(0.E0,-1.E0,0.E0));
#3786=DIRECTION('',(0.E0,0.E0,-1.E0));
#3787=AXIS2_PLACEMENT_3D('',#3784,#3785,#3786);
#3789=CURVE_STYLE('',#124,POSITIVE_LENGTH_MEASURE(2.E-2),#69);
#3790=PRESENTATION_STYLE_ASSIGNMENT((#3789));
#3791=STYLED_ITEM('',(#3790),#3788);
#3792=CARTESIAN_POINT('',(1.204141910864E2,7.5E-1,-1.476986839775E1));
#3793=DIRECTION('',(0.E0,-1.E0,0.E0));
#3794=DIRECTION('',(0.E0,0.E0,1.E0));
#3795=AXIS2_PLACEMENT_3D('',#3792,#3793,#3794);
#3797=CURVE_STYLE('',#124,POSITIVE_LENGTH_MEASURE(2.E-2),#69);
#3798=PRESENTATION_STYLE_ASSIGNMENT((#3797));
#3799=STYLED_ITEM('',(#3798),#3796);
#3800=CARTESIAN_POINT('',(1.204141910864E2,2.25E0,8.808568606523E1));
#3801=DIRECTION('',(1.E0,0.E0,0.E0));
#3802=DIRECTION('',(0.E0,-1.E0,0.E0));
#3803=AXIS2_PLACEMENT_3D('',#3800,#3801,#3802);
#3805=CURVE_STYLE('',#124,POSITIVE_LENGTH_MEASURE(2.E-2),#69);
#3806=PRESENTATION_STYLE_ASSIGNMENT((#3805));
#3807=STYLED_ITEM('',(#3806),#3804);
#3808=CARTESIAN_POINT('',(1.204141910864E2,2.25E0,9.108568606523E1));
#3809=DIRECTION('',(-1.E0,0.E0,0.E0));
#3810=DIRECTION('',(0.E0,-1.E0,0.E0));
#3811=AXIS2_PLACEMENT_3D('',#3808,#3809,#3810);
#3813=CURVE_STYLE('',#124,POSITIVE_LENGTH_MEASURE(2.E-2),#69);
#3814=PRESENTATION_STYLE_ASSIGNMENT((#3813));
#3815=STYLED_ITEM('',(#3814),#3812);
#3816=CARTESIAN_POINT('',(1.204141910864E2,7.5E-1,8.958568606523E1));
#3817=DIRECTION('',(0.E0,-1.E0,0.E0));
#3818=DIRECTION('',(0.E0,0.E0,-1.E0));
#3819=AXIS2_PLACEMENT_3D('',#3816,#3817,#3818);
#3821=CURVE_STYLE('',#124,POSITIVE_LENGTH_MEASURE(2.E-2),#69);
#3822=PRESENTATION_STYLE_ASSIGNMENT((#3821));
#3823=STYLED_ITEM('',(#3822),#3820);
#3824=CARTESIAN_POINT('',(1.204141910864E2,7.5E-1,8.958568606523E1));
#3825=DIRECTION('',(0.E0,-1.E0,0.E0));
#3826=DIRECTION('',(0.E0,0.E0,1.E0));
#3827=AXIS2_PLACEMENT_3D('',#3824,#3825,#3826);
#3829=CURVE_STYLE('',#124,POSITIVE_LENGTH_MEASURE(2.E-2),#69);
#3830=PRESENTATION_STYLE_ASSIGNMENT((#3829));
#3831=STYLED_ITEM('',(#3830),#3828);
#3832=CARTESIAN_POINT('',(2.468585264666E2,2.25E0,4.985731116225E1));
#3833=DIRECTION('',(1.E0,0.E0,0.E0));
#3834=DIRECTION('',(0.E0,-1.E0,0.E0));
#3835=AXIS2_PLACEMENT_3D('',#3832,#3833,#3834);
#3837=CURVE_STYLE('',#124,POSITIVE_LENGTH_MEASURE(2.E-2),#69);
#3838=PRESENTATION_STYLE_ASSIGNMENT((#3837));
#3839=STYLED_ITEM('',(#3838),#3836);
#3840=CARTESIAN_POINT('',(2.468585264666E2,2.25E0,5.285731116225E1));
#3841=DIRECTION('',(-1.E0,0.E0,0.E0));
#3842=DIRECTION('',(0.E0,-1.E0,0.E0));
#3843=AXIS2_PLACEMENT_3D('',#3840,#3841,#3842);
#3845=CURVE_STYLE('',#124,POSITIVE_LENGTH_MEASURE(2.E-2),#69);
#3846=PRESENTATION_STYLE_ASSIGNMENT((#3845));
#3847=STYLED_ITEM('',(#3846),#3844);
#3848=CARTESIAN_POINT('',(2.468585264666E2,7.5E-1,5.135731116225E1));
#3849=DIRECTION('',(0.E0,-1.E0,0.E0));
#3850=DIRECTION('',(0.E0,0.E0,-1.E0));
#3851=AXIS2_PLACEMENT_3D('',#3848,#3849,#3850);
#3853=CURVE_STYLE('',#124,POSITIVE_LENGTH_MEASURE(2.E-2),#69);
#3854=PRESENTATION_STYLE_ASSIGNMENT((#3853));
#3855=STYLED_ITEM('',(#3854),#3852);
#3856=CARTESIAN_POINT('',(2.468585264666E2,7.5E-1,5.135731116225E1));
#3857=DIRECTION('',(0.E0,-1.E0,0.E0));
#3858=DIRECTION('',(0.E0,0.E0,1.E0));
#3859=AXIS2_PLACEMENT_3D('',#3856,#3857,#3858);
#3861=CURVE_STYLE('',#124,POSITIVE_LENGTH_MEASURE(2.E-2),#69);
#3862=PRESENTATION_STYLE_ASSIGNMENT((#3861));
#3863=STYLED_ITEM('',(#3862),#3860);
#3864=DIRECTION('',(0.E0,0.E0,-1.E0));
#3865=VECTOR('',#3864,7.85E1);
#3866=CARTESIAN_POINT('',(2.515E2,6.555E1,5.83E1));
#3867=LINE('',#3866,#3865);
#3868=CURVE_STYLE('',#124,POSITIVE_LENGTH_MEASURE(2.E-2),#69);
#3869=PRESENTATION_STYLE_ASSIGNMENT((#3868));
#3870=STYLED_ITEM('',(#3869),#3867);
#3871=DIRECTION('',(0.E0,1.E0,0.E0));
#3872=VECTOR('',#3871,5.E-1);
#3873=CARTESIAN_POINT('',(2.515E2,6.555E1,-2.02E1));
#3874=LINE('',#3873,#3872);
#3875=CURVE_STYLE('',#124,POSITIVE_LENGTH_MEASURE(2.E-2),#69);
#3876=PRESENTATION_STYLE_ASSIGNMENT((#3875));
#3877=STYLED_ITEM('',(#3876),#3874);
#3878=DIRECTION('',(1.E0,0.E0,0.E0));
#3879=VECTOR('',#3878,6.7E1);
#3880=CARTESIAN_POINT('',(1.845E2,6.555E1,5.83E1));
#3881=LINE('',#3880,#3879);
#3882=CURVE_STYLE('',#124,POSITIVE_LENGTH_MEASURE(2.E-2),#69);
#3883=PRESENTATION_STYLE_ASSIGNMENT((#3882));
#3884=STYLED_ITEM('',(#3883),#3881);
#3885=DIRECTION('',(0.E0,1.E0,0.E0));
#3886=VECTOR('',#3885,5.E-1);
#3887=CARTESIAN_POINT('',(2.515E2,6.555E1,5.83E1));
#3888=LINE('',#3887,#3886);
#3889=CURVE_STYLE('',#124,POSITIVE_LENGTH_MEASURE(2.E-2),#69);
#3890=PRESENTATION_STYLE_ASSIGNMENT((#3889));
#3891=STYLED_ITEM('',(#3890),#3888);
#3892=DIRECTION('',(0.E0,-1.E0,0.E0));
#3893=VECTOR('',#3892,5.E-1);
#3894=CARTESIAN_POINT('',(1.785E2,6.605E1,6.43E1));
#3895=LINE('',#3894,#3893);
#3896=CURVE_STYLE('',#124,POSITIVE_LENGTH_MEASURE(2.E-2),#69);
#3897=PRESENTATION_STYLE_ASSIGNMENT((#3896));
#3898=STYLED_ITEM('',(#3897),#3895);
#3899=DIRECTION('',(0.E0,1.E0,0.E0));
#3900=VECTOR('',#3899,5.E-1);
#3901=CARTESIAN_POINT('',(1.845E2,6.555E1,5.83E1));
#3902=LINE('',#3901,#3900);
#3903=CURVE_STYLE('',#124,POSITIVE_LENGTH_MEASURE(2.E-2),#69);
#3904=PRESENTATION_STYLE_ASSIGNMENT((#3903));
#3905=STYLED_ITEM('',(#3904),#3902);
#3906=DIRECTION('',(0.E0,0.E0,-1.E0));
#3907=VECTOR('',#3906,1.63E1);
#3908=CARTESIAN_POINT('',(1.785E2,6.555E1,8.06E1));
#3909=LINE('',#3908,#3907);
#3910=CURVE_STYLE('',#124,POSITIVE_LENGTH_MEASURE(2.E-2),#69);
#3911=PRESENTATION_STYLE_ASSIGNMENT((#3910));
#3912=STYLED_ITEM('',(#3911),#3909);
#3913=DIRECTION('',(0.E0,1.E0,0.E0));
#3914=VECTOR('',#3913,5.E-1);
#3915=CARTESIAN_POINT('',(1.785E2,6.555E1,8.06E1));
#3916=LINE('',#3915,#3914);
#3917=CURVE_STYLE('',#124,POSITIVE_LENGTH_MEASURE(2.E-2),#69);
#3918=PRESENTATION_STYLE_ASSIGNMENT((#3917));
#3919=STYLED_ITEM('',(#3918),#3916);
#3920=DIRECTION('',(1.E0,0.E0,0.E0));
#3921=VECTOR('',#3920,8.E0);
#3922=CARTESIAN_POINT('',(1.145E2,6.555E1,9.66E1));
#3923=LINE('',#3922,#3921);
#3924=CURVE_STYLE('',#124,POSITIVE_LENGTH_MEASURE(2.E-2),#69);
#3925=PRESENTATION_STYLE_ASSIGNMENT((#3924));
#3926=STYLED_ITEM('',(#3925),#3923);
#3927=DIRECTION('',(0.E0,1.E0,0.E0));
#3928=VECTOR('',#3927,5.E-1);
#3929=CARTESIAN_POINT('',(1.225E2,6.555E1,9.66E1));
#3930=LINE('',#3929,#3928);
#3931=CURVE_STYLE('',#124,POSITIVE_LENGTH_MEASURE(2.E-2),#69);
#3932=PRESENTATION_STYLE_ASSIGNMENT((#3931));
#3933=STYLED_ITEM('',(#3932),#3930);
#3934=DIRECTION('',(9.615239476408E-1,0.E0,-2.747211278974E-1));
#3935=VECTOR('',#3934,5.824087911424E1);
#3936=CARTESIAN_POINT('',(1.225E2,6.605E1,9.66E1));
#3937=LINE('',#3936,#3935);
#3938=CURVE_STYLE('',#124,POSITIVE_LENGTH_MEASURE(2.E-2),#69);
#3939=PRESENTATION_STYLE_ASSIGNMENT((#3938));
#3940=STYLED_ITEM('',(#3939),#3937);
#3941=DIRECTION('',(1.E0,0.E0,0.E0));
#3942=VECTOR('',#3941,8.E0);
#3943=CARTESIAN_POINT('',(1.145E2,6.605E1,9.66E1));
#3944=LINE('',#3943,#3942);
#3945=CURVE_STYLE('',#124,POSITIVE_LENGTH_MEASURE(2.E-2),#69);
#3946=PRESENTATION_STYLE_ASSIGNMENT((#3945));
#3947=STYLED_ITEM('',(#3946),#3944);
#3948=DIRECTION('',(0.E0,0.E0,1.E0));
#3949=VECTOR('',#3948,1.168E2);
#3950=CARTESIAN_POINT('',(1.145E2,6.605E1,-2.02E1));
#3951=LINE('',#3950,#3949);
#3952=CURVE_STYLE('',#124,POSITIVE_LENGTH_MEASURE(2.E-2),#69);
#3953=PRESENTATION_STYLE_ASSIGNMENT((#3952));
#3954=STYLED_ITEM('',(#3953),#3951);
#3955=DIRECTION('',(-1.E0,0.E0,0.E0));
#3956=VECTOR('',#3955,1.37E2);
#3957=CARTESIAN_POINT('',(2.515E2,6.605E1,-2.02E1));
#3958=LINE('',#3957,#3956);
#3959=CURVE_STYLE('',#124,POSITIVE_LENGTH_MEASURE(2.E-2),#69);
#3960=PRESENTATION_STYLE_ASSIGNMENT((#3959));
#3961=STYLED_ITEM('',(#3960),#3958);
#3962=DIRECTION('',(0.E0,0.E0,-1.E0));
#3963=VECTOR('',#3962,7.85E1);
#3964=CARTESIAN_POINT('',(2.515E2,6.605E1,5.83E1));
#3965=LINE('',#3964,#3963);
#3966=CURVE_STYLE('',#124,POSITIVE_LENGTH_MEASURE(2.E-2),#69);
#3967=PRESENTATION_STYLE_ASSIGNMENT((#3966));
#3968=STYLED_ITEM('',(#3967),#3965);
#3969=DIRECTION('',(1.E0,0.E0,0.E0));
#3970=VECTOR('',#3969,6.7E1);
#3971=CARTESIAN_POINT('',(1.845E2,6.605E1,5.83E1));
#3972=LINE('',#3971,#3970);
#3973=CURVE_STYLE('',#124,POSITIVE_LENGTH_MEASURE(2.E-2),#69);
#3974=PRESENTATION_STYLE_ASSIGNMENT((#3973));
#3975=STYLED_ITEM('',(#3974),#3972);
#3976=CARTESIAN_POINT('',(1.845E2,6.605E1,6.43E1));
#3977=DIRECTION('',(0.E0,-1.E0,0.E0));
#3978=DIRECTION('',(-1.E0,0.E0,0.E0));
#3979=AXIS2_PLACEMENT_3D('',#3976,#3977,#3978);
#3981=CURVE_STYLE('',#124,POSITIVE_LENGTH_MEASURE(2.E-2),#69);
#3982=PRESENTATION_STYLE_ASSIGNMENT((#3981));
#3983=STYLED_ITEM('',(#3982),#3980);
#3984=DIRECTION('',(0.E0,0.E0,-1.E0));
#3985=VECTOR('',#3984,1.63E1);
#3986=CARTESIAN_POINT('',(1.785E2,6.605E1,8.06E1));
#3987=LINE('',#3986,#3985);
#3988=CURVE_STYLE('',#124,POSITIVE_LENGTH_MEASURE(2.E-2),#69);
#3989=PRESENTATION_STYLE_ASSIGNMENT((#3988));
#3990=STYLED_ITEM('',(#3989),#3987);
#3991=CARTESIAN_POINT('',(2.468585264666E2,6.605E1,-1.476986839775E1));
#3992=DIRECTION('',(0.E0,-1.E0,0.E0));
#3993=DIRECTION('',(0.E0,0.E0,-1.E0));
#3994=AXIS2_PLACEMENT_3D('',#3991,#3992,#3993);
#3996=CURVE_STYLE('',#124,POSITIVE_LENGTH_MEASURE(2.E-2),#69);
#3997=PRESENTATION_STYLE_ASSIGNMENT((#3996));
#3998=STYLED_ITEM('',(#3997),#3995);
#3999=CARTESIAN_POINT('',(2.468585264666E2,6.605E1,-1.476986839775E1));
#4000=DIRECTION('',(0.E0,-1.E0,0.E0));
#4001=DIRECTION('',(0.E0,0.E0,1.E0));
#4002=AXIS2_PLACEMENT_3D('',#3999,#4000,#4001);
#4004=CURVE_STYLE('',#124,POSITIVE_LENGTH_MEASURE(2.E-2),#69);
#4005=PRESENTATION_STYLE_ASSIGNMENT((#4004));
#4006=STYLED_ITEM('',(#4005),#4003);
#4007=CARTESIAN_POINT('',(1.204141910864E2,6.605E1,8.958568606523E1));
#4008=DIRECTION('',(0.E0,-1.E0,0.E0));
#4009=DIRECTION('',(0.E0,0.E0,-1.E0));
#4010=AXIS2_PLACEMENT_3D('',#4007,#4008,#4009);
#4012=CURVE_STYLE('',#124,POSITIVE_LENGTH_MEASURE(2.E-2),#69);
#4013=PRESENTATION_STYLE_ASSIGNMENT((#4012));
#4014=STYLED_ITEM('',(#4013),#4011);
#4015=CARTESIAN_POINT('',(1.204141910864E2,6.605E1,8.958568606523E1));
#4016=DIRECTION('',(0.E0,-1.E0,0.E0));
#4017=DIRECTION('',(0.E0,0.E0,1.E0));
#4018=AXIS2_PLACEMENT_3D('',#4015,#4016,#4017);
#4020=CURVE_STYLE('',#124,POSITIVE_LENGTH_MEASURE(2.E-2),#69);
#4021=PRESENTATION_STYLE_ASSIGNMENT((#4020));
#4022=STYLED_ITEM('',(#4021),#4019);
#4023=CARTESIAN_POINT('',(1.204141910864E2,6.605E1,-1.476986839775E1));
#4024=DIRECTION('',(0.E0,-1.E0,0.E0));
#4025=DIRECTION('',(0.E0,0.E0,-1.E0));
#4026=AXIS2_PLACEMENT_3D('',#4023,#4024,#4025);
#4028=CURVE_STYLE('',#124,POSITIVE_LENGTH_MEASURE(2.E-2),#69);
#4029=PRESENTATION_STYLE_ASSIGNMENT((#4028));
#4030=STYLED_ITEM('',(#4029),#4027);
#4031=CARTESIAN_POINT('',(1.204141910864E2,6.605E1,-1.476986839775E1));
#4032=DIRECTION('',(0.E0,-1.E0,0.E0));
#4033=DIRECTION('',(0.E0,0.E0,1.E0));
#4034=AXIS2_PLACEMENT_3D('',#4031,#4032,#4033);
#4036=CURVE_STYLE('',#124,POSITIVE_LENGTH_MEASURE(2.E-2),#69);
#4037=PRESENTATION_STYLE_ASSIGNMENT((#4036));
#4038=STYLED_ITEM('',(#4037),#4035);
#4039=CARTESIAN_POINT('',(2.468585264666E2,6.605E1,5.135731116225E1));
#4040=DIRECTION('',(0.E0,-1.E0,0.E0));
#4041=DIRECTION('',(0.E0,0.E0,-1.E0));
#4042=AXIS2_PLACEMENT_3D('',#4039,#4040,#4041);
#4044=CURVE_STYLE('',#124,POSITIVE_LENGTH_MEASURE(2.E-2),#69);
#4045=PRESENTATION_STYLE_ASSIGNMENT((#4044));
#4046=STYLED_ITEM('',(#4045),#4043);
#4047=CARTESIAN_POINT('',(2.468585264666E2,6.605E1,5.135731116225E1));
#4048=DIRECTION('',(0.E0,-1.E0,0.E0));
#4049=DIRECTION('',(0.E0,0.E0,1.E0));
#4050=AXIS2_PLACEMENT_3D('',#4047,#4048,#4049);
#4052=CURVE_STYLE('',#124,POSITIVE_LENGTH_MEASURE(2.E-2),#69);
#4053=PRESENTATION_STYLE_ASSIGNMENT((#4052));
#4054=STYLED_ITEM('',(#4053),#4051);
#4055=CARTESIAN_POINT('',(2.468585264666E2,6.605E1,-1.326986839775E1));
#4056=DIRECTION('',(1.E0,0.E0,0.E0));
#4057=DIRECTION('',(0.E0,1.E0,0.E0));
#4058=AXIS2_PLACEMENT_3D('',#4055,#4056,#4057);
#4060=CURVE_STYLE('',#124,POSITIVE_LENGTH_MEASURE(2.E-2),#69);
#4061=PRESENTATION_STYLE_ASSIGNMENT((#4060));
#4062=STYLED_ITEM('',(#4061),#4059);
#4063=CARTESIAN_POINT('',(2.468585264666E2,6.605E1,-1.626986839775E1));
#4064=DIRECTION('',(-1.E0,0.E0,0.E0));
#4065=DIRECTION('',(0.E0,1.E0,0.E0));
#4066=AXIS2_PLACEMENT_3D('',#4063,#4064,#4065);
#4068=CURVE_STYLE('',#124,POSITIVE_LENGTH_MEASURE(2.E-2),#69);
#4069=PRESENTATION_STYLE_ASSIGNMENT((#4068));
#4070=STYLED_ITEM('',(#4069),#4067);
#4071=CARTESIAN_POINT('',(2.468585264666E2,6.755E1,-1.476986839775E1));
#4072=DIRECTION('',(0.E0,1.E0,0.E0));
#4073=DIRECTION('',(0.E0,0.E0,1.E0));
#4074=AXIS2_PLACEMENT_3D('',#4071,#4072,#4073);
#4076=CURVE_STYLE('',#124,POSITIVE_LENGTH_MEASURE(2.E-2),#69);
#4077=PRESENTATION_STYLE_ASSIGNMENT((#4076));
#4078=STYLED_ITEM('',(#4077),#4075);
#4079=CARTESIAN_POINT('',(2.468585264666E2,6.755E1,-1.476986839775E1));
#4080=DIRECTION('',(0.E0,1.E0,0.E0));
#4081=DIRECTION('',(0.E0,0.E0,-1.E0));
#4082=AXIS2_PLACEMENT_3D('',#4079,#4080,#4081);
#4084=CURVE_STYLE('',#124,POSITIVE_LENGTH_MEASURE(2.E-2),#69);
#4085=PRESENTATION_STYLE_ASSIGNMENT((#4084));
#4086=STYLED_ITEM('',(#4085),#4083);
#4087=CARTESIAN_POINT('',(1.204141910864E2,6.605E1,9.108568606523E1));
#4088=DIRECTION('',(1.E0,0.E0,0.E0));
#4089=DIRECTION('',(0.E0,1.E0,0.E0));
#4090=AXIS2_PLACEMENT_3D('',#4087,#4088,#4089);
#4092=CURVE_STYLE('',#124,POSITIVE_LENGTH_MEASURE(2.E-2),#69);
#4093=PRESENTATION_STYLE_ASSIGNMENT((#4092));
#4094=STYLED_ITEM('',(#4093),#4091);
#4095=CARTESIAN_POINT('',(1.204141910864E2,6.605E1,8.808568606523E1));
#4096=DIRECTION('',(-1.E0,0.E0,0.E0));
#4097=DIRECTION('',(0.E0,1.E0,0.E0));
#4098=AXIS2_PLACEMENT_3D('',#4095,#4096,#4097);
#4100=CURVE_STYLE('',#124,POSITIVE_LENGTH_MEASURE(2.E-2),#69);
#4101=PRESENTATION_STYLE_ASSIGNMENT((#4100));
#4102=STYLED_ITEM('',(#4101),#4099);
#4103=CARTESIAN_POINT('',(1.204141910864E2,6.755E1,8.958568606523E1));
#4104=DIRECTION('',(0.E0,1.E0,0.E0));
#4105=DIRECTION('',(0.E0,0.E0,1.E0));
#4106=AXIS2_PLACEMENT_3D('',#4103,#4104,#4105);
#4108=CURVE_STYLE('',#124,POSITIVE_LENGTH_MEASURE(2.E-2),#69);
#4109=PRESENTATION_STYLE_ASSIGNMENT((#4108));
#4110=STYLED_ITEM('',(#4109),#4107);
#4111=CARTESIAN_POINT('',(1.204141910864E2,6.755E1,8.958568606523E1));
#4112=DIRECTION('',(0.E0,1.E0,0.E0));
#4113=DIRECTION('',(0.E0,0.E0,-1.E0));
#4114=AXIS2_PLACEMENT_3D('',#4111,#4112,#4113);
#4116=CURVE_STYLE('',#124,POSITIVE_LENGTH_MEASURE(2.E-2),#69);
#4117=PRESENTATION_STYLE_ASSIGNMENT((#4116));
#4118=STYLED_ITEM('',(#4117),#4115);
#4119=CARTESIAN_POINT('',(1.204141910864E2,6.605E1,-1.326986839775E1));
#4120=DIRECTION('',(1.E0,0.E0,0.E0));
#4121=DIRECTION('',(0.E0,1.E0,0.E0));
#4122=AXIS2_PLACEMENT_3D('',#4119,#4120,#4121);
#4124=CURVE_STYLE('',#124,POSITIVE_LENGTH_MEASURE(2.E-2),#69);
#4125=PRESENTATION_STYLE_ASSIGNMENT((#4124));
#4126=STYLED_ITEM('',(#4125),#4123);
#4127=CARTESIAN_POINT('',(1.204141910864E2,6.605E1,-1.626986839775E1));
#4128=DIRECTION('',(-1.E0,0.E0,0.E0));
#4129=DIRECTION('',(0.E0,1.E0,0.E0));
#4130=AXIS2_PLACEMENT_3D('',#4127,#4128,#4129);
#4132=CURVE_STYLE('',#124,POSITIVE_LENGTH_MEASURE(2.E-2),#69);
#4133=PRESENTATION_STYLE_ASSIGNMENT((#4132));
#4134=STYLED_ITEM('',(#4133),#4131);
#4135=CARTESIAN_POINT('',(1.204141910864E2,6.755E1,-1.476986839775E1));
#4136=DIRECTION('',(0.E0,1.E0,0.E0));
#4137=DIRECTION('',(0.E0,0.E0,1.E0));
#4138=AXIS2_PLACEMENT_3D('',#4135,#4136,#4137);
#4140=CURVE_STYLE('',#124,POSITIVE_LENGTH_MEASURE(2.E-2),#69);
#4141=PRESENTATION_STYLE_ASSIGNMENT((#4140));
#4142=STYLED_ITEM('',(#4141),#4139);
#4143=CARTESIAN_POINT('',(1.204141910864E2,6.755E1,-1.476986839775E1));
#4144=DIRECTION('',(0.E0,1.E0,0.E0));
#4145=DIRECTION('',(0.E0,0.E0,-1.E0));
#4146=AXIS2_PLACEMENT_3D('',#4143,#4144,#4145);
#4148=CURVE_STYLE('',#124,POSITIVE_LENGTH_MEASURE(2.E-2),#69);
#4149=PRESENTATION_STYLE_ASSIGNMENT((#4148));
#4150=STYLED_ITEM('',(#4149),#4147);
#4151=CARTESIAN_POINT('',(2.468585264666E2,6.605E1,5.285731116225E1));
#4152=DIRECTION('',(1.E0,0.E0,0.E0));
#4153=DIRECTION('',(0.E0,1.E0,0.E0));
#4154=AXIS2_PLACEMENT_3D('',#4151,#4152,#4153);
#4156=CURVE_STYLE('',#124,POSITIVE_LENGTH_MEASURE(2.E-2),#69);
#4157=PRESENTATION_STYLE_ASSIGNMENT((#4156));
#4158=STYLED_ITEM('',(#4157),#4155);
#4159=CARTESIAN_POINT('',(2.468585264666E2,6.605E1,4.985731116225E1));
#4160=DIRECTION('',(-1.E0,0.E0,0.E0));
#4161=DIRECTION('',(0.E0,1.E0,0.E0));
#4162=AXIS2_PLACEMENT_3D('',#4159,#4160,#4161);
#4164=CURVE_STYLE('',#124,POSITIVE_LENGTH_MEASURE(2.E-2),#69);
#4165=PRESENTATION_STYLE_ASSIGNMENT((#4164));
#4166=STYLED_ITEM('',(#4165),#4163);
#4167=CARTESIAN_POINT('',(2.468585264666E2,6.755E1,5.135731116225E1));
#4168=DIRECTION('',(0.E0,1.E0,0.E0));
#4169=DIRECTION('',(0.E0,0.E0,1.E0));
#4170=AXIS2_PLACEMENT_3D('',#4167,#4168,#4169);
#4172=CURVE_STYLE('',#124,POSITIVE_LENGTH_MEASURE(2.E-2),#69);
#4173=PRESENTATION_STYLE_ASSIGNMENT((#4172));
#4174=STYLED_ITEM('',(#4173),#4171);
#4175=CARTESIAN_POINT('',(2.468585264666E2,6.755E1,5.135731116225E1));
#4176=DIRECTION('',(0.E0,1.E0,0.E0));
#4177=DIRECTION('',(0.E0,0.E0,-1.E0));
#4178=AXIS2_PLACEMENT_3D('',#4175,#4176,#4177);
#4180=CURVE_STYLE('',#124,POSITIVE_LENGTH_MEASURE(2.E-2),#69);
#4181=PRESENTATION_STYLE_ASSIGNMENT((#4180));
#4182=STYLED_ITEM('',(#4181),#4179);
#4183=DIRECTION('',(-1.E0,1.842574355294E-14,0.E0));
#4184=VECTOR('',#4183,6.17E0);
#4185=CARTESIAN_POINT('',(1.8517E2,5.072223972185E1,6.597284929362E1));
#4186=LINE('',#4185,#4184);
#4187=CURVE_STYLE('',#124,POSITIVE_LENGTH_MEASURE(2.E-2),#69);
#4188=PRESENTATION_STYLE_ASSIGNMENT((#4187));
#4189=STYLED_ITEM('',(#4188),#4186);
#4190=DIRECTION('',(1.E0,1.036448074853E-14,-1.358898587029E-13));
#4191=VECTOR('',#4190,6.17E0);
#4192=CARTESIAN_POINT('',(1.79E2,5.365668252405E1,6.959658436608E1));
#4193=LINE('',#4192,#4191);
#4194=CURVE_STYLE('',#124,POSITIVE_LENGTH_MEASURE(2.E-2),#69);
#4195=PRESENTATION_STYLE_ASSIGNMENT((#4194));
#4196=STYLED_ITEM('',(#4195),#4193);
#4197=DIRECTION('',(-1.E0,1.727413458088E-14,0.E0));
#4198=VECTOR('',#4197,6.17E0);
#4199=CARTESIAN_POINT('',(1.8517E2,5.287106408677E1,7.329262852067E1));
#4200=LINE('',#4199,#4198);
#4201=CURVE_STYLE('',#124,POSITIVE_LENGTH_MEASURE(2.E-2),#69);
#4202=PRESENTATION_STYLE_ASSIGNMENT((#4201));
#4203=STYLED_ITEM('',(#4202),#4200);
#4204=DIRECTION('',(1.E0,-1.497091663676E-14,0.E0));
#4205=VECTOR('',#4204,6.17E0);
#4206=CARTESIAN_POINT('',(1.79E2,5.042569508494E1,7.527284929362E1));
#4207=LINE('',#4206,#4205);
#4208=CURVE_STYLE('',#124,POSITIVE_LENGTH_MEASURE(2.E-2),#69);
#4209=PRESENTATION_STYLE_ASSIGNMENT((#4208));
#4210=STYLED_ITEM('',(#4209),#4207);
#4211=DIRECTION('',(0.E0,1.E0,-2.556594272560E-14));
#4212=VECTOR('',#4211,3.390691072617E1);
#4213=CARTESIAN_POINT('',(1.8517E2,1.651878435876E1,7.527284929362E1));
#4214=LINE('',#4213,#4212);
#4215=CURVE_STYLE('',#124,POSITIVE_LENGTH_MEASURE(2.E-2),#69);
#4216=PRESENTATION_STYLE_ASSIGNMENT((#4215));
#4217=STYLED_ITEM('',(#4216),#4214);
#4218=DIRECTION('',(-1.E0,1.612252560882E-14,0.E0));
#4219=VECTOR('',#4218,6.17E0);
#4220=CARTESIAN_POINT('',(1.8517E2,1.651878435876E1,7.527284929362E1));
#4221=LINE('',#4220,#4219);
#4222=CURVE_STYLE('',#124,POSITIVE_LENGTH_MEASURE(2.E-2),#69);
#4223=PRESENTATION_STYLE_ASSIGNMENT((#4222));
#4224=STYLED_ITEM('',(#4223),#4221);
#4225=DIRECTION('',(1.E0,-1.669833009485E-14,0.E0));
#4226=VECTOR('',#4225,6.17E0);
#4227=CARTESIAN_POINT('',(1.79E2,1.407341535693E1,7.329262852067E1));
#4228=LINE('',#4227,#4226);
#4229=CURVE_STYLE('',#124,POSITIVE_LENGTH_MEASURE(2.E-2),#69);
#4230=PRESENTATION_STYLE_ASSIGNMENT((#4229));
#4231=STYLED_ITEM('',(#4230),#4228);
#4232=DIRECTION('',(1.E0,0.E0,0.E0));
#4233=VECTOR('',#4232,1.5E0);
#4234=CARTESIAN_POINT('',(1.79E2,9.952239721853E0,7.212284929362E1));
#4235=LINE('',#4234,#4233);
#4236=CURVE_STYLE('',#124,POSITIVE_LENGTH_MEASURE(2.E-2),#69);
#4237=PRESENTATION_STYLE_ASSIGNMENT((#4236));
#4238=STYLED_ITEM('',(#4237),#4235);
#4239=DIRECTION('',(-1.E0,0.E0,0.E0));
#4240=VECTOR('',#4239,1.5E0);
#4241=CARTESIAN_POINT('',(1.805E2,9.952239721853E0,6.932284929362E1));
#4242=LINE('',#4241,#4240);
#4243=CURVE_STYLE('',#124,POSITIVE_LENGTH_MEASURE(2.E-2),#69);
#4244=PRESENTATION_STYLE_ASSIGNMENT((#4243));
#4245=STYLED_ITEM('',(#4244),#4242);
#4246=CARTESIAN_POINT('',(1.805E2,9.952239721852E0,7.072284929362E1));
#4247=DIRECTION('',(-1.E0,0.E0,0.E0));
#4248=DIRECTION('',(0.E0,9.999999999999E-1,5.190739847826E-7));
#4249=AXIS2_PLACEMENT_3D('',#4246,#4247,#4248);
#4251=CURVE_STYLE('',#124,POSITIVE_LENGTH_MEASURE(2.E-2),#69);
#4252=PRESENTATION_STYLE_ASSIGNMENT((#4251));
#4253=STYLED_ITEM('',(#4252),#4250);
#4254=CARTESIAN_POINT('',(1.805E2,9.952239721852E0,7.072284929362E1));
#4255=DIRECTION('',(-1.E0,0.E0,0.E0));
#4256=DIRECTION('',(0.E0,-9.999999999999E-1,4.467956197611E-7));
#4257=AXIS2_PLACEMENT_3D('',#4254,#4255,#4256);
#4259=CURVE_STYLE('',#124,POSITIVE_LENGTH_MEASURE(2.E-2),#69);
#4260=PRESENTATION_STYLE_ASSIGNMENT((#4259));
#4261=STYLED_ITEM('',(#4260),#4258);
#4262=CARTESIAN_POINT('',(1.805E2,9.952239721853E0,7.072284929362E1));
#4263=DIRECTION('',(1.E0,0.E0,0.E0));
#4264=DIRECTION('',(0.E0,1.903239470786E-14,-1.E0));
#4265=AXIS2_PLACEMENT_3D('',#4262,#4263,#4264);
#4267=CURVE_STYLE('',#124,POSITIVE_LENGTH_MEASURE(2.E-2),#69);
#4268=PRESENTATION_STYLE_ASSIGNMENT((#4267));
#4269=STYLED_ITEM('',(#4268),#4266);
#4270=CARTESIAN_POINT('',(1.805E2,9.952239721853E0,7.072284929362E1));
#4271=DIRECTION('',(1.E0,0.E0,0.E0));
#4272=DIRECTION('',(0.E0,-1.776356839400E-14,1.E0));
#4273=AXIS2_PLACEMENT_3D('',#4270,#4271,#4272);
#4275=CURVE_STYLE('',#124,POSITIVE_LENGTH_MEASURE(2.E-2),#69);
#4276=PRESENTATION_STYLE_ASSIGNMENT((#4275));
#4277=STYLED_ITEM('',(#4276),#4274);
#4278=DIRECTION('',(1.E0,-3.086120849302E-8,-1.741859178893E-7));
#4279=VECTOR('',#4278,2.235E0);
#4280=CARTESIAN_POINT('',(1.805E2,1.220223979083E1,7.072284968293E1));
#4281=LINE('',#4280,#4279);
#4282=CURVE_STYLE('',#124,POSITIVE_LENGTH_MEASURE(2.E-2),#69);
#4283=PRESENTATION_STYLE_ASSIGNMENT((#4282));
#4284=STYLED_ITEM('',(#4283),#4281);
#4285=DIRECTION('',(1.E0,0.E0,0.E0));
#4286=VECTOR('',#4285,2.235E0);
#4287=CARTESIAN_POINT('',(1.82735E2,1.220223972185E1,7.072284929362E1));
#4288=LINE('',#4287,#4286);
#4289=CURVE_STYLE('',#124,POSITIVE_LENGTH_MEASURE(2.E-2),#69);
#4290=PRESENTATION_STYLE_ASSIGNMENT((#4289));
#4291=STYLED_ITEM('',(#4290),#4288);
#4292=DIRECTION('',(1.E0,1.334820774916E-8,-7.496570801360E-8));
#4293=VECTOR('',#4292,4.47E0);
#4294=CARTESIAN_POINT('',(1.805E2,7.702239662186E0,7.072284962872E1));
#4295=LINE('',#4294,#4293);
#4296=CURVE_STYLE('',#124,POSITIVE_LENGTH_MEASURE(2.E-2),#69);
#4297=PRESENTATION_STYLE_ASSIGNMENT((#4296));
#4298=STYLED_ITEM('',(#4297),#4295);
#4299=DIRECTION('',(7.071067811865E-1,7.071067811866E-1,-5.024295867788E-14));
#4300=VECTOR('',#4299,2.828427124746E-1);
#4301=CARTESIAN_POINT('',(1.8497E2,7.702239721852E0,7.072284929363E1));
#4302=LINE('',#4301,#4300);
#4303=CURVE_STYLE('',#124,POSITIVE_LENGTH_MEASURE(2.E-2),#69);
#4304=PRESENTATION_STYLE_ASSIGNMENT((#4303));
#4305=STYLED_ITEM('',(#4304),#4302);
#4306=CARTESIAN_POINT('',(1.8497E2,9.952239721852E0,7.072284929362E1));
#4307=DIRECTION('',(1.E0,0.E0,0.E0));
#4308=DIRECTION('',(0.E0,1.E0,-1.263187085796E-14));
#4309=AXIS2_PLACEMENT_3D('',#4306,#4307,#4308);
#4311=CURVE_STYLE('',#124,POSITIVE_LENGTH_MEASURE(2.E-2),#69);
#4312=PRESENTATION_STYLE_ASSIGNMENT((#4311));
#4313=STYLED_ITEM('',(#4312),#4310);
#4314=CARTESIAN_POINT('',(1.8517E2,9.952239721852E0,7.072284929362E1));
#4315=DIRECTION('',(1.E0,0.E0,0.E0));
#4316=DIRECTION('',(0.E0,-1.E0,2.079637275395E-14));
#4317=AXIS2_PLACEMENT_3D('',#4314,#4315,#4316);
#4319=CURVE_STYLE('',#124,POSITIVE_LENGTH_MEASURE(2.E-2),#69);
#4320=PRESENTATION_STYLE_ASSIGNMENT((#4319));
#4321=STYLED_ITEM('',(#4320),#4318);
#4322=CARTESIAN_POINT('',(1.8517E2,9.952239721852E0,7.072284929362E1));
#4323=DIRECTION('',(1.E0,0.E0,0.E0));
#4324=DIRECTION('',(0.E0,1.E0,-2.079637275395E-14));
#4325=AXIS2_PLACEMENT_3D('',#4322,#4323,#4324);
#4327=CURVE_STYLE('',#124,POSITIVE_LENGTH_MEASURE(2.E-2),#69);
#4328=PRESENTATION_STYLE_ASSIGNMENT((#4327));
#4329=STYLED_ITEM('',(#4328),#4326);
#4330=CARTESIAN_POINT('',(1.8517E2,9.952239721852E0,7.072284929362E1));
#4331=DIRECTION('',(-1.E0,0.E0,0.E0));
#4332=DIRECTION('',(0.E0,-1.E0,2.514530128962E-14));
#4333=AXIS2_PLACEMENT_3D('',#4330,#4331,#4332);
#4335=CURVE_STYLE('',#124,POSITIVE_LENGTH_MEASURE(2.E-2),#69);
#4336=PRESENTATION_STYLE_ASSIGNMENT((#4335));
#4337=STYLED_ITEM('',(#4336),#4334);
#4338=CARTESIAN_POINT('',(1.8517E2,9.952239721852E0,7.072284929362E1));
#4339=DIRECTION('',(-1.E0,0.E0,0.E0));
#4340=DIRECTION('',(0.E0,1.E0,-2.514530128962E-14));
#4341=AXIS2_PLACEMENT_3D('',#4338,#4339,#4340);
#4343=CURVE_STYLE('',#124,POSITIVE_LENGTH_MEASURE(2.E-2),#69);
#4344=PRESENTATION_STYLE_ASSIGNMENT((#4343));
#4345=STYLED_ITEM('',(#4344),#4342);
#4346=DIRECTION('',(7.071067811865E-1,-7.071067811866E-1,0.E0));
#4347=VECTOR('',#4346,2.828427124746E-1);
#4348=CARTESIAN_POINT('',(1.8497E2,1.220223972185E1,7.072284929362E1));
#4349=LINE('',#4348,#4347);
#4350=CURVE_STYLE('',#124,POSITIVE_LENGTH_MEASURE(2.E-2),#69);
#4351=PRESENTATION_STYLE_ASSIGNMENT((#4350));
#4352=STYLED_ITEM('',(#4351),#4349);
#4353=CARTESIAN_POINT('',(1.8497E2,9.952239721852E0,7.072284929362E1));
#4354=DIRECTION('',(1.E0,0.E0,0.E0));
#4355=DIRECTION('',(0.E0,-1.E0,1.894780628694E-14));
#4356=AXIS2_PLACEMENT_3D('',#4353,#4354,#4355);
#4358=CURVE_STYLE('',#124,POSITIVE_LENGTH_MEASURE(2.E-2),#69);
#4359=PRESENTATION_STYLE_ASSIGNMENT((#4358));
#4360=STYLED_ITEM('',(#4359),#4357);
#4361=DIRECTION('',(-1.E0,2.610920450572E-14,0.E0));
#4362=VECTOR('',#4361,4.762495874999E0);
#4363=CARTESIAN_POINT('',(1.8517E2,8.821940700852E0,7.072284929363E1));
#4364=LINE('',#4363,#4362);
#4365=CURVE_STYLE('',#124,POSITIVE_LENGTH_MEASURE(2.E-2),#69);
#4366=PRESENTATION_STYLE_ASSIGNMENT((#4365));
#4367=STYLED_ITEM('',(#4366),#4364);
#4368=DIRECTION('',(-1.E0,2.610920450572E-14,0.E0));
#4369=VECTOR('',#4368,4.762495874999E0);
#4370=CARTESIAN_POINT('',(1.8517E2,1.108253874285E1,7.072284929362E1));
#4371=LINE('',#4370,#4369);
#4372=CURVE_STYLE('',#124,POSITIVE_LENGTH_MEASURE(2.E-2),#69);
#4373=PRESENTATION_STYLE_ASSIGNMENT((#4372));
#4374=STYLED_ITEM('',(#4373),#4371);
#4375=DIRECTION('',(-5.150380749101E-1,-8.571673007021E-1,2.155373003176E-14));
#4376=VECTOR('',#4375,6.593222933691E-1);
#4377=CARTESIAN_POINT('',(1.804075041250E2,1.108253874285E1,7.072284929362E1));
#4378=LINE('',#4377,#4376);
#4379=CURVE_STYLE('',#124,POSITIVE_LENGTH_MEASURE(2.E-2),#69);
#4380=PRESENTATION_STYLE_ASSIGNMENT((#4379));
#4381=STYLED_ITEM('',(#4380),#4378);
#4382=CARTESIAN_POINT('',(1.804075041250E2,9.952239721853E0,7.072284929362E1));
#4383=DIRECTION('',(1.E0,0.E0,0.E0));
#4384=DIRECTION('',(0.E0,-1.E0,1.257265064481E-14));
#4385=AXIS2_PLACEMENT_3D('',#4382,#4383,#4384);
#4387=CURVE_STYLE('',#124,POSITIVE_LENGTH_MEASURE(2.E-2),#69);
#4388=PRESENTATION_STYLE_ASSIGNMENT((#4387));
#4389=STYLED_ITEM('',(#4388),#4386);
#4390=DIRECTION('',(-5.150380749101E-1,-8.571673007021E-1,2.155373003176E-14));
#4391=VECTOR('',#4390,6.593222933691E-1);
#4392=CARTESIAN_POINT('',(1.800679280403E2,1.051738923235E1,7.072284929362E1));
#4393=LINE('',#4392,#4391);
#4394=CURVE_STYLE('',#124,POSITIVE_LENGTH_MEASURE(2.E-2),#69);
#4395=PRESENTATION_STYLE_ASSIGNMENT((#4394));
#4396=STYLED_ITEM('',(#4395),#4393);
#4397=DIRECTION('',(-5.150380749100E-1,8.571673007021E-1,-3.233059504764E-14));
#4398=VECTOR('',#4397,1.318644586738E0);
#4399=CARTESIAN_POINT('',(1.804075041250E2,8.821940700852E0,7.072284929363E1));
#4400=LINE('',#4399,#4398);
#4401=CURVE_STYLE('',#124,POSITIVE_LENGTH_MEASURE(2.E-2),#69);
#4402=PRESENTATION_STYLE_ASSIGNMENT((#4401));
#4403=STYLED_ITEM('',(#4402),#4400);
#4404=CARTESIAN_POINT('',(1.804075041250E2,9.952239721853E0,7.072284929362E1));
#4405=DIRECTION('',(1.E0,0.E0,0.E0));
#4406=DIRECTION('',(0.E0,1.E0,-3.771795193443E-14));
#4407=AXIS2_PLACEMENT_3D('',#4404,#4405,#4406);
#4409=CURVE_STYLE('',#124,POSITIVE_LENGTH_MEASURE(2.E-2),#69);
#4410=PRESENTATION_STYLE_ASSIGNMENT((#4409));
#4411=STYLED_ITEM('',(#4410),#4408);
#4412=DIRECTION('',(1.E0,0.E0,0.E0));
#4413=VECTOR('',#4412,1.5E0);
#4414=CARTESIAN_POINT('',(1.79E2,5.699223972185E1,7.212284929362E1));
#4415=LINE('',#4414,#4413);
#4416=CURVE_STYLE('',#124,POSITIVE_LENGTH_MEASURE(2.E-2),#69);
#4417=PRESENTATION_STYLE_ASSIGNMENT((#4416));
#4418=STYLED_ITEM('',(#4417),#4415);
#4419=DIRECTION('',(1.E0,0.E0,0.E0));
#4420=VECTOR('',#4419,1.5E0);
#4421=CARTESIAN_POINT('',(1.79E2,5.699223972185E1,6.932284929362E1));
#4422=LINE('',#4421,#4420);
#4423=CURVE_STYLE('',#124,POSITIVE_LENGTH_MEASURE(2.E-2),#69);
#4424=PRESENTATION_STYLE_ASSIGNMENT((#4423));
#4425=STYLED_ITEM('',(#4424),#4422);
#4426=CARTESIAN_POINT('',(1.805E2,5.699223972185E1,7.072284929362E1));
#4427=DIRECTION('',(-1.E0,0.E0,0.E0));
#4428=DIRECTION('',(0.E0,9.999999999999E-1,5.289693313494E-7));
#4429=AXIS2_PLACEMENT_3D('',#4426,#4427,#4428);
#4431=CURVE_STYLE('',#124,POSITIVE_LENGTH_MEASURE(2.E-2),#69);
#4432=PRESENTATION_STYLE_ASSIGNMENT((#4431));
#4433=STYLED_ITEM('',(#4432),#4430);
#4434=CARTESIAN_POINT('',(1.805E2,5.699223972185E1,7.072284929362E1));
#4435=DIRECTION('',(-1.E0,0.E0,0.E0));
#4436=DIRECTION('',(0.E0,-9.999999999999E-1,4.354758844885E-7));
#4437=AXIS2_PLACEMENT_3D('',#4434,#4435,#4436);
#4439=CURVE_STYLE('',#124,POSITIVE_LENGTH_MEASURE(2.E-2),#69);
#4440=PRESENTATION_STYLE_ASSIGNMENT((#4439));
#4441=STYLED_ITEM('',(#4440),#4438);
#4442=CARTESIAN_POINT('',(1.805E2,5.699223972185E1,7.072284929362E1));
#4443=DIRECTION('',(1.E0,0.E0,0.E0));
#4444=DIRECTION('',(0.E0,2.030122102172E-14,-1.E0));
#4445=AXIS2_PLACEMENT_3D('',#4442,#4443,#4444);
#4447=CURVE_STYLE('',#124,POSITIVE_LENGTH_MEASURE(2.E-2),#69);
#4448=PRESENTATION_STYLE_ASSIGNMENT((#4447));
#4449=STYLED_ITEM('',(#4448),#4446);
#4450=CARTESIAN_POINT('',(1.805E2,5.699223972185E1,7.072284929362E1));
#4451=DIRECTION('',(1.E0,0.E0,0.E0));
#4452=DIRECTION('',(0.E0,-2.030122102172E-14,1.E0));
#4453=AXIS2_PLACEMENT_3D('',#4450,#4451,#4452);
#4455=CURVE_STYLE('',#124,POSITIVE_LENGTH_MEASURE(2.E-2),#69);
#4456=PRESENTATION_STYLE_ASSIGNMENT((#4455));
#4457=STYLED_ITEM('',(#4456),#4454);
#4458=DIRECTION('',(1.E0,-1.572477172088E-8,-8.875325411221E-8));
#4459=VECTOR('',#4458,4.47E0);
#4460=CARTESIAN_POINT('',(1.805E2,5.924223979214E1,7.072284969035E1));
#4461=LINE('',#4460,#4459);
#4462=CURVE_STYLE('',#124,POSITIVE_LENGTH_MEASURE(2.E-2),#69);
#4463=PRESENTATION_STYLE_ASSIGNMENT((#4462));
#4464=STYLED_ITEM('',(#4463),#4461);
#4465=DIRECTION('',(1.E0,0.E0,0.E0));
#4466=VECTOR('',#4465,2.235E0);
#4467=CARTESIAN_POINT('',(1.82735E2,5.474223972185E1,7.072284929362E1));
#4468=LINE('',#4467,#4466);
#4469=CURVE_STYLE('',#124,POSITIVE_LENGTH_MEASURE(2.E-2),#69);
#4470=PRESENTATION_STYLE_ASSIGNMENT((#4469));
#4471=STYLED_ITEM('',(#4470),#4468);
#4472=DIRECTION('',(1.E0,2.602004637108E-8,-1.461328513827E-7));
#4473=VECTOR('',#4472,2.235E0);
#4474=CARTESIAN_POINT('',(1.805E2,5.474223966370E1,7.072284962023E1));
#4475=LINE('',#4474,#4473);
#4476=CURVE_STYLE('',#124,POSITIVE_LENGTH_MEASURE(2.E-2),#69);
#4477=PRESENTATION_STYLE_ASSIGNMENT((#4476));
#4478=STYLED_ITEM('',(#4477),#4475);
#4479=DIRECTION('',(7.071067811865E-1,7.071067811866E-1,0.E0));
#4480=VECTOR('',#4479,2.828427124746E-1);
#4481=CARTESIAN_POINT('',(1.8497E2,5.474223972185E1,7.072284929362E1));
#4482=LINE('',#4481,#4480);
#4483=CURVE_STYLE('',#124,POSITIVE_LENGTH_MEASURE(2.E-2),#69);
#4484=PRESENTATION_STYLE_ASSIGNMENT((#4483));
#4485=STYLED_ITEM('',(#4484),#4482);
#4486=CARTESIAN_POINT('',(1.8497E2,5.699223972185E1,7.072284929362E1));
#4487=DIRECTION('',(1.E0,0.E0,0.E0));
#4488=DIRECTION('',(0.E0,1.E0,-1.894780628694E-14));
#4489=AXIS2_PLACEMENT_3D('',#4486,#4487,#4488);
#4491=CURVE_STYLE('',#124,POSITIVE_LENGTH_MEASURE(2.E-2),#69);
#4492=PRESENTATION_STYLE_ASSIGNMENT((#4491));
#4493=STYLED_ITEM('',(#4492),#4490);
#4494=CARTESIAN_POINT('',(1.8517E2,5.699223972185E1,7.072284929362E1));
#4495=DIRECTION('',(1.E0,0.E0,0.E0));
#4496=DIRECTION('',(0.E0,-1.E0,1.386424850264E-14));
#4497=AXIS2_PLACEMENT_3D('',#4494,#4495,#4496);
#4499=CURVE_STYLE('',#124,POSITIVE_LENGTH_MEASURE(2.E-2),#69);
#4500=PRESENTATION_STYLE_ASSIGNMENT((#4499));
#4501=STYLED_ITEM('',(#4500),#4498);
#4502=CARTESIAN_POINT('',(1.8517E2,5.699223972185E1,7.072284929362E1));
#4503=DIRECTION('',(1.E0,0.E0,0.E0));
#4504=DIRECTION('',(0.E0,1.E0,-2.079637275395E-14));
#4505=AXIS2_PLACEMENT_3D('',#4502,#4503,#4504);
#4507=CURVE_STYLE('',#124,POSITIVE_LENGTH_MEASURE(2.E-2),#69);
#4508=PRESENTATION_STYLE_ASSIGNMENT((#4507));
#4509=STYLED_ITEM('',(#4508),#4506);
#4510=CARTESIAN_POINT('',(1.8517E2,5.699223972185E1,7.072284929362E1));
#4511=DIRECTION('',(-1.E0,0.E0,0.E0));
#4512=DIRECTION('',(0.E0,-1.E0,2.514530128962E-14));
#4513=AXIS2_PLACEMENT_3D('',#4510,#4511,#4512);
#4515=CURVE_STYLE('',#124,POSITIVE_LENGTH_MEASURE(2.E-2),#69);
#4516=PRESENTATION_STYLE_ASSIGNMENT((#4515));
#4517=STYLED_ITEM('',(#4516),#4514);
#4518=CARTESIAN_POINT('',(1.8517E2,5.699223972185E1,7.072284929362E1));
#4519=DIRECTION('',(-1.E0,0.E0,0.E0));
#4520=DIRECTION('',(0.E0,1.E0,-2.514530128962E-14));
#4521=AXIS2_PLACEMENT_3D('',#4518,#4519,#4520);
#4523=CURVE_STYLE('',#124,POSITIVE_LENGTH_MEASURE(2.E-2),#69);
#4524=PRESENTATION_STYLE_ASSIGNMENT((#4523));
#4525=STYLED_ITEM('',(#4524),#4522);
#4526=DIRECTION('',(7.071067811865E-1,-7.071067811866E-1,0.E0));
#4527=VECTOR('',#4526,2.828427124746E-1);
#4528=CARTESIAN_POINT('',(1.8497E2,5.924223972185E1,7.072284929362E1));
#4529=LINE('',#4528,#4527);
#4530=CURVE_STYLE('',#124,POSITIVE_LENGTH_MEASURE(2.E-2),#69);
#4531=PRESENTATION_STYLE_ASSIGNMENT((#4530));
#4532=STYLED_ITEM('',(#4531),#4529);
#4533=CARTESIAN_POINT('',(1.8497E2,5.699223972185E1,7.072284929362E1));
#4534=DIRECTION('',(1.E0,0.E0,0.E0));
#4535=DIRECTION('',(0.E0,-1.E0,1.894780628694E-14));
#4536=AXIS2_PLACEMENT_3D('',#4533,#4534,#4535);
#4538=CURVE_STYLE('',#124,POSITIVE_LENGTH_MEASURE(2.E-2),#69);
#4539=PRESENTATION_STYLE_ASSIGNMENT((#4538));
#4540=STYLED_ITEM('',(#4539),#4537);
#4541=DIRECTION('',(-1.E0,3.282299995005E-14,0.E0));
#4542=VECTOR('',#4541,4.762495875E0);
#4543=CARTESIAN_POINT('',(1.8517E2,5.586194070085E1,7.072284929362E1));
#4544=LINE('',#4543,#4542);
#4545=CURVE_STYLE('',#124,POSITIVE_LENGTH_MEASURE(2.E-2),#69);
#4546=PRESENTATION_STYLE_ASSIGNMENT((#4545));
#4547=STYLED_ITEM('',(#4546),#4544);
#4548=DIRECTION('',(-1.E0,6.564599990009E-14,0.E0));
#4549=VECTOR('',#4548,2.381247937500E0);
#4550=CARTESIAN_POINT('',(1.827887520625E2,5.812253874285E1,7.072284929362E1));
#4551=LINE('',#4550,#4549);
#4552=CURVE_STYLE('',#124,POSITIVE_LENGTH_MEASURE(2.E-2),#69);
#4553=PRESENTATION_STYLE_ASSIGNMENT((#4552));
#4554=STYLED_ITEM('',(#4553),#4551);
#4555=DIRECTION('',(-1.E0,0.E0,0.E0));
#4556=VECTOR('',#4555,2.381247937500E0);
#4557=CARTESIAN_POINT('',(1.8517E2,5.812253874285E1,7.072284929362E1));
#4558=LINE('',#4557,#4556);
#4559=CURVE_STYLE('',#124,POSITIVE_LENGTH_MEASURE(2.E-2),#69);
#4560=PRESENTATION_STYLE_ASSIGNMENT((#4559));
#4561=STYLED_ITEM('',(#4560),#4558);
#4562=DIRECTION('',(-5.150380749102E-1,-8.571673007020E-1,4.310746006353E-14));
#4563=VECTOR('',#4562,6.593222933691E-1);
#4564=CARTESIAN_POINT('',(1.804075041250E2,5.812253874285E1,7.072284929362E1));
#4565=LINE('',#4564,#4563);
#4566=CURVE_STYLE('',#124,POSITIVE_LENGTH_MEASURE(2.E-2),#69);
#4567=PRESENTATION_STYLE_ASSIGNMENT((#4566));
#4568=STYLED_ITEM('',(#4567),#4565);
#4569=CARTESIAN_POINT('',(1.804075041250E2,5.699223972185E1,7.072284929362E1));
#4570=DIRECTION('',(1.E0,0.E0,0.E0));
#4571=DIRECTION('',(0.E0,-1.E0,2.514530128962E-14));
#4572=AXIS2_PLACEMENT_3D('',#4569,#4570,#4571);
#4574=CURVE_STYLE('',#124,POSITIVE_LENGTH_MEASURE(2.E-2),#69);
#4575=PRESENTATION_STYLE_ASSIGNMENT((#4574));
#4576=STYLED_ITEM('',(#4575),#4573);
#4577=DIRECTION('',(-5.150380749101E-1,-8.571673007021E-1,2.155373003176E-14));
#4578=VECTOR('',#4577,6.593222933691E-1);
#4579=CARTESIAN_POINT('',(1.800679280403E2,5.755738923235E1,7.072284929362E1));
#4580=LINE('',#4579,#4578);
#4581=CURVE_STYLE('',#124,POSITIVE_LENGTH_MEASURE(2.E-2),#69);
#4582=PRESENTATION_STYLE_ASSIGNMENT((#4581));
#4583=STYLED_ITEM('',(#4582),#4580);
#4584=DIRECTION('',(-5.150380749101E-1,8.571673007021E-1,-2.155373003176E-14));
#4585=VECTOR('',#4584,6.593222933691E-1);
#4586=CARTESIAN_POINT('',(1.800679280403E2,5.642709021135E1,7.072284929362E1));
#4587=LINE('',#4586,#4585);
#4588=CURVE_STYLE('',#124,POSITIVE_LENGTH_MEASURE(2.E-2),#69);
#4589=PRESENTATION_STYLE_ASSIGNMENT((#4588));
#4590=STYLED_ITEM('',(#4589),#4587);
#4591=DIRECTION('',(-5.150380749100E-1,8.571673007022E-1,-2.155373003176E-14));
#4592=VECTOR('',#4591,6.593222933694E-1);
#4593=CARTESIAN_POINT('',(1.804075041250E2,5.586194070085E1,7.072284929362E1));
#4594=LINE('',#4593,#4592);
#4595=CURVE_STYLE('',#124,POSITIVE_LENGTH_MEASURE(2.E-2),#69);
#4596=PRESENTATION_STYLE_ASSIGNMENT((#4595));
#4597=STYLED_ITEM('',(#4596),#4594);
#4598=CARTESIAN_POINT('',(1.804075041250E2,5.699223972185E1,7.072284929362E1));
#4599=DIRECTION('',(1.E0,0.E0,0.E0));
#4600=DIRECTION('',(0.E0,1.E0,-3.771795193443E-14));
#4601=AXIS2_PLACEMENT_3D('',#4598,#4599,#4600);
#4603=CURVE_STYLE('',#124,POSITIVE_LENGTH_MEASURE(2.E-2),#69);
#4604=PRESENTATION_STYLE_ASSIGNMENT((#4603));
#4605=STYLED_ITEM('',(#4604),#4602);
#4606=DIRECTION('',(1.E0,0.E0,-3.358929296320E-14));
#4607=VECTOR('',#4606,5.5E0);
#4608=CARTESIAN_POINT('',(1.7967E2,5.238199028641E1,7.318867267526E1));
#4609=LINE('',#4608,#4607);
#4610=CURVE_STYLE('',#124,POSITIVE_LENGTH_MEASURE(2.E-2),#69);
#4611=PRESENTATION_STYLE_ASSIGNMENT((#4610));
#4612=STYLED_ITEM('',(#4611),#4609);
#4613=DIRECTION('',(-1.E0,1.937843824800E-14,0.E0));
#4614=VECTOR('',#4613,5.5E0);
#4615=CARTESIAN_POINT('',(1.8517E2,5.042569508494E1,7.477284929362E1));
#4616=LINE('',#4615,#4614);
#4617=CURVE_STYLE('',#124,POSITIVE_LENGTH_MEASURE(2.E-2),#69);
#4618=PRESENTATION_STYLE_ASSIGNMENT((#4617));
#4619=STYLED_ITEM('',(#4618),#4616);
#4620=DIRECTION('',(0.E0,1.E0,-2.430860128008E-14));
#4621=VECTOR('',#4620,3.390691072617E1);
#4622=CARTESIAN_POINT('',(1.7967E2,1.651878435877E1,7.477284929362E1));
#4623=LINE('',#4622,#4621);
#4624=CURVE_STYLE('',#124,POSITIVE_LENGTH_MEASURE(2.E-2),#69);
#4625=PRESENTATION_STYLE_ASSIGNMENT((#4624));
#4626=STYLED_ITEM('',(#4625),#4623);
#4627=DIRECTION('',(1.E0,-5.232178326961E-14,0.E0));
#4628=VECTOR('',#4627,5.5E0);
#4629=CARTESIAN_POINT('',(1.7967E2,1.651878435877E1,7.477284929362E1));
#4630=LINE('',#4629,#4628);
#4631=CURVE_STYLE('',#124,POSITIVE_LENGTH_MEASURE(2.E-2),#69);
#4632=PRESENTATION_STYLE_ASSIGNMENT((#4631));
#4633=STYLED_ITEM('',(#4632),#4630);
#4634=DIRECTION('',(-1.E0,1.679464648160E-14,0.E0));
#4635=VECTOR('',#4634,5.5E0);
#4636=CARTESIAN_POINT('',(1.8517E2,1.456248915730E1,7.318867267526E1));
#4637=LINE('',#4636,#4635);
#4638=CURVE_STYLE('',#124,POSITIVE_LENGTH_MEASURE(2.E-2),#69);
#4639=PRESENTATION_STYLE_ASSIGNMENT((#4638));
#4640=STYLED_ITEM('',(#4639),#4637);
#4641=DIRECTION('',(1.E0,0.E0,4.134066826241E-14));
#4642=VECTOR('',#4641,5.5E0);
#4643=CARTESIAN_POINT('',(1.7967E2,1.377687072002E1,6.949262852067E1));
#4644=LINE('',#4643,#4642);
#4645=CURVE_STYLE('',#124,POSITIVE_LENGTH_MEASURE(2.E-2),#69);
#4646=PRESENTATION_STYLE_ASSIGNMENT((#4645));
#4647=STYLED_ITEM('',(#4646),#4644);
#4648=DIRECTION('',(-1.E0,-1.937843824800E-14,0.E0));
#4649=VECTOR('',#4648,5.5E0);
#4650=CARTESIAN_POINT('',(1.8517E2,1.622223972185E1,6.647284929362E1));
#4651=LINE('',#4650,#4649);
#4652=CURVE_STYLE('',#124,POSITIVE_LENGTH_MEASURE(2.E-2),#69);
#4653=PRESENTATION_STYLE_ASSIGNMENT((#4652));
#4654=STYLED_ITEM('',(#4653),#4651);
#4655=DIRECTION('',(0.E0,-1.E0,2.677407410110E-14));
#4656=VECTOR('',#4655,3.45E1);
#4657=CARTESIAN_POINT('',(1.7967E2,5.072223972185E1,6.647284929362E1));
#4658=LINE('',#4657,#4656);
#4659=CURVE_STYLE('',#124,POSITIVE_LENGTH_MEASURE(2.E-2),#69);
#4660=PRESENTATION_STYLE_ASSIGNMENT((#4659));
#4661=STYLED_ITEM('',(#4660),#4658);
#4662=DIRECTION('',(1.E0,0.E0,0.E0));
#4663=VECTOR('',#4662,4.7E0);
#4664=CARTESIAN_POINT('',(1.7967E2,4.897223972185E1,6.902284929362E1));
#4665=LINE('',#4664,#4663);
#4666=CURVE_STYLE('',#124,POSITIVE_LENGTH_MEASURE(2.E-2),#69);
#4667=PRESENTATION_STYLE_ASSIGNMENT((#4666));
#4668=STYLED_ITEM('',(#4667),#4665);
#4669=DIRECTION('',(1.E0,0.E0,0.E0));
#4670=VECTOR('',#4669,4.7E0);
#4671=CARTESIAN_POINT('',(1.7967E2,4.797223972185E1,6.902284929362E1));
#4672=LINE('',#4671,#4670);
#4673=CURVE_STYLE('',#124,POSITIVE_LENGTH_MEASURE(2.E-2),#69);
#4674=PRESENTATION_STYLE_ASSIGNMENT((#4673));
#4675=STYLED_ITEM('',(#4674),#4672);
#4676=CARTESIAN_POINT('',(1.8437E2,4.847223972185E1,6.902284929362E1));
#4677=DIRECTION('',(1.E0,0.E0,0.E0));
#4678=DIRECTION('',(0.E0,1.E0,-2.842170943040E-14));
#4679=AXIS2_PLACEMENT_3D('',#4676,#4677,#4678);
#4681=CURVE_STYLE('',#124,POSITIVE_LENGTH_MEASURE(2.E-2),#69);
#4682=PRESENTATION_STYLE_ASSIGNMENT((#4681));
#4683=STYLED_ITEM('',(#4682),#4680);
#4684=CARTESIAN_POINT('',(1.8437E2,4.867223972185E1,6.902284929362E1));
#4685=DIRECTION('',(0.E0,2.775557561563E-14,1.E0));
#4686=DIRECTION('',(1.E0,0.E0,0.E0));
#4687=AXIS2_PLACEMENT_3D('',#4684,#4685,#4686);
#4689=CURVE_STYLE('',#124,POSITIVE_LENGTH_MEASURE(2.E-2),#69);
#4690=PRESENTATION_STYLE_ASSIGNMENT((#4689));
#4691=STYLED_ITEM('',(#4690),#4688);
#4692=CARTESIAN_POINT('',(1.8437E2,4.827223972185E1,6.902284929362E1));
#4693=DIRECTION('',(0.E0,-2.787804029554E-14,-1.E0));
#4694=DIRECTION('',(1.E0,2.368475785867E-14,0.E0));
#4695=AXIS2_PLACEMENT_3D('',#4692,#4693,#4694);
#4697=CURVE_STYLE('',#124,POSITIVE_LENGTH_MEASURE(2.E-2),#69);
#4698=PRESENTATION_STYLE_ASSIGNMENT((#4697));
#4699=STYLED_ITEM('',(#4698),#4696);
#4700=CARTESIAN_POINT('',(1.8437E2,4.847223972185E1,6.902284929362E1));
#4701=DIRECTION('',(1.E0,0.E0,0.E0));
#4702=DIRECTION('',(0.E0,-1.E0,2.842170943040E-14));
#4703=AXIS2_PLACEMENT_3D('',#4700,#4701,#4702);
#4705=CURVE_STYLE('',#124,POSITIVE_LENGTH_MEASURE(2.E-2),#69);
#4706=PRESENTATION_STYLE_ASSIGNMENT((#4705));
#4707=STYLED_ITEM('',(#4706),#4704);
#4708=CARTESIAN_POINT('',(1.8467E2,4.847223972185E1,6.902284929362E1));
#4709=DIRECTION('',(1.E0,0.E0,0.E0));
#4710=DIRECTION('',(0.E0,1.E0,0.E0));
#4711=AXIS2_PLACEMENT_3D('',#4708,#4709,#4710);
#4713=CURVE_STYLE('',#124,POSITIVE_LENGTH_MEASURE(2.E-2),#69);
#4714=PRESENTATION_STYLE_ASSIGNMENT((#4713));
#4715=STYLED_ITEM('',(#4714),#4712);
#4716=CARTESIAN_POINT('',(1.8467E2,4.847223972185E1,6.902284929362E1));
#4717=DIRECTION('',(1.E0,0.E0,0.E0));
#4718=DIRECTION('',(0.E0,-1.E0,0.E0));
#4719=AXIS2_PLACEMENT_3D('',#4716,#4717,#4718);
#4721=CURVE_STYLE('',#124,POSITIVE_LENGTH_MEASURE(2.E-2),#69);
#4722=PRESENTATION_STYLE_ASSIGNMENT((#4721));
#4723=STYLED_ITEM('',(#4722),#4720);
#4724=DIRECTION('',(1.E0,0.E0,0.E0));
#4725=VECTOR('',#4724,4.7E0);
#4726=CARTESIAN_POINT('',(1.7967E2,4.297223972185E1,6.902284929362E1));
#4727=LINE('',#4726,#4725);
#4728=CURVE_STYLE('',#124,POSITIVE_LENGTH_MEASURE(2.E-2),#69);
#4729=PRESENTATION_STYLE_ASSIGNMENT((#4728));
#4730=STYLED_ITEM('',(#4729),#4727);
#4731=DIRECTION('',(1.E0,0.E0,0.E0));
#4732=VECTOR('',#4731,4.7E0);
#4733=CARTESIAN_POINT('',(1.7967E2,4.197223972185E1,6.902284929362E1));
#4734=LINE('',#4733,#4732);
#4735=CURVE_STYLE('',#124,POSITIVE_LENGTH_MEASURE(2.E-2),#69);
#4736=PRESENTATION_STYLE_ASSIGNMENT((#4735));
#4737=STYLED_ITEM('',(#4736),#4734);
#4738=CARTESIAN_POINT('',(1.8437E2,4.247223972185E1,6.902284929362E1));
#4739=DIRECTION('',(1.E0,0.E0,0.E0));
#4740=DIRECTION('',(0.E0,1.E0,-5.684341886081E-14));
#4741=AXIS2_PLACEMENT_3D('',#4738,#4739,#4740);
#4743=CURVE_STYLE('',#124,POSITIVE_LENGTH_MEASURE(2.E-2),#69);
#4744=PRESENTATION_STYLE_ASSIGNMENT((#4743));
#4745=STYLED_ITEM('',(#4744),#4742);
#4746=CARTESIAN_POINT('',(1.8437E2,4.267223972185E1,6.902284929362E1));
#4747=DIRECTION('',(0.E0,2.775557561563E-14,1.E0));
#4748=DIRECTION('',(1.E0,-2.368475785867E-14,0.E0));
#4749=AXIS2_PLACEMENT_3D('',#4746,#4747,#4748);
#4751=CURVE_STYLE('',#124,POSITIVE_LENGTH_MEASURE(2.E-2),#69);
#4752=PRESENTATION_STYLE_ASSIGNMENT((#4751));
#4753=STYLED_ITEM('',(#4752),#4750);
#4754=CARTESIAN_POINT('',(1.8437E2,4.227223972185E1,6.902284929362E1));
#4755=DIRECTION('',(0.E0,0.E0,-1.E0));
#4756=DIRECTION('',(1.E0,0.E0,0.E0));
#4757=AXIS2_PLACEMENT_3D('',#4754,#4755,#4756);
#4759=CURVE_STYLE('',#124,POSITIVE_LENGTH_MEASURE(2.E-2),#69);
#4760=PRESENTATION_STYLE_ASSIGNMENT((#4759));
#4761=STYLED_ITEM('',(#4760),#4758);
#4762=CARTESIAN_POINT('',(1.8437E2,4.247223972185E1,6.902284929362E1));
#4763=DIRECTION('',(1.E0,0.E0,0.E0));
#4764=DIRECTION('',(0.E0,-1.E0,2.842170943040E-14));
#4765=AXIS2_PLACEMENT_3D('',#4762,#4763,#4764);
#4767=CURVE_STYLE('',#124,POSITIVE_LENGTH_MEASURE(2.E-2),#69);
#4768=PRESENTATION_STYLE_ASSIGNMENT((#4767));
#4769=STYLED_ITEM('',(#4768),#4766);
#4770=CARTESIAN_POINT('',(1.8467E2,4.247223972185E1,6.902284929362E1));
#4771=DIRECTION('',(1.E0,0.E0,0.E0));
#4772=DIRECTION('',(0.E0,1.E0,0.E0));
#4773=AXIS2_PLACEMENT_3D('',#4770,#4771,#4772);
#4775=CURVE_STYLE('',#124,POSITIVE_LENGTH_MEASURE(2.E-2),#69);
#4776=PRESENTATION_STYLE_ASSIGNMENT((#4775));
#4777=STYLED_ITEM('',(#4776),#4774);
#4778=CARTESIAN_POINT('',(1.8467E2,4.247223972185E1,6.902284929362E1));
#4779=DIRECTION('',(1.E0,0.E0,0.E0));
#4780=DIRECTION('',(0.E0,-1.E0,0.E0));
#4781=AXIS2_PLACEMENT_3D('',#4778,#4779,#4780);
#4783=CURVE_STYLE('',#124,POSITIVE_LENGTH_MEASURE(2.E-2),#69);
#4784=PRESENTATION_STYLE_ASSIGNMENT((#4783));
#4785=STYLED_ITEM('',(#4784),#4782);
#4786=DIRECTION('',(1.E0,0.E0,0.E0));
#4787=VECTOR('',#4786,4.7E0);
#4788=CARTESIAN_POINT('',(1.7967E2,3.697223972185E1,6.902284929362E1));
#4789=LINE('',#4788,#4787);
#4790=CURVE_STYLE('',#124,POSITIVE_LENGTH_MEASURE(2.E-2),#69);
#4791=PRESENTATION_STYLE_ASSIGNMENT((#4790));
#4792=STYLED_ITEM('',(#4791),#4789);
#4793=DIRECTION('',(1.E0,0.E0,0.E0));
#4794=VECTOR('',#4793,4.7E0);
#4795=CARTESIAN_POINT('',(1.7967E2,3.597223972185E1,6.902284929362E1));
#4796=LINE('',#4795,#4794);
#4797=CURVE_STYLE('',#124,POSITIVE_LENGTH_MEASURE(2.E-2),#69);
#4798=PRESENTATION_STYLE_ASSIGNMENT((#4797));
#4799=STYLED_ITEM('',(#4798),#4796);
#4800=CARTESIAN_POINT('',(1.8437E2,3.647223972185E1,6.902284929362E1));
#4801=DIRECTION('',(1.E0,0.E0,0.E0));
#4802=DIRECTION('',(0.E0,1.E0,-5.684341886081E-14));
#4803=AXIS2_PLACEMENT_3D('',#4800,#4801,#4802);
#4805=CURVE_STYLE('',#124,POSITIVE_LENGTH_MEASURE(2.E-2),#69);
#4806=PRESENTATION_STYLE_ASSIGNMENT((#4805));
#4807=STYLED_ITEM('',(#4806),#4804);
#4808=CARTESIAN_POINT('',(1.8437E2,3.667223972185E1,6.902284929362E1));
#4809=DIRECTION('',(0.E0,2.775557561563E-14,1.E0));
#4810=DIRECTION('',(1.E0,0.E0,0.E0));
#4811=AXIS2_PLACEMENT_3D('',#4808,#4809,#4810);
#4813=CURVE_STYLE('',#124,POSITIVE_LENGTH_MEASURE(2.E-2),#69);
#4814=PRESENTATION_STYLE_ASSIGNMENT((#4813));
#4815=STYLED_ITEM('',(#4814),#4812);
#4816=CARTESIAN_POINT('',(1.8437E2,3.627223972185E1,6.902284929362E1));
#4817=DIRECTION('',(0.E0,0.E0,-1.E0));
#4818=DIRECTION('',(1.E0,2.368475785867E-14,0.E0));
#4819=AXIS2_PLACEMENT_3D('',#4816,#4817,#4818);
#4821=CURVE_STYLE('',#124,POSITIVE_LENGTH_MEASURE(2.E-2),#69);
#4822=PRESENTATION_STYLE_ASSIGNMENT((#4821));
#4823=STYLED_ITEM('',(#4822),#4820);
#4824=CARTESIAN_POINT('',(1.8437E2,3.647223972185E1,6.902284929362E1));
#4825=DIRECTION('',(1.E0,0.E0,0.E0));
#4826=DIRECTION('',(0.E0,-1.E0,2.842170943040E-14));
#4827=AXIS2_PLACEMENT_3D('',#4824,#4825,#4826);
#4829=CURVE_STYLE('',#124,POSITIVE_LENGTH_MEASURE(2.E-2),#69);
#4830=PRESENTATION_STYLE_ASSIGNMENT((#4829));
#4831=STYLED_ITEM('',(#4830),#4828);
#4832=CARTESIAN_POINT('',(1.8467E2,3.647223972185E1,6.902284929362E1));
#4833=DIRECTION('',(1.E0,0.E0,0.E0));
#4834=DIRECTION('',(0.E0,1.E0,0.E0));
#4835=AXIS2_PLACEMENT_3D('',#4832,#4833,#4834);
#4837=CURVE_STYLE('',#124,POSITIVE_LENGTH_MEASURE(2.E-2),#69);
#4838=PRESENTATION_STYLE_ASSIGNMENT((#4837));
#4839=STYLED_ITEM('',(#4838),#4836);
#4840=CARTESIAN_POINT('',(1.8467E2,3.647223972185E1,6.902284929362E1));
#4841=DIRECTION('',(1.E0,0.E0,0.E0));
#4842=DIRECTION('',(0.E0,-1.E0,0.E0));
#4843=AXIS2_PLACEMENT_3D('',#4840,#4841,#4842);
#4845=CURVE_STYLE('',#124,POSITIVE_LENGTH_MEASURE(2.E-2),#69);
#4846=PRESENTATION_STYLE_ASSIGNMENT((#4845));
#4847=STYLED_ITEM('',(#4846),#4844);
#4848=DIRECTION('',(1.E0,0.E0,1.209434443847E-14));
#4849=VECTOR('',#4848,2.35E0);
#4850=CARTESIAN_POINT('',(1.7967E2,3.097223972185E1,6.902284929362E1));
#4851=LINE('',#4850,#4849);
#4852=CURVE_STYLE('',#124,POSITIVE_LENGTH_MEASURE(2.E-2),#69);
#4853=PRESENTATION_STYLE_ASSIGNMENT((#4852));
#4854=STYLED_ITEM('',(#4853),#4851);
#4855=DIRECTION('',(1.E0,0.E0,-1.209434443847E-14));
#4856=VECTOR('',#4855,2.35E0);
#4857=CARTESIAN_POINT('',(1.8202E2,3.097223972185E1,6.902284929362E1));
#4858=LINE('',#4857,#4856);
#4859=CURVE_STYLE('',#124,POSITIVE_LENGTH_MEASURE(2.E-2),#69);
#4860=PRESENTATION_STYLE_ASSIGNMENT((#4859));
#4861=STYLED_ITEM('',(#4860),#4858);
#4862=DIRECTION('',(1.E0,0.E0,0.E0));
#4863=VECTOR('',#4862,4.7E0);
#4864=CARTESIAN_POINT('',(1.7967E2,2.997223972185E1,6.902284929362E1));
#4865=LINE('',#4864,#4863);
#4866=CURVE_STYLE('',#124,POSITIVE_LENGTH_MEASURE(2.E-2),#69);
#4867=PRESENTATION_STYLE_ASSIGNMENT((#4866));
#4868=STYLED_ITEM('',(#4867),#4865);
#4869=CARTESIAN_POINT('',(1.8437E2,3.047223972185E1,6.902284929362E1));
#4870=DIRECTION('',(1.E0,0.E0,0.E0));
#4871=DIRECTION('',(0.E0,1.E0,1.421085471520E-13));
#4872=AXIS2_PLACEMENT_3D('',#4869,#4870,#4871);
#4874=CURVE_STYLE('',#124,POSITIVE_LENGTH_MEASURE(2.E-2),#69);
#4875=PRESENTATION_STYLE_ASSIGNMENT((#4874));
#4876=STYLED_ITEM('',(#4875),#4873);
#4877=CARTESIAN_POINT('',(1.8437E2,3.067223972185E1,6.902284929362E1));
#4878=DIRECTION('',(0.E0,2.775557561563E-14,1.E0));
#4879=DIRECTION('',(1.E0,2.131628207280E-13,0.E0));
#4880=AXIS2_PLACEMENT_3D('',#4877,#4878,#4879);
#4882=CURVE_STYLE('',#124,POSITIVE_LENGTH_MEASURE(2.E-2),#69);
#4883=PRESENTATION_STYLE_ASSIGNMENT((#4882));
#4884=STYLED_ITEM('',(#4883),#4881);
#4885=CARTESIAN_POINT('',(1.8437E2,3.027223972185E1,6.902284929362E1));
#4886=DIRECTION('',(0.E0,-2.787804029554E-14,-1.E0));
#4887=DIRECTION('',(1.E0,2.131628207280E-13,0.E0));
#4888=AXIS2_PLACEMENT_3D('',#4885,#4886,#4887);
#4890=CURVE_STYLE('',#124,POSITIVE_LENGTH_MEASURE(2.E-2),#69);
#4891=PRESENTATION_STYLE_ASSIGNMENT((#4890));
#4892=STYLED_ITEM('',(#4891),#4889);
#4893=CARTESIAN_POINT('',(1.8437E2,3.047223972185E1,6.902284929362E1));
#4894=DIRECTION('',(1.E0,0.E0,0.E0));
#4895=DIRECTION('',(0.E0,-1.E0,1.989519660128E-13));
#4896=AXIS2_PLACEMENT_3D('',#4893,#4894,#4895);
#4898=CURVE_STYLE('',#124,POSITIVE_LENGTH_MEASURE(2.E-2),#69);
#4899=PRESENTATION_STYLE_ASSIGNMENT((#4898));
#4900=STYLED_ITEM('',(#4899),#4897);
#4901=CARTESIAN_POINT('',(1.8467E2,3.047223972185E1,6.902284929362E1));
#4902=DIRECTION('',(1.E0,0.E0,0.E0));
#4903=DIRECTION('',(0.E0,1.E0,4.263256414559E-13));
#4904=AXIS2_PLACEMENT_3D('',#4901,#4902,#4903);
#4906=CURVE_STYLE('',#124,POSITIVE_LENGTH_MEASURE(2.E-2),#69);
#4907=PRESENTATION_STYLE_ASSIGNMENT((#4906));
#4908=STYLED_ITEM('',(#4907),#4905);
#4909=CARTESIAN_POINT('',(1.8467E2,3.047223972185E1,6.902284929362E1));
#4910=DIRECTION('',(1.E0,0.E0,0.E0));
#4911=DIRECTION('',(0.E0,-1.E0,4.263256414562E-13));
#4912=AXIS2_PLACEMENT_3D('',#4909,#4910,#4911);
#4914=CURVE_STYLE('',#124,POSITIVE_LENGTH_MEASURE(2.E-2),#69);
#4915=PRESENTATION_STYLE_ASSIGNMENT((#4914));
#4916=STYLED_ITEM('',(#4915),#4913);
#4917=DIRECTION('',(1.E0,0.E0,0.E0));
#4918=VECTOR('',#4917,2.35E0);
#4919=CARTESIAN_POINT('',(1.7967E2,2.497223972185E1,6.902284929362E1));
#4920=LINE('',#4919,#4918);
#4921=CURVE_STYLE('',#124,POSITIVE_LENGTH_MEASURE(2.E-2),#69);
#4922=PRESENTATION_STYLE_ASSIGNMENT((#4921));
#4923=STYLED_ITEM('',(#4922),#4920);
#4924=DIRECTION('',(1.E0,0.E0,-1.814151665770E-14));
#4925=VECTOR('',#4924,2.35E0);
#4926=CARTESIAN_POINT('',(1.8202E2,2.497223972185E1,6.902284929362E1));
#4927=LINE('',#4926,#4925);
#4928=CURVE_STYLE('',#124,POSITIVE_LENGTH_MEASURE(2.E-2),#69);
#4929=PRESENTATION_STYLE_ASSIGNMENT((#4928));
#4930=STYLED_ITEM('',(#4929),#4927);
#4931=DIRECTION('',(1.E0,0.E0,0.E0));
#4932=VECTOR('',#4931,4.7E0);
#4933=CARTESIAN_POINT('',(1.7967E2,2.397223972185E1,6.902284929362E1));
#4934=LINE('',#4933,#4932);
#4935=CURVE_STYLE('',#124,POSITIVE_LENGTH_MEASURE(2.E-2),#69);
#4936=PRESENTATION_STYLE_ASSIGNMENT((#4935));
#4937=STYLED_ITEM('',(#4936),#4934);
#4938=CARTESIAN_POINT('',(1.8437E2,2.447223972185E1,6.902284929362E1));
#4939=DIRECTION('',(1.E0,0.E0,0.E0));
#4940=DIRECTION('',(0.E0,1.E0,1.989519660128E-13));
#4941=AXIS2_PLACEMENT_3D('',#4938,#4939,#4940);
#4943=CURVE_STYLE('',#124,POSITIVE_LENGTH_MEASURE(2.E-2),#69);
#4944=PRESENTATION_STYLE_ASSIGNMENT((#4943));
#4945=STYLED_ITEM('',(#4944),#4942);
#4946=CARTESIAN_POINT('',(1.8437E2,2.467223972185E1,6.902284929362E1));
#4947=DIRECTION('',(0.E0,2.775557561563E-14,1.E0));
#4948=DIRECTION('',(1.E0,2.605323364454E-13,0.E0));
#4949=AXIS2_PLACEMENT_3D('',#4946,#4947,#4948);
#4951=CURVE_STYLE('',#124,POSITIVE_LENGTH_MEASURE(2.E-2),#69);
#4952=PRESENTATION_STYLE_ASSIGNMENT((#4951));
#4953=STYLED_ITEM('',(#4952),#4950);
#4954=CARTESIAN_POINT('',(1.8437E2,2.427223972185E1,6.902284929362E1));
#4955=DIRECTION('',(0.E0,-2.787804029554E-14,-1.E0));
#4956=DIRECTION('',(1.E0,2.605323364454E-13,0.E0));
#4957=AXIS2_PLACEMENT_3D('',#4954,#4955,#4956);
#4959=CURVE_STYLE('',#124,POSITIVE_LENGTH_MEASURE(2.E-2),#69);
#4960=PRESENTATION_STYLE_ASSIGNMENT((#4959));
#4961=STYLED_ITEM('',(#4960),#4958);
#4962=CARTESIAN_POINT('',(1.8437E2,2.447223972185E1,6.902284929362E1));
#4963=DIRECTION('',(1.E0,0.E0,0.E0));
#4964=DIRECTION('',(0.E0,-1.E0,2.273736754432E-13));
#4965=AXIS2_PLACEMENT_3D('',#4962,#4963,#4964);
#4967=CURVE_STYLE('',#124,POSITIVE_LENGTH_MEASURE(2.E-2),#69);
#4968=PRESENTATION_STYLE_ASSIGNMENT((#4967));
#4969=STYLED_ITEM('',(#4968),#4966);
#4970=CARTESIAN_POINT('',(1.8467E2,2.447223972185E1,6.902284929362E1));
#4971=DIRECTION('',(1.E0,0.E0,0.E0));
#4972=DIRECTION('',(0.E0,1.E0,4.973799150319E-13));
#4973=AXIS2_PLACEMENT_3D('',#4970,#4971,#4972);
#4975=CURVE_STYLE('',#124,POSITIVE_LENGTH_MEASURE(2.E-2),#69);
#4976=PRESENTATION_STYLE_ASSIGNMENT((#4975));
#4977=STYLED_ITEM('',(#4976),#4974);
#4978=CARTESIAN_POINT('',(1.8467E2,2.447223972185E1,6.902284929362E1));
#4979=DIRECTION('',(1.E0,0.E0,0.E0));
#4980=DIRECTION('',(0.E0,-1.E0,4.973799150323E-13));
#4981=AXIS2_PLACEMENT_3D('',#4978,#4979,#4980);
#4983=CURVE_STYLE('',#124,POSITIVE_LENGTH_MEASURE(2.E-2),#69);
#4984=PRESENTATION_STYLE_ASSIGNMENT((#4983));
#4985=STYLED_ITEM('',(#4984),#4982);
#4986=DIRECTION('',(1.E0,0.E0,0.E0));
#4987=VECTOR('',#4986,2.35E0);
#4988=CARTESIAN_POINT('',(1.7967E2,1.897223972185E1,6.902284929362E1));
#4989=LINE('',#4988,#4987);
#4990=CURVE_STYLE('',#124,POSITIVE_LENGTH_MEASURE(2.E-2),#69);
#4991=PRESENTATION_STYLE_ASSIGNMENT((#4990));
#4992=STYLED_ITEM('',(#4991),#4989);
#4993=DIRECTION('',(1.E0,0.E0,0.E0));
#4994=VECTOR('',#4993,2.35E0);
#4995=CARTESIAN_POINT('',(1.8202E2,1.897223972185E1,6.902284929362E1));
#4996=LINE('',#4995,#4994);
#4997=CURVE_STYLE('',#124,POSITIVE_LENGTH_MEASURE(2.E-2),#69);
#4998=PRESENTATION_STYLE_ASSIGNMENT((#4997));
#4999=STYLED_ITEM('',(#4998),#4996);
#5000=DIRECTION('',(1.E0,0.E0,0.E0));
#5001=VECTOR('',#5000,2.35E0);
#5002=CARTESIAN_POINT('',(1.8202E2,1.797223972185E1,6.902284929362E1));
#5003=LINE('',#5002,#5001);
#5004=CURVE_STYLE('',#124,POSITIVE_LENGTH_MEASURE(2.E-2),#69);
#5005=PRESENTATION_STYLE_ASSIGNMENT((#5004));
#5006=STYLED_ITEM('',(#5005),#5003);
#5007=DIRECTION('',(1.E0,0.E0,0.E0));
#5008=VECTOR('',#5007,2.35E0);
#5009=CARTESIAN_POINT('',(1.7967E2,1.797223972185E1,6.902284929362E1));
#5010=LINE('',#5009,#5008);
#5011=CURVE_STYLE('',#124,POSITIVE_LENGTH_MEASURE(2.E-2),#69);
#5012=PRESENTATION_STYLE_ASSIGNMENT((#5011));
#5013=STYLED_ITEM('',(#5012),#5010);
#5014=CARTESIAN_POINT('',(1.8437E2,1.847223972185E1,6.902284929362E1));
#5015=DIRECTION('',(1.E0,0.E0,0.E0));
#5016=DIRECTION('',(0.E0,1.E0,-2.842170943040E-14));
#5017=AXIS2_PLACEMENT_3D('',#5014,#5015,#5016);
#5019=CURVE_STYLE('',#124,POSITIVE_LENGTH_MEASURE(2.E-2),#69);
#5020=PRESENTATION_STYLE_ASSIGNMENT((#5019));
#5021=STYLED_ITEM('',(#5020),#5018);
#5022=CARTESIAN_POINT('',(1.8437E2,1.867223972185E1,6.902284929362E1));
#5023=DIRECTION('',(0.E0,2.775557561563E-14,1.E0));
#5024=DIRECTION('',(1.E0,0.E0,0.E0));
#5025=AXIS2_PLACEMENT_3D('',#5022,#5023,#5024);
#5027=CURVE_STYLE('',#124,POSITIVE_LENGTH_MEASURE(2.E-2),#69);
#5028=PRESENTATION_STYLE_ASSIGNMENT((#5027));
#5029=STYLED_ITEM('',(#5028),#5026);
#5030=CARTESIAN_POINT('',(1.8437E2,1.827223972185E1,6.902284929362E1));
#5031=DIRECTION('',(0.E0,0.E0,-1.E0));
#5032=DIRECTION('',(1.E0,0.E0,0.E0));
#5033=AXIS2_PLACEMENT_3D('',#5030,#5031,#5032);
#5035=CURVE_STYLE('',#124,POSITIVE_LENGTH_MEASURE(2.E-2),#69);
#5036=PRESENTATION_STYLE_ASSIGNMENT((#5035));
#5037=STYLED_ITEM('',(#5036),#5034);
#5038=CARTESIAN_POINT('',(1.8437E2,1.847223972185E1,6.902284929362E1));
#5039=DIRECTION('',(1.E0,0.E0,0.E0));
#5040=DIRECTION('',(0.E0,-1.E0,2.842170943040E-14));
#5041=AXIS2_PLACEMENT_3D('',#5038,#5039,#5040);
#5043=CURVE_STYLE('',#124,POSITIVE_LENGTH_MEASURE(2.E-2),#69);
#5044=PRESENTATION_STYLE_ASSIGNMENT((#5043));
#5045=STYLED_ITEM('',(#5044),#5042);
#5046=CARTESIAN_POINT('',(1.8467E2,1.847223972185E1,6.902284929362E1));
#5047=DIRECTION('',(1.E0,0.E0,0.E0));
#5048=DIRECTION('',(0.E0,1.E0,0.E0));
#5049=AXIS2_PLACEMENT_3D('',#5046,#5047,#5048);
#5051=CURVE_STYLE('',#124,POSITIVE_LENGTH_MEASURE(2.E-2),#69);
#5052=PRESENTATION_STYLE_ASSIGNMENT((#5051));
#5053=STYLED_ITEM('',(#5052),#5050);
#5054=CARTESIAN_POINT('',(1.8467E2,1.847223972185E1,6.902284929362E1));
#5055=DIRECTION('',(1.E0,0.E0,0.E0));
#5056=DIRECTION('',(0.E0,-1.E0,0.E0));
#5057=AXIS2_PLACEMENT_3D('',#5054,#5055,#5056);
#5059=CURVE_STYLE('',#124,POSITIVE_LENGTH_MEASURE(2.E-2),#69);
#5060=PRESENTATION_STYLE_ASSIGNMENT((#5059));
#5061=STYLED_ITEM('',(#5060),#5058);
#5062=DIRECTION('',(1.E0,-1.889741318511E-14,0.E0));
#5063=VECTOR('',#5062,4.7E0);
#5064=CARTESIAN_POINT('',(1.7967E2,1.597223972185E1,6.902284929362E1));
#5065=LINE('',#5064,#5063);
#5066=CURVE_STYLE('',#124,POSITIVE_LENGTH_MEASURE(2.E-2),#69);
#5067=PRESENTATION_STYLE_ASSIGNMENT((#5066));
#5068=STYLED_ITEM('',(#5067),#5065);
#5069=DIRECTION('',(1.E0,-1.965330971251E-14,0.E0));
#5070=VECTOR('',#5069,4.7E0);
#5071=CARTESIAN_POINT('',(1.7967E2,1.497223972185E1,6.902284929362E1));
#5072=LINE('',#5071,#5070);
#5073=CURVE_STYLE('',#124,POSITIVE_LENGTH_MEASURE(2.E-2),#69);
#5074=PRESENTATION_STYLE_ASSIGNMENT((#5073));
#5075=STYLED_ITEM('',(#5074),#5072);
#5076=CARTESIAN_POINT('',(1.8437E2,1.547223972185E1,6.902284929362E1));
#5077=DIRECTION('',(1.E0,0.E0,0.E0));
#5078=DIRECTION('',(0.E0,1.E0,1.421085471520E-13));
#5079=AXIS2_PLACEMENT_3D('',#5076,#5077,#5078);
#5081=CURVE_STYLE('',#124,POSITIVE_LENGTH_MEASURE(2.E-2),#69);
#5082=PRESENTATION_STYLE_ASSIGNMENT((#5081));
#5083=STYLED_ITEM('',(#5082),#5080);
#5084=CARTESIAN_POINT('',(1.8437E2,1.567223972185E1,6.902284929362E1));
#5085=DIRECTION('',(0.E0,2.775557561563E-14,1.E0));
#5086=DIRECTION('',(1.E0,2.368475785867E-13,0.E0));
#5087=AXIS2_PLACEMENT_3D('',#5084,#5085,#5086);
#5089=CURVE_STYLE('',#124,POSITIVE_LENGTH_MEASURE(2.E-2),#69);
#5090=PRESENTATION_STYLE_ASSIGNMENT((#5089));
#5091=STYLED_ITEM('',(#5090),#5088);
#5092=CARTESIAN_POINT('',(1.8437E2,1.527223972185E1,6.902284929362E1));
#5093=DIRECTION('',(0.E0,0.E0,-1.E0));
#5094=DIRECTION('',(1.E0,2.309263891220E-13,0.E0));
#5095=AXIS2_PLACEMENT_3D('',#5092,#5093,#5094);
#5097=CURVE_STYLE('',#124,POSITIVE_LENGTH_MEASURE(2.E-2),#69);
#5098=PRESENTATION_STYLE_ASSIGNMENT((#5097));
#5099=STYLED_ITEM('',(#5098),#5096);
#5100=CARTESIAN_POINT('',(1.8437E2,1.547223972185E1,6.902284929362E1));
#5101=DIRECTION('',(1.E0,0.E0,0.E0));
#5102=DIRECTION('',(0.E0,-1.E0,2.273736754432E-13));
#5103=AXIS2_PLACEMENT_3D('',#5100,#5101,#5102);
#5105=CURVE_STYLE('',#124,POSITIVE_LENGTH_MEASURE(2.E-2),#69);
#5106=PRESENTATION_STYLE_ASSIGNMENT((#5105));
#5107=STYLED_ITEM('',(#5106),#5104);
#5108=CARTESIAN_POINT('',(1.8467E2,1.547223972185E1,6.902284929362E1));
#5109=DIRECTION('',(1.E0,0.E0,0.E0));
#5110=DIRECTION('',(0.E0,1.E0,4.973799150319E-13));
#5111=AXIS2_PLACEMENT_3D('',#5108,#5109,#5110);
#5113=CURVE_STYLE('',#124,POSITIVE_LENGTH_MEASURE(2.E-2),#69);
#5114=PRESENTATION_STYLE_ASSIGNMENT((#5113));
#5115=STYLED_ITEM('',(#5114),#5112);
#5116=CARTESIAN_POINT('',(1.8467E2,1.547223972185E1,6.902284929362E1));
#5117=DIRECTION('',(1.E0,0.E0,0.E0));
#5118=DIRECTION('',(0.E0,-1.E0,4.973799150322E-13));
#5119=AXIS2_PLACEMENT_3D('',#5116,#5117,#5118);
#5121=CURVE_STYLE('',#124,POSITIVE_LENGTH_MEASURE(2.E-2),#69);
#5122=PRESENTATION_STYLE_ASSIGNMENT((#5121));
#5123=STYLED_ITEM('',(#5122),#5120);
#5124=DIRECTION('',(1.E0,0.E0,0.E0));
#5125=VECTOR('',#5124,2.35E0);
#5126=CARTESIAN_POINT('',(1.7967E2,2.197223972185E1,6.902284929362E1));
#5127=LINE('',#5126,#5125);
#5128=CURVE_STYLE('',#124,POSITIVE_LENGTH_MEASURE(2.E-2),#69);
#5129=PRESENTATION_STYLE_ASSIGNMENT((#5128));
#5130=STYLED_ITEM('',(#5129),#5127);
#5131=DIRECTION('',(1.E0,0.E0,0.E0));
#5132=VECTOR('',#5131,2.35E0);
#5133=CARTESIAN_POINT('',(1.8202E2,2.197223972185E1,6.902284929362E1));
#5134=LINE('',#5133,#5132);
#5135=CURVE_STYLE('',#124,POSITIVE_LENGTH_MEASURE(2.E-2),#69);
#5136=PRESENTATION_STYLE_ASSIGNMENT((#5135));
#5137=STYLED_ITEM('',(#5136),#5134);
#5138=DIRECTION('',(1.E0,0.E0,0.E0));
#5139=VECTOR('',#5138,4.7E0);
#5140=CARTESIAN_POINT('',(1.7967E2,2.097223972185E1,6.902284929362E1));
#5141=LINE('',#5140,#5139);
#5142=CURVE_STYLE('',#124,POSITIVE_LENGTH_MEASURE(2.E-2),#69);
#5143=PRESENTATION_STYLE_ASSIGNMENT((#5142));
#5144=STYLED_ITEM('',(#5143),#5141);
#5145=CARTESIAN_POINT('',(1.8437E2,2.147223972185E1,6.902284929362E1));
#5146=DIRECTION('',(1.E0,0.E0,0.E0));
#5147=DIRECTION('',(0.E0,1.E0,-2.842170943040E-14));
#5148=AXIS2_PLACEMENT_3D('',#5145,#5146,#5147);
#5150=CURVE_STYLE('',#124,POSITIVE_LENGTH_MEASURE(2.E-2),#69);
#5151=PRESENTATION_STYLE_ASSIGNMENT((#5150));
#5152=STYLED_ITEM('',(#5151),#5149);
#5153=CARTESIAN_POINT('',(1.8437E2,2.167223972185E1,6.902284929362E1));
#5154=DIRECTION('',(0.E0,2.775557561563E-14,1.E0));
#5155=DIRECTION('',(1.E0,0.E0,0.E0));
#5156=AXIS2_PLACEMENT_3D('',#5153,#5154,#5155);
#5158=CURVE_STYLE('',#124,POSITIVE_LENGTH_MEASURE(2.E-2),#69);
#5159=PRESENTATION_STYLE_ASSIGNMENT((#5158));
#5160=STYLED_ITEM('',(#5159),#5157);
#5161=CARTESIAN_POINT('',(1.8437E2,2.127223972185E1,6.902284929362E1));
#5162=DIRECTION('',(0.E0,0.E0,-1.E0));
#5163=DIRECTION('',(1.E0,0.E0,0.E0));
#5164=AXIS2_PLACEMENT_3D('',#5161,#5162,#5163);
#5166=CURVE_STYLE('',#124,POSITIVE_LENGTH_MEASURE(2.E-2),#69);
#5167=PRESENTATION_STYLE_ASSIGNMENT((#5166));
#5168=STYLED_ITEM('',(#5167),#5165);
#5169=CARTESIAN_POINT('',(1.8437E2,2.147223972185E1,6.902284929362E1));
#5170=DIRECTION('',(1.E0,0.E0,0.E0));
#5171=DIRECTION('',(0.E0,-1.E0,2.842170943040E-14));
#5172=AXIS2_PLACEMENT_3D('',#5169,#5170,#5171);
#5174=CURVE_STYLE('',#124,POSITIVE_LENGTH_MEASURE(2.E-2),#69);
#5175=PRESENTATION_STYLE_ASSIGNMENT((#5174));
#5176=STYLED_ITEM('',(#5175),#5173);
#5177=CARTESIAN_POINT('',(1.8467E2,2.147223972185E1,6.902284929362E1));
#5178=DIRECTION('',(1.E0,0.E0,0.E0));
#5179=DIRECTION('',(0.E0,1.E0,0.E0));
#5180=AXIS2_PLACEMENT_3D('',#5177,#5178,#5179);
#5182=CURVE_STYLE('',#124,POSITIVE_LENGTH_MEASURE(2.E-2),#69);
#5183=PRESENTATION_STYLE_ASSIGNMENT((#5182));
#5184=STYLED_ITEM('',(#5183),#5181);
#5185=CARTESIAN_POINT('',(1.8467E2,2.147223972185E1,6.902284929362E1));
#5186=DIRECTION('',(1.E0,0.E0,0.E0));
#5187=DIRECTION('',(0.E0,-1.E0,0.E0));
#5188=AXIS2_PLACEMENT_3D('',#5185,#5186,#5187);
#5190=CURVE_STYLE('',#124,POSITIVE_LENGTH_MEASURE(2.E-2),#69);
#5191=PRESENTATION_STYLE_ASSIGNMENT((#5190));
#5192=STYLED_ITEM('',(#5191),#5189);
#5193=DIRECTION('',(1.E0,-2.267689582213E-14,0.E0));
#5194=VECTOR('',#5193,2.35E0);
#5195=CARTESIAN_POINT('',(1.7967E2,2.797223972185E1,6.902284929362E1));
#5196=LINE('',#5195,#5194);
#5197=CURVE_STYLE('',#124,POSITIVE_LENGTH_MEASURE(2.E-2),#69);
#5198=PRESENTATION_STYLE_ASSIGNMENT((#5197));
#5199=STYLED_ITEM('',(#5198),#5196);
#5200=DIRECTION('',(1.E0,3.023586109617E-14,0.E0));
#5201=VECTOR('',#5200,2.35E0);
#5202=CARTESIAN_POINT('',(1.8202E2,2.797223972185E1,6.902284929362E1));
#5203=LINE('',#5202,#5201);
#5204=CURVE_STYLE('',#124,POSITIVE_LENGTH_MEASURE(2.E-2),#69);
#5205=PRESENTATION_STYLE_ASSIGNMENT((#5204));
#5206=STYLED_ITEM('',(#5205),#5203);
#5207=DIRECTION('',(1.E0,0.E0,0.E0));
#5208=VECTOR('',#5207,4.7E0);
#5209=CARTESIAN_POINT('',(1.7967E2,2.697223972185E1,6.902284929362E1));
#5210=LINE('',#5209,#5208);
#5211=CURVE_STYLE('',#124,POSITIVE_LENGTH_MEASURE(2.E-2),#69);
#5212=PRESENTATION_STYLE_ASSIGNMENT((#5211));
#5213=STYLED_ITEM('',(#5212),#5210);
#5214=CARTESIAN_POINT('',(1.8437E2,2.747223972185E1,6.902284929362E1));
#5215=DIRECTION('',(1.E0,0.E0,0.E0));
#5216=DIRECTION('',(0.E0,1.E0,-2.842170943040E-14));
#5217=AXIS2_PLACEMENT_3D('',#5214,#5215,#5216);
#5219=CURVE_STYLE('',#124,POSITIVE_LENGTH_MEASURE(2.E-2),#69);
#5220=PRESENTATION_STYLE_ASSIGNMENT((#5219));
#5221=STYLED_ITEM('',(#5220),#5218);
#5222=CARTESIAN_POINT('',(1.8437E2,2.767223972185E1,6.902284929362E1));
#5223=DIRECTION('',(0.E0,2.775557561563E-14,1.E0));
#5224=DIRECTION('',(1.E0,1.184237892933E-14,0.E0));
#5225=AXIS2_PLACEMENT_3D('',#5222,#5223,#5224);
#5227=CURVE_STYLE('',#124,POSITIVE_LENGTH_MEASURE(2.E-2),#69);
#5228=PRESENTATION_STYLE_ASSIGNMENT((#5227));
#5229=STYLED_ITEM('',(#5228),#5226);
#5230=CARTESIAN_POINT('',(1.8437E2,2.727223972185E1,6.902284929362E1));
#5231=DIRECTION('',(0.E0,-2.787804029554E-14,-1.E0));
#5232=DIRECTION('',(1.E0,2.368475785867E-14,0.E0));
#5233=AXIS2_PLACEMENT_3D('',#5230,#5231,#5232);
#5235=CURVE_STYLE('',#124,POSITIVE_LENGTH_MEASURE(2.E-2),#69);
#5236=PRESENTATION_STYLE_ASSIGNMENT((#5235));
#5237=STYLED_ITEM('',(#5236),#5234);
#5238=CARTESIAN_POINT('',(1.8437E2,2.747223972185E1,6.902284929362E1));
#5239=DIRECTION('',(1.E0,0.E0,0.E0));
#5240=DIRECTION('',(0.E0,-1.E0,2.842170943040E-14));
#5241=AXIS2_PLACEMENT_3D('',#5238,#5239,#5240);
#5243=CURVE_STYLE('',#124,POSITIVE_LENGTH_MEASURE(2.E-2),#69);
#5244=PRESENTATION_STYLE_ASSIGNMENT((#5243));
#5245=STYLED_ITEM('',(#5244),#5242);
#5246=CARTESIAN_POINT('',(1.8467E2,2.747223972185E1,6.902284929362E1));
#5247=DIRECTION('',(1.E0,0.E0,0.E0));
#5248=DIRECTION('',(0.E0,1.E0,0.E0));
#5249=AXIS2_PLACEMENT_3D('',#5246,#5247,#5248);
#5251=CURVE_STYLE('',#124,POSITIVE_LENGTH_MEASURE(2.E-2),#69);
#5252=PRESENTATION_STYLE_ASSIGNMENT((#5251));
#5253=STYLED_ITEM('',(#5252),#5250);
#5254=CARTESIAN_POINT('',(1.8467E2,2.747223972185E1,6.902284929362E1));
#5255=DIRECTION('',(1.E0,0.E0,0.E0));
#5256=DIRECTION('',(0.E0,-1.E0,0.E0));
#5257=AXIS2_PLACEMENT_3D('',#5254,#5255,#5256);
#5259=CURVE_STYLE('',#124,POSITIVE_LENGTH_MEASURE(2.E-2),#69);
#5260=PRESENTATION_STYLE_ASSIGNMENT((#5259));
#5261=STYLED_ITEM('',(#5260),#5258);
#5262=DIRECTION('',(1.E0,0.E0,0.E0));
#5263=VECTOR('',#5262,4.7E0);
#5264=CARTESIAN_POINT('',(1.7967E2,3.397223972185E1,6.902284929362E1));
#5265=LINE('',#5264,#5263);
#5266=CURVE_STYLE('',#124,POSITIVE_LENGTH_MEASURE(2.E-2),#69);
#5267=PRESENTATION_STYLE_ASSIGNMENT((#5266));
#5268=STYLED_ITEM('',(#5267),#5265);
#5269=DIRECTION('',(1.E0,0.E0,0.E0));
#5270=VECTOR('',#5269,4.7E0);
#5271=CARTESIAN_POINT('',(1.7967E2,3.297223972185E1,6.902284929362E1));
#5272=LINE('',#5271,#5270);
#5273=CURVE_STYLE('',#124,POSITIVE_LENGTH_MEASURE(2.E-2),#69);
#5274=PRESENTATION_STYLE_ASSIGNMENT((#5273));
#5275=STYLED_ITEM('',(#5274),#5272);
#5276=CARTESIAN_POINT('',(1.8437E2,3.347223972185E1,6.902284929362E1));
#5277=DIRECTION('',(1.E0,0.E0,0.E0));
#5278=DIRECTION('',(0.E0,1.E0,-5.684341886081E-14));
#5279=AXIS2_PLACEMENT_3D('',#5276,#5277,#5278);
#5281=CURVE_STYLE('',#124,POSITIVE_LENGTH_MEASURE(2.E-2),#69);
#5282=PRESENTATION_STYLE_ASSIGNMENT((#5281));
#5283=STYLED_ITEM('',(#5282),#5280);
#5284=CARTESIAN_POINT('',(1.8437E2,3.367223972185E1,6.902284929362E1));
#5285=DIRECTION('',(0.E0,2.775557561563E-14,1.E0));
#5286=DIRECTION('',(1.E0,0.E0,0.E0));
#5287=AXIS2_PLACEMENT_3D('',#5284,#5285,#5286);
#5289=CURVE_STYLE('',#124,POSITIVE_LENGTH_MEASURE(2.E-2),#69);
#5290=PRESENTATION_STYLE_ASSIGNMENT((#5289));
#5291=STYLED_ITEM('',(#5290),#5288);
#5292=CARTESIAN_POINT('',(1.8437E2,3.327223972185E1,6.902284929362E1));
#5293=DIRECTION('',(0.E0,-1.766398846899E-14,-1.E0));
#5294=DIRECTION('',(1.E0,2.368475785867E-14,0.E0));
#5295=AXIS2_PLACEMENT_3D('',#5292,#5293,#5294);
#5297=CURVE_STYLE('',#124,POSITIVE_LENGTH_MEASURE(2.E-2),#69);
#5298=PRESENTATION_STYLE_ASSIGNMENT((#5297));
#5299=STYLED_ITEM('',(#5298),#5296);
#5300=CARTESIAN_POINT('',(1.8437E2,3.347223972185E1,6.902284929362E1));
#5301=DIRECTION('',(1.E0,0.E0,0.E0));
#5302=DIRECTION('',(0.E0,-1.E0,2.842170943040E-14));
#5303=AXIS2_PLACEMENT_3D('',#5300,#5301,#5302);
#5305=CURVE_STYLE('',#124,POSITIVE_LENGTH_MEASURE(2.E-2),#69);
#5306=PRESENTATION_STYLE_ASSIGNMENT((#5305));
#5307=STYLED_ITEM('',(#5306),#5304);
#5308=CARTESIAN_POINT('',(1.8467E2,3.347223972185E1,6.902284929362E1));
#5309=DIRECTION('',(1.E0,0.E0,0.E0));
#5310=DIRECTION('',(0.E0,1.E0,0.E0));
#5311=AXIS2_PLACEMENT_3D('',#5308,#5309,#5310);
#5313=CURVE_STYLE('',#124,POSITIVE_LENGTH_MEASURE(2.E-2),#69);
#5314=PRESENTATION_STYLE_ASSIGNMENT((#5313));
#5315=STYLED_ITEM('',(#5314),#5312);
#5316=CARTESIAN_POINT('',(1.8467E2,3.347223972185E1,6.902284929362E1));
#5317=DIRECTION('',(1.E0,0.E0,0.E0));
#5318=DIRECTION('',(0.E0,-1.E0,0.E0));
#5319=AXIS2_PLACEMENT_3D('',#5316,#5317,#5318);
#5321=CURVE_STYLE('',#124,POSITIVE_LENGTH_MEASURE(2.E-2),#69);
#5322=PRESENTATION_STYLE_ASSIGNMENT((#5321));
#5323=STYLED_ITEM('',(#5322),#5320);
#5324=DIRECTION('',(1.E0,0.E0,0.E0));
#5325=VECTOR('',#5324,4.7E0);
#5326=CARTESIAN_POINT('',(1.7967E2,3.997223972185E1,6.902284929362E1));
#5327=LINE('',#5326,#5325);
#5328=CURVE_STYLE('',#124,POSITIVE_LENGTH_MEASURE(2.E-2),#69);
#5329=PRESENTATION_STYLE_ASSIGNMENT((#5328));
#5330=STYLED_ITEM('',(#5329),#5327);
#5331=DIRECTION('',(1.E0,0.E0,0.E0));
#5332=VECTOR('',#5331,4.7E0);
#5333=CARTESIAN_POINT('',(1.7967E2,3.897223972185E1,6.902284929362E1));
#5334=LINE('',#5333,#5332);
#5335=CURVE_STYLE('',#124,POSITIVE_LENGTH_MEASURE(2.E-2),#69);
#5336=PRESENTATION_STYLE_ASSIGNMENT((#5335));
#5337=STYLED_ITEM('',(#5336),#5334);
#5338=CARTESIAN_POINT('',(1.8437E2,3.947223972185E1,6.902284929362E1));
#5339=DIRECTION('',(1.E0,0.E0,0.E0));
#5340=DIRECTION('',(0.E0,1.E0,-5.684341886081E-14));
#5341=AXIS2_PLACEMENT_3D('',#5338,#5339,#5340);
#5343=CURVE_STYLE('',#124,POSITIVE_LENGTH_MEASURE(2.E-2),#69);
#5344=PRESENTATION_STYLE_ASSIGNMENT((#5343));
#5345=STYLED_ITEM('',(#5344),#5342);
#5346=CARTESIAN_POINT('',(1.8437E2,3.967223972185E1,6.902284929362E1));
#5347=DIRECTION('',(0.E0,2.775557561563E-14,1.E0));
#5348=DIRECTION('',(1.E0,-2.368475785867E-14,0.E0));
#5349=AXIS2_PLACEMENT_3D('',#5346,#5347,#5348);
#5351=CURVE_STYLE('',#124,POSITIVE_LENGTH_MEASURE(2.E-2),#69);
#5352=PRESENTATION_STYLE_ASSIGNMENT((#5351));
#5353=STYLED_ITEM('',(#5352),#5350);
#5354=CARTESIAN_POINT('',(1.8437E2,3.927223972185E1,6.902284929362E1));
#5355=DIRECTION('',(0.E0,0.E0,-1.E0));
#5356=DIRECTION('',(1.E0,0.E0,0.E0));
#5357=AXIS2_PLACEMENT_3D('',#5354,#5355,#5356);
#5359=CURVE_STYLE('',#124,POSITIVE_LENGTH_MEASURE(2.E-2),#69);
#5360=PRESENTATION_STYLE_ASSIGNMENT((#5359));
#5361=STYLED_ITEM('',(#5360),#5358);
#5362=CARTESIAN_POINT('',(1.8437E2,3.947223972185E1,6.902284929362E1));
#5363=DIRECTION('',(1.E0,0.E0,0.E0));
#5364=DIRECTION('',(0.E0,-1.E0,2.842170943040E-14));
#5365=AXIS2_PLACEMENT_3D('',#5362,#5363,#5364);
#5367=CURVE_STYLE('',#124,POSITIVE_LENGTH_MEASURE(2.E-2),#69);
#5368=PRESENTATION_STYLE_ASSIGNMENT((#5367));
#5369=STYLED_ITEM('',(#5368),#5366);
#5370=CARTESIAN_POINT('',(1.8467E2,3.947223972185E1,6.902284929362E1));
#5371=DIRECTION('',(1.E0,0.E0,0.E0));
#5372=DIRECTION('',(0.E0,1.E0,0.E0));
#5373=AXIS2_PLACEMENT_3D('',#5370,#5371,#5372);
#5375=CURVE_STYLE('',#124,POSITIVE_LENGTH_MEASURE(2.E-2),#69);
#5376=PRESENTATION_STYLE_ASSIGNMENT((#5375));
#5377=STYLED_ITEM('',(#5376),#5374);
#5378=CARTESIAN_POINT('',(1.8467E2,3.947223972185E1,6.902284929362E1));
#5379=DIRECTION('',(1.E0,0.E0,0.E0));
#5380=DIRECTION('',(0.E0,-1.E0,0.E0));
#5381=AXIS2_PLACEMENT_3D('',#5378,#5379,#5380);
#5383=CURVE_STYLE('',#124,POSITIVE_LENGTH_MEASURE(2.E-2),#69);
#5384=PRESENTATION_STYLE_ASSIGNMENT((#5383));
#5385=STYLED_ITEM('',(#5384),#5382);
#5386=DIRECTION('',(1.E0,0.E0,0.E0));
#5387=VECTOR('',#5386,4.7E0);
#5388=CARTESIAN_POINT('',(1.7967E2,4.597223972185E1,6.902284929362E1));
#5389=LINE('',#5388,#5387);
#5390=CURVE_STYLE('',#124,POSITIVE_LENGTH_MEASURE(2.E-2),#69);
#5391=PRESENTATION_STYLE_ASSIGNMENT((#5390));
#5392=STYLED_ITEM('',(#5391),#5389);
#5393=DIRECTION('',(1.E0,0.E0,0.E0));
#5394=VECTOR('',#5393,4.7E0);
#5395=CARTESIAN_POINT('',(1.7967E2,4.497223972185E1,6.902284929362E1));
#5396=LINE('',#5395,#5394);
#5397=CURVE_STYLE('',#124,POSITIVE_LENGTH_MEASURE(2.E-2),#69);
#5398=PRESENTATION_STYLE_ASSIGNMENT((#5397));
#5399=STYLED_ITEM('',(#5398),#5396);
#5400=CARTESIAN_POINT('',(1.8437E2,4.547223972185E1,6.902284929362E1));
#5401=DIRECTION('',(1.E0,0.E0,0.E0));
#5402=DIRECTION('',(0.E0,1.E0,-2.842170943040E-14));
#5403=AXIS2_PLACEMENT_3D('',#5400,#5401,#5402);
#5405=CURVE_STYLE('',#124,POSITIVE_LENGTH_MEASURE(2.E-2),#69);
#5406=PRESENTATION_STYLE_ASSIGNMENT((#5405));
#5407=STYLED_ITEM('',(#5406),#5404);
#5408=CARTESIAN_POINT('',(1.8437E2,4.567223972185E1,6.902284929362E1));
#5409=DIRECTION('',(0.E0,2.775557561563E-14,1.E0));
#5410=DIRECTION('',(1.E0,2.368475785867E-14,0.E0));
#5411=AXIS2_PLACEMENT_3D('',#5408,#5409,#5410);
#5413=CURVE_STYLE('',#124,POSITIVE_LENGTH_MEASURE(2.E-2),#69);
#5414=PRESENTATION_STYLE_ASSIGNMENT((#5413));
#5415=STYLED_ITEM('',(#5414),#5412);
#5416=CARTESIAN_POINT('',(1.8437E2,4.527223972185E1,6.902284929362E1));
#5417=DIRECTION('',(0.E0,-2.787804029554E-14,-1.E0));
#5418=DIRECTION('',(1.E0,4.736951571734E-14,0.E0));
#5419=AXIS2_PLACEMENT_3D('',#5416,#5417,#5418);
#5421=CURVE_STYLE('',#124,POSITIVE_LENGTH_MEASURE(2.E-2),#69);
#5422=PRESENTATION_STYLE_ASSIGNMENT((#5421));
#5423=STYLED_ITEM('',(#5422),#5420);
#5424=CARTESIAN_POINT('',(1.8437E2,4.547223972185E1,6.902284929362E1));
#5425=DIRECTION('',(1.E0,0.E0,0.E0));
#5426=DIRECTION('',(0.E0,-1.E0,2.842170943040E-14));
#5427=AXIS2_PLACEMENT_3D('',#5424,#5425,#5426);
#5429=CURVE_STYLE('',#124,POSITIVE_LENGTH_MEASURE(2.E-2),#69);
#5430=PRESENTATION_STYLE_ASSIGNMENT((#5429));
#5431=STYLED_ITEM('',(#5430),#5428);
#5432=CARTESIAN_POINT('',(1.8467E2,4.547223972185E1,6.902284929362E1));
#5433=DIRECTION('',(1.E0,0.E0,0.E0));
#5434=DIRECTION('',(0.E0,1.E0,0.E0));
#5435=AXIS2_PLACEMENT_3D('',#5432,#5433,#5434);
#5437=CURVE_STYLE('',#124,POSITIVE_LENGTH_MEASURE(2.E-2),#69);
#5438=PRESENTATION_STYLE_ASSIGNMENT((#5437));
#5439=STYLED_ITEM('',(#5438),#5436);
#5440=CARTESIAN_POINT('',(1.8467E2,4.547223972185E1,6.902284929362E1));
#5441=DIRECTION('',(1.E0,0.E0,0.E0));
#5442=DIRECTION('',(0.E0,-1.E0,0.E0));
#5443=AXIS2_PLACEMENT_3D('',#5440,#5441,#5442);
#5445=CURVE_STYLE('',#124,POSITIVE_LENGTH_MEASURE(2.E-2),#69);
#5446=PRESENTATION_STYLE_ASSIGNMENT((#5445));
#5447=STYLED_ITEM('',(#5446),#5444);
#5448=DIRECTION('',(1.E0,-2.418868887694E-14,0.E0));
#5449=VECTOR('',#5448,4.7E0);
#5450=CARTESIAN_POINT('',(1.7967E2,5.197223972185E1,6.902284929362E1));
#5451=LINE('',#5450,#5449);
#5452=CURVE_STYLE('',#124,POSITIVE_LENGTH_MEASURE(2.E-2),#69);
#5453=PRESENTATION_STYLE_ASSIGNMENT((#5452));
#5454=STYLED_ITEM('',(#5453),#5451);
#5455=DIRECTION('',(1.E0,-2.267689582213E-14,0.E0));
#5456=VECTOR('',#5455,4.7E0);
#5457=CARTESIAN_POINT('',(1.7967E2,5.097223972185E1,6.902284929362E1));
#5458=LINE('',#5457,#5456);
#5459=CURVE_STYLE('',#124,POSITIVE_LENGTH_MEASURE(2.E-2),#69);
#5460=PRESENTATION_STYLE_ASSIGNMENT((#5459));
#5461=STYLED_ITEM('',(#5460),#5458);
#5462=CARTESIAN_POINT('',(1.8437E2,5.147223972185E1,6.902284929362E1));
#5463=DIRECTION('',(1.E0,0.E0,0.E0));
#5464=DIRECTION('',(0.E0,1.E0,-2.842170943040E-14));
#5465=AXIS2_PLACEMENT_3D('',#5462,#5463,#5464);
#5467=CURVE_STYLE('',#124,POSITIVE_LENGTH_MEASURE(2.E-2),#69);
#5468=PRESENTATION_STYLE_ASSIGNMENT((#5467));
#5469=STYLED_ITEM('',(#5468),#5466);
#5470=CARTESIAN_POINT('',(1.8437E2,5.167223972185E1,6.902284929362E1));
#5471=DIRECTION('',(0.E0,2.775557561563E-14,1.E0));
#5472=DIRECTION('',(1.E0,0.E0,0.E0));
#5473=AXIS2_PLACEMENT_3D('',#5470,#5471,#5472);
#5475=CURVE_STYLE('',#124,POSITIVE_LENGTH_MEASURE(2.E-2),#69);
#5476=PRESENTATION_STYLE_ASSIGNMENT((#5475));
#5477=STYLED_ITEM('',(#5476),#5474);
#5478=CARTESIAN_POINT('',(1.8437E2,5.127223972185E1,6.902284929362E1));
#5479=DIRECTION('',(0.E0,-2.787804029554E-14,-1.E0));
#5480=DIRECTION('',(1.E0,2.368475785867E-14,0.E0));
#5481=AXIS2_PLACEMENT_3D('',#5478,#5479,#5480);
#5483=CURVE_STYLE('',#124,POSITIVE_LENGTH_MEASURE(2.E-2),#69);
#5484=PRESENTATION_STYLE_ASSIGNMENT((#5483));
#5485=STYLED_ITEM('',(#5484),#5482);
#5486=CARTESIAN_POINT('',(1.8437E2,5.147223972185E1,6.902284929362E1));
#5487=DIRECTION('',(1.E0,0.E0,0.E0));
#5488=DIRECTION('',(0.E0,-1.E0,2.842170943040E-14));
#5489=AXIS2_PLACEMENT_3D('',#5486,#5487,#5488);
#5491=CURVE_STYLE('',#124,POSITIVE_LENGTH_MEASURE(2.E-2),#69);
#5492=PRESENTATION_STYLE_ASSIGNMENT((#5491));
#5493=STYLED_ITEM('',(#5492),#5490);
#5494=CARTESIAN_POINT('',(1.8467E2,5.147223972185E1,6.902284929362E1));
#5495=DIRECTION('',(1.E0,0.E0,0.E0));
#5496=DIRECTION('',(0.E0,1.E0,0.E0));
#5497=AXIS2_PLACEMENT_3D('',#5494,#5495,#5496);
#5499=CURVE_STYLE('',#124,POSITIVE_LENGTH_MEASURE(2.E-2),#69);
#5500=PRESENTATION_STYLE_ASSIGNMENT((#5499));
#5501=STYLED_ITEM('',(#5500),#5498);
#5502=CARTESIAN_POINT('',(1.8467E2,5.147223972185E1,6.902284929362E1));
#5503=DIRECTION('',(1.E0,0.E0,0.E0));
#5504=DIRECTION('',(0.E0,-1.E0,0.E0));
#5505=AXIS2_PLACEMENT_3D('',#5502,#5503,#5504);
#5507=CURVE_STYLE('',#124,POSITIVE_LENGTH_MEASURE(2.E-2),#69);
#5508=PRESENTATION_STYLE_ASSIGNMENT((#5507));
#5509=STYLED_ITEM('',(#5508),#5506);
#5510=DIRECTION('',(1.E0,0.E0,0.E0));
#5511=VECTOR('',#5510,2.35E0);
#5512=CARTESIAN_POINT('',(1.7967E2,2.047223972185E1,7.242284929362E1));
#5513=LINE('',#5512,#5511);
#5514=CURVE_STYLE('',#124,POSITIVE_LENGTH_MEASURE(2.E-2),#69);
#5515=PRESENTATION_STYLE_ASSIGNMENT((#5514));
#5516=STYLED_ITEM('',(#5515),#5513);
#5517=DIRECTION('',(1.E0,0.E0,0.E0));
#5518=VECTOR('',#5517,2.35E0);
#5519=CARTESIAN_POINT('',(1.8202E2,2.047223972185E1,7.242284929362E1));
#5520=LINE('',#5519,#5518);
#5521=CURVE_STYLE('',#124,POSITIVE_LENGTH_MEASURE(2.E-2),#69);
#5522=PRESENTATION_STYLE_ASSIGNMENT((#5521));
#5523=STYLED_ITEM('',(#5522),#5520);
#5524=DIRECTION('',(1.E0,0.E0,0.E0));
#5525=VECTOR('',#5524,4.7E0);
#5526=CARTESIAN_POINT('',(1.7967E2,1.947223972185E1,7.242284929362E1));
#5527=LINE('',#5526,#5525);
#5528=CURVE_STYLE('',#124,POSITIVE_LENGTH_MEASURE(2.E-2),#69);
#5529=PRESENTATION_STYLE_ASSIGNMENT((#5528));
#5530=STYLED_ITEM('',(#5529),#5527);
#5531=CARTESIAN_POINT('',(1.8437E2,1.997223972185E1,7.242284929362E1));
#5532=DIRECTION('',(1.E0,0.E0,0.E0));
#5533=DIRECTION('',(0.E0,1.E0,0.E0));
#5534=AXIS2_PLACEMENT_3D('',#5531,#5532,#5533);
#5536=CURVE_STYLE('',#124,POSITIVE_LENGTH_MEASURE(2.E-2),#69);
#5537=PRESENTATION_STYLE_ASSIGNMENT((#5536));
#5538=STYLED_ITEM('',(#5537),#5535);
#5539=CARTESIAN_POINT('',(1.8437E2,2.017223972185E1,7.242284929362E1));
#5540=DIRECTION('',(0.E0,2.775557561563E-14,1.E0));
#5541=DIRECTION('',(1.E0,0.E0,0.E0));
#5542=AXIS2_PLACEMENT_3D('',#5539,#5540,#5541);
#5544=CURVE_STYLE('',#124,POSITIVE_LENGTH_MEASURE(2.E-2),#69);
#5545=PRESENTATION_STYLE_ASSIGNMENT((#5544));
#5546=STYLED_ITEM('',(#5545),#5543);
#5547=CARTESIAN_POINT('',(1.8437E2,1.977223972185E1,7.242284929362E1));
#5548=DIRECTION('',(0.E0,0.E0,-1.E0));
#5549=DIRECTION('',(1.E0,0.E0,0.E0));
#5550=AXIS2_PLACEMENT_3D('',#5547,#5548,#5549);
#5552=CURVE_STYLE('',#124,POSITIVE_LENGTH_MEASURE(2.E-2),#69);
#5553=PRESENTATION_STYLE_ASSIGNMENT((#5552));
#5554=STYLED_ITEM('',(#5553),#5551);
#5555=CARTESIAN_POINT('',(1.8437E2,1.997223972185E1,7.242284929362E1));
#5556=DIRECTION('',(1.E0,0.E0,0.E0));
#5557=DIRECTION('',(0.E0,-1.E0,2.842170943040E-14));
#5558=AXIS2_PLACEMENT_3D('',#5555,#5556,#5557);
#5560=CURVE_STYLE('',#124,POSITIVE_LENGTH_MEASURE(2.E-2),#69);
#5561=PRESENTATION_STYLE_ASSIGNMENT((#5560));
#5562=STYLED_ITEM('',(#5561),#5559);
#5563=CARTESIAN_POINT('',(1.8467E2,1.997223972185E1,7.242284929362E1));
#5564=DIRECTION('',(1.E0,0.E0,0.E0));
#5565=DIRECTION('',(0.E0,1.E0,0.E0));
#5566=AXIS2_PLACEMENT_3D('',#5563,#5564,#5565);
#5568=CURVE_STYLE('',#124,POSITIVE_LENGTH_MEASURE(2.E-2),#69);
#5569=PRESENTATION_STYLE_ASSIGNMENT((#5568));
#5570=STYLED_ITEM('',(#5569),#5567);
#5571=CARTESIAN_POINT('',(1.8467E2,1.997223972185E1,7.242284929362E1));
#5572=DIRECTION('',(1.E0,0.E0,0.E0));
#5573=DIRECTION('',(0.E0,-1.E0,0.E0));
#5574=AXIS2_PLACEMENT_3D('',#5571,#5572,#5573);
#5576=CURVE_STYLE('',#124,POSITIVE_LENGTH_MEASURE(2.E-2),#69);
#5577=PRESENTATION_STYLE_ASSIGNMENT((#5576));
#5578=STYLED_ITEM('',(#5577),#5575);
#5579=DIRECTION('',(1.E0,0.E0,0.E0));
#5580=VECTOR('',#5579,2.35E0);
#5581=CARTESIAN_POINT('',(1.7967E2,2.347223972185E1,7.242284929362E1));
#5582=LINE('',#5581,#5580);
#5583=CURVE_STYLE('',#124,POSITIVE_LENGTH_MEASURE(2.E-2),#69);
#5584=PRESENTATION_STYLE_ASSIGNMENT((#5583));
#5585=STYLED_ITEM('',(#5584),#5582);
#5586=DIRECTION('',(1.E0,0.E0,0.E0));
#5587=VECTOR('',#5586,2.35E0);
#5588=CARTESIAN_POINT('',(1.8202E2,2.347223972185E1,7.242284929362E1));
#5589=LINE('',#5588,#5587);
#5590=CURVE_STYLE('',#124,POSITIVE_LENGTH_MEASURE(2.E-2),#69);
#5591=PRESENTATION_STYLE_ASSIGNMENT((#5590));
#5592=STYLED_ITEM('',(#5591),#5589);
#5593=DIRECTION('',(1.E0,0.E0,0.E0));
#5594=VECTOR('',#5593,4.7E0);
#5595=CARTESIAN_POINT('',(1.7967E2,2.247223972185E1,7.242284929362E1));
#5596=LINE('',#5595,#5594);
#5597=CURVE_STYLE('',#124,POSITIVE_LENGTH_MEASURE(2.E-2),#69);
#5598=PRESENTATION_STYLE_ASSIGNMENT((#5597));
#5599=STYLED_ITEM('',(#5598),#5596);
#5600=CARTESIAN_POINT('',(1.8437E2,2.297223972185E1,7.242284929362E1));
#5601=DIRECTION('',(1.E0,0.E0,0.E0));
#5602=DIRECTION('',(0.E0,1.E0,-2.842170943040E-14));
#5603=AXIS2_PLACEMENT_3D('',#5600,#5601,#5602);
#5605=CURVE_STYLE('',#124,POSITIVE_LENGTH_MEASURE(2.E-2),#69);
#5606=PRESENTATION_STYLE_ASSIGNMENT((#5605));
#5607=STYLED_ITEM('',(#5606),#5604);
#5608=CARTESIAN_POINT('',(1.8437E2,2.317223972185E1,7.242284929362E1));
#5609=DIRECTION('',(0.E0,2.775557561563E-14,1.E0));
#5610=DIRECTION('',(1.E0,0.E0,0.E0));
#5611=AXIS2_PLACEMENT_3D('',#5608,#5609,#5610);
#5613=CURVE_STYLE('',#124,POSITIVE_LENGTH_MEASURE(2.E-2),#69);
#5614=PRESENTATION_STYLE_ASSIGNMENT((#5613));
#5615=STYLED_ITEM('',(#5614),#5612);
#5616=CARTESIAN_POINT('',(1.8437E2,2.277223972185E1,7.242284929362E1));
#5617=DIRECTION('',(0.E0,0.E0,-1.E0));
#5618=DIRECTION('',(1.E0,0.E0,0.E0));
#5619=AXIS2_PLACEMENT_3D('',#5616,#5617,#5618);
#5621=CURVE_STYLE('',#124,POSITIVE_LENGTH_MEASURE(2.E-2),#69);
#5622=PRESENTATION_STYLE_ASSIGNMENT((#5621));
#5623=STYLED_ITEM('',(#5622),#5620);
#5624=CARTESIAN_POINT('',(1.8437E2,2.297223972185E1,7.242284929362E1));
#5625=DIRECTION('',(1.E0,0.E0,0.E0));
#5626=DIRECTION('',(0.E0,-1.E0,2.842170943040E-14));
#5627=AXIS2_PLACEMENT_3D('',#5624,#5625,#5626);
#5629=CURVE_STYLE('',#124,POSITIVE_LENGTH_MEASURE(2.E-2),#69);
#5630=PRESENTATION_STYLE_ASSIGNMENT((#5629));
#5631=STYLED_ITEM('',(#5630),#5628);
#5632=CARTESIAN_POINT('',(1.8467E2,2.297223972185E1,7.242284929362E1));
#5633=DIRECTION('',(1.E0,0.E0,0.E0));
#5634=DIRECTION('',(0.E0,1.E0,0.E0));
#5635=AXIS2_PLACEMENT_3D('',#5632,#5633,#5634);
#5637=CURVE_STYLE('',#124,POSITIVE_LENGTH_MEASURE(2.E-2),#69);
#5638=PRESENTATION_STYLE_ASSIGNMENT((#5637));
#5639=STYLED_ITEM('',(#5638),#5636);
#5640=CARTESIAN_POINT('',(1.8467E2,2.297223972185E1,7.242284929362E1));
#5641=DIRECTION('',(1.E0,0.E0,0.E0));
#5642=DIRECTION('',(0.E0,-1.E0,0.E0));
#5643=AXIS2_PLACEMENT_3D('',#5640,#5641,#5642);
#5645=CURVE_STYLE('',#124,POSITIVE_LENGTH_MEASURE(2.E-2),#69);
#5646=PRESENTATION_STYLE_ASSIGNMENT((#5645));
#5647=STYLED_ITEM('',(#5646),#5644);
#5648=DIRECTION('',(1.E0,-1.511793054809E-14,0.E0));
#5649=VECTOR('',#5648,2.35E0);
#5650=CARTESIAN_POINT('',(1.7967E2,2.647223972185E1,7.242284929362E1));
#5651=LINE('',#5650,#5649);
#5652=CURVE_STYLE('',#124,POSITIVE_LENGTH_MEASURE(2.E-2),#69);
#5653=PRESENTATION_STYLE_ASSIGNMENT((#5652));
#5654=STYLED_ITEM('',(#5653),#5651);
#5655=DIRECTION('',(1.E0,1.965330971251E-14,2.418868887694E-14));
#5656=VECTOR('',#5655,2.35E0);
#5657=CARTESIAN_POINT('',(1.8202E2,2.647223972185E1,7.242284929362E1));
#5658=LINE('',#5657,#5656);
#5659=CURVE_STYLE('',#124,POSITIVE_LENGTH_MEASURE(2.E-2),#69);
#5660=PRESENTATION_STYLE_ASSIGNMENT((#5659));
#5661=STYLED_ITEM('',(#5660),#5658);
#5662=DIRECTION('',(1.E0,0.E0,1.511793054809E-14));
#5663=VECTOR('',#5662,4.7E0);
#5664=CARTESIAN_POINT('',(1.7967E2,2.547223972185E1,7.242284929362E1));
#5665=LINE('',#5664,#5663);
#5666=CURVE_STYLE('',#124,POSITIVE_LENGTH_MEASURE(2.E-2),#69);
#5667=PRESENTATION_STYLE_ASSIGNMENT((#5666));
#5668=STYLED_ITEM('',(#5667),#5665);
#5669=CARTESIAN_POINT('',(1.8437E2,2.597223972185E1,7.242284929362E1));
#5670=DIRECTION('',(1.E0,0.E0,0.E0));
#5671=DIRECTION('',(0.E0,1.E0,-1.989519660128E-13));
#5672=AXIS2_PLACEMENT_3D('',#5669,#5670,#5671);
#5674=CURVE_STYLE('',#124,POSITIVE_LENGTH_MEASURE(2.E-2),#69);
#5675=PRESENTATION_STYLE_ASSIGNMENT((#5674));
#5676=STYLED_ITEM('',(#5675),#5673);
#5677=CARTESIAN_POINT('',(1.8437E2,2.617223972185E1,7.242284929362E1));
#5678=DIRECTION('',(0.E0,2.775557561563E-14,1.E0));
#5679=DIRECTION('',(1.E0,-2.131628207280E-13,0.E0));
#5680=AXIS2_PLACEMENT_3D('',#5677,#5678,#5679);
#5682=CURVE_STYLE('',#124,POSITIVE_LENGTH_MEASURE(2.E-2),#69);
#5683=PRESENTATION_STYLE_ASSIGNMENT((#5682));
#5684=STYLED_ITEM('',(#5683),#5681);
#5685=CARTESIAN_POINT('',(1.8437E2,2.577223972185E1,7.242284929362E1));
#5686=DIRECTION('',(0.E0,-2.787804029554E-14,-1.E0));
#5687=DIRECTION('',(1.E0,-2.013204417987E-13,0.E0));
#5688=AXIS2_PLACEMENT_3D('',#5685,#5686,#5687);
#5690=CURVE_STYLE('',#124,POSITIVE_LENGTH_MEASURE(2.E-2),#69);
#5691=PRESENTATION_STYLE_ASSIGNMENT((#5690));
#5692=STYLED_ITEM('',(#5691),#5689);
#5693=CARTESIAN_POINT('',(1.8437E2,2.597223972185E1,7.242284929362E1));
#5694=DIRECTION('',(1.E0,0.E0,0.E0));
#5695=DIRECTION('',(0.E0,-1.E0,-1.705302565824E-13));
#5696=AXIS2_PLACEMENT_3D('',#5693,#5694,#5695);
#5698=CURVE_STYLE('',#124,POSITIVE_LENGTH_MEASURE(2.E-2),#69);
#5699=PRESENTATION_STYLE_ASSIGNMENT((#5698));
#5700=STYLED_ITEM('',(#5699),#5697);
#5701=CARTESIAN_POINT('',(1.8467E2,2.597223972185E1,7.242284929362E1));
#5702=DIRECTION('',(1.E0,0.E0,0.E0));
#5703=DIRECTION('',(0.E0,1.E0,-4.973799150322E-13));
#5704=AXIS2_PLACEMENT_3D('',#5701,#5702,#5703);
#5706=CURVE_STYLE('',#124,POSITIVE_LENGTH_MEASURE(2.E-2),#69);
#5707=PRESENTATION_STYLE_ASSIGNMENT((#5706));
#5708=STYLED_ITEM('',(#5707),#5705);
#5709=CARTESIAN_POINT('',(1.8467E2,2.597223972185E1,7.242284929362E1));
#5710=DIRECTION('',(1.E0,0.E0,0.E0));
#5711=DIRECTION('',(0.E0,-1.E0,-4.973799150319E-13));
#5712=AXIS2_PLACEMENT_3D('',#5709,#5710,#5711);
#5714=CURVE_STYLE('',#124,POSITIVE_LENGTH_MEASURE(2.E-2),#69);
#5715=PRESENTATION_STYLE_ASSIGNMENT((#5714));
#5716=STYLED_ITEM('',(#5715),#5713);
#5717=DIRECTION('',(1.E0,-1.360613749328E-14,1.814151665770E-14));
#5718=VECTOR('',#5717,2.35E0);
#5719=CARTESIAN_POINT('',(1.7967E2,2.947223972185E1,7.242284929362E1));
#5720=LINE('',#5719,#5718);
#5721=CURVE_STYLE('',#124,POSITIVE_LENGTH_MEASURE(2.E-2),#69);
#5722=PRESENTATION_STYLE_ASSIGNMENT((#5721));
#5723=STYLED_ITEM('',(#5722),#5720);
#5724=DIRECTION('',(1.E0,1.814151665770E-14,0.E0));
#5725=VECTOR('',#5724,2.35E0);
#5726=CARTESIAN_POINT('',(1.8202E2,2.947223972185E1,7.242284929362E1));
#5727=LINE('',#5726,#5725);
#5728=CURVE_STYLE('',#124,POSITIVE_LENGTH_MEASURE(2.E-2),#69);
#5729=PRESENTATION_STYLE_ASSIGNMENT((#5728));
#5730=STYLED_ITEM('',(#5729),#5727);
#5731=DIRECTION('',(1.E0,1.965330971251E-14,0.E0));
#5732=VECTOR('',#5731,2.35E0);
#5733=CARTESIAN_POINT('',(1.8202E2,2.847223972185E1,7.242284929362E1));
#5734=LINE('',#5733,#5732);
#5735=CURVE_STYLE('',#124,POSITIVE_LENGTH_MEASURE(2.E-2),#69);
#5736=PRESENTATION_STYLE_ASSIGNMENT((#5735));
#5737=STYLED_ITEM('',(#5736),#5734);
#5738=DIRECTION('',(1.E0,-1.511793054809E-14,1.209434443847E-14));
#5739=VECTOR('',#5738,2.35E0);
#5740=CARTESIAN_POINT('',(1.7967E2,2.847223972185E1,7.242284929362E1));
#5741=LINE('',#5740,#5739);
#5742=CURVE_STYLE('',#124,POSITIVE_LENGTH_MEASURE(2.E-2),#69);
#5743=PRESENTATION_STYLE_ASSIGNMENT((#5742));
#5744=STYLED_ITEM('',(#5743),#5741);
#5745=CARTESIAN_POINT('',(1.8437E2,2.897223972185E1,7.242284929362E1));
#5746=DIRECTION('',(1.E0,0.E0,0.E0));
#5747=DIRECTION('',(0.E0,1.E0,-2.842170943040E-14));
#5748=AXIS2_PLACEMENT_3D('',#5745,#5746,#5747);
#5750=CURVE_STYLE('',#124,POSITIVE_LENGTH_MEASURE(2.E-2),#69);
#5751=PRESENTATION_STYLE_ASSIGNMENT((#5750));
#5752=STYLED_ITEM('',(#5751),#5749);
#5753=CARTESIAN_POINT('',(1.8437E2,2.917223972185E1,7.242284929362E1));
#5754=DIRECTION('',(0.E0,2.775557561563E-14,1.E0));
#5755=DIRECTION('',(1.E0,1.184237892933E-14,0.E0));
#5756=AXIS2_PLACEMENT_3D('',#5753,#5754,#5755);
#5758=CURVE_STYLE('',#124,POSITIVE_LENGTH_MEASURE(2.E-2),#69);
#5759=PRESENTATION_STYLE_ASSIGNMENT((#5758));
#5760=STYLED_ITEM('',(#5759),#5757);
#5761=CARTESIAN_POINT('',(1.8437E2,2.877223972185E1,7.242284929362E1));
#5762=DIRECTION('',(0.E0,-2.787804029554E-14,-1.E0));
#5763=DIRECTION('',(1.E0,2.368475785867E-14,0.E0));
#5764=AXIS2_PLACEMENT_3D('',#5761,#5762,#5763);
#5766=CURVE_STYLE('',#124,POSITIVE_LENGTH_MEASURE(2.E-2),#69);
#5767=PRESENTATION_STYLE_ASSIGNMENT((#5766));
#5768=STYLED_ITEM('',(#5767),#5765);
#5769=CARTESIAN_POINT('',(1.8437E2,2.897223972185E1,7.242284929362E1));
#5770=DIRECTION('',(1.E0,0.E0,0.E0));
#5771=DIRECTION('',(0.E0,-1.E0,2.842170943040E-14));
#5772=AXIS2_PLACEMENT_3D('',#5769,#5770,#5771);
#5774=CURVE_STYLE('',#124,POSITIVE_LENGTH_MEASURE(2.E-2),#69);
#5775=PRESENTATION_STYLE_ASSIGNMENT((#5774));
#5776=STYLED_ITEM('',(#5775),#5773);
#5777=CARTESIAN_POINT('',(1.8467E2,2.897223972185E1,7.242284929362E1));
#5778=DIRECTION('',(1.E0,0.E0,0.E0));
#5779=DIRECTION('',(0.E0,1.E0,0.E0));
#5780=AXIS2_PLACEMENT_3D('',#5777,#5778,#5779);
#5782=CURVE_STYLE('',#124,POSITIVE_LENGTH_MEASURE(2.E-2),#69);
#5783=PRESENTATION_STYLE_ASSIGNMENT((#5782));
#5784=STYLED_ITEM('',(#5783),#5781);
#5785=CARTESIAN_POINT('',(1.8467E2,2.897223972185E1,7.242284929362E1));
#5786=DIRECTION('',(1.E0,0.E0,0.E0));
#5787=DIRECTION('',(0.E0,-1.E0,0.E0));
#5788=AXIS2_PLACEMENT_3D('',#5785,#5786,#5787);
#5790=CURVE_STYLE('',#124,POSITIVE_LENGTH_MEASURE(2.E-2),#69);
#5791=PRESENTATION_STYLE_ASSIGNMENT((#5790));
#5792=STYLED_ITEM('',(#5791),#5789);
#5793=DIRECTION('',(1.E0,0.E0,0.E0));
#5794=VECTOR('',#5793,4.7E0);
#5795=CARTESIAN_POINT('',(1.7967E2,3.247223972185E1,7.242284929362E1));
#5796=LINE('',#5795,#5794);
#5797=CURVE_STYLE('',#124,POSITIVE_LENGTH_MEASURE(2.E-2),#69);
#5798=PRESENTATION_STYLE_ASSIGNMENT((#5797));
#5799=STYLED_ITEM('',(#5798),#5796);
#5800=DIRECTION('',(1.E0,0.E0,0.E0));
#5801=VECTOR('',#5800,4.7E0);
#5802=CARTESIAN_POINT('',(1.7967E2,3.147223972185E1,7.242284929362E1));
#5803=LINE('',#5802,#5801);
#5804=CURVE_STYLE('',#124,POSITIVE_LENGTH_MEASURE(2.E-2),#69);
#5805=PRESENTATION_STYLE_ASSIGNMENT((#5804));
#5806=STYLED_ITEM('',(#5805),#5803);
#5807=CARTESIAN_POINT('',(1.8437E2,3.197223972185E1,7.242284929362E1));
#5808=DIRECTION('',(1.E0,0.E0,0.E0));
#5809=DIRECTION('',(0.E0,1.E0,-5.684341886081E-14));
#5810=AXIS2_PLACEMENT_3D('',#5807,#5808,#5809);
#5812=CURVE_STYLE('',#124,POSITIVE_LENGTH_MEASURE(2.E-2),#69);
#5813=PRESENTATION_STYLE_ASSIGNMENT((#5812));
#5814=STYLED_ITEM('',(#5813),#5811);
#5815=CARTESIAN_POINT('',(1.8437E2,3.217223972185E1,7.242284929362E1));
#5816=DIRECTION('',(0.E0,2.775557561563E-14,1.E0));
#5817=DIRECTION('',(1.E0,0.E0,0.E0));
#5818=AXIS2_PLACEMENT_3D('',#5815,#5816,#5817);
#5820=CURVE_STYLE('',#124,POSITIVE_LENGTH_MEASURE(2.E-2),#69);
#5821=PRESENTATION_STYLE_ASSIGNMENT((#5820));
#5822=STYLED_ITEM('',(#5821),#5819);
#5823=CARTESIAN_POINT('',(1.8437E2,3.177223972185E1,7.242284929362E1));
#5824=DIRECTION('',(0.E0,-2.299305898719E-14,-1.E0));
#5825=DIRECTION('',(1.E0,1.184237892933E-14,0.E0));
#5826=AXIS2_PLACEMENT_3D('',#5823,#5824,#5825);
#5828=CURVE_STYLE('',#124,POSITIVE_LENGTH_MEASURE(2.E-2),#69);
#5829=PRESENTATION_STYLE_ASSIGNMENT((#5828));
#5830=STYLED_ITEM('',(#5829),#5827);
#5831=CARTESIAN_POINT('',(1.8437E2,3.197223972185E1,7.242284929362E1));
#5832=DIRECTION('',(1.E0,0.E0,0.E0));
#5833=DIRECTION('',(0.E0,-1.E0,2.842170943040E-14));
#5834=AXIS2_PLACEMENT_3D('',#5831,#5832,#5833);
#5836=CURVE_STYLE('',#124,POSITIVE_LENGTH_MEASURE(2.E-2),#69);
#5837=PRESENTATION_STYLE_ASSIGNMENT((#5836));
#5838=STYLED_ITEM('',(#5837),#5835);
#5839=CARTESIAN_POINT('',(1.8467E2,3.197223972185E1,7.242284929362E1));
#5840=DIRECTION('',(1.E0,0.E0,0.E0));
#5841=DIRECTION('',(0.E0,1.E0,0.E0));
#5842=AXIS2_PLACEMENT_3D('',#5839,#5840,#5841);
#5844=CURVE_STYLE('',#124,POSITIVE_LENGTH_MEASURE(2.E-2),#69);
#5845=PRESENTATION_STYLE_ASSIGNMENT((#5844));
#5846=STYLED_ITEM('',(#5845),#5843);
#5847=CARTESIAN_POINT('',(1.8467E2,3.197223972185E1,7.242284929362E1));
#5848=DIRECTION('',(1.E0,0.E0,0.E0));
#5849=DIRECTION('',(0.E0,-1.E0,0.E0));
#5850=AXIS2_PLACEMENT_3D('',#5847,#5848,#5849);
#5852=CURVE_STYLE('',#124,POSITIVE_LENGTH_MEASURE(2.E-2),#69);
#5853=PRESENTATION_STYLE_ASSIGNMENT((#5852));
#5854=STYLED_ITEM('',(#5853),#5851);
#5855=DIRECTION('',(1.E0,0.E0,0.E0));
#5856=VECTOR('',#5855,4.7E0);
#5857=CARTESIAN_POINT('',(1.7967E2,3.547223972185E1,7.242284929362E1));
#5858=LINE('',#5857,#5856);
#5859=CURVE_STYLE('',#124,POSITIVE_LENGTH_MEASURE(2.E-2),#69);
#5860=PRESENTATION_STYLE_ASSIGNMENT((#5859));
#5861=STYLED_ITEM('',(#5860),#5858);
#5862=DIRECTION('',(1.E0,0.E0,0.E0));
#5863=VECTOR('',#5862,4.7E0);
#5864=CARTESIAN_POINT('',(1.7967E2,3.447223972185E1,7.242284929362E1));
#5865=LINE('',#5864,#5863);
#5866=CURVE_STYLE('',#124,POSITIVE_LENGTH_MEASURE(2.E-2),#69);
#5867=PRESENTATION_STYLE_ASSIGNMENT((#5866));
#5868=STYLED_ITEM('',(#5867),#5865);
#5869=CARTESIAN_POINT('',(1.8437E2,3.497223972185E1,7.242284929362E1));
#5870=DIRECTION('',(1.E0,0.E0,0.E0));
#5871=DIRECTION('',(0.E0,1.E0,-5.684341886081E-14));
#5872=AXIS2_PLACEMENT_3D('',#5869,#5870,#5871);
#5874=CURVE_STYLE('',#124,POSITIVE_LENGTH_MEASURE(2.E-2),#69);
#5875=PRESENTATION_STYLE_ASSIGNMENT((#5874));
#5876=STYLED_ITEM('',(#5875),#5873);
#5877=CARTESIAN_POINT('',(1.8437E2,3.517223972185E1,7.242284929362E1));
#5878=DIRECTION('',(0.E0,2.775557561563E-14,1.E0));
#5879=DIRECTION('',(1.E0,0.E0,0.E0));
#5880=AXIS2_PLACEMENT_3D('',#5877,#5878,#5879);
#5882=CURVE_STYLE('',#124,POSITIVE_LENGTH_MEASURE(2.E-2),#69);
#5883=PRESENTATION_STYLE_ASSIGNMENT((#5882));
#5884=STYLED_ITEM('',(#5883),#5881);
#5885=CARTESIAN_POINT('',(1.8437E2,3.477223972185E1,7.242284929362E1));
#5886=DIRECTION('',(0.E0,-1.233491795079E-14,-1.E0));
#5887=DIRECTION('',(1.E0,2.368475785867E-14,0.E0));
#5888=AXIS2_PLACEMENT_3D('',#5885,#5886,#5887);
#5890=CURVE_STYLE('',#124,POSITIVE_LENGTH_MEASURE(2.E-2),#69);
#5891=PRESENTATION_STYLE_ASSIGNMENT((#5890));
#5892=STYLED_ITEM('',(#5891),#5889);
#5893=CARTESIAN_POINT('',(1.8437E2,3.497223972185E1,7.242284929362E1));
#5894=DIRECTION('',(1.E0,0.E0,0.E0));
#5895=DIRECTION('',(0.E0,-1.E0,2.842170943040E-14));
#5896=AXIS2_PLACEMENT_3D('',#5893,#5894,#5895);
#5898=CURVE_STYLE('',#124,POSITIVE_LENGTH_MEASURE(2.E-2),#69);
#5899=PRESENTATION_STYLE_ASSIGNMENT((#5898));
#5900=STYLED_ITEM('',(#5899),#5897);
#5901=CARTESIAN_POINT('',(1.8467E2,3.497223972185E1,7.242284929362E1));
#5902=DIRECTION('',(1.E0,0.E0,0.E0));
#5903=DIRECTION('',(0.E0,1.E0,0.E0));
#5904=AXIS2_PLACEMENT_3D('',#5901,#5902,#5903);
#5906=CURVE_STYLE('',#124,POSITIVE_LENGTH_MEASURE(2.E-2),#69);
#5907=PRESENTATION_STYLE_ASSIGNMENT((#5906));
#5908=STYLED_ITEM('',(#5907),#5905);
#5909=CARTESIAN_POINT('',(1.8467E2,3.497223972185E1,7.242284929362E1));
#5910=DIRECTION('',(1.E0,0.E0,0.E0));
#5911=DIRECTION('',(0.E0,-1.E0,0.E0));
#5912=AXIS2_PLACEMENT_3D('',#5909,#5910,#5911);
#5914=CURVE_STYLE('',#124,POSITIVE_LENGTH_MEASURE(2.E-2),#69);
#5915=PRESENTATION_STYLE_ASSIGNMENT((#5914));
#5916=STYLED_ITEM('',(#5915),#5913);
#5917=DIRECTION('',(1.E0,0.E0,0.E0));
#5918=VECTOR('',#5917,4.7E0);
#5919=CARTESIAN_POINT('',(1.7967E2,3.847223972185E1,7.242284929362E1));
#5920=LINE('',#5919,#5918);
#5921=CURVE_STYLE('',#124,POSITIVE_LENGTH_MEASURE(2.E-2),#69);
#5922=PRESENTATION_STYLE_ASSIGNMENT((#5921));
#5923=STYLED_ITEM('',(#5922),#5920);
#5924=DIRECTION('',(1.E0,0.E0,0.E0));
#5925=VECTOR('',#5924,4.7E0);
#5926=CARTESIAN_POINT('',(1.7967E2,3.747223972185E1,7.242284929362E1));
#5927=LINE('',#5926,#5925);
#5928=CURVE_STYLE('',#124,POSITIVE_LENGTH_MEASURE(2.E-2),#69);
#5929=PRESENTATION_STYLE_ASSIGNMENT((#5928));
#5930=STYLED_ITEM('',(#5929),#5927);
#5931=CARTESIAN_POINT('',(1.8437E2,3.797223972185E1,7.242284929362E1));
#5932=DIRECTION('',(1.E0,0.E0,0.E0));
#5933=DIRECTION('',(0.E0,1.E0,-5.684341886081E-14));
#5934=AXIS2_PLACEMENT_3D('',#5931,#5932,#5933);
#5936=CURVE_STYLE('',#124,POSITIVE_LENGTH_MEASURE(2.E-2),#69);
#5937=PRESENTATION_STYLE_ASSIGNMENT((#5936));
#5938=STYLED_ITEM('',(#5937),#5935);
#5939=CARTESIAN_POINT('',(1.8437E2,3.817223972185E1,7.242284929362E1));
#5940=DIRECTION('',(0.E0,2.775557561563E-14,1.E0));
#5941=DIRECTION('',(1.E0,-2.368475785867E-14,0.E0));
#5942=AXIS2_PLACEMENT_3D('',#5939,#5940,#5941);
#5944=CURVE_STYLE('',#124,POSITIVE_LENGTH_MEASURE(2.E-2),#69);
#5945=PRESENTATION_STYLE_ASSIGNMENT((#5944));
#5946=STYLED_ITEM('',(#5945),#5943);
#5947=CARTESIAN_POINT('',(1.8437E2,3.777223972185E1,7.242284929362E1));
#5948=DIRECTION('',(0.E0,0.E0,-1.E0));
#5949=DIRECTION('',(1.E0,0.E0,0.E0));
#5950=AXIS2_PLACEMENT_3D('',#5947,#5948,#5949);
#5952=CURVE_STYLE('',#124,POSITIVE_LENGTH_MEASURE(2.E-2),#69);
#5953=PRESENTATION_STYLE_ASSIGNMENT((#5952));
#5954=STYLED_ITEM('',(#5953),#5951);
#5955=CARTESIAN_POINT('',(1.8437E2,3.797223972185E1,7.242284929362E1));
#5956=DIRECTION('',(1.E0,0.E0,0.E0));
#5957=DIRECTION('',(0.E0,-1.E0,2.842170943040E-14));
#5958=AXIS2_PLACEMENT_3D('',#5955,#5956,#5957);
#5960=CURVE_STYLE('',#124,POSITIVE_LENGTH_MEASURE(2.E-2),#69);
#5961=PRESENTATION_STYLE_ASSIGNMENT((#5960));
#5962=STYLED_ITEM('',(#5961),#5959);
#5963=CARTESIAN_POINT('',(1.8467E2,3.797223972185E1,7.242284929362E1));
#5964=DIRECTION('',(1.E0,0.E0,0.E0));
#5965=DIRECTION('',(0.E0,1.E0,0.E0));
#5966=AXIS2_PLACEMENT_3D('',#5963,#5964,#5965);
#5968=CURVE_STYLE('',#124,POSITIVE_LENGTH_MEASURE(2.E-2),#69);
#5969=PRESENTATION_STYLE_ASSIGNMENT((#5968));
#5970=STYLED_ITEM('',(#5969),#5967);
#5971=CARTESIAN_POINT('',(1.8467E2,3.797223972185E1,7.242284929362E1));
#5972=DIRECTION('',(1.E0,0.E0,0.E0));
#5973=DIRECTION('',(0.E0,-1.E0,0.E0));
#5974=AXIS2_PLACEMENT_3D('',#5971,#5972,#5973);
#5976=CURVE_STYLE('',#124,POSITIVE_LENGTH_MEASURE(2.E-2),#69);
#5977=PRESENTATION_STYLE_ASSIGNMENT((#5976));
#5978=STYLED_ITEM('',(#5977),#5975);
#5979=DIRECTION('',(1.E0,0.E0,0.E0));
#5980=VECTOR('',#5979,4.7E0);
#5981=CARTESIAN_POINT('',(1.7967E2,4.147223972185E1,7.242284929362E1));
#5982=LINE('',#5981,#5980);
#5983=CURVE_STYLE('',#124,POSITIVE_LENGTH_MEASURE(2.E-2),#69);
#5984=PRESENTATION_STYLE_ASSIGNMENT((#5983));
#5985=STYLED_ITEM('',(#5984),#5982);
#5986=DIRECTION('',(1.E0,0.E0,0.E0));
#5987=VECTOR('',#5986,4.7E0);
#5988=CARTESIAN_POINT('',(1.7967E2,4.047223972185E1,7.242284929362E1));
#5989=LINE('',#5988,#5987);
#5990=CURVE_STYLE('',#124,POSITIVE_LENGTH_MEASURE(2.E-2),#69);
#5991=PRESENTATION_STYLE_ASSIGNMENT((#5990));
#5992=STYLED_ITEM('',(#5991),#5989);
#5993=CARTESIAN_POINT('',(1.8437E2,4.097223972185E1,7.242284929362E1));
#5994=DIRECTION('',(1.E0,0.E0,0.E0));
#5995=DIRECTION('',(0.E0,1.E0,1.136868377216E-13));
#5996=AXIS2_PLACEMENT_3D('',#5993,#5994,#5995);
#5998=CURVE_STYLE('',#124,POSITIVE_LENGTH_MEASURE(2.E-2),#69);
#5999=PRESENTATION_STYLE_ASSIGNMENT((#5998));
#6000=STYLED_ITEM('',(#5999),#5997);
#6001=CARTESIAN_POINT('',(1.8437E2,4.117223972185E1,7.242284929362E1));
#6002=DIRECTION('',(0.E0,2.775557561563E-14,1.E0));
#6003=DIRECTION('',(1.E0,1.894780628694E-13,0.E0));
#6004=AXIS2_PLACEMENT_3D('',#6001,#6002,#6003);
#6006=CURVE_STYLE('',#124,POSITIVE_LENGTH_MEASURE(2.E-2),#69);
#6007=PRESENTATION_STYLE_ASSIGNMENT((#6006));
#6008=STYLED_ITEM('',(#6007),#6005);
#6009=CARTESIAN_POINT('',(1.8437E2,4.077223972185E1,7.242284929362E1));
#6010=DIRECTION('',(0.E0,0.E0,-1.E0));
#6011=DIRECTION('',(1.E0,2.131628207280E-13,0.E0));
#6012=AXIS2_PLACEMENT_3D('',#6009,#6010,#6011);
#6014=CURVE_STYLE('',#124,POSITIVE_LENGTH_MEASURE(2.E-2),#69);
#6015=PRESENTATION_STYLE_ASSIGNMENT((#6014));
#6016=STYLED_ITEM('',(#6015),#6013);
#6017=CARTESIAN_POINT('',(1.8437E2,4.097223972185E1,7.242284929362E1));
#6018=DIRECTION('',(1.E0,0.E0,0.E0));
#6019=DIRECTION('',(0.E0,-1.E0,1.989519660128E-13));
#6020=AXIS2_PLACEMENT_3D('',#6017,#6018,#6019);
#6022=CURVE_STYLE('',#124,POSITIVE_LENGTH_MEASURE(2.E-2),#69);
#6023=PRESENTATION_STYLE_ASSIGNMENT((#6022));
#6024=STYLED_ITEM('',(#6023),#6021);
#6025=CARTESIAN_POINT('',(1.8467E2,4.097223972185E1,7.242284929362E1));
#6026=DIRECTION('',(1.E0,0.E0,0.E0));
#6027=DIRECTION('',(0.E0,1.E0,4.263256414559E-13));
#6028=AXIS2_PLACEMENT_3D('',#6025,#6026,#6027);
#6030=CURVE_STYLE('',#124,POSITIVE_LENGTH_MEASURE(2.E-2),#69);
#6031=PRESENTATION_STYLE_ASSIGNMENT((#6030));
#6032=STYLED_ITEM('',(#6031),#6029);
#6033=CARTESIAN_POINT('',(1.8467E2,4.097223972185E1,7.242284929362E1));
#6034=DIRECTION('',(1.E0,0.E0,0.E0));
#6035=DIRECTION('',(0.E0,-1.E0,4.263256414562E-13));
#6036=AXIS2_PLACEMENT_3D('',#6033,#6034,#6035);
#6038=CURVE_STYLE('',#124,POSITIVE_LENGTH_MEASURE(2.E-2),#69);
#6039=PRESENTATION_STYLE_ASSIGNMENT((#6038));
#6040=STYLED_ITEM('',(#6039),#6037);
#6041=DIRECTION('',(1.E0,0.E0,-1.209434443847E-14));
#6042=VECTOR('',#6041,4.7E0);
#6043=CARTESIAN_POINT('',(1.7967E2,4.447223972185E1,7.242284929362E1));
#6044=LINE('',#6043,#6042);
#6045=CURVE_STYLE('',#124,POSITIVE_LENGTH_MEASURE(2.E-2),#69);
#6046=PRESENTATION_STYLE_ASSIGNMENT((#6045));
#6047=STYLED_ITEM('',(#6046),#6044);
#6048=DIRECTION('',(1.E0,0.E0,-1.209434443847E-14));
#6049=VECTOR('',#6048,4.7E0);
#6050=CARTESIAN_POINT('',(1.7967E2,4.347223972185E1,7.242284929362E1));
#6051=LINE('',#6050,#6049);
#6052=CURVE_STYLE('',#124,POSITIVE_LENGTH_MEASURE(2.E-2),#69);
#6053=PRESENTATION_STYLE_ASSIGNMENT((#6052));
#6054=STYLED_ITEM('',(#6053),#6051);
#6055=CARTESIAN_POINT('',(1.8437E2,4.397223972185E1,7.242284929362E1));
#6056=DIRECTION('',(1.E0,0.E0,0.E0));
#6057=DIRECTION('',(0.E0,1.E0,1.705302565824E-13));
#6058=AXIS2_PLACEMENT_3D('',#6055,#6056,#6057);
#6060=CURVE_STYLE('',#124,POSITIVE_LENGTH_MEASURE(2.E-2),#69);
#6061=PRESENTATION_STYLE_ASSIGNMENT((#6060));
#6062=STYLED_ITEM('',(#6061),#6059);
#6063=CARTESIAN_POINT('',(1.8437E2,4.417223972185E1,7.242284929362E1));
#6064=DIRECTION('',(0.E0,2.775557561563E-14,1.E0));
#6065=DIRECTION('',(1.E0,2.605323364454E-13,0.E0));
#6066=AXIS2_PLACEMENT_3D('',#6063,#6064,#6065);
#6068=CURVE_STYLE('',#124,POSITIVE_LENGTH_MEASURE(2.E-2),#69);
#6069=PRESENTATION_STYLE_ASSIGNMENT((#6068));
#6070=STYLED_ITEM('',(#6069),#6067);
#6071=CARTESIAN_POINT('',(1.8437E2,4.377223972185E1,7.242284929362E1));
#6072=DIRECTION('',(0.E0,0.E0,-1.E0));
#6073=DIRECTION('',(1.E0,2.842170943040E-13,0.E0));
#6074=AXIS2_PLACEMENT_3D('',#6071,#6072,#6073);
#6076=CURVE_STYLE('',#124,POSITIVE_LENGTH_MEASURE(2.E-2),#69);
#6077=PRESENTATION_STYLE_ASSIGNMENT((#6076));
#6078=STYLED_ITEM('',(#6077),#6075);
#6079=CARTESIAN_POINT('',(1.8437E2,4.397223972185E1,7.242284929362E1));
#6080=DIRECTION('',(1.E0,0.E0,0.E0));
#6081=DIRECTION('',(0.E0,-1.E0,2.557953848736E-13));
#6082=AXIS2_PLACEMENT_3D('',#6079,#6080,#6081);
#6084=CURVE_STYLE('',#124,POSITIVE_LENGTH_MEASURE(2.E-2),#69);
#6085=PRESENTATION_STYLE_ASSIGNMENT((#6084));
#6086=STYLED_ITEM('',(#6085),#6083);
#6087=CARTESIAN_POINT('',(1.8467E2,4.397223972185E1,7.242284929362E1));
#6088=DIRECTION('',(1.E0,0.E0,0.E0));
#6089=DIRECTION('',(0.E0,1.E0,5.684341886078E-13));
#6090=AXIS2_PLACEMENT_3D('',#6087,#6088,#6089);
#6092=CURVE_STYLE('',#124,POSITIVE_LENGTH_MEASURE(2.E-2),#69);
#6093=PRESENTATION_STYLE_ASSIGNMENT((#6092));
#6094=STYLED_ITEM('',(#6093),#6091);
#6095=CARTESIAN_POINT('',(1.8467E2,4.397223972185E1,7.242284929362E1));
#6096=DIRECTION('',(1.E0,0.E0,0.E0));
#6097=DIRECTION('',(0.E0,-1.E0,5.684341886083E-13));
#6098=AXIS2_PLACEMENT_3D('',#6095,#6096,#6097);
#6100=CURVE_STYLE('',#124,POSITIVE_LENGTH_MEASURE(2.E-2),#69);
#6101=PRESENTATION_STYLE_ASSIGNMENT((#6100));
#6102=STYLED_ITEM('',(#6101),#6099);
#6103=DIRECTION('',(1.E0,0.E0,0.E0));
#6104=VECTOR('',#6103,4.7E0);
#6105=CARTESIAN_POINT('',(1.7967E2,4.747223972185E1,7.242284929362E1));
#6106=LINE('',#6105,#6104);
#6107=CURVE_STYLE('',#124,POSITIVE_LENGTH_MEASURE(2.E-2),#69);
#6108=PRESENTATION_STYLE_ASSIGNMENT((#6107));
#6109=STYLED_ITEM('',(#6108),#6106);
#6110=DIRECTION('',(1.E0,0.E0,0.E0));
#6111=VECTOR('',#6110,4.7E0);
#6112=CARTESIAN_POINT('',(1.7967E2,4.647223972185E1,7.242284929362E1));
#6113=LINE('',#6112,#6111);
#6114=CURVE_STYLE('',#124,POSITIVE_LENGTH_MEASURE(2.E-2),#69);
#6115=PRESENTATION_STYLE_ASSIGNMENT((#6114));
#6116=STYLED_ITEM('',(#6115),#6113);
#6117=CARTESIAN_POINT('',(1.8437E2,4.697223972185E1,7.242284929362E1));
#6118=DIRECTION('',(1.E0,0.E0,0.E0));
#6119=DIRECTION('',(0.E0,1.E0,-2.842170943040E-14));
#6120=AXIS2_PLACEMENT_3D('',#6117,#6118,#6119);
#6122=CURVE_STYLE('',#124,POSITIVE_LENGTH_MEASURE(2.E-2),#69);
#6123=PRESENTATION_STYLE_ASSIGNMENT((#6122));
#6124=STYLED_ITEM('',(#6123),#6121);
#6125=CARTESIAN_POINT('',(1.8437E2,4.717223972185E1,7.242284929362E1));
#6126=DIRECTION('',(0.E0,2.775557561563E-14,1.E0));
#6127=DIRECTION('',(1.E0,0.E0,0.E0));
#6128=AXIS2_PLACEMENT_3D('',#6125,#6126,#6127);
#6130=CURVE_STYLE('',#124,POSITIVE_LENGTH_MEASURE(2.E-2),#69);
#6131=PRESENTATION_STYLE_ASSIGNMENT((#6130));
#6132=STYLED_ITEM('',(#6131),#6129);
#6133=CARTESIAN_POINT('',(1.8437E2,4.677223972185E1,7.242284929362E1));
#6134=DIRECTION('',(0.E0,-2.787804029554E-14,-1.E0));
#6135=DIRECTION('',(1.E0,2.368475785867E-14,0.E0));
#6136=AXIS2_PLACEMENT_3D('',#6133,#6134,#6135);
#6138=CURVE_STYLE('',#124,POSITIVE_LENGTH_MEASURE(2.E-2),#69);
#6139=PRESENTATION_STYLE_ASSIGNMENT((#6138));
#6140=STYLED_ITEM('',(#6139),#6137);
#6141=CARTESIAN_POINT('',(1.8437E2,4.697223972185E1,7.242284929362E1));
#6142=DIRECTION('',(1.E0,0.E0,0.E0));
#6143=DIRECTION('',(0.E0,-1.E0,2.842170943040E-14));
#6144=AXIS2_PLACEMENT_3D('',#6141,#6142,#6143);
#6146=CURVE_STYLE('',#124,POSITIVE_LENGTH_MEASURE(2.E-2),#69);
#6147=PRESENTATION_STYLE_ASSIGNMENT((#6146));
#6148=STYLED_ITEM('',(#6147),#6145);
#6149=CARTESIAN_POINT('',(1.8467E2,4.697223972185E1,7.242284929362E1));
#6150=DIRECTION('',(1.E0,0.E0,0.E0));
#6151=DIRECTION('',(0.E0,1.E0,0.E0));
#6152=AXIS2_PLACEMENT_3D('',#6149,#6150,#6151);
#6154=CURVE_STYLE('',#124,POSITIVE_LENGTH_MEASURE(2.E-2),#69);
#6155=PRESENTATION_STYLE_ASSIGNMENT((#6154));
#6156=STYLED_ITEM('',(#6155),#6153);
#6157=CARTESIAN_POINT('',(1.8467E2,4.697223972185E1,7.242284929362E1));
#6158=DIRECTION('',(1.E0,0.E0,0.E0));
#6159=DIRECTION('',(0.E0,-1.E0,0.E0));
#6160=AXIS2_PLACEMENT_3D('',#6157,#6158,#6159);
#6162=CURVE_STYLE('',#124,POSITIVE_LENGTH_MEASURE(2.E-2),#69);
#6163=PRESENTATION_STYLE_ASSIGNMENT((#6162));
#6164=STYLED_ITEM('',(#6163),#6161);
#6165=DIRECTION('',(1.E0,-2.267689582213E-14,0.E0));
#6166=VECTOR('',#6165,4.7E0);
#6167=CARTESIAN_POINT('',(1.7967E2,5.047223972185E1,7.242284929362E1));
#6168=LINE('',#6167,#6166);
#6169=CURVE_STYLE('',#124,POSITIVE_LENGTH_MEASURE(2.E-2),#69);
#6170=PRESENTATION_STYLE_ASSIGNMENT((#6169));
#6171=STYLED_ITEM('',(#6170),#6168);
#6172=DIRECTION('',(1.E0,-2.267689582213E-14,0.E0));
#6173=VECTOR('',#6172,4.7E0);
#6174=CARTESIAN_POINT('',(1.7967E2,4.947223972185E1,7.242284929362E1));
#6175=LINE('',#6174,#6173);
#6176=CURVE_STYLE('',#124,POSITIVE_LENGTH_MEASURE(2.E-2),#69);
#6177=PRESENTATION_STYLE_ASSIGNMENT((#6176));
#6178=STYLED_ITEM('',(#6177),#6175);
#6179=CARTESIAN_POINT('',(1.8437E2,4.997223972185E1,7.242284929362E1));
#6180=DIRECTION('',(1.E0,0.E0,0.E0));
#6181=DIRECTION('',(0.E0,1.E0,-2.842170943040E-14));
#6182=AXIS2_PLACEMENT_3D('',#6179,#6180,#6181);
#6184=CURVE_STYLE('',#124,POSITIVE_LENGTH_MEASURE(2.E-2),#69);
#6185=PRESENTATION_STYLE_ASSIGNMENT((#6184));
#6186=STYLED_ITEM('',(#6185),#6183);
#6187=CARTESIAN_POINT('',(1.8437E2,5.017223972185E1,7.242284929362E1));
#6188=DIRECTION('',(0.E0,2.775557561563E-14,1.E0));
#6189=DIRECTION('',(1.E0,0.E0,0.E0));
#6190=AXIS2_PLACEMENT_3D('',#6187,#6188,#6189);
#6192=CURVE_STYLE('',#124,POSITIVE_LENGTH_MEASURE(2.E-2),#69);
#6193=PRESENTATION_STYLE_ASSIGNMENT((#6192));
#6194=STYLED_ITEM('',(#6193),#6191);
#6195=CARTESIAN_POINT('',(1.8437E2,4.977223972185E1,7.242284929362E1));
#6196=DIRECTION('',(0.E0,-2.787804029554E-14,-1.E0));
#6197=DIRECTION('',(1.E0,2.368475785867E-14,0.E0));
#6198=AXIS2_PLACEMENT_3D('',#6195,#6196,#6197);
#6200=CURVE_STYLE('',#124,POSITIVE_LENGTH_MEASURE(2.E-2),#69);
#6201=PRESENTATION_STYLE_ASSIGNMENT((#6200));
#6202=STYLED_ITEM('',(#6201),#6199);
#6203=CARTESIAN_POINT('',(1.8437E2,4.997223972185E1,7.242284929362E1));
#6204=DIRECTION('',(1.E0,0.E0,0.E0));
#6205=DIRECTION('',(0.E0,-1.E0,2.842170943040E-14));
#6206=AXIS2_PLACEMENT_3D('',#6203,#6204,#6205);
#6208=CURVE_STYLE('',#124,POSITIVE_LENGTH_MEASURE(2.E-2),#69);
#6209=PRESENTATION_STYLE_ASSIGNMENT((#6208));
#6210=STYLED_ITEM('',(#6209),#6207);
#6211=CARTESIAN_POINT('',(1.8467E2,4.997223972185E1,7.242284929362E1));
#6212=DIRECTION('',(1.E0,0.E0,0.E0));
#6213=DIRECTION('',(0.E0,1.E0,0.E0));
#6214=AXIS2_PLACEMENT_3D('',#6211,#6212,#6213);
#6216=CURVE_STYLE('',#124,POSITIVE_LENGTH_MEASURE(2.E-2),#69);
#6217=PRESENTATION_STYLE_ASSIGNMENT((#6216));
#6218=STYLED_ITEM('',(#6217),#6215);
#6219=CARTESIAN_POINT('',(1.8467E2,4.997223972185E1,7.242284929362E1));
#6220=DIRECTION('',(1.E0,0.E0,0.E0));
#6221=DIRECTION('',(0.E0,-1.E0,0.E0));
#6222=AXIS2_PLACEMENT_3D('',#6219,#6220,#6221);
#6224=CURVE_STYLE('',#124,POSITIVE_LENGTH_MEASURE(2.E-2),#69);
#6225=PRESENTATION_STYLE_ASSIGNMENT((#6224));
#6226=STYLED_ITEM('',(#6225),#6223);
#6227=CARTESIAN_POINT('',(-4.375E1,1.55E1,1.649999999999E0));
#6228=CARTESIAN_POINT('',(-4.375E1,1.55E1,-1.650000000001E0));
#6229=VERTEX_POINT('',#6227);
#6230=VERTEX_POINT('',#6228);
#6231=CARTESIAN_POINT('',(-4.547925295910E-13,1.55E1,4.54E1));
#6232=CARTESIAN_POINT('',(-4.549945829659E-13,1.55E1,4.21E1));
#6233=VERTEX_POINT('',#6231);
#6234=VERTEX_POINT('',#6232);
#6235=CARTESIAN_POINT('',(4.375E1,1.55E1,1.65E0));
#6236=CARTESIAN_POINT('',(4.375E1,1.55E1,-1.65E0));
#6237=VERTEX_POINT('',#6235);
#6238=VERTEX_POINT('',#6236);
#6239=CARTESIAN_POINT('',(1.688253554425E-13,1.55E1,-4.21E1));
#6240=CARTESIAN_POINT('',(1.692141082259E-13,1.55E1,-4.54E1));
#6241=VERTEX_POINT('',#6239);
#6242=VERTEX_POINT('',#6240);
#6243=CARTESIAN_POINT('',(0.E0,1.317786513732E0,5.675309492522E1));
#6244=CARTESIAN_POINT('',(-1.390026966864E-14,1.317786513732E0,
-5.675309492522E1));
#6245=VERTEX_POINT('',#6243);
#6246=VERTEX_POINT('',#6244);
#6247=CARTESIAN_POINT('',(-4.375E1,2.5E1,-1.650000000001E0));
#6248=CARTESIAN_POINT('',(-4.375E1,2.5E1,1.649999999999E0));
#6249=VERTEX_POINT('',#6247);
#6250=VERTEX_POINT('',#6248);
#6251=CARTESIAN_POINT('',(-4.549945896394E-13,2.5E1,4.21E1));
#6252=CARTESIAN_POINT('',(-4.547925229175E-13,2.5E1,4.54E1));
#6253=VERTEX_POINT('',#6251);
#6254=VERTEX_POINT('',#6252);
#6255=CARTESIAN_POINT('',(4.375E1,2.5E1,-1.65E0));
#6256=CARTESIAN_POINT('',(4.375E1,2.5E1,1.65E0));
#6257=VERTEX_POINT('',#6255);
#6258=VERTEX_POINT('',#6256);
#6259=CARTESIAN_POINT('',(1.689186984732E-13,2.5E1,-4.54E1));
#6260=CARTESIAN_POINT('',(1.691207651951E-13,2.5E1,-4.21E1));
#6261=VERTEX_POINT('',#6259);
#6262=VERTEX_POINT('',#6260);
#6263=CARTESIAN_POINT('',(1.79E2,6.972239721853E0,7.597284929363E1));
#6264=CARTESIAN_POINT('',(1.79E2,6.972239721853E0,6.547284929363E1));
#6265=VERTEX_POINT('',#6263);
#6266=VERTEX_POINT('',#6264);
#6267=CARTESIAN_POINT('',(1.78E2,6.972239721853E0,7.597284929363E1));
#6268=VERTEX_POINT('',#6267);
#6269=CARTESIAN_POINT('',(1.78E2,6.972239721853E0,6.547284929363E1));
#6270=VERTEX_POINT('',#6269);
#6271=CARTESIAN_POINT('',(1.79E2,7.972239721849E0,7.697284929362E1));
#6272=VERTEX_POINT('',#6271);
#6273=CARTESIAN_POINT('',(1.79E2,7.972239721853E0,6.447284929363E1));
#6274=VERTEX_POINT('',#6273);
#6275=CARTESIAN_POINT('',(1.79E2,5.897223972185E1,6.447284929362E1));
#6276=VERTEX_POINT('',#6275);
#6277=CARTESIAN_POINT('',(1.79E2,5.997223972185E1,6.547284929362E1));
#6278=VERTEX_POINT('',#6277);
#6279=CARTESIAN_POINT('',(1.79E2,5.997223972185E1,7.597284929362E1));
#6280=VERTEX_POINT('',#6279);
#6281=CARTESIAN_POINT('',(1.79E2,5.897223972185E1,7.697284929362E1));
#6282=VERTEX_POINT('',#6281);
#6283=CARTESIAN_POINT('',(1.79E2,1.322223972185E1,6.897284929362E1));
#6284=CARTESIAN_POINT('',(1.79E2,1.328779691965E1,6.959658436609E1));
#6285=VERTEX_POINT('',#6283);
#6286=VERTEX_POINT('',#6284);
#6287=CARTESIAN_POINT('',(1.79E2,1.407341535693E1,7.329262852067E1));
#6288=VERTEX_POINT('',#6287);
#6289=CARTESIAN_POINT('',(1.79E2,1.651878435876E1,7.527284929362E1));
#6290=VERTEX_POINT('',#6289);
#6291=CARTESIAN_POINT('',(1.79E2,5.042569508494E1,7.527284929362E1));
#6292=VERTEX_POINT('',#6291);
#6293=CARTESIAN_POINT('',(1.79E2,5.287106408677E1,7.329262852067E1));
#6294=VERTEX_POINT('',#6293);
#6295=CARTESIAN_POINT('',(1.79E2,5.365668252405E1,6.959658436608E1));
#6296=VERTEX_POINT('',#6295);
#6297=CARTESIAN_POINT('',(1.79E2,5.372223972185E1,6.897284929362E1));
#6298=VERTEX_POINT('',#6297);
#6299=CARTESIAN_POINT('',(1.79E2,5.072223972186E1,6.597284929362E1));
#6300=VERTEX_POINT('',#6299);
#6301=CARTESIAN_POINT('',(1.79E2,1.622223972185E1,6.597284929363E1));
#6302=VERTEX_POINT('',#6301);
#6303=CARTESIAN_POINT('',(1.79E2,9.952239721853E0,7.212284929362E1));
#6304=CARTESIAN_POINT('',(1.79E2,9.952239721853E0,6.932284929362E1));
#6305=VERTEX_POINT('',#6303);
#6306=VERTEX_POINT('',#6304);
#6307=CARTESIAN_POINT('',(1.79E2,5.699223972185E1,7.212284929362E1));
#6308=CARTESIAN_POINT('',(1.79E2,5.699223972185E1,6.932284929362E1));
#6309=VERTEX_POINT('',#6307);
#6310=VERTEX_POINT('',#6308);
#6311=CARTESIAN_POINT('',(1.78E2,7.972239721851E0,7.697284929362E1));
#6312=VERTEX_POINT('',#6311);
#6313=CARTESIAN_POINT('',(1.78E2,7.972239721854E0,6.447284929362E1));
#6314=VERTEX_POINT('',#6313);
#6315=CARTESIAN_POINT('',(1.78E2,5.897223972185E1,6.447284929362E1));
#6316=VERTEX_POINT('',#6315);
#6317=CARTESIAN_POINT('',(1.78E2,5.997223972185E1,6.547284929362E1));
#6318=VERTEX_POINT('',#6317);
#6319=CARTESIAN_POINT('',(1.78E2,5.997223972185E1,7.597284929362E1));
#6320=VERTEX_POINT('',#6319);
#6321=CARTESIAN_POINT('',(1.78E2,5.897223972185E1,7.697284929362E1));
#6322=VERTEX_POINT('',#6321);
#6323=CARTESIAN_POINT('',(1.8517E2,1.328779691965E1,6.959658436609E1));
#6324=CARTESIAN_POINT('',(1.8517E2,1.322223972185E1,6.897284929363E1));
#6325=VERTEX_POINT('',#6323);
#6326=VERTEX_POINT('',#6324);
#6327=CARTESIAN_POINT('',(1.8517E2,1.407341535693E1,7.329262852067E1));
#6328=VERTEX_POINT('',#6327);
#6329=CARTESIAN_POINT('',(1.8517E2,1.651878435876E1,7.527284929362E1));
#6330=VERTEX_POINT('',#6329);
#6331=CARTESIAN_POINT('',(1.8517E2,5.042569508494E1,7.527284929362E1));
#6332=VERTEX_POINT('',#6331);
#6333=CARTESIAN_POINT('',(1.8517E2,5.287106408677E1,7.329262852067E1));
#6334=VERTEX_POINT('',#6333);
#6335=CARTESIAN_POINT('',(1.8517E2,5.365668252405E1,6.959658436608E1));
#6336=VERTEX_POINT('',#6335);
#6337=CARTESIAN_POINT('',(1.8517E2,5.372223972185E1,6.897284929362E1));
#6338=VERTEX_POINT('',#6337);
#6339=CARTESIAN_POINT('',(1.8517E2,5.072223972186E1,6.597284929362E1));
#6340=VERTEX_POINT('',#6339);
#6341=CARTESIAN_POINT('',(1.8517E2,1.622223972185E1,6.597284929363E1));
#6342=VERTEX_POINT('',#6341);
#6343=CARTESIAN_POINT('',(1.805E2,9.952239721853E0,6.932284929362E1));
#6344=CARTESIAN_POINT('',(1.805E2,9.952239721853E0,7.212284929362E1));
#6345=VERTEX_POINT('',#6343);
#6346=VERTEX_POINT('',#6344);
#6347=CARTESIAN_POINT('',(1.805E2,5.699223972185E1,6.932284929362E1));
#6348=CARTESIAN_POINT('',(1.805E2,5.699223972185E1,7.212284929362E1));
#6349=VERTEX_POINT('',#6347);
#6350=VERTEX_POINT('',#6348);
#6351=CARTESIAN_POINT('',(1.8517E2,5.322223972185E1,6.897284929362E1));
#6352=CARTESIAN_POINT('',(1.8517E2,5.072223972186E1,6.647284929362E1));
#6353=VERTEX_POINT('',#6351);
#6354=VERTEX_POINT('',#6352);
#6355=CARTESIAN_POINT('',(1.8517E2,1.622223972185E1,6.647284929362E1));
#6356=VERTEX_POINT('',#6355);
#6357=CARTESIAN_POINT('',(1.8517E2,1.372223972185E1,6.897284929362E1));
#6358=CARTESIAN_POINT('',(1.8517E2,1.377687072002E1,6.949262852068E1));
#6359=VERTEX_POINT('',#6357);
#6360=VERTEX_POINT('',#6358);
#6361=CARTESIAN_POINT('',(1.8517E2,1.456248915730E1,7.318867267526E1));
#6362=VERTEX_POINT('',#6361);
#6363=CARTESIAN_POINT('',(1.8517E2,1.651878435876E1,7.477284929362E1));
#6364=VERTEX_POINT('',#6363);
#6365=CARTESIAN_POINT('',(1.8517E2,5.042569508494E1,7.477284929362E1));
#6366=VERTEX_POINT('',#6365);
#6367=CARTESIAN_POINT('',(1.8517E2,5.238199028641E1,7.318867267526E1));
#6368=VERTEX_POINT('',#6367);
#6369=CARTESIAN_POINT('',(1.8517E2,5.316760872369E1,6.949262852067E1));
#6370=VERTEX_POINT('',#6369);
#6371=CARTESIAN_POINT('',(1.805E2,1.220223972185E1,7.072285046154E1));
#6372=CARTESIAN_POINT('',(1.805E2,7.702239721853E0,7.072285029892E1));
#6373=VERTEX_POINT('',#6371);
#6374=VERTEX_POINT('',#6372);
#6375=CARTESIAN_POINT('',(1.805E2,5.924223972185E1,7.072285048380E1));
#6376=CARTESIAN_POINT('',(1.805E2,5.474223972185E1,7.072285027344E1));
#6377=VERTEX_POINT('',#6375);
#6378=VERTEX_POINT('',#6376);
#6379=CARTESIAN_POINT('',(1.7967E2,5.072223972186E1,6.647284929362E1));
#6380=CARTESIAN_POINT('',(1.7967E2,5.322223972185E1,6.897284929362E1));
#6381=VERTEX_POINT('',#6379);
#6382=VERTEX_POINT('',#6380);
#6383=CARTESIAN_POINT('',(1.7967E2,1.622223972185E1,6.647284929362E1));
#6384=VERTEX_POINT('',#6383);
#6385=CARTESIAN_POINT('',(1.7967E2,1.377687072002E1,6.949262852068E1));
#6386=CARTESIAN_POINT('',(1.7967E2,1.372223972185E1,6.897284929362E1));
#6387=VERTEX_POINT('',#6385);
#6388=VERTEX_POINT('',#6386);
#6389=CARTESIAN_POINT('',(1.7967E2,1.456248915730E1,7.318867267526E1));
#6390=VERTEX_POINT('',#6389);
#6391=CARTESIAN_POINT('',(1.7967E2,1.651878435876E1,7.477284929362E1));
#6392=VERTEX_POINT('',#6391);
#6393=CARTESIAN_POINT('',(1.7967E2,5.042569508494E1,7.477284929362E1));
#6394=VERTEX_POINT('',#6393);
#6395=CARTESIAN_POINT('',(1.7967E2,5.238199028641E1,7.318867267526E1));
#6396=VERTEX_POINT('',#6395);
#6397=CARTESIAN_POINT('',(1.7967E2,5.316760872369E1,6.949262852067E1));
#6398=VERTEX_POINT('',#6397);
#6399=CARTESIAN_POINT('',(1.8497E2,7.702239721852E0,7.072284929363E1));
#6400=CARTESIAN_POINT('',(1.8497E2,1.220223972185E1,7.072284929362E1));
#6401=VERTEX_POINT('',#6399);
#6402=VERTEX_POINT('',#6400);
#6403=CARTESIAN_POINT('',(1.8497E2,5.474223972185E1,7.072284929362E1));
#6404=CARTESIAN_POINT('',(1.8497E2,5.924223972185E1,7.072284929362E1));
#6405=VERTEX_POINT('',#6403);
#6406=VERTEX_POINT('',#6404);
#6407=CARTESIAN_POINT('',(1.7967E2,1.747223972185E1,7.242284929362E1));
#6408=CARTESIAN_POINT('',(1.7967E2,1.647223972185E1,7.242284929362E1));
#6409=VERTEX_POINT('',#6407);
#6410=VERTEX_POINT('',#6408);
#6411=CARTESIAN_POINT('',(1.7967E2,4.897223972185E1,6.902284929362E1));
#6412=CARTESIAN_POINT('',(1.7967E2,4.797223972185E1,6.902284929362E1));
#6413=VERTEX_POINT('',#6411);
#6414=VERTEX_POINT('',#6412);
#6415=CARTESIAN_POINT('',(1.7967E2,4.297223972185E1,6.902284929362E1));
#6416=CARTESIAN_POINT('',(1.7967E2,4.197223972185E1,6.902284929362E1));
#6417=VERTEX_POINT('',#6415);
#6418=VERTEX_POINT('',#6416);
#6419=CARTESIAN_POINT('',(1.7967E2,3.697223972185E1,6.902284929362E1));
#6420=CARTESIAN_POINT('',(1.7967E2,3.597223972185E1,6.902284929362E1));
#6421=VERTEX_POINT('',#6419);
#6422=VERTEX_POINT('',#6420);
#6423=CARTESIAN_POINT('',(1.7967E2,3.097223972185E1,6.902284929362E1));
#6424=CARTESIAN_POINT('',(1.7967E2,2.997223972185E1,6.902284929362E1));
#6425=VERTEX_POINT('',#6423);
#6426=VERTEX_POINT('',#6424);
#6427=CARTESIAN_POINT('',(1.7967E2,2.497223972185E1,6.902284929362E1));
#6428=CARTESIAN_POINT('',(1.7967E2,2.397223972185E1,6.902284929362E1));
#6429=VERTEX_POINT('',#6427);
#6430=VERTEX_POINT('',#6428);
#6431=CARTESIAN_POINT('',(1.7967E2,1.897223972185E1,6.902284929362E1));
#6432=CARTESIAN_POINT('',(1.7967E2,1.797223972185E1,6.902284929362E1));
#6433=VERTEX_POINT('',#6431);
#6434=VERTEX_POINT('',#6432);
#6435=CARTESIAN_POINT('',(1.7967E2,1.597223972185E1,6.902284929362E1));
#6436=CARTESIAN_POINT('',(1.7967E2,1.497223972185E1,6.902284929362E1));
#6437=VERTEX_POINT('',#6435);
#6438=VERTEX_POINT('',#6436);
#6439=CARTESIAN_POINT('',(1.7967E2,2.197223972185E1,6.902284929362E1));
#6440=CARTESIAN_POINT('',(1.7967E2,2.097223972185E1,6.902284929362E1));
#6441=VERTEX_POINT('',#6439);
#6442=VERTEX_POINT('',#6440);
#6443=CARTESIAN_POINT('',(1.7967E2,2.797223972185E1,6.902284929362E1));
#6444=CARTESIAN_POINT('',(1.7967E2,2.697223972185E1,6.902284929362E1));
#6445=VERTEX_POINT('',#6443);
#6446=VERTEX_POINT('',#6444);
#6447=CARTESIAN_POINT('',(1.7967E2,3.397223972185E1,6.902284929362E1));
#6448=CARTESIAN_POINT('',(1.7967E2,3.297223972185E1,6.902284929362E1));
#6449=VERTEX_POINT('',#6447);
#6450=VERTEX_POINT('',#6448);
#6451=CARTESIAN_POINT('',(1.7967E2,3.997223972185E1,6.902284929362E1));
#6452=CARTESIAN_POINT('',(1.7967E2,3.897223972185E1,6.902284929362E1));
#6453=VERTEX_POINT('',#6451);
#6454=VERTEX_POINT('',#6452);
#6455=CARTESIAN_POINT('',(1.7967E2,4.597223972185E1,6.902284929362E1));
#6456=CARTESIAN_POINT('',(1.7967E2,4.497223972185E1,6.902284929362E1));
#6457=VERTEX_POINT('',#6455);
#6458=VERTEX_POINT('',#6456);
#6459=CARTESIAN_POINT('',(1.7967E2,5.197223972185E1,6.902284929362E1));
#6460=CARTESIAN_POINT('',(1.7967E2,5.097223972185E1,6.902284929362E1));
#6461=VERTEX_POINT('',#6459);
#6462=VERTEX_POINT('',#6460);
#6463=CARTESIAN_POINT('',(1.7967E2,2.047223972185E1,7.242284929362E1));
#6464=CARTESIAN_POINT('',(1.7967E2,1.947223972185E1,7.242284929362E1));
#6465=VERTEX_POINT('',#6463);
#6466=VERTEX_POINT('',#6464);
#6467=CARTESIAN_POINT('',(1.7967E2,2.347223972185E1,7.242284929362E1));
#6468=CARTESIAN_POINT('',(1.7967E2,2.247223972185E1,7.242284929362E1));
#6469=VERTEX_POINT('',#6467);
#6470=VERTEX_POINT('',#6468);
#6471=CARTESIAN_POINT('',(1.7967E2,2.647223972185E1,7.242284929362E1));
#6472=CARTESIAN_POINT('',(1.7967E2,2.547223972185E1,7.242284929362E1));
#6473=VERTEX_POINT('',#6471);
#6474=VERTEX_POINT('',#6472);
#6475=CARTESIAN_POINT('',(1.7967E2,2.947223972185E1,7.242284929362E1));
#6476=CARTESIAN_POINT('',(1.7967E2,2.847223972185E1,7.242284929362E1));
#6477=VERTEX_POINT('',#6475);
#6478=VERTEX_POINT('',#6476);
#6479=CARTESIAN_POINT('',(1.7967E2,3.247223972185E1,7.242284929362E1));
#6480=CARTESIAN_POINT('',(1.7967E2,3.147223972185E1,7.242284929362E1));
#6481=VERTEX_POINT('',#6479);
#6482=VERTEX_POINT('',#6480);
#6483=CARTESIAN_POINT('',(1.7967E2,3.547223972185E1,7.242284929362E1));
#6484=CARTESIAN_POINT('',(1.7967E2,3.447223972185E1,7.242284929362E1));
#6485=VERTEX_POINT('',#6483);
#6486=VERTEX_POINT('',#6484);
#6487=CARTESIAN_POINT('',(1.7967E2,3.847223972185E1,7.242284929362E1));
#6488=CARTESIAN_POINT('',(1.7967E2,3.747223972185E1,7.242284929362E1));
#6489=VERTEX_POINT('',#6487);
#6490=VERTEX_POINT('',#6488);
#6491=CARTESIAN_POINT('',(1.7967E2,4.147223972185E1,7.242284929362E1));
#6492=CARTESIAN_POINT('',(1.7967E2,4.047223972185E1,7.242284929362E1));
#6493=VERTEX_POINT('',#6491);
#6494=VERTEX_POINT('',#6492);
#6495=CARTESIAN_POINT('',(1.7967E2,4.447223972185E1,7.242284929362E1));
#6496=CARTESIAN_POINT('',(1.7967E2,4.347223972185E1,7.242284929362E1));
#6497=VERTEX_POINT('',#6495);
#6498=VERTEX_POINT('',#6496);
#6499=CARTESIAN_POINT('',(1.7967E2,4.747223972185E1,7.242284929362E1));
#6500=CARTESIAN_POINT('',(1.7967E2,4.647223972185E1,7.242284929362E1));
#6501=VERTEX_POINT('',#6499);
#6502=VERTEX_POINT('',#6500);
#6503=CARTESIAN_POINT('',(1.7967E2,5.047223972185E1,7.242284929362E1));
#6504=CARTESIAN_POINT('',(1.7967E2,4.947223972185E1,7.242284929362E1));
#6505=VERTEX_POINT('',#6503);
#6506=VERTEX_POINT('',#6504);
#6507=CARTESIAN_POINT('',(1.8517E2,7.902239721852E0,7.072284929363E1));
#6508=CARTESIAN_POINT('',(1.8517E2,1.200223972185E1,7.072284929362E1));
#6509=VERTEX_POINT('',#6507);
#6510=VERTEX_POINT('',#6508);
#6511=CARTESIAN_POINT('',(1.8517E2,5.494223972185E1,7.072284929362E1));
#6512=CARTESIAN_POINT('',(1.8517E2,5.904223972185E1,7.072284929362E1));
#6513=VERTEX_POINT('',#6511);
#6514=VERTEX_POINT('',#6512);
#6515=CARTESIAN_POINT('',(1.8437E2,1.647223972185E1,7.242284929362E1));
#6516=CARTESIAN_POINT('',(1.8437E2,1.747223972185E1,7.242284929362E1));
#6517=VERTEX_POINT('',#6515);
#6518=VERTEX_POINT('',#6516);
#6519=CARTESIAN_POINT('',(1.8437E2,4.797223972185E1,6.902284929362E1));
#6520=CARTESIAN_POINT('',(1.8437E2,4.897223972185E1,6.902284929362E1));
#6521=VERTEX_POINT('',#6519);
#6522=VERTEX_POINT('',#6520);
#6523=CARTESIAN_POINT('',(1.8437E2,4.197223972185E1,6.902284929362E1));
#6524=CARTESIAN_POINT('',(1.8437E2,4.297223972185E1,6.902284929362E1));
#6525=VERTEX_POINT('',#6523);
#6526=VERTEX_POINT('',#6524);
#6527=CARTESIAN_POINT('',(1.8437E2,3.597223972185E1,6.902284929362E1));
#6528=CARTESIAN_POINT('',(1.8437E2,3.697223972185E1,6.902284929362E1));
#6529=VERTEX_POINT('',#6527);
#6530=VERTEX_POINT('',#6528);
#6531=CARTESIAN_POINT('',(1.8437E2,2.997223972185E1,6.902284929362E1));
#6532=CARTESIAN_POINT('',(1.8437E2,3.097223972185E1,6.902284929362E1));
#6533=VERTEX_POINT('',#6531);
#6534=VERTEX_POINT('',#6532);
#6535=CARTESIAN_POINT('',(1.8437E2,2.397223972185E1,6.902284929362E1));
#6536=CARTESIAN_POINT('',(1.8437E2,2.497223972185E1,6.902284929362E1));
#6537=VERTEX_POINT('',#6535);
#6538=VERTEX_POINT('',#6536);
#6539=CARTESIAN_POINT('',(1.8437E2,1.797223972185E1,6.902284929362E1));
#6540=CARTESIAN_POINT('',(1.8437E2,1.897223972185E1,6.902284929362E1));
#6541=VERTEX_POINT('',#6539);
#6542=VERTEX_POINT('',#6540);
#6543=CARTESIAN_POINT('',(1.8437E2,1.497223972185E1,6.902284929363E1));
#6544=CARTESIAN_POINT('',(1.8437E2,1.597223972185E1,6.902284929362E1));
#6545=VERTEX_POINT('',#6543);
#6546=VERTEX_POINT('',#6544);
#6547=CARTESIAN_POINT('',(1.8437E2,2.097223972185E1,6.902284929362E1));
#6548=CARTESIAN_POINT('',(1.8437E2,2.197223972185E1,6.902284929362E1));
#6549=VERTEX_POINT('',#6547);
#6550=VERTEX_POINT('',#6548);
#6551=CARTESIAN_POINT('',(1.8437E2,2.697223972185E1,6.902284929362E1));
#6552=CARTESIAN_POINT('',(1.8437E2,2.797223972185E1,6.902284929362E1));
#6553=VERTEX_POINT('',#6551);
#6554=VERTEX_POINT('',#6552);
#6555=CARTESIAN_POINT('',(1.8437E2,3.297223972185E1,6.902284929362E1));
#6556=CARTESIAN_POINT('',(1.8437E2,3.397223972185E1,6.902284929362E1));
#6557=VERTEX_POINT('',#6555);
#6558=VERTEX_POINT('',#6556);
#6559=CARTESIAN_POINT('',(1.8437E2,3.897223972185E1,6.902284929362E1));
#6560=CARTESIAN_POINT('',(1.8437E2,3.997223972185E1,6.902284929362E1));
#6561=VERTEX_POINT('',#6559);
#6562=VERTEX_POINT('',#6560);
#6563=CARTESIAN_POINT('',(1.8437E2,4.497223972185E1,6.902284929362E1));
#6564=CARTESIAN_POINT('',(1.8437E2,4.597223972185E1,6.902284929362E1));
#6565=VERTEX_POINT('',#6563);
#6566=VERTEX_POINT('',#6564);
#6567=CARTESIAN_POINT('',(1.8437E2,5.097223972185E1,6.902284929362E1));
#6568=CARTESIAN_POINT('',(1.8437E2,5.197223972185E1,6.902284929362E1));
#6569=VERTEX_POINT('',#6567);
#6570=VERTEX_POINT('',#6568);
#6571=CARTESIAN_POINT('',(1.8437E2,1.947223972185E1,7.242284929362E1));
#6572=CARTESIAN_POINT('',(1.8437E2,2.047223972185E1,7.242284929362E1));
#6573=VERTEX_POINT('',#6571);
#6574=VERTEX_POINT('',#6572);
#6575=CARTESIAN_POINT('',(1.8437E2,2.247223972185E1,7.242284929362E1));
#6576=CARTESIAN_POINT('',(1.8437E2,2.347223972185E1,7.242284929362E1));
#6577=VERTEX_POINT('',#6575);
#6578=VERTEX_POINT('',#6576);
#6579=CARTESIAN_POINT('',(1.8437E2,2.547223972185E1,7.242284929362E1));
#6580=CARTESIAN_POINT('',(1.8437E2,2.647223972185E1,7.242284929362E1));
#6581=VERTEX_POINT('',#6579);
#6582=VERTEX_POINT('',#6580);
#6583=CARTESIAN_POINT('',(1.8437E2,2.847223972185E1,7.242284929362E1));
#6584=CARTESIAN_POINT('',(1.8437E2,2.947223972185E1,7.242284929362E1));
#6585=VERTEX_POINT('',#6583);
#6586=VERTEX_POINT('',#6584);
#6587=CARTESIAN_POINT('',(1.8437E2,3.147223972185E1,7.242284929362E1));
#6588=CARTESIAN_POINT('',(1.8437E2,3.247223972185E1,7.242284929362E1));
#6589=VERTEX_POINT('',#6587);
#6590=VERTEX_POINT('',#6588);
#6591=CARTESIAN_POINT('',(1.8437E2,3.447223972185E1,7.242284929362E1));
#6592=CARTESIAN_POINT('',(1.8437E2,3.547223972185E1,7.242284929362E1));
#6593=VERTEX_POINT('',#6591);
#6594=VERTEX_POINT('',#6592);
#6595=CARTESIAN_POINT('',(1.8437E2,3.747223972185E1,7.242284929362E1));
#6596=CARTESIAN_POINT('',(1.8437E2,3.847223972185E1,7.242284929362E1));
#6597=VERTEX_POINT('',#6595);
#6598=VERTEX_POINT('',#6596);
#6599=CARTESIAN_POINT('',(1.8437E2,4.747223972185E1,7.242284929362E1));
#6600=VERTEX_POINT('',#6599);
#6601=CARTESIAN_POINT('',(1.8437E2,4.647223972185E1,7.242284929362E1));
#6602=VERTEX_POINT('',#6601);
#6603=CARTESIAN_POINT('',(1.8437E2,4.447223972185E1,7.242284929362E1));
#6604=VERTEX_POINT('',#6603);
#6605=CARTESIAN_POINT('',(1.8437E2,4.347223972185E1,7.242284929362E1));
#6606=VERTEX_POINT('',#6605);
#6607=CARTESIAN_POINT('',(1.8437E2,4.147223972185E1,7.242284929362E1));
#6608=VERTEX_POINT('',#6607);
#6609=CARTESIAN_POINT('',(1.8437E2,4.047223972185E1,7.242284929362E1));
#6610=VERTEX_POINT('',#6609);
#6611=CARTESIAN_POINT('',(1.8202E2,2.947223972185E1,7.242284929362E1));
#6612=VERTEX_POINT('',#6611);
#6613=CARTESIAN_POINT('',(1.8202E2,2.847223972185E1,7.242284929362E1));
#6614=VERTEX_POINT('',#6613);
#6615=CARTESIAN_POINT('',(1.8202E2,2.647223972185E1,7.242284929362E1));
#6616=VERTEX_POINT('',#6615);
#6617=CARTESIAN_POINT('',(1.8202E2,2.347223972185E1,7.242284929362E1));
#6618=VERTEX_POINT('',#6617);
#6619=CARTESIAN_POINT('',(1.8202E2,2.047223972185E1,7.242284929362E1));
#6620=VERTEX_POINT('',#6619);
#6621=CARTESIAN_POINT('',(1.8202E2,2.797223972185E1,6.902284929362E1));
#6622=VERTEX_POINT('',#6621);
#6623=CARTESIAN_POINT('',(1.8202E2,2.197223972185E1,6.902284929362E1));
#6624=VERTEX_POINT('',#6623);
#6625=CARTESIAN_POINT('',(1.8202E2,1.897223972185E1,6.902284929362E1));
#6626=VERTEX_POINT('',#6625);
#6627=CARTESIAN_POINT('',(1.8202E2,1.797223972185E1,6.902284929362E1));
#6628=VERTEX_POINT('',#6627);
#6629=CARTESIAN_POINT('',(1.8202E2,2.497223972185E1,6.902284929362E1));
#6630=VERTEX_POINT('',#6629);
#6631=CARTESIAN_POINT('',(1.8202E2,3.097223972185E1,6.902284929362E1));
#6632=VERTEX_POINT('',#6631);
#6633=CARTESIAN_POINT('',(0.E0,4.673875265872E0,5.675309492522E1));
#6634=CARTESIAN_POINT('',(0.E0,4.673875265872E0,-5.675309492522E1));
#6635=VERTEX_POINT('',#6633);
#6636=VERTEX_POINT('',#6634);
#6637=CARTESIAN_POINT('',(-1.212400331156E-14,8.177865137322E-1,-4.95E1));
#6638=CARTESIAN_POINT('',(0.E0,8.177865137322E-1,4.95E1));
#6639=VERTEX_POINT('',#6637);
#6640=VERTEX_POINT('',#6638);
#6641=CARTESIAN_POINT('',(0.E0,1.317786513732E0,5.E1));
#6642=VERTEX_POINT('',#6641);
#6643=CARTESIAN_POINT('',(0.E0,1.317786513732E0,-5.E1));
#6644=VERTEX_POINT('',#6643);
#6645=CARTESIAN_POINT('',(1.688253554425E-13,1.55E1,-4.15E1));
#6646=CARTESIAN_POINT('',(1.685498099126E-13,1.55E1,-4.6E1));
#6647=VERTEX_POINT('',#6645);
#6648=VERTEX_POINT('',#6646);
#6649=CARTESIAN_POINT('',(1.695773528423E-13,5.E-1,-4.15E1));
#6650=VERTEX_POINT('',#6649);
#6651=CARTESIAN_POINT('',(1.705302565824E-13,5.E-1,-4.6E1));
#6652=VERTEX_POINT('',#6651);
#6653=CARTESIAN_POINT('',(4.375E1,1.55E1,2.25E0));
#6654=CARTESIAN_POINT('',(4.15E1,1.55E1,3.075046705407E-13));
#6655=VERTEX_POINT('',#6653);
#6656=VERTEX_POINT('',#6654);
#6657=CARTESIAN_POINT('',(4.375E1,1.55E1,-2.25E0));
#6658=VERTEX_POINT('',#6657);
#6659=CARTESIAN_POINT('',(4.375E1,5.E-1,2.25E0));
#6660=VERTEX_POINT('',#6659);
#6661=CARTESIAN_POINT('',(4.375E1,5.E-1,-2.25E0));
#6662=VERTEX_POINT('',#6661);
#6663=CARTESIAN_POINT('',(-4.696137210114E-13,1.55E1,4.6E1));
#6664=CARTESIAN_POINT('',(-4.544531278458E-13,1.55E1,4.15E1));
#6665=VERTEX_POINT('',#6663);
#6666=VERTEX_POINT('',#6664);
#6667=CARTESIAN_POINT('',(-4.594032025864E-13,5.E-1,4.6E1));
#6668=VERTEX_POINT('',#6667);
#6669=CARTESIAN_POINT('',(-4.547473508865E-13,5.E-1,4.15E1));
#6670=VERTEX_POINT('',#6669);
#6671=CARTESIAN_POINT('',(-4.375E1,1.55E1,2.249999999999E0));
#6672=CARTESIAN_POINT('',(-4.375E1,1.55E1,-2.250000000001E0));
#6673=VERTEX_POINT('',#6671);
#6674=VERTEX_POINT('',#6672);
#6675=CARTESIAN_POINT('',(-4.375E1,5.E-1,2.249999999999E0));
#6676=VERTEX_POINT('',#6675);
#6677=CARTESIAN_POINT('',(-4.375E1,5.E-1,-2.250000000001E0));
#6678=VERTEX_POINT('',#6677);
#6679=CARTESIAN_POINT('',(0.E0,5.E-1,4.95E1));
#6680=VERTEX_POINT('',#6679);
#6681=CARTESIAN_POINT('',(0.E0,5.E-1,-4.95E1));
#6682=VERTEX_POINT('',#6681);
#6683=CARTESIAN_POINT('',(0.E0,5.344088001554E0,5.514749014326E1));
#6684=CARTESIAN_POINT('',(0.E0,5.344088001554E0,-5.514749014326E1));
#6685=VERTEX_POINT('',#6683);
#6686=VERTEX_POINT('',#6684);
#6687=CARTESIAN_POINT('',(0.E0,4.673875265872E0,5.514749014326E1));
#6688=VERTEX_POINT('',#6687);
#6689=CARTESIAN_POINT('',(0.E0,4.673875265872E0,-5.514749014326E1));
#6690=VERTEX_POINT('',#6689);
#6691=CARTESIAN_POINT('',(-4.375E1,5.949141984596E1,1.65E0));
#6692=CARTESIAN_POINT('',(-4.375E1,5.85E1,-2.504663143554E-13));
#6693=VERTEX_POINT('',#6691);
#6694=VERTEX_POINT('',#6692);
#6695=CARTESIAN_POINT('',(-4.375E1,5.949141984596E1,-1.65E0));
#6696=VERTEX_POINT('',#6695);
#6697=CARTESIAN_POINT('',(4.375E1,5.949141984596E1,1.65E0));
#6698=CARTESIAN_POINT('',(4.375E1,5.85E1,-2.575717417130E-14));
#6699=VERTEX_POINT('',#6697);
#6700=VERTEX_POINT('',#6698);
#6701=CARTESIAN_POINT('',(4.375E1,5.949141984596E1,-1.65E0));
#6702=VERTEX_POINT('',#6701);
#6703=CARTESIAN_POINT('',(-1.690274221643E-13,5.949141984596E1,-4.21E1));
#6704=CARTESIAN_POINT('',(-1.688253554425E-13,5.85E1,-4.375E1));
#6705=VERTEX_POINT('',#6703);
#6706=VERTEX_POINT('',#6704);
#6707=CARTESIAN_POINT('',(-1.686232887206E-13,5.949141984596E1,-4.54E1));
#6708=VERTEX_POINT('',#6707);
#6709=CARTESIAN_POINT('',(-1.174526024455E-13,5.949141984596E1,4.54E1));
#6710=CARTESIAN_POINT('',(-1.172505357237E-13,5.85E1,4.375E1));
#6711=VERTEX_POINT('',#6709);
#6712=VERTEX_POINT('',#6710);
#6713=CARTESIAN_POINT('',(-1.170484690018E-13,5.949141984596E1,4.21E1));
#6714=VERTEX_POINT('',#6713);
#6715=CARTESIAN_POINT('',(1.482611355476E1,1.E1,6.477627648772E1));
#6716=CARTESIAN_POINT('',(1.482611355476E1,1.126180729996E1,6.687627648772E1));
#6717=VERTEX_POINT('',#6715);
#6718=VERTEX_POINT('',#6716);
#6719=CARTESIAN_POINT('',(1.482611355476E1,1.E1,6.897627648772E1));
#6720=VERTEX_POINT('',#6719);
#6721=CARTESIAN_POINT('',(-4.375E1,6.8E1,-1.65E0));
#6722=VERTEX_POINT('',#6721);
#6723=CARTESIAN_POINT('',(-4.375E1,6.8E1,1.65E0));
#6724=VERTEX_POINT('',#6723);
#6725=CARTESIAN_POINT('',(4.375E1,6.8E1,-1.65E0));
#6726=VERTEX_POINT('',#6725);
#6727=CARTESIAN_POINT('',(4.375E1,6.8E1,1.65E0));
#6728=VERTEX_POINT('',#6727);
#6729=CARTESIAN_POINT('',(0.E0,6.8E1,3.9E1));
#6730=CARTESIAN_POINT('',(-1.188154987428E-14,6.8E1,-3.9E1));
#6731=VERTEX_POINT('',#6729);
#6732=VERTEX_POINT('',#6730);
#6733=CARTESIAN_POINT('',(0.E0,5.E-1,3.9E1));
#6734=VERTEX_POINT('',#6733);
#6735=CARTESIAN_POINT('',(0.E0,5.E-1,-3.9E1));
#6736=VERTEX_POINT('',#6735);
#6737=CARTESIAN_POINT('',(-1.692589446745E-13,6.8E1,-4.54E1));
#6738=VERTEX_POINT('',#6737);
#6739=CARTESIAN_POINT('',(-1.705302565824E-13,6.8E1,-4.21E1));
#6740=VERTEX_POINT('',#6739);
#6741=CARTESIAN_POINT('',(-1.159279252418E-13,6.8E1,4.21E1));
#6742=VERTEX_POINT('',#6741);
#6743=CARTESIAN_POINT('',(-1.207922650792E-13,6.8E1,4.54E1));
#6744=VERTEX_POINT('',#6743);
#6745=CARTESIAN_POINT('',(1.8467E2,3.777223972185E1,7.242284929362E1));
#6746=VERTEX_POINT('',#6745);
#6747=CARTESIAN_POINT('',(1.8467E2,3.817223972185E1,7.242284929362E1));
#6748=VERTEX_POINT('',#6747);
#6749=CARTESIAN_POINT('',(1.8467E2,4.377223972185E1,7.242284929362E1));
#6750=VERTEX_POINT('',#6749);
#6751=CARTESIAN_POINT('',(1.8467E2,4.417223972185E1,7.242284929362E1));
#6752=VERTEX_POINT('',#6751);
#6753=CARTESIAN_POINT('',(1.8467E2,4.077223972185E1,7.242284929362E1));
#6754=VERTEX_POINT('',#6753);
#6755=CARTESIAN_POINT('',(1.8467E2,4.117223972185E1,7.242284929362E1));
#6756=VERTEX_POINT('',#6755);
#6757=CARTESIAN_POINT('',(1.8467E2,4.717223972185E1,7.242284929362E1));
#6758=CARTESIAN_POINT('',(1.8467E2,4.677223972185E1,7.242284929362E1));
#6759=VERTEX_POINT('',#6757);
#6760=VERTEX_POINT('',#6758);
#6761=CARTESIAN_POINT('',(1.8467E2,5.017223972185E1,7.242284929362E1));
#6762=CARTESIAN_POINT('',(1.8437E2,5.047223972185E1,7.242284929362E1));
#6763=VERTEX_POINT('',#6761);
#6764=VERTEX_POINT('',#6762);
#6765=CARTESIAN_POINT('',(1.8467E2,4.977223972185E1,7.242284929362E1));
#6766=VERTEX_POINT('',#6765);
#6767=CARTESIAN_POINT('',(1.8437E2,4.947223972185E1,7.242284929362E1));
#6768=VERTEX_POINT('',#6767);
#6769=CARTESIAN_POINT('',(1.8517E2,5.586194070085E1,7.072284929362E1));
#6770=CARTESIAN_POINT('',(1.804075041250E2,5.586194070085E1,7.072284929362E1));
#6771=VERTEX_POINT('',#6769);
#6772=VERTEX_POINT('',#6770);
#6773=CARTESIAN_POINT('',(1.8517E2,5.812253874285E1,7.072284929362E1));
#6774=VERTEX_POINT('',#6773);
#6775=CARTESIAN_POINT('',(1.827887520625E2,5.812253874285E1,7.072284929362E1));
#6776=CARTESIAN_POINT('',(1.804075041250E2,5.812253874285E1,7.072284929362E1));
#6777=VERTEX_POINT('',#6775);
#6778=VERTEX_POINT('',#6776);
#6779=CARTESIAN_POINT('',(1.8517E2,8.821940700852E0,7.072284929363E1));
#6780=CARTESIAN_POINT('',(1.804075041250E2,8.821940700852E0,7.072284929363E1));
#6781=VERTEX_POINT('',#6779);
#6782=VERTEX_POINT('',#6780);
#6783=CARTESIAN_POINT('',(1.8517E2,1.108253874285E1,7.072284929362E1));
#6784=CARTESIAN_POINT('',(1.804075041250E2,1.108253874285E1,7.072284929362E1));
#6785=VERTEX_POINT('',#6783);
#6786=VERTEX_POINT('',#6784);
#6787=CARTESIAN_POINT('',(1.800679280403E2,1.051738923235E1,7.072284929362E1));
#6788=CARTESIAN_POINT('',(1.797283519556E2,9.952239721853E0,7.072284929362E1));
#6789=VERTEX_POINT('',#6787);
#6790=VERTEX_POINT('',#6788);
#6791=CARTESIAN_POINT('',(1.800679280403E2,5.755738923235E1,7.072284929362E1));
#6792=CARTESIAN_POINT('',(1.797283519556E2,5.699223972185E1,7.072284929362E1));
#6793=VERTEX_POINT('',#6791);
#6794=VERTEX_POINT('',#6792);
#6795=CARTESIAN_POINT('',(1.800679280403E2,5.642709021135E1,7.072284929362E1));
#6796=VERTEX_POINT('',#6795);
#6797=CARTESIAN_POINT('',(1.8467E2,2.317223972185E1,7.242284929362E1));
#6798=VERTEX_POINT('',#6797);
#6799=CARTESIAN_POINT('',(0.E0,6.75E1,4.875E1));
#6800=CARTESIAN_POINT('',(0.E0,6.8E1,4.875E1));
#6801=VERTEX_POINT('',#6799);
#6802=VERTEX_POINT('',#6800);
#6803=CARTESIAN_POINT('',(0.E0,6.75E1,-4.875E1));
#6804=VERTEX_POINT('',#6803);
#6805=CARTESIAN_POINT('',(0.E0,6.8E1,-4.875E1));
#6806=VERTEX_POINT('',#6805);
#6807=CARTESIAN_POINT('',(1.038353626427E-13,1.4E1,7.75E1));
#6808=CARTESIAN_POINT('',(7.211058637475E1,1.4E1,2.839565693359E1));
#6809=VERTEX_POINT('',#6807);
#6810=VERTEX_POINT('',#6808);
#6811=CARTESIAN_POINT('',(0.E0,0.E0,7.75E1));
#6812=VERTEX_POINT('',#6811);
#6813=CARTESIAN_POINT('',(0.E0,0.E0,-7.75E1));
#6814=VERTEX_POINT('',#6813);
#6815=CARTESIAN_POINT('',(0.E0,1.4E1,-7.75E1));
#6816=VERTEX_POINT('',#6815);
#6817=CARTESIAN_POINT('',(2.468585264666E2,2.25E0,5.435731116225E1));
#6818=CARTESIAN_POINT('',(2.468585264666E2,2.25E0,4.835731116225E1));
#6819=VERTEX_POINT('',#6817);
#6820=VERTEX_POINT('',#6818);
#6821=CARTESIAN_POINT('',(2.468585264666E2,7.5E-1,5.285731116225E1));
#6822=VERTEX_POINT('',#6821);
#6823=CARTESIAN_POINT('',(2.468585264666E2,7.5E-1,4.985731116225E1));
#6824=VERTEX_POINT('',#6823);
#6825=CARTESIAN_POINT('',(1.204141910864E2,2.25E0,9.258568606523E1));
#6826=CARTESIAN_POINT('',(1.204141910864E2,2.25E0,8.658568606523E1));
#6827=VERTEX_POINT('',#6825);
#6828=VERTEX_POINT('',#6826);
#6829=CARTESIAN_POINT('',(1.204141910864E2,7.5E-1,9.108568606523E1));
#6830=VERTEX_POINT('',#6829);
#6831=CARTESIAN_POINT('',(1.204141910864E2,7.5E-1,8.808568606523E1));
#6832=VERTEX_POINT('',#6831);
#6833=CARTESIAN_POINT('',(1.204141910864E2,2.25E0,-1.176986839775E1));
#6834=CARTESIAN_POINT('',(1.204141910864E2,2.25E0,-1.776986839775E1));
#6835=VERTEX_POINT('',#6833);
#6836=VERTEX_POINT('',#6834);
#6837=CARTESIAN_POINT('',(1.204141910864E2,7.5E-1,-1.326986839775E1));
#6838=VERTEX_POINT('',#6837);
#6839=CARTESIAN_POINT('',(1.204141910864E2,7.5E-1,-1.626986839775E1));
#6840=VERTEX_POINT('',#6839);
#6841=CARTESIAN_POINT('',(2.468585264666E2,2.25E0,-1.176986839775E1));
#6842=CARTESIAN_POINT('',(2.468585264666E2,2.25E0,-1.776986839775E1));
#6843=VERTEX_POINT('',#6841);
#6844=VERTEX_POINT('',#6842);
#6845=CARTESIAN_POINT('',(2.468585264666E2,7.5E-1,-1.326986839775E1));
#6846=VERTEX_POINT('',#6845);
#6847=CARTESIAN_POINT('',(2.468585264666E2,7.5E-1,-1.626986839775E1));
#6848=VERTEX_POINT('',#6847);
#6849=CARTESIAN_POINT('',(2.468585264666E2,6.605E1,4.835731116225E1));
#6850=CARTESIAN_POINT('',(2.468585264666E2,6.605E1,5.435731116225E1));
#6851=VERTEX_POINT('',#6849);
#6852=VERTEX_POINT('',#6850);
#6853=CARTESIAN_POINT('',(2.468585264666E2,6.755E1,4.985731116225E1));
#6854=VERTEX_POINT('',#6853);
#6855=CARTESIAN_POINT('',(2.468585264666E2,6.755E1,5.285731116225E1));
#6856=VERTEX_POINT('',#6855);
#6857=CARTESIAN_POINT('',(1.204141910864E2,6.605E1,-1.776986839775E1));
#6858=CARTESIAN_POINT('',(1.204141910864E2,6.605E1,-1.176986839775E1));
#6859=VERTEX_POINT('',#6857);
#6860=VERTEX_POINT('',#6858);
#6861=CARTESIAN_POINT('',(1.204141910864E2,6.755E1,-1.626986839775E1));
#6862=VERTEX_POINT('',#6861);
#6863=CARTESIAN_POINT('',(1.204141910864E2,6.755E1,-1.326986839775E1));
#6864=VERTEX_POINT('',#6863);
#6865=CARTESIAN_POINT('',(1.204141910864E2,6.605E1,8.658568606523E1));
#6866=CARTESIAN_POINT('',(1.204141910864E2,6.605E1,9.258568606523E1));
#6867=VERTEX_POINT('',#6865);
#6868=VERTEX_POINT('',#6866);
#6869=CARTESIAN_POINT('',(1.204141910864E2,6.755E1,8.808568606523E1));
#6870=VERTEX_POINT('',#6869);
#6871=CARTESIAN_POINT('',(1.204141910864E2,6.755E1,9.108568606523E1));
#6872=VERTEX_POINT('',#6871);
#6873=CARTESIAN_POINT('',(2.468585264666E2,6.605E1,-1.776986839775E1));
#6874=CARTESIAN_POINT('',(2.468585264666E2,6.605E1,-1.176986839775E1));
#6875=VERTEX_POINT('',#6873);
#6876=VERTEX_POINT('',#6874);
#6877=CARTESIAN_POINT('',(2.468585264666E2,6.755E1,-1.626986839775E1));
#6878=VERTEX_POINT('',#6877);
#6879=CARTESIAN_POINT('',(2.468585264666E2,6.755E1,-1.326986839775E1));
#6880=VERTEX_POINT('',#6879);
#6881=CARTESIAN_POINT('',(0.E0,6.75E1,6.3E1));
#6882=CARTESIAN_POINT('',(0.E0,6.75E1,-6.3E1));
#6883=VERTEX_POINT('',#6881);
#6884=VERTEX_POINT('',#6882);
#6885=CARTESIAN_POINT('',(1.941677553745E-14,6.6E1,6.3E1));
#6886=VERTEX_POINT('',#6885);
#6887=CARTESIAN_POINT('',(5.799314724990E1,6.6E1,2.461290052089E1));
#6888=VERTEX_POINT('',#6887);
#6889=CARTESIAN_POINT('',(5.799314724990E1,1.4E1,2.461290052089E1));
#6890=VERTEX_POINT('',#6889);
#6891=CARTESIAN_POINT('',(0.E0,1.4E1,-6.3E1));
#6892=VERTEX_POINT('',#6891);
#6893=CARTESIAN_POINT('',(1.78E2,6.555E1,6.43E1));
#6894=CARTESIAN_POINT('',(1.78E2,6.555E1,7.795994505536E1));
#6895=VERTEX_POINT('',#6893);
#6896=VERTEX_POINT('',#6894);
#6897=CARTESIAN_POINT('',(1.78E2,2.75E0,7.795994505536E1));
#6898=VERTEX_POINT('',#6897);
#6899=CARTESIAN_POINT('',(1.78E2,2.75E0,6.43E1));
#6900=VERTEX_POINT('',#6899);
#6901=CARTESIAN_POINT('',(1.145E2,6.555E1,9.61E1));
#6902=CARTESIAN_POINT('',(1.145E2,6.555E1,9.66E1));
#6903=VERTEX_POINT('',#6901);
#6904=VERTEX_POINT('',#6902);
#6905=CARTESIAN_POINT('',(1.224299725277E2,6.555E1,9.61E1));
#6906=VERTEX_POINT('',#6905);
#6907=CARTESIAN_POINT('',(1.758241633837E2,6.555E1,8.084451689828E1));
#6908=VERTEX_POINT('',#6907);
#6909=CARTESIAN_POINT('',(1.845E2,6.555E1,5.78E1));
#6910=VERTEX_POINT('',#6909);
#6911=CARTESIAN_POINT('',(2.48E2,6.555E1,5.78E1));
#6912=VERTEX_POINT('',#6911);
#6913=CARTESIAN_POINT('',(2.51E2,6.555E1,5.48E1));
#6914=VERTEX_POINT('',#6913);
#6915=CARTESIAN_POINT('',(2.51E2,6.555E1,-1.67E1));
#6916=VERTEX_POINT('',#6915);
#6917=CARTESIAN_POINT('',(2.48E2,6.555E1,-1.97E1));
#6918=VERTEX_POINT('',#6917);
#6919=CARTESIAN_POINT('',(1.145E2,6.555E1,-1.97E1));
#6920=VERTEX_POINT('',#6919);
#6921=CARTESIAN_POINT('',(1.145E2,6.555E1,-2.02E1));
#6922=VERTEX_POINT('',#6921);
#6923=CARTESIAN_POINT('',(2.515E2,6.555E1,-2.02E1));
#6924=VERTEX_POINT('',#6923);
#6925=CARTESIAN_POINT('',(2.515E2,6.555E1,5.83E1));
#6926=VERTEX_POINT('',#6925);
#6927=CARTESIAN_POINT('',(1.845E2,6.555E1,5.83E1));
#6928=VERTEX_POINT('',#6927);
#6929=CARTESIAN_POINT('',(1.785E2,6.555E1,6.43E1));
#6930=VERTEX_POINT('',#6929);
#6931=CARTESIAN_POINT('',(1.785E2,6.555E1,8.06E1));
#6932=VERTEX_POINT('',#6931);
#6933=CARTESIAN_POINT('',(1.225E2,6.555E1,9.66E1));
#6934=VERTEX_POINT('',#6933);
#6935=CARTESIAN_POINT('',(1.758241633837E2,2.75E0,8.084451689828E1));
#6936=VERTEX_POINT('',#6935);
#6937=CARTESIAN_POINT('',(1.224299725277E2,2.75E0,9.61E1));
#6938=CARTESIAN_POINT('',(1.145E2,2.75E0,9.61E1));
#6939=VERTEX_POINT('',#6937);
#6940=VERTEX_POINT('',#6938);
#6941=CARTESIAN_POINT('',(1.145E2,2.75E0,9.65E1));
#6942=VERTEX_POINT('',#6941);
#6943=CARTESIAN_POINT('',(1.145E2,2.75E0,9.66E1));
#6944=VERTEX_POINT('',#6943);
#6945=CARTESIAN_POINT('',(1.225E2,2.75E0,9.66E1));
#6946=VERTEX_POINT('',#6945);
#6947=CARTESIAN_POINT('',(1.785E2,2.75E0,8.06E1));
#6948=VERTEX_POINT('',#6947);
#6949=CARTESIAN_POINT('',(1.785E2,2.75E0,6.43E1));
#6950=VERTEX_POINT('',#6949);
#6951=CARTESIAN_POINT('',(1.845E2,2.75E0,5.83E1));
#6952=VERTEX_POINT('',#6951);
#6953=CARTESIAN_POINT('',(2.515E2,2.75E0,5.83E1));
#6954=VERTEX_POINT('',#6953);
#6955=CARTESIAN_POINT('',(2.515E2,2.75E0,-2.02E1));
#6956=VERTEX_POINT('',#6955);
#6957=CARTESIAN_POINT('',(1.145E2,2.75E0,-2.02E1));
#6958=VERTEX_POINT('',#6957);
#6959=CARTESIAN_POINT('',(1.145E2,2.75E0,-1.97E1));
#6960=VERTEX_POINT('',#6959);
#6961=CARTESIAN_POINT('',(2.48E2,2.75E0,-1.97E1));
#6962=VERTEX_POINT('',#6961);
#6963=CARTESIAN_POINT('',(2.51E2,2.75E0,-1.67E1));
#6964=VERTEX_POINT('',#6963);
#6965=CARTESIAN_POINT('',(2.51E2,2.75E0,5.48E1));
#6966=VERTEX_POINT('',#6965);
#6967=CARTESIAN_POINT('',(2.48E2,2.75E0,5.78E1));
#6968=VERTEX_POINT('',#6967);
#6969=CARTESIAN_POINT('',(1.845E2,2.75E0,5.78E1));
#6970=VERTEX_POINT('',#6969);
#6971=CARTESIAN_POINT('',(1.145E2,6.6E1,-2.02E1));
#6972=CARTESIAN_POINT('',(1.145E2,6.605E1,-2.02E1));
#6973=VERTEX_POINT('',#6971);
#6974=VERTEX_POINT('',#6972);
#6975=CARTESIAN_POINT('',(1.145E2,6.6E1,9.45E1));
#6976=VERTEX_POINT('',#6975);
#6977=CARTESIAN_POINT('',(1.145E2,6.44E1,9.61E1));
#6978=VERTEX_POINT('',#6977);
#6979=CARTESIAN_POINT('',(1.145E2,6.605E1,9.66E1));
#6980=VERTEX_POINT('',#6979);
#6981=CARTESIAN_POINT('',(2.515E2,6.605E1,-2.02E1));
#6982=VERTEX_POINT('',#6981);
#6983=CARTESIAN_POINT('',(2.515E2,6.605E1,5.83E1));
#6984=VERTEX_POINT('',#6983);
#6985=CARTESIAN_POINT('',(1.845E2,6.605E1,5.83E1));
#6986=VERTEX_POINT('',#6985);
#6987=CARTESIAN_POINT('',(1.8467E2,2.277223972185E1,7.242284929362E1));
#6988=VERTEX_POINT('',#6987);
#6989=CARTESIAN_POINT('',(1.8467E2,3.477223972185E1,7.242284929362E1));
#6990=VERTEX_POINT('',#6989);
#6991=CARTESIAN_POINT('',(1.8202E2,1.747223972185E1,7.242284929362E1));
#6992=VERTEX_POINT('',#6991);
#6993=CARTESIAN_POINT('',(1.82735E2,5.474223972185E1,7.072284929362E1));
#6994=VERTEX_POINT('',#6993);
#6995=CARTESIAN_POINT('',(1.82735E2,1.220223972185E1,7.072284929362E1));
#6996=VERTEX_POINT('',#6995);
#6997=CARTESIAN_POINT('',(1.689186984732E-13,2.599142002140E1,-4.375E1));
#6998=VERTEX_POINT('',#6997);
#6999=CARTESIAN_POINT('',(4.375E1,2.599142002140E1,3.119726699197E-13));
#7000=VERTEX_POINT('',#6999);
#7001=CARTESIAN_POINT('',(-4.549945896394E-13,2.599142002140E1,4.375E1));
#7002=VERTEX_POINT('',#7001);
#7003=CARTESIAN_POINT('',(-4.375E1,2.599142002140E1,-5.884182030513E-13));
#7004=VERTEX_POINT('',#7003);
#7005=CARTESIAN_POINT('',(1.8467E2,1.977223972185E1,7.242284929362E1));
#7006=VERTEX_POINT('',#7005);
#7007=CARTESIAN_POINT('',(1.8467E2,2.017223972185E1,7.242284929362E1));
#7008=VERTEX_POINT('',#7007);
#7009=CARTESIAN_POINT('',(1.8467E2,5.127223972185E1,6.902284929362E1));
#7010=VERTEX_POINT('',#7009);
#7011=CARTESIAN_POINT('',(1.8467E2,5.167223972185E1,6.902284929362E1));
#7012=VERTEX_POINT('',#7011);
#7013=CARTESIAN_POINT('',(1.8467E2,4.527223972185E1,6.902284929362E1));
#7014=VERTEX_POINT('',#7013);
#7015=CARTESIAN_POINT('',(1.8467E2,4.567223972185E1,6.902284929362E1));
#7016=VERTEX_POINT('',#7015);
#7017=CARTESIAN_POINT('',(1.8467E2,3.927223972185E1,6.902284929362E1));
#7018=VERTEX_POINT('',#7017);
#7019=CARTESIAN_POINT('',(1.8467E2,3.967223972185E1,6.902284929362E1));
#7020=VERTEX_POINT('',#7019);
#7021=CARTESIAN_POINT('',(1.8467E2,3.327223972185E1,6.902284929362E1));
#7022=VERTEX_POINT('',#7021);
#7023=CARTESIAN_POINT('',(1.8467E2,3.367223972185E1,6.902284929362E1));
#7024=VERTEX_POINT('',#7023);
#7025=CARTESIAN_POINT('',(1.8467E2,2.727223972185E1,6.902284929362E1));
#7026=VERTEX_POINT('',#7025);
#7027=CARTESIAN_POINT('',(1.8467E2,2.767223972185E1,6.902284929362E1));
#7028=VERTEX_POINT('',#7027);
#7029=CARTESIAN_POINT('',(1.8467E2,2.127223972185E1,6.902284929362E1));
#7030=VERTEX_POINT('',#7029);
#7031=CARTESIAN_POINT('',(1.8467E2,2.167223972185E1,6.902284929362E1));
#7032=VERTEX_POINT('',#7031);
#7033=CARTESIAN_POINT('',(1.8467E2,1.527223972185E1,6.902284929362E1));
#7034=VERTEX_POINT('',#7033);
#7035=CARTESIAN_POINT('',(1.8467E2,1.567223972185E1,6.902284929363E1));
#7036=VERTEX_POINT('',#7035);
#7037=CARTESIAN_POINT('',(1.8467E2,1.827223972185E1,6.902284929362E1));
#7038=VERTEX_POINT('',#7037);
#7039=CARTESIAN_POINT('',(1.8467E2,1.867223972185E1,6.902284929362E1));
#7040=VERTEX_POINT('',#7039);
#7041=CARTESIAN_POINT('',(1.8467E2,2.427223972185E1,6.902284929362E1));
#7042=VERTEX_POINT('',#7041);
#7043=CARTESIAN_POINT('',(1.8467E2,2.467223972185E1,6.902284929362E1));
#7044=VERTEX_POINT('',#7043);
#7045=CARTESIAN_POINT('',(1.8467E2,3.027223972185E1,6.902284929362E1));
#7046=VERTEX_POINT('',#7045);
#7047=CARTESIAN_POINT('',(1.8467E2,3.067223972185E1,6.902284929362E1));
#7048=VERTEX_POINT('',#7047);
#7049=CARTESIAN_POINT('',(1.8467E2,3.627223972185E1,6.902284929362E1));
#7050=VERTEX_POINT('',#7049);
#7051=CARTESIAN_POINT('',(1.8467E2,3.667223972185E1,6.902284929362E1));
#7052=VERTEX_POINT('',#7051);
#7053=CARTESIAN_POINT('',(1.8467E2,4.227223972185E1,6.902284929362E1));
#7054=VERTEX_POINT('',#7053);
#7055=CARTESIAN_POINT('',(1.8467E2,4.267223972185E1,6.902284929362E1));
#7056=VERTEX_POINT('',#7055);
#7057=CARTESIAN_POINT('',(1.8467E2,4.827223972185E1,6.902284929362E1));
#7058=VERTEX_POINT('',#7057);
#7059=CARTESIAN_POINT('',(1.8467E2,4.867223972185E1,6.902284929362E1));
#7060=VERTEX_POINT('',#7059);
#7061=CARTESIAN_POINT('',(1.8467E2,1.677223972185E1,7.242284929362E1));
#7062=VERTEX_POINT('',#7061);
#7063=CARTESIAN_POINT('',(1.8467E2,1.717223972185E1,7.242284929362E1));
#7064=VERTEX_POINT('',#7063);
#7065=CARTESIAN_POINT('',(1.8467E2,3.177223972185E1,7.242284929362E1));
#7066=VERTEX_POINT('',#7065);
#7067=CARTESIAN_POINT('',(1.8467E2,3.517223972185E1,7.242284929362E1));
#7068=VERTEX_POINT('',#7067);
#7069=CARTESIAN_POINT('',(1.8467E2,3.217223972185E1,7.242284929362E1));
#7070=VERTEX_POINT('',#7069);
#7071=CARTESIAN_POINT('',(1.8467E2,2.877223972185E1,7.242284929362E1));
#7072=VERTEX_POINT('',#7071);
#7073=CARTESIAN_POINT('',(1.8467E2,2.917223972185E1,7.242284929362E1));
#7074=VERTEX_POINT('',#7073);
#7075=CARTESIAN_POINT('',(1.8467E2,2.617223972185E1,7.242284929362E1));
#7076=VERTEX_POINT('',#7075);
#7077=CARTESIAN_POINT('',(1.8467E2,2.577223972185E1,7.242284929362E1));
#7078=VERTEX_POINT('',#7077);
#7079=CARTESIAN_POINT('',(0.E0,5.344088001554E0,5.775E1));
#7080=CARTESIAN_POINT('',(-1.414443695840E-14,5.344088001554E0,-5.775E1));
#7081=VERTEX_POINT('',#7079);
#7082=VERTEX_POINT('',#7080);
#7083=CARTESIAN_POINT('',(0.E0,0.E0,5.775E1));
#7084=VERTEX_POINT('',#7083);
#7085=CARTESIAN_POINT('',(0.E0,0.E0,-5.775E1));
#7086=VERTEX_POINT('',#7085);
#7087=CARTESIAN_POINT('',(6.532961112625E1,5.5E0,2.529834726604E1));
#7088=CARTESIAN_POINT('',(6.532961112625E1,5.5E0,1.589834726604E1));
#7089=VERTEX_POINT('',#7087);
#7090=VERTEX_POINT('',#7088);
#7091=CARTESIAN_POINT('',(6.532961112625E1,0.E0,2.529834726604E1));
#7092=VERTEX_POINT('',#7091);
#7093=CARTESIAN_POINT('',(6.532961112625E1,0.E0,1.589834726604E1));
#7094=VERTEX_POINT('',#7093);
#7095=CARTESIAN_POINT('',(5.050349757149E1,5.5E0,-4.157792922167E1));
#7096=CARTESIAN_POINT('',(5.050349757149E1,5.5E0,-5.097792922167E1));
#7097=VERTEX_POINT('',#7095);
#7098=VERTEX_POINT('',#7096);
#7099=CARTESIAN_POINT('',(5.050349757149E1,0.E0,-4.157792922167E1));
#7100=VERTEX_POINT('',#7099);
#7101=CARTESIAN_POINT('',(5.050349757149E1,0.E0,-5.097792922167E1));
#7102=VERTEX_POINT('',#7101);
#7103=CARTESIAN_POINT('',(-1.482611355476E1,5.5E0,-6.217627648772E1));
#7104=CARTESIAN_POINT('',(-1.482611355476E1,5.5E0,-7.157627648772E1));
#7105=VERTEX_POINT('',#7103);
#7106=VERTEX_POINT('',#7104);
#7107=CARTESIAN_POINT('',(-1.482611355476E1,0.E0,-6.217627648772E1));
#7108=VERTEX_POINT('',#7107);
#7109=CARTESIAN_POINT('',(-1.482611355476E1,0.E0,-7.157627648772E1));
#7110=VERTEX_POINT('',#7109);
#7111=CARTESIAN_POINT('',(-6.532961112625E1,5.5E0,-1.589834726604E1));
#7112=CARTESIAN_POINT('',(-6.532961112625E1,5.5E0,-2.529834726604E1));
#7113=VERTEX_POINT('',#7111);
#7114=VERTEX_POINT('',#7112);
#7115=CARTESIAN_POINT('',(-6.532961112625E1,0.E0,-1.589834726604E1));
#7116=VERTEX_POINT('',#7115);
#7117=CARTESIAN_POINT('',(-6.532961112625E1,0.E0,-2.529834726604E1));
#7118=VERTEX_POINT('',#7117);
#7119=CARTESIAN_POINT('',(-5.050349757149E1,5.5E0,5.097792922167E1));
#7120=CARTESIAN_POINT('',(-5.050349757149E1,5.5E0,4.157792922167E1));
#7121=VERTEX_POINT('',#7119);
#7122=VERTEX_POINT('',#7120);
#7123=CARTESIAN_POINT('',(-5.050349757149E1,0.E0,5.097792922167E1));
#7124=VERTEX_POINT('',#7123);
#7125=CARTESIAN_POINT('',(-5.050349757149E1,0.E0,4.157792922167E1));
#7126=VERTEX_POINT('',#7125);
#7127=CARTESIAN_POINT('',(6.328574797702E1,5.5E0,-2.151381511701E1));
#7128=CARTESIAN_POINT('',(6.328574797702E1,5.5E0,-3.091381511701E1));
#7129=VERTEX_POINT('',#7127);
#7130=VERTEX_POINT('',#7128);
#7131=CARTESIAN_POINT('',(6.328574797702E1,0.E0,-2.151381511701E1));
#7132=VERTEX_POINT('',#7131);
#7133=CARTESIAN_POINT('',(6.328574797702E1,0.E0,-3.091381511701E1));
#7134=VERTEX_POINT('',#7133);
#7135=CARTESIAN_POINT('',(1.482611355476E1,0.E0,6.897627648772E1));
#7136=VERTEX_POINT('',#7135);
#7137=CARTESIAN_POINT('',(1.482611355476E1,0.E0,6.477627648772E1));
#7138=VERTEX_POINT('',#7137);
#7139=CARTESIAN_POINT('',(-4.65E1,3.4E1,7.3E1));
#7140=CARTESIAN_POINT('',(-4.65E1,3.4E1,5.3E1));
#7141=VERTEX_POINT('',#7139);
#7142=VERTEX_POINT('',#7140);
#7143=CARTESIAN_POINT('',(-4.55E1,3.4E1,7.4E1));
#7144=VERTEX_POINT('',#7143);
#7145=CARTESIAN_POINT('',(-4.55E1,3.4E1,5.2E1));
#7146=VERTEX_POINT('',#7145);
#7147=CARTESIAN_POINT('',(-4.45E1,3.4E1,7.4E1));
#7148=VERTEX_POINT('',#7147);
#7149=CARTESIAN_POINT('',(-4.45E1,3.4E1,5.2E1));
#7150=VERTEX_POINT('',#7149);
#7151=CARTESIAN_POINT('',(6.532961112625E1,1.4E1,2.334834726604E1));
#7152=CARTESIAN_POINT('',(6.532961112625E1,1.4E1,1.784834726604E1));
#7153=VERTEX_POINT('',#7151);
#7154=VERTEX_POINT('',#7152);
#7155=CARTESIAN_POINT('',(6.532961112625E1,5.5E0,2.334834726604E1));
#7156=VERTEX_POINT('',#7155);
#7157=CARTESIAN_POINT('',(6.532961112625E1,5.5E0,1.784834726604E1));
#7158=VERTEX_POINT('',#7157);
#7159=CARTESIAN_POINT('',(5.050349757149E1,1.4E1,-4.352792922167E1));
#7160=CARTESIAN_POINT('',(5.050349757149E1,1.4E1,-4.902792922167E1));
#7161=VERTEX_POINT('',#7159);
#7162=VERTEX_POINT('',#7160);
#7163=CARTESIAN_POINT('',(5.050349757149E1,5.5E0,-4.352792922167E1));
#7164=VERTEX_POINT('',#7163);
#7165=CARTESIAN_POINT('',(5.050349757149E1,5.5E0,-4.902792922167E1));
#7166=VERTEX_POINT('',#7165);
#7167=CARTESIAN_POINT('',(-1.482611355476E1,1.4E1,-6.412627648772E1));
#7168=CARTESIAN_POINT('',(-1.482611355476E1,1.4E1,-6.962627648772E1));
#7169=VERTEX_POINT('',#7167);
#7170=VERTEX_POINT('',#7168);
#7171=CARTESIAN_POINT('',(-1.482611355476E1,5.5E0,-6.412627648772E1));
#7172=VERTEX_POINT('',#7171);
#7173=CARTESIAN_POINT('',(-1.482611355476E1,5.5E0,-6.962627648772E1));
#7174=VERTEX_POINT('',#7173);
#7175=CARTESIAN_POINT('',(-6.532961112625E1,1.4E1,-1.784834726604E1));
#7176=CARTESIAN_POINT('',(-6.532961112625E1,1.4E1,-2.334834726604E1));
#7177=VERTEX_POINT('',#7175);
#7178=VERTEX_POINT('',#7176);
#7179=CARTESIAN_POINT('',(-6.532961112625E1,5.5E0,-1.784834726604E1));
#7180=VERTEX_POINT('',#7179);
#7181=CARTESIAN_POINT('',(-6.532961112625E1,5.5E0,-2.334834726604E1));
#7182=VERTEX_POINT('',#7181);
#7183=CARTESIAN_POINT('',(-5.050349757149E1,1.4E1,4.902792922167E1));
#7184=CARTESIAN_POINT('',(-5.050349757149E1,1.4E1,4.352792922167E1));
#7185=VERTEX_POINT('',#7183);
#7186=VERTEX_POINT('',#7184);
#7187=CARTESIAN_POINT('',(-5.050349757149E1,5.5E0,4.902792922167E1));
#7188=VERTEX_POINT('',#7187);
#7189=CARTESIAN_POINT('',(-5.050349757149E1,5.5E0,4.352792922167E1));
#7190=VERTEX_POINT('',#7189);
#7191=CARTESIAN_POINT('',(6.328574797702E1,1.4E1,-2.346381511701E1));
#7192=CARTESIAN_POINT('',(6.328574797702E1,1.4E1,-2.896381511701E1));
#7193=VERTEX_POINT('',#7191);
#7194=VERTEX_POINT('',#7192);
#7195=CARTESIAN_POINT('',(6.328574797702E1,5.5E0,-2.346381511701E1));
#7196=VERTEX_POINT('',#7195);
#7197=CARTESIAN_POINT('',(6.328574797702E1,5.5E0,-2.896381511701E1));
#7198=VERTEX_POINT('',#7197);
#7199=CARTESIAN_POINT('',(1.785E2,6.605E1,6.43E1));
#7200=VERTEX_POINT('',#7199);
#7201=CARTESIAN_POINT('',(1.785E2,6.605E1,8.06E1));
#7202=VERTEX_POINT('',#7201);
#7203=CARTESIAN_POINT('',(1.225E2,6.605E1,9.66E1));
#7204=VERTEX_POINT('',#7203);
#7205=CARTESIAN_POINT('',(1.145E2,6.4E1,9.65E1));
#7206=VERTEX_POINT('',#7205);
#7207=CARTESIAN_POINT('',(1.145E2,2.25E0,9.65E1));
#7208=VERTEX_POINT('',#7207);
#7209=CARTESIAN_POINT('',(1.145E2,2.25E0,9.66E1));
#7210=VERTEX_POINT('',#7209);
#7211=CARTESIAN_POINT('',(1.225E2,2.25E0,9.66E1));
#7212=VERTEX_POINT('',#7211);
#7213=CARTESIAN_POINT('',(1.785E2,2.25E0,8.06E1));
#7214=VERTEX_POINT('',#7213);
#7215=CARTESIAN_POINT('',(1.785E2,2.25E0,6.43E1));
#7216=VERTEX_POINT('',#7215);
#7217=CARTESIAN_POINT('',(1.845E2,2.25E0,5.83E1));
#7218=VERTEX_POINT('',#7217);
#7219=CARTESIAN_POINT('',(2.515E2,2.25E0,5.83E1));
#7220=VERTEX_POINT('',#7219);
#7221=CARTESIAN_POINT('',(2.515E2,2.25E0,-2.02E1));
#7222=VERTEX_POINT('',#7221);
#7223=CARTESIAN_POINT('',(1.145E2,2.25E0,-2.02E1));
#7224=VERTEX_POINT('',#7223);
#7225=CARTESIAN_POINT('',(1.145E2,2.2E0,-2.02E1));
#7226=VERTEX_POINT('',#7225);
#7227=CARTESIAN_POINT('',(1.084273200781E2,2.2E0,-2.02E1));
#7228=VERTEX_POINT('',#7227);
#7229=CARTESIAN_POINT('',(1.084273200781E2,6.6E1,-2.02E1));
#7230=VERTEX_POINT('',#7229);
#7231=CARTESIAN_POINT('',(-4.25E1,6.6E1,4.650537603331E1));
#7232=VERTEX_POINT('',#7231);
#7233=CARTESIAN_POINT('',(-4.25E1,6.6E1,9.367157287525E1));
#7234=VERTEX_POINT('',#7233);
#7235=CARTESIAN_POINT('',(-4.167157287525E1,6.6E1,9.45E1));
#7236=VERTEX_POINT('',#7235);
#7237=CARTESIAN_POINT('',(7.25E1,6.6E1,2.85E1));
#7238=VERTEX_POINT('',#7237);
#7239=CARTESIAN_POINT('',(-4.25E1,6.4E1,9.65E1));
#7240=VERTEX_POINT('',#7239);
#7241=CARTESIAN_POINT('',(1.145E2,2.2E0,9.65E1));
#7242=VERTEX_POINT('',#7241);
#7243=CARTESIAN_POINT('',(-4.25E1,1.4E1,9.65E1));
#7244=VERTEX_POINT('',#7243);
#7245=CARTESIAN_POINT('',(7.25E1,1.4E1,9.65E1));
#7246=VERTEX_POINT('',#7245);
#7247=CARTESIAN_POINT('',(7.25E1,2.2E0,9.65E1));
#7248=VERTEX_POINT('',#7247);
#7249=CARTESIAN_POINT('',(-4.45E1,1.4E1,4.459540335057E1));
#7250=VERTEX_POINT('',#7249);
#7251=CARTESIAN_POINT('',(-4.45E1,6.4E1,4.459540335057E1));
#7252=VERTEX_POINT('',#7251);
#7253=CARTESIAN_POINT('',(-4.45E1,6.4E1,9.45E1));
#7254=VERTEX_POINT('',#7253);
#7255=CARTESIAN_POINT('',(7.25E1,2.2E0,2.85E1));
#7256=VERTEX_POINT('',#7255);
#7257=CARTESIAN_POINT('',(7.25E1,1.4E1,2.85E1));
#7258=VERTEX_POINT('',#7257);
#7259=CARTESIAN_POINT('',(-4.45E1,1.4E1,9.45E1));
#7260=VERTEX_POINT('',#7259);
#7261=CARTESIAN_POINT('',(-4.45E1,1.4E1,6.345076831686E1));
#7262=VERTEX_POINT('',#7261);
#7263=CARTESIAN_POINT('',(-4.15E1,1.55E1,-5.697662778286E-13));
#7264=VERTEX_POINT('',#7263);
#7265=CARTESIAN_POINT('',(1.8467E2,1.697223972185E1,7.242284929362E1));
#7266=DIRECTION('',(-1.E0,0.E0,0.E0));
#7267=DIRECTION('',(0.E0,-1.E0,2.775557561563E-14));
#7268=AXIS2_PLACEMENT_3D('',#7265,#7266,#7267);
#7269=CYLINDRICAL_SURFACE('',#7268,5.E-1);
#7271=ORIENTED_EDGE('',*,*,#7270,.F.);
#7273=ORIENTED_EDGE('',*,*,#7272,.T.);
#7275=ORIENTED_EDGE('',*,*,#7274,.T.);
#7277=ORIENTED_EDGE('',*,*,#7276,.T.);
#7279=ORIENTED_EDGE('',*,*,#7278,.F.);
#7280=EDGE_LOOP('',(#7271,#7273,#7275,#7277,#7279));
#7281=FACE_OUTER_BOUND('',#7280,.F.);
#7283=CARTESIAN_POINT('',(1.8467E2,1.697223972185E1,7.242284929362E1));
#7284=DIRECTION('',(-1.E0,0.E0,0.E0));
#7285=DIRECTION('',(0.E0,-1.E0,2.775557561563E-14));
#7286=AXIS2_PLACEMENT_3D('',#7283,#7284,#7285);
#7287=CYLINDRICAL_SURFACE('',#7286,5.E-1);
#7289=ORIENTED_EDGE('',*,*,#7288,.T.);
#7290=ORIENTED_EDGE('',*,*,#7274,.F.);
#7292=ORIENTED_EDGE('',*,*,#7291,.T.);
#7293=ORIENTED_EDGE('',*,*,#7270,.T.);
#7294=ORIENTED_EDGE('',*,*,#7278,.T.);
#7295=EDGE_LOOP('',(#7289,#7290,#7292,#7293,#7294));
#7296=FACE_OUTER_BOUND('',#7295,.F.);
#7298=CARTESIAN_POINT('',(1.843605767723E2,1.747110534628E1,7.239146332886E1));
#7299=CARTESIAN_POINT('',(1.845451052528E2,1.747689294432E1,7.239109920405E1));
#7300=CARTESIAN_POINT('',(1.846756510092E2,1.734660479017E1,7.239929623992E1));
#7301=CARTESIAN_POINT('',(1.846698519681E2,1.716244043440E1,7.241088287908E1));
#7302=CARTESIAN_POINT('',(1.843605767723E2,1.749042022497E1,7.269846453437E1));
#7303=CARTESIAN_POINT('',(1.845451052528E2,1.749643190491E1,7.270166208929E1));
#7304=CARTESIAN_POINT('',(1.846756510092E2,1.736109930638E1,7.262967997784E1));
#7305=CARTESIAN_POINT('',(1.846698519681E2,1.716980454913E1,7.252793213079E1));
#7306=CARTESIAN_POINT('',(1.843605767723E2,1.727984792188E1,7.292270126173E1));
#7307=CARTESIAN_POINT('',(1.845451052528E2,1.728341664366E1,7.292850030286E1));
#7308=CARTESIAN_POINT('',(1.846756510092E2,1.720307896829E1,7.279795454647E1));
#7309=CARTESIAN_POINT('',(1.846698519681E2,1.708952040019E1,7.261342606590E1));
#7310=CARTESIAN_POINT('',(1.843605767723E2,1.697223972185E1,7.292270126173E1));
#7311=CARTESIAN_POINT('',(1.845451052528E2,1.697223972185E1,7.292850030286E1));
#7312=CARTESIAN_POINT('',(1.846756510092E2,1.697223972185E1,7.279795454647E1));
#7313=CARTESIAN_POINT('',(1.846698519681E2,1.697223972185E1,7.261342606590E1));
#7314=CARTESIAN_POINT('',(1.843605767723E2,1.666463152182E1,7.292270126173E1));
#7315=CARTESIAN_POINT('',(1.845451052528E2,1.666106280005E1,7.292850030286E1));
#7316=CARTESIAN_POINT('',(1.846756510092E2,1.674140047541E1,7.279795454647E1));
#7317=CARTESIAN_POINT('',(1.846698519681E2,1.685495904352E1,7.261342606590E1));
#7318=CARTESIAN_POINT('',(1.843605767723E2,1.645405921873E1,7.269846453437E1));
#7319=CARTESIAN_POINT('',(1.845451052528E2,1.644804753880E1,7.270166208929E1));
#7320=CARTESIAN_POINT('',(1.846756510092E2,1.658338013732E1,7.262967997784E1));
#7321=CARTESIAN_POINT('',(1.846698519681E2,1.677467489458E1,7.252793213079E1));
#7322=CARTESIAN_POINT('',(1.843605767723E2,1.647337409742E1,7.239146332886E1));
#7323=CARTESIAN_POINT('',(1.845451052528E2,1.646758649938E1,7.239109920405E1));
#7324=CARTESIAN_POINT('',(1.846756510092E2,1.659787465354E1,7.239929623992E1));
#7325=CARTESIAN_POINT('',(1.846698519681E2,1.678203900930E1,7.241088287908E1));
#7326=(BOUNDED_SURFACE()B_SPLINE_SURFACE(3,3,((#7298,#7299,#7300,#7301),(#7302,
#7303,#7304,#7305),(#7306,#7307,#7308,#7309),(#7310,#7311,#7312,#7313),(#7314,
#7315,#7316,#7317),(#7318,#7319,#7320,#7321),(#7322,#7323,#7324,#7325)),
.UNSPECIFIED.,.F.,.F.,.F.)B_SPLINE_SURFACE_WITH_KNOTS((4,3,4),(4,4),(0.E0,1.E0,
2.E0),(0.E0,1.E0),.UNSPECIFIED.)GEOMETRIC_REPRESENTATION_ITEM()RATIONAL_B_SPLINE_SURFACE(((1.409592795970E0,1.113152711336E0,1.113152711336E0,1.409592795970E0),(
1.113152711336E0,8.790545484462E-1,8.790545484462E-1,1.113152711336E0),(
1.113152711336E0,8.790545484462E-1,8.790545484462E-1,1.113152711336E0),(
1.409592795970E0,1.113152711336E0,1.113152711336E0,1.409592795970E0),(
1.113152711336E0,8.790545484462E-1,8.790545484462E-1,1.113152711336E0),(
1.113152711336E0,8.790545484462E-1,8.790545484462E-1,1.113152711336E0),(
1.409592795970E0,1.113152711336E0,1.113152711336E0,1.409592795970E0)))REPRESENTATION_ITEM('')SURFACE());
#7327=ORIENTED_EDGE('',*,*,#7288,.F.);
#7329=ORIENTED_EDGE('',*,*,#7328,.F.);
#7331=ORIENTED_EDGE('',*,*,#7330,.T.);
#7333=ORIENTED_EDGE('',*,*,#7332,.T.);
#7334=EDGE_LOOP('',(#7327,#7329,#7331,#7333));
#7335=FACE_OUTER_BOUND('',#7334,.F.);
#7337=CARTESIAN_POINT('',(1.843605767723E2,1.647337409742E1,7.245423525839E1));
#7338=CARTESIAN_POINT('',(1.845451052528E2,1.646758649938E1,7.245459938320E1));
#7339=CARTESIAN_POINT('',(1.846756510092E2,1.659787465354E1,7.244640234733E1));
#7340=CARTESIAN_POINT('',(1.846698519681E2,1.678203900930E1,7.243481570817E1));
#7341=CARTESIAN_POINT('',(1.843605767723E2,1.645405921873E1,7.214723405288E1));
#7342=CARTESIAN_POINT('',(1.845451052528E2,1.644804753880E1,7.214403649796E1));
#7343=CARTESIAN_POINT('',(1.846756510092E2,1.658338013732E1,7.221601860941E1));
#7344=CARTESIAN_POINT('',(1.846698519681E2,1.677467489458E1,7.231776645646E1));
#7345=CARTESIAN_POINT('',(1.843605767723E2,1.666463152182E1,7.192299732552E1));
#7346=CARTESIAN_POINT('',(1.845451052528E2,1.666106280005E1,7.191719828439E1));
#7347=CARTESIAN_POINT('',(1.846756510092E2,1.674140047541E1,7.204774404078E1));
#7348=CARTESIAN_POINT('',(1.846698519681E2,1.685495904352E1,7.223227252135E1));
#7349=CARTESIAN_POINT('',(1.843605767723E2,1.697223972185E1,7.192299732552E1));
#7350=CARTESIAN_POINT('',(1.845451052528E2,1.697223972185E1,7.191719828439E1));
#7351=CARTESIAN_POINT('',(1.846756510092E2,1.697223972185E1,7.204774404078E1));
#7352=CARTESIAN_POINT('',(1.846698519681E2,1.697223972185E1,7.223227252135E1));
#7353=CARTESIAN_POINT('',(1.843605767723E2,1.727984792188E1,7.192299732552E1));
#7354=CARTESIAN_POINT('',(1.845451052528E2,1.728341664366E1,7.191719828439E1));
#7355=CARTESIAN_POINT('',(1.846756510092E2,1.720307896829E1,7.204774404078E1));
#7356=CARTESIAN_POINT('',(1.846698519681E2,1.708952040019E1,7.223227252135E1));
#7357=CARTESIAN_POINT('',(1.843605767723E2,1.749042022497E1,7.214723405288E1));
#7358=CARTESIAN_POINT('',(1.845451052528E2,1.749643190491E1,7.214403649796E1));
#7359=CARTESIAN_POINT('',(1.846756510092E2,1.736109930638E1,7.221601860941E1));
#7360=CARTESIAN_POINT('',(1.846698519681E2,1.716980454913E1,7.231776645646E1));
#7361=CARTESIAN_POINT('',(1.843605767723E2,1.747110534628E1,7.245423525839E1));
#7362=CARTESIAN_POINT('',(1.845451052528E2,1.747689294432E1,7.245459938320E1));
#7363=CARTESIAN_POINT('',(1.846756510092E2,1.734660479017E1,7.244640234733E1));
#7364=CARTESIAN_POINT('',(1.846698519681E2,1.716244043440E1,7.243481570817E1));
#7365=(BOUNDED_SURFACE()B_SPLINE_SURFACE(3,3,((#7337,#7338,#7339,#7340),(#7341,
#7342,#7343,#7344),(#7345,#7346,#7347,#7348),(#7349,#7350,#7351,#7352),(#7353,
#7354,#7355,#7356),(#7357,#7358,#7359,#7360),(#7361,#7362,#7363,#7364)),
.UNSPECIFIED.,.F.,.F.,.F.)B_SPLINE_SURFACE_WITH_KNOTS((4,3,4),(4,4),(0.E0,1.E0,
2.E0),(0.E0,1.E0),.UNSPECIFIED.)GEOMETRIC_REPRESENTATION_ITEM()RATIONAL_B_SPLINE_SURFACE(((1.409592795969E0,1.113152711336E0,1.113152711336E0,1.409592795969E0),(
1.113152711336E0,8.790545484463E-1,8.790545484463E-1,1.113152711336E0),(
1.113152711336E0,8.790545484463E-1,8.790545484463E-1,1.113152711336E0),(
1.409592795969E0,1.113152711336E0,1.113152711336E0,1.409592795969E0),(
1.113152711336E0,8.790545484463E-1,8.790545484463E-1,1.113152711336E0),(
1.113152711336E0,8.790545484463E-1,8.790545484463E-1,1.113152711336E0),(
1.409592795969E0,1.113152711336E0,1.113152711336E0,1.409592795969E0)))REPRESENTATION_ITEM('')SURFACE());
#7366=ORIENTED_EDGE('',*,*,#7332,.F.);
#7368=ORIENTED_EDGE('',*,*,#7367,.T.);
#7369=ORIENTED_EDGE('',*,*,#7328,.T.);
#7370=ORIENTED_EDGE('',*,*,#7276,.F.);
#7371=EDGE_LOOP('',(#7366,#7368,#7369,#7370));
#7372=FACE_OUTER_BOUND('',#7371,.F.);
#7374=CARTESIAN_POINT('',(1.8467E2,1.697223972185E1,7.242284929362E1));
#7375=DIRECTION('',(1.E0,0.E0,0.E0));
#7376=DIRECTION('',(0.E0,1.E0,-1.902583850429E-14));
#7377=AXIS2_PLACEMENT_3D('',#7374,#7375,#7376);
#7378=PLANE('',#7377);
#7379=ORIENTED_EDGE('',*,*,#7330,.F.);
#7380=ORIENTED_EDGE('',*,*,#7367,.F.);
#7381=EDGE_LOOP('',(#7379,#7380));
#7382=FACE_OUTER_BOUND('',#7381,.F.);
#7384=CARTESIAN_POINT('',(1.7967E2,5.072223972185E1,6.897284929362E1));
#7385=DIRECTION('',(1.E0,0.E0,0.E0));
#7386=DIRECTION('',(0.E0,1.E0,-1.902583850429E-14));
#7387=AXIS2_PLACEMENT_3D('',#7384,#7385,#7386);
#7388=PLANE('',#7387);
#7390=ORIENTED_EDGE('',*,*,#7389,.F.);
#7392=ORIENTED_EDGE('',*,*,#7391,.T.);
#7394=ORIENTED_EDGE('',*,*,#7393,.F.);
#7396=ORIENTED_EDGE('',*,*,#7395,.F.);
#7398=ORIENTED_EDGE('',*,*,#7397,.F.);
#7400=ORIENTED_EDGE('',*,*,#7399,.F.);
#7402=ORIENTED_EDGE('',*,*,#7401,.T.);
#7404=ORIENTED_EDGE('',*,*,#7403,.F.);
#7406=ORIENTED_EDGE('',*,*,#7405,.F.);
#7408=ORIENTED_EDGE('',*,*,#7407,.F.);
#7409=EDGE_LOOP('',(#7390,#7392,#7394,#7396,#7398,#7400,#7402,#7404,#7406,
#7408));
#7410=FACE_OUTER_BOUND('',#7409,.F.);
#7411=ORIENTED_EDGE('',*,*,#7272,.F.);
#7412=ORIENTED_EDGE('',*,*,#7291,.F.);
#7413=EDGE_LOOP('',(#7411,#7412));
#7414=FACE_BOUND('',#7413,.F.);
#7416=ORIENTED_EDGE('',*,*,#7415,.F.);
#7418=ORIENTED_EDGE('',*,*,#7417,.F.);
#7419=EDGE_LOOP('',(#7416,#7418));
#7420=FACE_BOUND('',#7419,.F.);
#7422=ORIENTED_EDGE('',*,*,#7421,.F.);
#7424=ORIENTED_EDGE('',*,*,#7423,.F.);
#7425=EDGE_LOOP('',(#7422,#7424));
#7426=FACE_BOUND('',#7425,.F.);
#7428=ORIENTED_EDGE('',*,*,#7427,.F.);
#7430=ORIENTED_EDGE('',*,*,#7429,.F.);
#7431=EDGE_LOOP('',(#7428,#7430));
#7432=FACE_BOUND('',#7431,.F.);
#7434=ORIENTED_EDGE('',*,*,#7433,.F.);
#7436=ORIENTED_EDGE('',*,*,#7435,.F.);
#7437=EDGE_LOOP('',(#7434,#7436));
#7438=FACE_BOUND('',#7437,.F.);
#7440=ORIENTED_EDGE('',*,*,#7439,.F.);
#7442=ORIENTED_EDGE('',*,*,#7441,.F.);
#7443=EDGE_LOOP('',(#7440,#7442));
#7444=FACE_BOUND('',#7443,.F.);
#7446=ORIENTED_EDGE('',*,*,#7445,.F.);
#7448=ORIENTED_EDGE('',*,*,#7447,.F.);
#7449=EDGE_LOOP('',(#7446,#7448));
#7450=FACE_BOUND('',#7449,.F.);
#7452=ORIENTED_EDGE('',*,*,#7451,.F.);
#7454=ORIENTED_EDGE('',*,*,#7453,.F.);
#7455=EDGE_LOOP('',(#7452,#7454));
#7456=FACE_BOUND('',#7455,.F.);
#7458=ORIENTED_EDGE('',*,*,#7457,.F.);
#7460=ORIENTED_EDGE('',*,*,#7459,.F.);
#7461=EDGE_LOOP('',(#7458,#7460));
#7462=FACE_BOUND('',#7461,.F.);
#7464=ORIENTED_EDGE('',*,*,#7463,.F.);
#7466=ORIENTED_EDGE('',*,*,#7465,.F.);
#7467=EDGE_LOOP('',(#7464,#7466));
#7468=FACE_BOUND('',#7467,.F.);
#7470=ORIENTED_EDGE('',*,*,#7469,.F.);
#7472=ORIENTED_EDGE('',*,*,#7471,.F.);
#7473=EDGE_LOOP('',(#7470,#7472));
#7474=FACE_BOUND('',#7473,.F.);
#7476=ORIENTED_EDGE('',*,*,#7475,.F.);
#7478=ORIENTED_EDGE('',*,*,#7477,.F.);
#7479=EDGE_LOOP('',(#7476,#7478));
#7480=FACE_BOUND('',#7479,.F.);
#7482=ORIENTED_EDGE('',*,*,#7481,.F.);
#7484=ORIENTED_EDGE('',*,*,#7483,.F.);
#7485=EDGE_LOOP('',(#7482,#7484));
#7486=FACE_BOUND('',#7485,.F.);
#7488=ORIENTED_EDGE('',*,*,#7487,.F.);
#7490=ORIENTED_EDGE('',*,*,#7489,.F.);
#7491=EDGE_LOOP('',(#7488,#7490));
#7492=FACE_BOUND('',#7491,.F.);
#7494=ORIENTED_EDGE('',*,*,#7493,.F.);
#7496=ORIENTED_EDGE('',*,*,#7495,.F.);
#7497=EDGE_LOOP('',(#7494,#7496));
#7498=FACE_BOUND('',#7497,.F.);
#7500=ORIENTED_EDGE('',*,*,#7499,.F.);
#7502=ORIENTED_EDGE('',*,*,#7501,.F.);
#7503=EDGE_LOOP('',(#7500,#7502));
#7504=FACE_BOUND('',#7503,.F.);
#7506=ORIENTED_EDGE('',*,*,#7505,.F.);
#7508=ORIENTED_EDGE('',*,*,#7507,.F.);
#7509=EDGE_LOOP('',(#7506,#7508));
#7510=FACE_BOUND('',#7509,.F.);
#7512=ORIENTED_EDGE('',*,*,#7511,.F.);
#7514=ORIENTED_EDGE('',*,*,#7513,.F.);
#7515=EDGE_LOOP('',(#7512,#7514));
#7516=FACE_BOUND('',#7515,.F.);
#7518=ORIENTED_EDGE('',*,*,#7517,.F.);
#7520=ORIENTED_EDGE('',*,*,#7519,.F.);
#7521=EDGE_LOOP('',(#7518,#7520));
#7522=FACE_BOUND('',#7521,.F.);
#7524=ORIENTED_EDGE('',*,*,#7523,.F.);
#7526=ORIENTED_EDGE('',*,*,#7525,.F.);
#7527=EDGE_LOOP('',(#7524,#7526));
#7528=FACE_BOUND('',#7527,.F.);
#7530=ORIENTED_EDGE('',*,*,#7529,.F.);
#7532=ORIENTED_EDGE('',*,*,#7531,.F.);
#7533=EDGE_LOOP('',(#7530,#7532));
#7534=FACE_BOUND('',#7533,.F.);
#7536=ORIENTED_EDGE('',*,*,#7535,.F.);
#7538=ORIENTED_EDGE('',*,*,#7537,.F.);
#7539=EDGE_LOOP('',(#7536,#7538));
#7540=FACE_BOUND('',#7539,.F.);
#7542=ORIENTED_EDGE('',*,*,#7541,.F.);
#7544=ORIENTED_EDGE('',*,*,#7543,.F.);
#7545=EDGE_LOOP('',(#7542,#7544));
#7546=FACE_BOUND('',#7545,.F.);
#7548=ORIENTED_EDGE('',*,*,#7547,.F.);
#7550=ORIENTED_EDGE('',*,*,#7549,.F.);
#7551=EDGE_LOOP('',(#7548,#7550));
#7552=FACE_BOUND('',#7551,.F.);
#7554=ORIENTED_EDGE('',*,*,#7553,.F.);
#7556=ORIENTED_EDGE('',*,*,#7555,.F.);
#7557=EDGE_LOOP('',(#7554,#7556));
#7558=FACE_BOUND('',#7557,.F.);
#7560=CARTESIAN_POINT('',(1.7967E2,5.072223972185E1,6.897284929362E1));
#7561=DIRECTION('',(1.E0,0.E0,0.E0));
#7562=DIRECTION('',(0.E0,1.E0,-1.665334536938E-14));
#7563=AXIS2_PLACEMENT_3D('',#7560,#7561,#7562);
#7564=CYLINDRICAL_SURFACE('',#7563,2.5E0);
#7566=ORIENTED_EDGE('',*,*,#7565,.F.);
#7568=ORIENTED_EDGE('',*,*,#7567,.T.);
#7570=ORIENTED_EDGE('',*,*,#7569,.F.);
#7571=ORIENTED_EDGE('',*,*,#7389,.T.);
#7572=EDGE_LOOP('',(#7566,#7568,#7570,#7571));
#7573=FACE_OUTER_BOUND('',#7572,.F.);
#7575=CARTESIAN_POINT('',(1.7967E2,5.072223972185E1,6.897284929362E1));
#7576=DIRECTION('',(1.E0,0.E0,0.E0));
#7577=DIRECTION('',(0.E0,1.E0,-1.665334536938E-14));
#7578=AXIS2_PLACEMENT_3D('',#7575,#7576,#7577);
#7579=CYLINDRICAL_SURFACE('',#7578,2.5E0);
#7580=ORIENTED_EDGE('',*,*,#7407,.T.);
#7582=ORIENTED_EDGE('',*,*,#7581,.F.);
#7584=ORIENTED_EDGE('',*,*,#7583,.T.);
#7585=ORIENTED_EDGE('',*,*,#7565,.T.);
#7586=EDGE_LOOP('',(#7580,#7582,#7584,#7585));
#7587=FACE_OUTER_BOUND('',#7586,.F.);
#7589=CARTESIAN_POINT('',(1.7967E2,5.316760872369E1,6.949262852067E1));
#7590=DIRECTION('',(0.E0,9.781476007338E-1,2.079116908178E-1));
#7591=DIRECTION('',(0.E0,-2.079116908178E-1,9.781476007338E-1));
#7592=AXIS2_PLACEMENT_3D('',#7589,#7590,#7591);
#7593=PLANE('',#7592);
#7595=ORIENTED_EDGE('',*,*,#7594,.T.);
#7596=ORIENTED_EDGE('',*,*,#7581,.T.);
#7597=ORIENTED_EDGE('',*,*,#7405,.T.);
#7599=ORIENTED_EDGE('',*,*,#7598,.T.);
#7600=EDGE_LOOP('',(#7595,#7596,#7597,#7599));
#7601=FACE_OUTER_BOUND('',#7600,.F.);
#7603=CARTESIAN_POINT('',(1.8517E2,1.622223972185E1,6.897284929363E1));
#7604=DIRECTION('',(1.E0,0.E0,0.E0));
#7605=DIRECTION('',(0.E0,1.E0,-1.902583850429E-14));
#7606=AXIS2_PLACEMENT_3D('',#7603,#7604,#7605);
#7607=PLANE('',#7606);
#7609=ORIENTED_EDGE('',*,*,#7608,.F.);
#7611=ORIENTED_EDGE('',*,*,#7610,.F.);
#7613=ORIENTED_EDGE('',*,*,#7612,.F.);
#7615=ORIENTED_EDGE('',*,*,#7614,.T.);
#7617=ORIENTED_EDGE('',*,*,#7616,.F.);
#7619=ORIENTED_EDGE('',*,*,#7618,.F.);
#7621=ORIENTED_EDGE('',*,*,#7620,.F.);
#7623=ORIENTED_EDGE('',*,*,#7622,.F.);
#7625=ORIENTED_EDGE('',*,*,#7624,.T.);
#7627=ORIENTED_EDGE('',*,*,#7626,.F.);
#7628=EDGE_LOOP('',(#7609,#7611,#7613,#7615,#7617,#7619,#7621,#7623,#7625,
#7627));
#7629=FACE_OUTER_BOUND('',#7628,.F.);
#7630=ORIENTED_EDGE('',*,*,#7567,.F.);
#7631=ORIENTED_EDGE('',*,*,#7583,.F.);
#7632=ORIENTED_EDGE('',*,*,#7594,.F.);
#7634=ORIENTED_EDGE('',*,*,#7633,.F.);
#7636=ORIENTED_EDGE('',*,*,#7635,.F.);
#7638=ORIENTED_EDGE('',*,*,#7637,.F.);
#7640=ORIENTED_EDGE('',*,*,#7639,.F.);
#7642=ORIENTED_EDGE('',*,*,#7641,.F.);
#7644=ORIENTED_EDGE('',*,*,#7643,.F.);
#7646=ORIENTED_EDGE('',*,*,#7645,.F.);
#7647=EDGE_LOOP('',(#7630,#7631,#7632,#7634,#7636,#7638,#7640,#7642,#7644,
#7646));
#7648=FACE_BOUND('',#7647,.F.);
#7650=CARTESIAN_POINT('',(1.8517E2,1.622223972185E1,6.897284929363E1));
#7651=DIRECTION('',(-1.E0,0.E0,0.E0));
#7652=DIRECTION('',(0.E0,-1.E0,1.850371707709E-14));
#7653=AXIS2_PLACEMENT_3D('',#7650,#7651,#7652);
#7654=CYLINDRICAL_SURFACE('',#7653,3.E0);
#7656=ORIENTED_EDGE('',*,*,#7655,.T.);
#7658=ORIENTED_EDGE('',*,*,#7657,.T.);
#7660=ORIENTED_EDGE('',*,*,#7659,.F.);
#7661=ORIENTED_EDGE('',*,*,#7608,.T.);
#7662=EDGE_LOOP('',(#7656,#7658,#7660,#7661));
#7663=FACE_OUTER_BOUND('',#7662,.F.);
#7665=CARTESIAN_POINT('',(1.8517E2,1.622223972185E1,6.897284929363E1));
#7666=DIRECTION('',(-1.E0,0.E0,0.E0));
#7667=DIRECTION('',(0.E0,-1.E0,1.850371707709E-14));
#7668=AXIS2_PLACEMENT_3D('',#7665,#7666,#7667);
#7669=CYLINDRICAL_SURFACE('',#7668,3.E0);
#7670=ORIENTED_EDGE('',*,*,#7626,.T.);
#7672=ORIENTED_EDGE('',*,*,#7671,.F.);
#7674=ORIENTED_EDGE('',*,*,#7673,.T.);
#7675=ORIENTED_EDGE('',*,*,#7655,.F.);
#7676=EDGE_LOOP('',(#7670,#7672,#7674,#7675));
#7677=FACE_OUTER_BOUND('',#7676,.F.);
#7679=CARTESIAN_POINT('',(1.8517E2,1.622223972185E1,6.597284929363E1));
#7680=DIRECTION('',(0.E0,1.883728160472E-14,1.E0));
#7681=DIRECTION('',(0.E0,-1.E0,1.883728160472E-14));
#7682=AXIS2_PLACEMENT_3D('',#7679,#7680,#7681);
#7683=PLANE('',#7682);
#7685=ORIENTED_EDGE('',*,*,#7684,.T.);
#7686=ORIENTED_EDGE('',*,*,#7671,.T.);
#7687=ORIENTED_EDGE('',*,*,#7624,.F.);
#7689=ORIENTED_EDGE('',*,*,#7688,.T.);
#7690=EDGE_LOOP('',(#7685,#7686,#7687,#7689));
#7691=FACE_OUTER_BOUND('',#7690,.F.);
#7693=CARTESIAN_POINT('',(1.79E2,7.972239721853E0,7.597284929363E1));
#7694=DIRECTION('',(1.E0,0.E0,0.E0));
#7695=DIRECTION('',(0.E0,1.E0,-1.902583850429E-14));
#7696=AXIS2_PLACEMENT_3D('',#7693,#7694,#7695);
#7697=PLANE('',#7696);
#7699=ORIENTED_EDGE('',*,*,#7698,.F.);
#7701=ORIENTED_EDGE('',*,*,#7700,.T.);
#7703=ORIENTED_EDGE('',*,*,#7702,.F.);
#7705=ORIENTED_EDGE('',*,*,#7704,.F.);
#7707=ORIENTED_EDGE('',*,*,#7706,.F.);
#7709=ORIENTED_EDGE('',*,*,#7708,.T.);
#7711=ORIENTED_EDGE('',*,*,#7710,.F.);
#7713=ORIENTED_EDGE('',*,*,#7712,.F.);
#7714=EDGE_LOOP('',(#7699,#7701,#7703,#7705,#7707,#7709,#7711,#7713));
#7715=FACE_OUTER_BOUND('',#7714,.F.);
#7716=ORIENTED_EDGE('',*,*,#7657,.F.);
#7717=ORIENTED_EDGE('',*,*,#7673,.F.);
#7718=ORIENTED_EDGE('',*,*,#7684,.F.);
#7720=ORIENTED_EDGE('',*,*,#7719,.F.);
#7722=ORIENTED_EDGE('',*,*,#7721,.F.);
#7724=ORIENTED_EDGE('',*,*,#7723,.F.);
#7726=ORIENTED_EDGE('',*,*,#7725,.F.);
#7728=ORIENTED_EDGE('',*,*,#7727,.F.);
#7730=ORIENTED_EDGE('',*,*,#7729,.F.);
#7732=ORIENTED_EDGE('',*,*,#7731,.F.);
#7733=EDGE_LOOP('',(#7716,#7717,#7718,#7720,#7722,#7724,#7726,#7728,#7730,
#7732));
#7734=FACE_BOUND('',#7733,.F.);
#7736=ORIENTED_EDGE('',*,*,#7735,.F.);
#7738=ORIENTED_EDGE('',*,*,#7737,.F.);
#7739=EDGE_LOOP('',(#7736,#7738));
#7740=FACE_BOUND('',#7739,.F.);
#7742=ORIENTED_EDGE('',*,*,#7741,.F.);
#7744=ORIENTED_EDGE('',*,*,#7743,.F.);
#7745=EDGE_LOOP('',(#7742,#7744));
#7746=FACE_BOUND('',#7745,.F.);
#7748=CARTESIAN_POINT('',(1.78E2,7.972239721853E0,7.597284929362E1));
#7749=DIRECTION('',(1.E0,0.E0,0.E0));
#7750=DIRECTION('',(0.E0,1.E0,-1.387778780781E-14));
#7751=AXIS2_PLACEMENT_3D('',#7748,#7749,#7750);
#7752=CYLINDRICAL_SURFACE('',#7751,1.E0);
#7753=ORIENTED_EDGE('',*,*,#7698,.T.);
#7755=ORIENTED_EDGE('',*,*,#7754,.F.);
#7757=ORIENTED_EDGE('',*,*,#7756,.T.);
#7759=ORIENTED_EDGE('',*,*,#7758,.F.);
#7760=EDGE_LOOP('',(#7753,#7755,#7757,#7759));
#7761=FACE_OUTER_BOUND('',#7760,.F.);
#7763=CARTESIAN_POINT('',(1.78E2,6.972239721853E0,6.547284929363E1));
#7764=DIRECTION('',(0.E0,1.E0,-1.902583850429E-14));
#7765=DIRECTION('',(-1.E0,0.E0,0.E0));
#7766=AXIS2_PLACEMENT_3D('',#7763,#7764,#7765);
#7767=PLANE('',#7766);
#7768=ORIENTED_EDGE('',*,*,#7712,.T.);
#7770=ORIENTED_EDGE('',*,*,#7769,.T.);
#7772=ORIENTED_EDGE('',*,*,#7771,.F.);
#7773=ORIENTED_EDGE('',*,*,#7754,.T.);
#7774=EDGE_LOOP('',(#7768,#7770,#7772,#7773));
#7775=FACE_OUTER_BOUND('',#7774,.F.);
#7777=CARTESIAN_POINT('',(1.78E2,7.972239721853E0,6.547284929363E1));
#7778=DIRECTION('',(1.E0,0.E0,0.E0));
#7779=DIRECTION('',(0.E0,1.E0,-1.387778780781E-14));
#7780=AXIS2_PLACEMENT_3D('',#7777,#7778,#7779);
#7781=CYLINDRICAL_SURFACE('',#7780,1.E0);
#7782=ORIENTED_EDGE('',*,*,#7710,.T.);
#7784=ORIENTED_EDGE('',*,*,#7783,.F.);
#7786=ORIENTED_EDGE('',*,*,#7785,.T.);
#7787=ORIENTED_EDGE('',*,*,#7769,.F.);
#7788=EDGE_LOOP('',(#7782,#7784,#7786,#7787));
#7789=FACE_OUTER_BOUND('',#7788,.F.);
#7791=CARTESIAN_POINT('',(1.78E2,7.972239721853E0,6.447284929363E1));
#7792=DIRECTION('',(0.E0,-1.915764347427E-14,-1.E0));
#7793=DIRECTION('',(0.E0,1.E0,-1.915764347427E-14));
#7794=AXIS2_PLACEMENT_3D('',#7791,#7792,#7793);
#7795=PLANE('',#7794);
#7796=ORIENTED_EDGE('',*,*,#7708,.F.);
#7798=ORIENTED_EDGE('',*,*,#7797,.T.);
#7800=ORIENTED_EDGE('',*,*,#7799,.T.);
#7801=ORIENTED_EDGE('',*,*,#7783,.T.);
#7802=EDGE_LOOP('',(#7796,#7798,#7800,#7801));
#7803=FACE_OUTER_BOUND('',#7802,.F.);
#7805=CARTESIAN_POINT('',(1.78E2,5.897223972185E1,6.547284929362E1));
#7806=DIRECTION('',(1.E0,0.E0,0.E0));
#7807=DIRECTION('',(0.E0,1.E0,-1.387778780781E-14));
#7808=AXIS2_PLACEMENT_3D('',#7805,#7806,#7807);
#7809=CYLINDRICAL_SURFACE('',#7808,1.E0);
#7810=ORIENTED_EDGE('',*,*,#7706,.T.);
#7812=ORIENTED_EDGE('',*,*,#7811,.F.);
#7814=ORIENTED_EDGE('',*,*,#7813,.T.);
#7815=ORIENTED_EDGE('',*,*,#7797,.F.);
#7816=EDGE_LOOP('',(#7810,#7812,#7814,#7815));
#7817=FACE_OUTER_BOUND('',#7816,.F.);
#7819=CARTESIAN_POINT('',(1.78E2,5.997223972185E1,7.597284929362E1));
#7820=DIRECTION('',(0.E0,-1.E0,-1.728786134090E-14));
#7821=DIRECTION('',(0.E0,1.728786134090E-14,-1.E0));
#7822=AXIS2_PLACEMENT_3D('',#7819,#7820,#7821);
#7823=PLANE('',#7822);
#7824=ORIENTED_EDGE('',*,*,#7704,.T.);
#7826=ORIENTED_EDGE('',*,*,#7825,.T.);
#7828=ORIENTED_EDGE('',*,*,#7827,.F.);
#7829=ORIENTED_EDGE('',*,*,#7811,.T.);
#7830=EDGE_LOOP('',(#7824,#7826,#7828,#7829));
#7831=FACE_OUTER_BOUND('',#7830,.F.);
#7833=CARTESIAN_POINT('',(1.78E2,5.897223972185E1,7.597284929362E1));
#7834=DIRECTION('',(1.E0,0.E0,0.E0));
#7835=DIRECTION('',(0.E0,1.E0,-1.387778780781E-14));
#7836=AXIS2_PLACEMENT_3D('',#7833,#7834,#7835);
#7837=CYLINDRICAL_SURFACE('',#7836,1.E0);
#7838=ORIENTED_EDGE('',*,*,#7702,.T.);
#7840=ORIENTED_EDGE('',*,*,#7839,.F.);
#7842=ORIENTED_EDGE('',*,*,#7841,.T.);
#7843=ORIENTED_EDGE('',*,*,#7825,.F.);
#7844=EDGE_LOOP('',(#7838,#7840,#7842,#7843));
#7845=FACE_OUTER_BOUND('',#7844,.F.);
#7847=CARTESIAN_POINT('',(1.78E2,5.897223972185E1,7.697284929362E1));
#7848=DIRECTION('',(0.E0,1.899182431848E-14,1.E0));
#7849=DIRECTION('',(0.E0,-1.E0,1.899182431848E-14));
#7850=AXIS2_PLACEMENT_3D('',#7847,#7848,#7849);
#7851=PLANE('',#7850);
#7852=ORIENTED_EDGE('',*,*,#7700,.F.);
#7853=ORIENTED_EDGE('',*,*,#7758,.T.);
#7855=ORIENTED_EDGE('',*,*,#7854,.T.);
#7856=ORIENTED_EDGE('',*,*,#7839,.T.);
#7857=EDGE_LOOP('',(#7852,#7853,#7855,#7856));
#7858=FACE_OUTER_BOUND('',#7857,.F.);
#7860=CARTESIAN_POINT('',(1.78E2,6.555E1,8.022284929362E1));
#7861=DIRECTION('',(-1.E0,0.E0,0.E0));
#7862=DIRECTION('',(0.E0,0.E0,1.E0));
#7863=AXIS2_PLACEMENT_3D('',#7860,#7861,#7862);
#7864=PLANE('',#7863);
#7866=ORIENTED_EDGE('',*,*,#7865,.F.);
#7868=ORIENTED_EDGE('',*,*,#7867,.T.);
#7870=ORIENTED_EDGE('',*,*,#7869,.T.);
#7872=ORIENTED_EDGE('',*,*,#7871,.T.);
#7873=EDGE_LOOP('',(#7866,#7868,#7870,#7872));
#7874=FACE_OUTER_BOUND('',#7873,.F.);
#7875=ORIENTED_EDGE('',*,*,#7756,.F.);
#7876=ORIENTED_EDGE('',*,*,#7771,.T.);
#7877=ORIENTED_EDGE('',*,*,#7785,.F.);
#7878=ORIENTED_EDGE('',*,*,#7799,.F.);
#7879=ORIENTED_EDGE('',*,*,#7813,.F.);
#7880=ORIENTED_EDGE('',*,*,#7827,.T.);
#7881=ORIENTED_EDGE('',*,*,#7841,.F.);
#7882=ORIENTED_EDGE('',*,*,#7854,.F.);
#7883=EDGE_LOOP('',(#7875,#7876,#7877,#7878,#7879,#7880,#7881,#7882));
#7884=FACE_BOUND('',#7883,.F.);
#7886=CARTESIAN_POINT('',(1.845E2,6.555E1,6.43E1));
#7887=DIRECTION('',(0.E0,1.E0,0.E0));
#7888=DIRECTION('',(0.E0,0.E0,1.E0));
#7889=AXIS2_PLACEMENT_3D('',#7886,#7887,#7888);
#7890=PLANE('',#7889);
#7892=ORIENTED_EDGE('',*,*,#7891,.T.);
#7894=ORIENTED_EDGE('',*,*,#7893,.T.);
#7896=ORIENTED_EDGE('',*,*,#7895,.F.);
#7898=ORIENTED_EDGE('',*,*,#7897,.T.);
#7900=ORIENTED_EDGE('',*,*,#7899,.F.);
#7902=ORIENTED_EDGE('',*,*,#7901,.T.);
#7904=ORIENTED_EDGE('',*,*,#7903,.T.);
#7906=ORIENTED_EDGE('',*,*,#7905,.T.);
#7908=ORIENTED_EDGE('',*,*,#7907,.T.);
#7910=ORIENTED_EDGE('',*,*,#7909,.T.);
#7912=ORIENTED_EDGE('',*,*,#7911,.F.);
#7914=ORIENTED_EDGE('',*,*,#7913,.T.);
#7916=ORIENTED_EDGE('',*,*,#7915,.F.);
#7918=ORIENTED_EDGE('',*,*,#7917,.T.);
#7920=ORIENTED_EDGE('',*,*,#7919,.F.);
#7921=ORIENTED_EDGE('',*,*,#7865,.T.);
#7923=ORIENTED_EDGE('',*,*,#7922,.F.);
#7925=ORIENTED_EDGE('',*,*,#7924,.F.);
#7927=ORIENTED_EDGE('',*,*,#7926,.T.);
#7928=EDGE_LOOP('',(#7892,#7894,#7896,#7898,#7900,#7902,#7904,#7906,#7908,#7910,
#7912,#7914,#7916,#7918,#7920,#7921,#7923,#7925,#7927));
#7929=FACE_OUTER_BOUND('',#7928,.F.);
#7931=CARTESIAN_POINT('',(1.145E2,2.75E0,9.66E1));
#7932=DIRECTION('',(-1.E0,0.E0,0.E0));
#7933=DIRECTION('',(0.E0,0.E0,1.E0));
#7934=AXIS2_PLACEMENT_3D('',#7931,#7932,#7933);
#7935=PLANE('',#7934);
#7937=ORIENTED_EDGE('',*,*,#7936,.T.);
#7939=ORIENTED_EDGE('',*,*,#7938,.T.);
#7941=ORIENTED_EDGE('',*,*,#7940,.F.);
#7942=ORIENTED_EDGE('',*,*,#7891,.F.);
#7944=ORIENTED_EDGE('',*,*,#7943,.F.);
#7946=ORIENTED_EDGE('',*,*,#7945,.F.);
#7948=ORIENTED_EDGE('',*,*,#7947,.T.);
#7949=EDGE_LOOP('',(#7937,#7939,#7941,#7942,#7944,#7946,#7948));
#7950=FACE_OUTER_BOUND('',#7949,.F.);
#7952=CARTESIAN_POINT('',(1.145E2,2.75E0,-2.02E1));
#7953=DIRECTION('',(0.E0,0.E0,-1.E0));
#7954=DIRECTION('',(-1.E0,0.E0,0.E0));
#7955=AXIS2_PLACEMENT_3D('',#7952,#7953,#7954);
#7956=PLANE('',#7955);
#7958=ORIENTED_EDGE('',*,*,#7957,.F.);
#7960=ORIENTED_EDGE('',*,*,#7959,.T.);
#7962=ORIENTED_EDGE('',*,*,#7961,.T.);
#7964=ORIENTED_EDGE('',*,*,#7963,.F.);
#7965=ORIENTED_EDGE('',*,*,#7905,.F.);
#7967=ORIENTED_EDGE('',*,*,#7966,.T.);
#7969=ORIENTED_EDGE('',*,*,#7968,.T.);
#7970=ORIENTED_EDGE('',*,*,#7936,.F.);
#7972=ORIENTED_EDGE('',*,*,#7971,.T.);
#7974=ORIENTED_EDGE('',*,*,#7973,.T.);
#7976=ORIENTED_EDGE('',*,*,#7975,.F.);
#7978=ORIENTED_EDGE('',*,*,#7977,.F.);
#7979=EDGE_LOOP('',(#7958,#7960,#7962,#7964,#7965,#7967,#7969,#7970,#7972,#7974,
#7976,#7978));
#7980=FACE_OUTER_BOUND('',#7979,.F.);
#7982=CARTESIAN_POINT('',(1.845E2,2.25E0,6.43E1));
#7983=DIRECTION('',(0.E0,1.E0,0.E0));
#7984=DIRECTION('',(0.E0,0.E0,1.E0));
#7985=AXIS2_PLACEMENT_3D('',#7982,#7983,#7984);
#7986=PLANE('',#7985);
#7988=ORIENTED_EDGE('',*,*,#7987,.F.);
#7990=ORIENTED_EDGE('',*,*,#7989,.F.);
#7992=ORIENTED_EDGE('',*,*,#7991,.T.);
#7994=ORIENTED_EDGE('',*,*,#7993,.F.);
#7996=ORIENTED_EDGE('',*,*,#7995,.T.);
#7998=ORIENTED_EDGE('',*,*,#7997,.T.);
#7999=ORIENTED_EDGE('',*,*,#7957,.T.);
#8001=ORIENTED_EDGE('',*,*,#8000,.T.);
#8003=ORIENTED_EDGE('',*,*,#8002,.T.);
#8004=EDGE_LOOP('',(#7988,#7990,#7992,#7994,#7996,#7998,#7999,#8001,#8003));
#8005=FACE_OUTER_BOUND('',#8004,.F.);
#8007=ORIENTED_EDGE('',*,*,#8006,.F.);
#8009=ORIENTED_EDGE('',*,*,#8008,.F.);
#8010=EDGE_LOOP('',(#8007,#8009));
#8011=FACE_BOUND('',#8010,.F.);
#8013=ORIENTED_EDGE('',*,*,#8012,.F.);
#8015=ORIENTED_EDGE('',*,*,#8014,.F.);
#8016=EDGE_LOOP('',(#8013,#8015));
#8017=FACE_BOUND('',#8016,.F.);
#8019=ORIENTED_EDGE('',*,*,#8018,.F.);
#8021=ORIENTED_EDGE('',*,*,#8020,.F.);
#8022=EDGE_LOOP('',(#8019,#8021));
#8023=FACE_BOUND('',#8022,.F.);
#8025=ORIENTED_EDGE('',*,*,#8024,.F.);
#8027=ORIENTED_EDGE('',*,*,#8026,.F.);
#8028=EDGE_LOOP('',(#8025,#8027));
#8029=FACE_BOUND('',#8028,.F.);
#8031=CARTESIAN_POINT('',(1.145E2,2.75E0,9.66E1));
#8032=DIRECTION('',(0.E0,0.E0,-1.E0));
#8033=DIRECTION('',(-1.E0,0.E0,0.E0));
#8034=AXIS2_PLACEMENT_3D('',#8031,#8032,#8033);
#8035=PLANE('',#8034);
#8036=ORIENTED_EDGE('',*,*,#7987,.T.);
#8038=ORIENTED_EDGE('',*,*,#8037,.T.);
#8040=ORIENTED_EDGE('',*,*,#8039,.F.);
#8042=ORIENTED_EDGE('',*,*,#8041,.F.);
#8043=EDGE_LOOP('',(#8036,#8038,#8040,#8042));
#8044=FACE_OUTER_BOUND('',#8043,.F.);
#8046=CARTESIAN_POINT('',(1.145E2,2.75E0,9.66E1));
#8047=DIRECTION('',(-1.E0,0.E0,0.E0));
#8048=DIRECTION('',(0.E0,0.E0,1.E0));
#8049=AXIS2_PLACEMENT_3D('',#8046,#8047,#8048);
#8050=PLANE('',#8049);
#8052=ORIENTED_EDGE('',*,*,#8051,.F.);
#8054=ORIENTED_EDGE('',*,*,#8053,.T.);
#8055=ORIENTED_EDGE('',*,*,#8037,.F.);
#8056=ORIENTED_EDGE('',*,*,#8002,.F.);
#8057=EDGE_LOOP('',(#8052,#8054,#8055,#8056));
#8058=FACE_OUTER_BOUND('',#8057,.F.);
#8060=CARTESIAN_POINT('',(-4.45E1,6.6E1,9.65E1));
#8061=DIRECTION('',(0.E0,0.E0,-1.E0));
#8062=DIRECTION('',(-1.E0,0.E0,0.E0));
#8063=AXIS2_PLACEMENT_3D('',#8060,#8061,#8062);
#8064=PLANE('',#8063);
#8066=ORIENTED_EDGE('',*,*,#8065,.T.);
#8068=ORIENTED_EDGE('',*,*,#8067,.F.);
#8070=ORIENTED_EDGE('',*,*,#8069,.F.);
#8072=ORIENTED_EDGE('',*,*,#8071,.T.);
#8074=ORIENTED_EDGE('',*,*,#8073,.T.);
#8076=ORIENTED_EDGE('',*,*,#8075,.T.);
#8078=ORIENTED_EDGE('',*,*,#8077,.T.);
#8079=ORIENTED_EDGE('',*,*,#8051,.T.);
#8080=EDGE_LOOP('',(#8066,#8068,#8070,#8072,#8074,#8076,#8078,#8079));
#8081=FACE_OUTER_BOUND('',#8080,.F.);
#8083=CARTESIAN_POINT('',(1.145E2,2.2E0,-2.02E1));
#8084=DIRECTION('',(-1.E0,0.E0,0.E0));
#8085=DIRECTION('',(0.E0,0.E0,1.E0));
#8086=AXIS2_PLACEMENT_3D('',#8083,#8084,#8085);
#8087=PLANE('',#8086);
#8088=ORIENTED_EDGE('',*,*,#8000,.F.);
#8089=ORIENTED_EDGE('',*,*,#7977,.T.);
#8091=ORIENTED_EDGE('',*,*,#8090,.F.);
#8092=ORIENTED_EDGE('',*,*,#8065,.F.);
#8093=EDGE_LOOP('',(#8088,#8089,#8091,#8092));
#8094=FACE_OUTER_BOUND('',#8093,.F.);
#8096=CARTESIAN_POINT('',(5.359964166221E0,2.2E0,-5.863332076903E1));
#8097=DIRECTION('',(0.E0,-1.E0,0.E0));
#8098=DIRECTION('',(0.E0,0.E0,-1.E0));
#8099=AXIS2_PLACEMENT_3D('',#8096,#8097,#8098);
#8100=PLANE('',#8099);
#8101=ORIENTED_EDGE('',*,*,#8067,.T.);
#8102=ORIENTED_EDGE('',*,*,#8090,.T.);
#8103=ORIENTED_EDGE('',*,*,#7975,.T.);
#8105=ORIENTED_EDGE('',*,*,#8104,.F.);
#8107=ORIENTED_EDGE('',*,*,#8106,.T.);
#8108=EDGE_LOOP('',(#8101,#8102,#8103,#8105,#8107));
#8109=FACE_OUTER_BOUND('',#8108,.F.);
#8111=CARTESIAN_POINT('',(5.359964166221E0,2.2E0,-5.863332076903E1));
#8112=DIRECTION('',(0.E0,1.E0,0.E0));
#8113=DIRECTION('',(0.E0,0.E0,1.E0));
#8114=AXIS2_PLACEMENT_3D('',#8111,#8112,#8113);
#8115=CYLINDRICAL_SURFACE('',#8114,1.1E2);
#8117=ORIENTED_EDGE('',*,*,#8116,.T.);
#8119=ORIENTED_EDGE('',*,*,#8118,.F.);
#8121=ORIENTED_EDGE('',*,*,#8120,.F.);
#8122=ORIENTED_EDGE('',*,*,#8104,.T.);
#8123=ORIENTED_EDGE('',*,*,#7973,.F.);
#8124=EDGE_LOOP('',(#8117,#8119,#8121,#8122,#8123));
#8125=FACE_OUTER_BOUND('',#8124,.F.);
#8127=CARTESIAN_POINT('',(0.E0,6.6E1,0.E0));
#8128=DIRECTION('',(0.E0,1.E0,0.E0));
#8129=DIRECTION('',(0.E0,0.E0,1.E0));
#8130=AXIS2_PLACEMENT_3D('',#8127,#8128,#8129);
#8131=PLANE('',#8130);
#8133=ORIENTED_EDGE('',*,*,#8132,.F.);
#8135=ORIENTED_EDGE('',*,*,#8134,.F.);
#8137=ORIENTED_EDGE('',*,*,#8136,.F.);
#8138=ORIENTED_EDGE('',*,*,#8116,.F.);
#8139=ORIENTED_EDGE('',*,*,#7971,.F.);
#8140=ORIENTED_EDGE('',*,*,#7947,.F.);
#8142=ORIENTED_EDGE('',*,*,#8141,.T.);
#8144=ORIENTED_EDGE('',*,*,#8143,.T.);
#8146=ORIENTED_EDGE('',*,*,#8145,.T.);
#8147=EDGE_LOOP('',(#8133,#8135,#8137,#8138,#8139,#8140,#8142,#8144,#8146));
#8148=FACE_OUTER_BOUND('',#8147,.F.);
#8150=CARTESIAN_POINT('',(0.E0,0.E0,0.E0));
#8151=DIRECTION('',(0.E0,-1.E0,0.E0));
#8152=DIRECTION('',(0.E0,0.E0,-1.E0));
#8153=AXIS2_PLACEMENT_3D('',#8150,#8151,#8152);
#8154=CYLINDRICAL_SURFACE('',#8153,6.3E1);
#8156=ORIENTED_EDGE('',*,*,#8155,.F.);
#8157=ORIENTED_EDGE('',*,*,#8132,.T.);
#8159=ORIENTED_EDGE('',*,*,#8158,.T.);
#8161=ORIENTED_EDGE('',*,*,#8160,.F.);
#8163=ORIENTED_EDGE('',*,*,#8162,.T.);
#8165=ORIENTED_EDGE('',*,*,#8164,.T.);
#8167=ORIENTED_EDGE('',*,*,#8166,.T.);
#8168=EDGE_LOOP('',(#8156,#8157,#8159,#8161,#8163,#8165,#8167));
#8169=FACE_OUTER_BOUND('',#8168,.F.);
#8171=CARTESIAN_POINT('',(0.E0,0.E0,0.E0));
#8172=DIRECTION('',(0.E0,-1.E0,0.E0));
#8173=DIRECTION('',(0.E0,0.E0,-1.E0));
#8174=AXIS2_PLACEMENT_3D('',#8171,#8172,#8173);
#8175=CYLINDRICAL_SURFACE('',#8174,6.3E1);
#8177=ORIENTED_EDGE('',*,*,#8176,.T.);
#8178=ORIENTED_EDGE('',*,*,#8164,.F.);
#8180=ORIENTED_EDGE('',*,*,#8179,.T.);
#8182=ORIENTED_EDGE('',*,*,#8181,.F.);
#8183=ORIENTED_EDGE('',*,*,#8134,.T.);
#8184=ORIENTED_EDGE('',*,*,#8155,.T.);
#8185=EDGE_LOOP('',(#8177,#8178,#8180,#8182,#8183,#8184));
#8186=FACE_OUTER_BOUND('',#8185,.F.);
#8188=CARTESIAN_POINT('',(4.875E1,6.75E1,0.E0));
#8189=DIRECTION('',(0.E0,-1.E0,0.E0));
#8190=DIRECTION('',(0.E0,0.E0,-1.E0));
#8191=AXIS2_PLACEMENT_3D('',#8188,#8189,#8190);
#8192=PLANE('',#8191);
#8193=ORIENTED_EDGE('',*,*,#8176,.F.);
#8194=ORIENTED_EDGE('',*,*,#8166,.F.);
#8195=EDGE_LOOP('',(#8193,#8194));
#8196=FACE_OUTER_BOUND('',#8195,.F.);
#8198=ORIENTED_EDGE('',*,*,#8197,.F.);
#8200=ORIENTED_EDGE('',*,*,#8199,.F.);
#8201=EDGE_LOOP('',(#8198,#8200));
#8202=FACE_BOUND('',#8201,.F.);
#8204=CARTESIAN_POINT('',(0.E0,0.E0,0.E0));
#8205=DIRECTION('',(0.E0,-1.E0,0.E0));
#8206=DIRECTION('',(0.E0,0.E0,-1.E0));
#8207=AXIS2_PLACEMENT_3D('',#8204,#8205,#8206);
#8208=CYLINDRICAL_SURFACE('',#8207,4.875E1);
#8210=ORIENTED_EDGE('',*,*,#8209,.T.);
#8212=ORIENTED_EDGE('',*,*,#8211,.F.);
#8213=ORIENTED_EDGE('',*,*,#8197,.T.);
#8215=ORIENTED_EDGE('',*,*,#8214,.T.);
#8216=EDGE_LOOP('',(#8210,#8212,#8213,#8215));
#8217=FACE_OUTER_BOUND('',#8216,.F.);
#8219=CARTESIAN_POINT('',(4.875E1,6.8E1,0.E0));
#8220=DIRECTION('',(0.E0,1.E0,0.E0));
#8221=DIRECTION('',(0.E0,0.E0,1.E0));
#8222=AXIS2_PLACEMENT_3D('',#8219,#8220,#8221);
#8223=PLANE('',#8222);
#8224=ORIENTED_EDGE('',*,*,#8209,.F.);
#8226=ORIENTED_EDGE('',*,*,#8225,.F.);
#8227=EDGE_LOOP('',(#8224,#8226));
#8228=FACE_OUTER_BOUND('',#8227,.F.);
#8230=ORIENTED_EDGE('',*,*,#8229,.F.);
#8232=ORIENTED_EDGE('',*,*,#8231,.F.);
#8233=EDGE_LOOP('',(#8230,#8232));
#8234=FACE_BOUND('',#8233,.F.);
#8236=ORIENTED_EDGE('',*,*,#8235,.F.);
#8238=ORIENTED_EDGE('',*,*,#8237,.F.);
#8239=EDGE_LOOP('',(#8236,#8238));
#8240=FACE_BOUND('',#8239,.F.);
#8242=ORIENTED_EDGE('',*,*,#8241,.F.);
#8244=ORIENTED_EDGE('',*,*,#8243,.F.);
#8245=EDGE_LOOP('',(#8242,#8244));
#8246=FACE_BOUND('',#8245,.F.);
#8248=ORIENTED_EDGE('',*,*,#8247,.F.);
#8250=ORIENTED_EDGE('',*,*,#8249,.F.);
#8251=EDGE_LOOP('',(#8248,#8250));
#8252=FACE_BOUND('',#8251,.F.);
#8254=ORIENTED_EDGE('',*,*,#8253,.F.);
#8256=ORIENTED_EDGE('',*,*,#8255,.F.);
#8257=EDGE_LOOP('',(#8254,#8256));
#8258=FACE_BOUND('',#8257,.F.);
#8260=CARTESIAN_POINT('',(0.E0,0.E0,0.E0));
#8261=DIRECTION('',(0.E0,-1.E0,0.E0));
#8262=DIRECTION('',(0.E0,0.E0,-1.E0));
#8263=AXIS2_PLACEMENT_3D('',#8260,#8261,#8262);
#8264=CYLINDRICAL_SURFACE('',#8263,4.875E1);
#8265=ORIENTED_EDGE('',*,*,#8214,.F.);
#8266=ORIENTED_EDGE('',*,*,#8199,.T.);
#8267=ORIENTED_EDGE('',*,*,#8211,.T.);
#8268=ORIENTED_EDGE('',*,*,#8225,.T.);
#8269=EDGE_LOOP('',(#8265,#8266,#8267,#8268));
#8270=FACE_OUTER_BOUND('',#8269,.F.);
#8272=CARTESIAN_POINT('',(-1.172505357237E-13,6.8E1,4.375E1));
#8273=DIRECTION('',(0.E0,1.E0,0.E0));
#8274=DIRECTION('',(0.E0,0.E0,1.E0));
#8275=AXIS2_PLACEMENT_3D('',#8272,#8273,#8274);
#8276=CYLINDRICAL_SURFACE('',#8275,1.65E0);
#8278=ORIENTED_EDGE('',*,*,#8277,.F.);
#8279=ORIENTED_EDGE('',*,*,#8229,.T.);
#8281=ORIENTED_EDGE('',*,*,#8280,.T.);
#8283=ORIENTED_EDGE('',*,*,#8282,.T.);
#8284=EDGE_LOOP('',(#8278,#8279,#8281,#8283));
#8285=FACE_OUTER_BOUND('',#8284,.F.);
#8287=CARTESIAN_POINT('',(-1.172505357237E-13,6.8E1,4.375E1));
#8288=DIRECTION('',(0.E0,1.E0,0.E0));
#8289=DIRECTION('',(0.E0,0.E0,1.E0));
#8290=AXIS2_PLACEMENT_3D('',#8287,#8288,#8289);
#8291=CYLINDRICAL_SURFACE('',#8290,1.65E0);
#8293=ORIENTED_EDGE('',*,*,#8292,.T.);
#8294=ORIENTED_EDGE('',*,*,#8280,.F.);
#8295=ORIENTED_EDGE('',*,*,#8231,.T.);
#8296=ORIENTED_EDGE('',*,*,#8277,.T.);
#8297=EDGE_LOOP('',(#8293,#8294,#8295,#8296));
#8298=FACE_OUTER_BOUND('',#8297,.F.);
#8300=CARTESIAN_POINT('',(-1.172505357237E-13,5.911267813230E1,4.375E1));
#8301=DIRECTION('',(0.E0,1.E0,0.E0));
#8302=DIRECTION('',(0.E0,0.E0,1.E0));
#8303=AXIS2_PLACEMENT_3D('',#8300,#8301,#8302);
#8304=CONICAL_SURFACE('',#8303,1.019667825293E0,5.900000447585E1);
#8306=ORIENTED_EDGE('',*,*,#8305,.F.);
#8307=ORIENTED_EDGE('',*,*,#8292,.F.);
#8309=ORIENTED_EDGE('',*,*,#8308,.T.);
#8310=EDGE_LOOP('',(#8306,#8307,#8309));
#8311=FACE_OUTER_BOUND('',#8310,.F.);
#8313=CARTESIAN_POINT('',(-1.172505357237E-13,5.911267813230E1,4.375E1));
#8314=DIRECTION('',(0.E0,1.E0,0.E0));
#8315=DIRECTION('',(0.E0,0.E0,1.E0));
#8316=AXIS2_PLACEMENT_3D('',#8313,#8314,#8315);
#8317=CONICAL_SURFACE('',#8316,1.019667825293E0,5.900000447585E1);
#8318=ORIENTED_EDGE('',*,*,#8308,.F.);
#8319=ORIENTED_EDGE('',*,*,#8282,.F.);
#8320=ORIENTED_EDGE('',*,*,#8305,.T.);
#8321=EDGE_LOOP('',(#8318,#8319,#8320));
#8322=FACE_OUTER_BOUND('',#8321,.F.);
#8324=CARTESIAN_POINT('',(-1.688253554425E-13,6.8E1,-4.375E1));
#8325=DIRECTION('',(0.E0,1.E0,0.E0));
#8326=DIRECTION('',(0.E0,0.E0,1.E0));
#8327=AXIS2_PLACEMENT_3D('',#8324,#8325,#8326);
#8328=CYLINDRICAL_SURFACE('',#8327,1.65E0);
#8330=ORIENTED_EDGE('',*,*,#8329,.F.);
#8331=ORIENTED_EDGE('',*,*,#8235,.T.);
#8333=ORIENTED_EDGE('',*,*,#8332,.T.);
#8335=ORIENTED_EDGE('',*,*,#8334,.T.);
#8336=EDGE_LOOP('',(#8330,#8331,#8333,#8335));
#8337=FACE_OUTER_BOUND('',#8336,.F.);
#8339=CARTESIAN_POINT('',(-1.688253554425E-13,6.8E1,-4.375E1));
#8340=DIRECTION('',(0.E0,1.E0,0.E0));
#8341=DIRECTION('',(0.E0,0.E0,1.E0));
#8342=AXIS2_PLACEMENT_3D('',#8339,#8340,#8341);
#8343=CYLINDRICAL_SURFACE('',#8342,1.65E0);
#8345=ORIENTED_EDGE('',*,*,#8344,.T.);
#8346=ORIENTED_EDGE('',*,*,#8332,.F.);
#8347=ORIENTED_EDGE('',*,*,#8237,.T.);
#8348=ORIENTED_EDGE('',*,*,#8329,.T.);
#8349=EDGE_LOOP('',(#8345,#8346,#8347,#8348));
#8350=FACE_OUTER_BOUND('',#8349,.F.);
#8352=CARTESIAN_POINT('',(-1.688253554425E-13,5.911267813230E1,-4.375E1));
#8353=DIRECTION('',(0.E0,1.E0,0.E0));
#8354=DIRECTION('',(0.E0,0.E0,1.E0));
#8355=AXIS2_PLACEMENT_3D('',#8352,#8353,#8354);
#8356=CONICAL_SURFACE('',#8355,1.019667825293E0,5.900000447585E1);
#8358=ORIENTED_EDGE('',*,*,#8357,.F.);
#8359=ORIENTED_EDGE('',*,*,#8344,.F.);
#8361=ORIENTED_EDGE('',*,*,#8360,.T.);
#8362=EDGE_LOOP('',(#8358,#8359,#8361));
#8363=FACE_OUTER_BOUND('',#8362,.F.);
#8365=CARTESIAN_POINT('',(-1.688253554425E-13,5.911267813230E1,-4.375E1));
#8366=DIRECTION('',(0.E0,1.E0,0.E0));
#8367=DIRECTION('',(0.E0,0.E0,1.E0));
#8368=AXIS2_PLACEMENT_3D('',#8365,#8366,#8367);
#8369=CONICAL_SURFACE('',#8368,1.019667825293E0,5.900000447585E1);
#8370=ORIENTED_EDGE('',*,*,#8360,.F.);
#8371=ORIENTED_EDGE('',*,*,#8334,.F.);
#8372=ORIENTED_EDGE('',*,*,#8357,.T.);
#8373=EDGE_LOOP('',(#8370,#8371,#8372));
#8374=FACE_OUTER_BOUND('',#8373,.F.);
#8376=CARTESIAN_POINT('',(0.E0,0.E0,0.E0));
#8377=DIRECTION('',(0.E0,-1.E0,0.E0));
#8378=DIRECTION('',(0.E0,0.E0,-1.E0));
#8379=AXIS2_PLACEMENT_3D('',#8376,#8377,#8378);
#8380=CYLINDRICAL_SURFACE('',#8379,3.9E1);
#8382=ORIENTED_EDGE('',*,*,#8381,.F.);
#8384=ORIENTED_EDGE('',*,*,#8383,.T.);
#8386=ORIENTED_EDGE('',*,*,#8385,.T.);
#8387=ORIENTED_EDGE('',*,*,#8241,.T.);
#8388=EDGE_LOOP('',(#8382,#8384,#8386,#8387));
#8389=FACE_OUTER_BOUND('',#8388,.F.);
#8391=CARTESIAN_POINT('',(0.E0,0.E0,0.E0));
#8392=DIRECTION('',(0.E0,-1.E0,0.E0));
#8393=DIRECTION('',(0.E0,0.E0,-1.E0));
#8394=AXIS2_PLACEMENT_3D('',#8391,#8392,#8393);
#8395=CYLINDRICAL_SURFACE('',#8394,3.9E1);
#8396=ORIENTED_EDGE('',*,*,#8243,.T.);
#8397=ORIENTED_EDGE('',*,*,#8385,.F.);
#8399=ORIENTED_EDGE('',*,*,#8398,.T.);
#8400=ORIENTED_EDGE('',*,*,#8381,.T.);
#8401=EDGE_LOOP('',(#8396,#8397,#8399,#8400));
#8402=FACE_OUTER_BOUND('',#8401,.F.);
#8404=CARTESIAN_POINT('',(3.9E1,5.E-1,0.E0));
#8405=DIRECTION('',(0.E0,-1.E0,0.E0));
#8406=DIRECTION('',(0.E0,0.E0,-1.E0));
#8407=AXIS2_PLACEMENT_3D('',#8404,#8405,#8406);
#8408=PLANE('',#8407);
#8410=ORIENTED_EDGE('',*,*,#8409,.F.);
#8412=ORIENTED_EDGE('',*,*,#8411,.F.);
#8413=EDGE_LOOP('',(#8410,#8412));
#8414=FACE_OUTER_BOUND('',#8413,.F.);
#8416=ORIENTED_EDGE('',*,*,#8415,.F.);
#8418=ORIENTED_EDGE('',*,*,#8417,.F.);
#8419=EDGE_LOOP('',(#8416,#8418));
#8420=FACE_BOUND('',#8419,.F.);
#8422=ORIENTED_EDGE('',*,*,#8421,.F.);
#8424=ORIENTED_EDGE('',*,*,#8423,.F.);
#8425=EDGE_LOOP('',(#8422,#8424));
#8426=FACE_BOUND('',#8425,.F.);
#8428=ORIENTED_EDGE('',*,*,#8427,.F.);
#8430=ORIENTED_EDGE('',*,*,#8429,.F.);
#8431=EDGE_LOOP('',(#8428,#8430));
#8432=FACE_BOUND('',#8431,.F.);
#8434=ORIENTED_EDGE('',*,*,#8433,.F.);
#8436=ORIENTED_EDGE('',*,*,#8435,.F.);
#8437=EDGE_LOOP('',(#8434,#8436));
#8438=FACE_BOUND('',#8437,.F.);
#8439=ORIENTED_EDGE('',*,*,#8383,.F.);
#8440=ORIENTED_EDGE('',*,*,#8398,.F.);
#8441=EDGE_LOOP('',(#8439,#8440));
#8442=FACE_BOUND('',#8441,.F.);
#8444=CARTESIAN_POINT('',(0.E0,-2.201785245124E0,0.E0));
#8445=DIRECTION('',(0.E0,-1.E0,0.E0));
#8446=DIRECTION('',(0.E0,0.E0,-1.E0));
#8447=AXIS2_PLACEMENT_3D('',#8444,#8445,#8446);
#8448=CYLINDRICAL_SURFACE('',#8447,4.95E1);
#8450=ORIENTED_EDGE('',*,*,#8449,.T.);
#8452=ORIENTED_EDGE('',*,*,#8451,.F.);
#8453=ORIENTED_EDGE('',*,*,#8409,.T.);
#8455=ORIENTED_EDGE('',*,*,#8454,.T.);
#8456=EDGE_LOOP('',(#8450,#8452,#8453,#8455));
#8457=FACE_OUTER_BOUND('',#8456,.F.);
#8459=CARTESIAN_POINT('',(0.E0,8.177865137322E-1,0.E0));
#8460=DIRECTION('',(0.E0,-1.E0,0.E0));
#8461=DIRECTION('',(0.E0,0.E0,-1.E0));
#8462=AXIS2_PLACEMENT_3D('',#8459,#8460,#8461);
#8463=TOROIDAL_SURFACE('',#8462,5.E1,5.E-1);
#8465=ORIENTED_EDGE('',*,*,#8464,.F.);
#8467=ORIENTED_EDGE('',*,*,#8466,.T.);
#8469=ORIENTED_EDGE('',*,*,#8468,.T.);
#8470=ORIENTED_EDGE('',*,*,#8449,.F.);
#8471=EDGE_LOOP('',(#8465,#8467,#8469,#8470));
#8472=FACE_OUTER_BOUND('',#8471,.F.);
#8474=CARTESIAN_POINT('',(0.E0,8.177865137322E-1,0.E0));
#8475=DIRECTION('',(0.E0,-1.E0,0.E0));
#8476=DIRECTION('',(0.E0,0.E0,-1.E0));
#8477=AXIS2_PLACEMENT_3D('',#8474,#8475,#8476);
#8478=TOROIDAL_SURFACE('',#8477,5.E1,5.E-1);
#8480=ORIENTED_EDGE('',*,*,#8479,.F.);
#8481=ORIENTED_EDGE('',*,*,#8468,.F.);
#8483=ORIENTED_EDGE('',*,*,#8482,.T.);
#8484=ORIENTED_EDGE('',*,*,#8464,.T.);
#8485=EDGE_LOOP('',(#8480,#8481,#8483,#8484));
#8486=FACE_OUTER_BOUND('',#8485,.F.);
#8488=CARTESIAN_POINT('',(0.E0,-2.201785245124E0,0.E0));
#8489=DIRECTION('',(0.E0,-1.E0,0.E0));
#8490=DIRECTION('',(0.E0,0.E0,-1.E0));
#8491=AXIS2_PLACEMENT_3D('',#8488,#8489,#8490);
#8492=CYLINDRICAL_SURFACE('',#8491,4.95E1);
#8493=ORIENTED_EDGE('',*,*,#8454,.F.);
#8494=ORIENTED_EDGE('',*,*,#8411,.T.);
#8495=ORIENTED_EDGE('',*,*,#8451,.T.);
#8496=ORIENTED_EDGE('',*,*,#8479,.T.);
#8497=EDGE_LOOP('',(#8493,#8494,#8495,#8496));
#8498=FACE_OUTER_BOUND('',#8497,.F.);
#8500=CARTESIAN_POINT('',(0.E0,1.317786513732E0,-5.675309492522E1));
#8501=DIRECTION('',(0.E0,1.E0,0.E0));
#8502=DIRECTION('',(0.E0,0.E0,1.E0));
#8503=AXIS2_PLACEMENT_3D('',#8500,#8501,#8502);
#8504=PLANE('',#8503);
#8506=ORIENTED_EDGE('',*,*,#8505,.F.);
#8508=ORIENTED_EDGE('',*,*,#8507,.F.);
#8509=EDGE_LOOP('',(#8506,#8508));
#8510=FACE_OUTER_BOUND('',#8509,.F.);
#8511=ORIENTED_EDGE('',*,*,#8466,.F.);
#8512=ORIENTED_EDGE('',*,*,#8482,.F.);
#8513=EDGE_LOOP('',(#8511,#8512));
#8514=FACE_BOUND('',#8513,.F.);
#8516=CARTESIAN_POINT('',(0.E0,-2.201785245124E0,0.E0));
#8517=DIRECTION('',(0.E0,-1.E0,0.E0));
#8518=DIRECTION('',(0.E0,0.E0,-1.E0));
#8519=AXIS2_PLACEMENT_3D('',#8516,#8517,#8518);
#8520=CYLINDRICAL_SURFACE('',#8519,5.675309492522E1);
#8522=ORIENTED_EDGE('',*,*,#8521,.T.);
#8524=ORIENTED_EDGE('',*,*,#8523,.F.);
#8525=ORIENTED_EDGE('',*,*,#8505,.T.);
#8527=ORIENTED_EDGE('',*,*,#8526,.T.);
#8528=EDGE_LOOP('',(#8522,#8524,#8525,#8527));
#8529=FACE_OUTER_BOUND('',#8528,.F.);
#8531=CARTESIAN_POINT('',(0.E0,4.673875265872E0,-5.041188677729E1));
#8532=DIRECTION('',(0.E0,-1.E0,0.E0));
#8533=DIRECTION('',(0.E0,0.E0,-1.E0));
#8534=AXIS2_PLACEMENT_3D('',#8531,#8532,#8533);
#8535=PLANE('',#8534);
#8536=ORIENTED_EDGE('',*,*,#8521,.F.);
#8538=ORIENTED_EDGE('',*,*,#8537,.F.);
#8539=EDGE_LOOP('',(#8536,#8538));
#8540=FACE_OUTER_BOUND('',#8539,.F.);
#8542=ORIENTED_EDGE('',*,*,#8541,.F.);
#8544=ORIENTED_EDGE('',*,*,#8543,.F.);
#8545=EDGE_LOOP('',(#8542,#8544));
#8546=FACE_BOUND('',#8545,.F.);
#8548=CARTESIAN_POINT('',(0.E0,-2.201785245124E0,0.E0));
#8549=DIRECTION('',(0.E0,-1.E0,0.E0));
#8550=DIRECTION('',(0.E0,0.E0,-1.E0));
#8551=AXIS2_PLACEMENT_3D('',#8548,#8549,#8550);
#8552=CYLINDRICAL_SURFACE('',#8551,5.675309492522E1);
#8553=ORIENTED_EDGE('',*,*,#8526,.F.);
#8554=ORIENTED_EDGE('',*,*,#8507,.T.);
#8555=ORIENTED_EDGE('',*,*,#8523,.T.);
#8556=ORIENTED_EDGE('',*,*,#8537,.T.);
#8557=EDGE_LOOP('',(#8553,#8554,#8555,#8556));
#8558=FACE_OUTER_BOUND('',#8557,.F.);
#8560=CARTESIAN_POINT('',(0.E0,0.E0,0.E0));
#8561=DIRECTION('',(0.E0,-1.E0,0.E0));
#8562=DIRECTION('',(0.E0,0.E0,-1.E0));
#8563=AXIS2_PLACEMENT_3D('',#8560,#8561,#8562);
#8564=CYLINDRICAL_SURFACE('',#8563,5.514749014326E1);
#8566=ORIENTED_EDGE('',*,*,#8565,.T.);
#8568=ORIENTED_EDGE('',*,*,#8567,.F.);
#8569=ORIENTED_EDGE('',*,*,#8541,.T.);
#8571=ORIENTED_EDGE('',*,*,#8570,.T.);
#8572=EDGE_LOOP('',(#8566,#8568,#8569,#8571));
#8573=FACE_OUTER_BOUND('',#8572,.F.);
#8575=CARTESIAN_POINT('',(0.E0,5.344088001554E0,-5.775E1));
#8576=DIRECTION('',(0.E0,1.E0,0.E0));
#8577=DIRECTION('',(0.E0,0.E0,1.E0));
#8578=AXIS2_PLACEMENT_3D('',#8575,#8576,#8577);
#8579=PLANE('',#8578);
#8581=ORIENTED_EDGE('',*,*,#8580,.F.);
#8583=ORIENTED_EDGE('',*,*,#8582,.F.);
#8584=EDGE_LOOP('',(#8581,#8583));
#8585=FACE_OUTER_BOUND('',#8584,.F.);
#8586=ORIENTED_EDGE('',*,*,#8565,.F.);
#8588=ORIENTED_EDGE('',*,*,#8587,.F.);
#8589=EDGE_LOOP('',(#8586,#8588));
#8590=FACE_BOUND('',#8589,.F.);
#8592=CARTESIAN_POINT('',(0.E0,0.E0,0.E0));
#8593=DIRECTION('',(0.E0,-1.E0,0.E0));
#8594=DIRECTION('',(0.E0,0.E0,-1.E0));
#8595=AXIS2_PLACEMENT_3D('',#8592,#8593,#8594);
#8596=CYLINDRICAL_SURFACE('',#8595,5.775E1);
#8598=ORIENTED_EDGE('',*,*,#8597,.F.);
#8600=ORIENTED_EDGE('',*,*,#8599,.T.);
#8602=ORIENTED_EDGE('',*,*,#8601,.T.);
#8603=ORIENTED_EDGE('',*,*,#8580,.T.);
#8604=EDGE_LOOP('',(#8598,#8600,#8602,#8603));
#8605=FACE_OUTER_BOUND('',#8604,.F.);
#8607=CARTESIAN_POINT('',(0.E0,0.E0,0.E0));
#8608=DIRECTION('',(0.E0,-1.E0,0.E0));
#8609=DIRECTION('',(0.E0,0.E0,-1.E0));
#8610=AXIS2_PLACEMENT_3D('',#8607,#8608,#8609);
#8611=CYLINDRICAL_SURFACE('',#8610,5.775E1);
#8612=ORIENTED_EDGE('',*,*,#8582,.T.);
#8613=ORIENTED_EDGE('',*,*,#8601,.F.);
#8615=ORIENTED_EDGE('',*,*,#8614,.T.);
#8616=ORIENTED_EDGE('',*,*,#8597,.T.);
#8617=EDGE_LOOP('',(#8612,#8613,#8615,#8616));
#8618=FACE_OUTER_BOUND('',#8617,.F.);
#8620=CARTESIAN_POINT('',(5.775E1,0.E0,0.E0));
#8621=DIRECTION('',(0.E0,-1.E0,0.E0));
#8622=DIRECTION('',(0.E0,0.E0,-1.E0));
#8623=AXIS2_PLACEMENT_3D('',#8620,#8621,#8622);
#8624=PLANE('',#8623);
#8626=ORIENTED_EDGE('',*,*,#8625,.F.);
#8628=ORIENTED_EDGE('',*,*,#8627,.F.);
#8629=EDGE_LOOP('',(#8626,#8628));
#8630=FACE_OUTER_BOUND('',#8629,.F.);
#8632=ORIENTED_EDGE('',*,*,#8631,.F.);
#8634=ORIENTED_EDGE('',*,*,#8633,.F.);
#8635=EDGE_LOOP('',(#8632,#8634));
#8636=FACE_BOUND('',#8635,.F.);
#8638=ORIENTED_EDGE('',*,*,#8637,.F.);
#8640=ORIENTED_EDGE('',*,*,#8639,.F.);
#8641=EDGE_LOOP('',(#8638,#8640));
#8642=FACE_BOUND('',#8641,.F.);
#8644=ORIENTED_EDGE('',*,*,#8643,.F.);
#8646=ORIENTED_EDGE('',*,*,#8645,.F.);
#8647=EDGE_LOOP('',(#8644,#8646));
#8648=FACE_BOUND('',#8647,.F.);
#8650=ORIENTED_EDGE('',*,*,#8649,.F.);
#8652=ORIENTED_EDGE('',*,*,#8651,.F.);
#8653=EDGE_LOOP('',(#8650,#8652));
#8654=FACE_BOUND('',#8653,.F.);
#8656=ORIENTED_EDGE('',*,*,#8655,.F.);
#8658=ORIENTED_EDGE('',*,*,#8657,.F.);
#8659=EDGE_LOOP('',(#8656,#8658));
#8660=FACE_BOUND('',#8659,.F.);
#8662=ORIENTED_EDGE('',*,*,#8661,.F.);
#8664=ORIENTED_EDGE('',*,*,#8663,.F.);
#8665=EDGE_LOOP('',(#8662,#8664));
#8666=FACE_BOUND('',#8665,.F.);
#8668=ORIENTED_EDGE('',*,*,#8667,.F.);
#8670=ORIENTED_EDGE('',*,*,#8669,.F.);
#8671=EDGE_LOOP('',(#8668,#8670));
#8672=FACE_BOUND('',#8671,.F.);
#8673=ORIENTED_EDGE('',*,*,#8599,.F.);
#8674=ORIENTED_EDGE('',*,*,#8614,.F.);
#8675=EDGE_LOOP('',(#8673,#8674));
#8676=FACE_BOUND('',#8675,.F.);
#8678=CARTESIAN_POINT('',(0.E0,0.E0,0.E0));
#8679=DIRECTION('',(0.E0,-1.E0,0.E0));
#8680=DIRECTION('',(0.E0,0.E0,-1.E0));
#8681=AXIS2_PLACEMENT_3D('',#8678,#8679,#8680);
#8682=CYLINDRICAL_SURFACE('',#8681,7.75E1);
#8684=ORIENTED_EDGE('',*,*,#8683,.T.);
#8686=ORIENTED_EDGE('',*,*,#8685,.T.);
#8688=ORIENTED_EDGE('',*,*,#8687,.F.);
#8689=ORIENTED_EDGE('',*,*,#8625,.T.);
#8691=ORIENTED_EDGE('',*,*,#8690,.T.);
#8692=EDGE_LOOP('',(#8684,#8686,#8688,#8689,#8691));
#8693=FACE_OUTER_BOUND('',#8692,.F.);
#8695=CARTESIAN_POINT('',(0.E0,1.4E1,0.E0));
#8696=DIRECTION('',(0.E0,1.E0,0.E0));
#8697=DIRECTION('',(0.E0,0.E0,1.E0));
#8698=AXIS2_PLACEMENT_3D('',#8695,#8696,#8697);
#8699=PLANE('',#8698);
#8700=ORIENTED_EDGE('',*,*,#8071,.F.);
#8702=ORIENTED_EDGE('',*,*,#8701,.F.);
#8704=ORIENTED_EDGE('',*,*,#8703,.F.);
#8705=ORIENTED_EDGE('',*,*,#8683,.F.);
#8707=ORIENTED_EDGE('',*,*,#8706,.F.);
#8709=ORIENTED_EDGE('',*,*,#8708,.F.);
#8711=ORIENTED_EDGE('',*,*,#8710,.F.);
#8712=EDGE_LOOP('',(#8700,#8702,#8704,#8705,#8707,#8709,#8711));
#8713=FACE_OUTER_BOUND('',#8712,.F.);
#8715=CARTESIAN_POINT('',(7.25E1,2.2E0,9.65E1));
#8716=DIRECTION('',(1.E0,0.E0,0.E0));
#8717=DIRECTION('',(0.E0,0.E0,-1.E0));
#8718=AXIS2_PLACEMENT_3D('',#8715,#8716,#8717);
#8719=PLANE('',#8718);
#8720=ORIENTED_EDGE('',*,*,#8069,.T.);
#8721=ORIENTED_EDGE('',*,*,#8106,.F.);
#8722=ORIENTED_EDGE('',*,*,#8120,.T.);
#8723=ORIENTED_EDGE('',*,*,#8701,.T.);
#8724=EDGE_LOOP('',(#8720,#8721,#8722,#8723));
#8725=FACE_OUTER_BOUND('',#8724,.F.);
#8727=CARTESIAN_POINT('',(7.25E1,6.6E1,2.85E1));
#8728=DIRECTION('',(-2.588190451025E-1,0.E0,9.659258262891E-1));
#8729=DIRECTION('',(9.659258262891E-1,0.E0,2.588190451025E-1));
#8730=AXIS2_PLACEMENT_3D('',#8727,#8728,#8729);
#8731=PLANE('',#8730);
#8732=ORIENTED_EDGE('',*,*,#8703,.T.);
#8733=ORIENTED_EDGE('',*,*,#8118,.T.);
#8734=ORIENTED_EDGE('',*,*,#8136,.T.);
#8735=ORIENTED_EDGE('',*,*,#8181,.T.);
#8737=ORIENTED_EDGE('',*,*,#8736,.T.);
#8738=EDGE_LOOP('',(#8732,#8733,#8734,#8735,#8737));
#8739=FACE_OUTER_BOUND('',#8738,.F.);
#8741=CARTESIAN_POINT('',(7.75E1,1.4E1,0.E0));
#8742=DIRECTION('',(0.E0,1.E0,0.E0));
#8743=DIRECTION('',(0.E0,0.E0,1.E0));
#8744=AXIS2_PLACEMENT_3D('',#8741,#8742,#8743);
#8745=PLANE('',#8744);
#8747=ORIENTED_EDGE('',*,*,#8746,.F.);
#8748=ORIENTED_EDGE('',*,*,#8685,.F.);
#8749=ORIENTED_EDGE('',*,*,#8736,.F.);
#8750=ORIENTED_EDGE('',*,*,#8179,.F.);
#8751=ORIENTED_EDGE('',*,*,#8162,.F.);
#8753=ORIENTED_EDGE('',*,*,#8752,.F.);
#8754=EDGE_LOOP('',(#8747,#8748,#8749,#8750,#8751,#8753));
#8755=FACE_OUTER_BOUND('',#8754,.F.);
#8757=ORIENTED_EDGE('',*,*,#8756,.F.);
#8759=ORIENTED_EDGE('',*,*,#8758,.F.);
#8760=EDGE_LOOP('',(#8757,#8759));
#8761=FACE_BOUND('',#8760,.F.);
#8763=ORIENTED_EDGE('',*,*,#8762,.F.);
#8765=ORIENTED_EDGE('',*,*,#8764,.F.);
#8766=EDGE_LOOP('',(#8763,#8765));
#8767=FACE_BOUND('',#8766,.F.);
#8769=ORIENTED_EDGE('',*,*,#8768,.F.);
#8771=ORIENTED_EDGE('',*,*,#8770,.F.);
#8772=EDGE_LOOP('',(#8769,#8771));
#8773=FACE_BOUND('',#8772,.F.);
#8775=ORIENTED_EDGE('',*,*,#8774,.F.);
#8777=ORIENTED_EDGE('',*,*,#8776,.F.);
#8778=EDGE_LOOP('',(#8775,#8777));
#8779=FACE_BOUND('',#8778,.F.);
#8781=ORIENTED_EDGE('',*,*,#8780,.F.);
#8783=ORIENTED_EDGE('',*,*,#8782,.F.);
#8784=EDGE_LOOP('',(#8781,#8783));
#8785=FACE_BOUND('',#8784,.F.);
#8787=ORIENTED_EDGE('',*,*,#8786,.F.);
#8789=ORIENTED_EDGE('',*,*,#8788,.F.);
#8790=EDGE_LOOP('',(#8787,#8789));
#8791=FACE_BOUND('',#8790,.F.);
#8793=CARTESIAN_POINT('',(0.E0,0.E0,0.E0));
#8794=DIRECTION('',(0.E0,-1.E0,0.E0));
#8795=DIRECTION('',(0.E0,0.E0,-1.E0));
#8796=AXIS2_PLACEMENT_3D('',#8793,#8794,#8795);
#8797=CYLINDRICAL_SURFACE('',#8796,7.75E1);
#8798=ORIENTED_EDGE('',*,*,#8690,.F.);
#8799=ORIENTED_EDGE('',*,*,#8627,.T.);
#8800=ORIENTED_EDGE('',*,*,#8687,.T.);
#8801=ORIENTED_EDGE('',*,*,#8746,.T.);
#8802=ORIENTED_EDGE('',*,*,#8706,.T.);
#8803=EDGE_LOOP('',(#8798,#8799,#8800,#8801,#8802));
#8804=FACE_OUTER_BOUND('',#8803,.F.);
#8806=CARTESIAN_POINT('',(-4.45E1,6.6E1,4.459540335057E1));
#8807=DIRECTION('',(1.E0,0.E0,0.E0));
#8808=DIRECTION('',(0.E0,0.E0,-1.E0));
#8809=AXIS2_PLACEMENT_3D('',#8806,#8807,#8808);
#8810=PLANE('',#8809);
#8812=ORIENTED_EDGE('',*,*,#8811,.T.);
#8813=ORIENTED_EDGE('',*,*,#8708,.T.);
#8814=ORIENTED_EDGE('',*,*,#8752,.T.);
#8815=ORIENTED_EDGE('',*,*,#8160,.T.);
#8817=ORIENTED_EDGE('',*,*,#8816,.T.);
#8818=EDGE_LOOP('',(#8812,#8813,#8814,#8815,#8817));
#8819=FACE_OUTER_BOUND('',#8818,.F.);
#8821=ORIENTED_EDGE('',*,*,#8820,.F.);
#8823=ORIENTED_EDGE('',*,*,#8822,.F.);
#8824=EDGE_LOOP('',(#8821,#8823));
#8825=FACE_BOUND('',#8824,.F.);
#8827=CARTESIAN_POINT('',(-4.25E1,6.6E1,9.65E1));
#8828=DIRECTION('',(7.071067811865E-1,0.E0,-7.071067811866E-1));
#8829=DIRECTION('',(-7.071067811866E-1,0.E0,-7.071067811865E-1));
#8830=AXIS2_PLACEMENT_3D('',#8827,#8828,#8829);
#8831=PLANE('',#8830);
#8832=ORIENTED_EDGE('',*,*,#8073,.F.);
#8833=ORIENTED_EDGE('',*,*,#8710,.T.);
#8834=ORIENTED_EDGE('',*,*,#8811,.F.);
#8836=ORIENTED_EDGE('',*,*,#8835,.T.);
#8837=EDGE_LOOP('',(#8832,#8833,#8834,#8836));
#8838=FACE_OUTER_BOUND('',#8837,.F.);
#8840=CARTESIAN_POINT('',(-6.808578643763E1,6.6E1,6.808578643763E1));
#8841=DIRECTION('',(-5.E-1,7.071067811865E-1,5.E-1));
#8842=DIRECTION('',(0.E0,-5.773502691896E-1,8.164965809277E-1));
#8843=AXIS2_PLACEMENT_3D('',#8840,#8841,#8842);
#8844=PLANE('',#8843);
#8846=ORIENTED_EDGE('',*,*,#8845,.T.);
#8847=ORIENTED_EDGE('',*,*,#8835,.F.);
#8849=ORIENTED_EDGE('',*,*,#8848,.F.);
#8850=ORIENTED_EDGE('',*,*,#8143,.F.);
#8851=EDGE_LOOP('',(#8846,#8847,#8849,#8850));
#8852=FACE_OUTER_BOUND('',#8851,.F.);
#8854=CARTESIAN_POINT('',(-1.120898246016E-14,6.6E1,9.45E1));
#8855=DIRECTION('',(0.E0,7.071067811866E-1,7.071067811865E-1));
#8856=DIRECTION('',(0.E0,-7.071067811865E-1,7.071067811866E-1));
#8857=AXIS2_PLACEMENT_3D('',#8854,#8855,#8856);
#8858=PLANE('',#8857);
#8859=ORIENTED_EDGE('',*,*,#7945,.T.);
#8861=ORIENTED_EDGE('',*,*,#8860,.T.);
#8862=ORIENTED_EDGE('',*,*,#8075,.F.);
#8863=ORIENTED_EDGE('',*,*,#8845,.F.);
#8864=ORIENTED_EDGE('',*,*,#8141,.F.);
#8865=EDGE_LOOP('',(#8859,#8861,#8862,#8863,#8864));
#8866=FACE_OUTER_BOUND('',#8865,.F.);
#8868=CARTESIAN_POINT('',(1.145E2,2.2E0,-2.02E1));
#8869=DIRECTION('',(-1.E0,0.E0,0.E0));
#8870=DIRECTION('',(0.E0,0.E0,1.E0));
#8871=AXIS2_PLACEMENT_3D('',#8868,#8869,#8870);
#8872=PLANE('',#8871);
#8874=ORIENTED_EDGE('',*,*,#8873,.T.);
#8875=ORIENTED_EDGE('',*,*,#8077,.F.);
#8876=ORIENTED_EDGE('',*,*,#8860,.F.);
#8878=ORIENTED_EDGE('',*,*,#8877,.F.);
#8879=EDGE_LOOP('',(#8874,#8875,#8876,#8878));
#8880=FACE_OUTER_BOUND('',#8879,.F.);
#8882=CARTESIAN_POINT('',(1.845E2,2.75E0,6.43E1));
#8883=DIRECTION('',(0.E0,1.E0,0.E0));
#8884=DIRECTION('',(0.E0,0.E0,1.E0));
#8885=AXIS2_PLACEMENT_3D('',#8882,#8883,#8884);
#8886=PLANE('',#8885);
#8888=ORIENTED_EDGE('',*,*,#8887,.F.);
#8890=ORIENTED_EDGE('',*,*,#8889,.F.);
#8892=ORIENTED_EDGE('',*,*,#8891,.F.);
#8893=ORIENTED_EDGE('',*,*,#7869,.F.);
#8895=ORIENTED_EDGE('',*,*,#8894,.F.);
#8897=ORIENTED_EDGE('',*,*,#8896,.F.);
#8899=ORIENTED_EDGE('',*,*,#8898,.F.);
#8901=ORIENTED_EDGE('',*,*,#8900,.F.);
#8903=ORIENTED_EDGE('',*,*,#8902,.F.);
#8905=ORIENTED_EDGE('',*,*,#8904,.F.);
#8907=ORIENTED_EDGE('',*,*,#8906,.F.);
#8908=ORIENTED_EDGE('',*,*,#7961,.F.);
#8910=ORIENTED_EDGE('',*,*,#8909,.F.);
#8912=ORIENTED_EDGE('',*,*,#8911,.F.);
#8914=ORIENTED_EDGE('',*,*,#8913,.F.);
#8916=ORIENTED_EDGE('',*,*,#8915,.F.);
#8918=ORIENTED_EDGE('',*,*,#8917,.F.);
#8919=ORIENTED_EDGE('',*,*,#8039,.T.);
#8920=ORIENTED_EDGE('',*,*,#8053,.F.);
#8921=ORIENTED_EDGE('',*,*,#8873,.F.);
#8922=EDGE_LOOP('',(#8888,#8890,#8892,#8893,#8895,#8897,#8899,#8901,#8903,#8905,
#8907,#8908,#8910,#8912,#8914,#8916,#8918,#8919,#8920,#8921));
#8923=FACE_OUTER_BOUND('',#8922,.F.);
#8925=CARTESIAN_POINT('',(1.145E2,6.555E1,9.61E1));
#8926=DIRECTION('',(0.E0,0.E0,-1.E0));
#8927=DIRECTION('',(-1.E0,0.E0,0.E0));
#8928=AXIS2_PLACEMENT_3D('',#8925,#8926,#8927);
#8929=PLANE('',#8928);
#8930=ORIENTED_EDGE('',*,*,#8887,.T.);
#8931=ORIENTED_EDGE('',*,*,#8877,.T.);
#8932=ORIENTED_EDGE('',*,*,#7943,.T.);
#8933=ORIENTED_EDGE('',*,*,#7926,.F.);
#8935=ORIENTED_EDGE('',*,*,#8934,.F.);
#8936=EDGE_LOOP('',(#8930,#8931,#8932,#8933,#8935));
#8937=FACE_OUTER_BOUND('',#8936,.F.);
#8939=CARTESIAN_POINT('',(1.224299725277E2,6.555E1,9.61E1));
#8940=DIRECTION('',(-2.747211278974E-1,0.E0,-9.615239476408E-1));
#8941=DIRECTION('',(-9.615239476408E-1,0.E0,2.747211278974E-1));
#8942=AXIS2_PLACEMENT_3D('',#8939,#8940,#8941);
#8943=PLANE('',#8942);
#8944=ORIENTED_EDGE('',*,*,#8889,.T.);
#8945=ORIENTED_EDGE('',*,*,#8934,.T.);
#8946=ORIENTED_EDGE('',*,*,#7924,.T.);
#8948=ORIENTED_EDGE('',*,*,#8947,.T.);
#8949=EDGE_LOOP('',(#8944,#8945,#8946,#8948));
#8950=FACE_OUTER_BOUND('',#8949,.F.);
#8952=CARTESIAN_POINT('',(1.75E2,6.555E1,7.795994505536E1));
#8953=DIRECTION('',(0.E0,-1.E0,0.E0));
#8954=DIRECTION('',(0.E0,0.E0,-1.E0));
#8955=AXIS2_PLACEMENT_3D('',#8952,#8953,#8954);
#8956=CYLINDRICAL_SURFACE('',#8955,3.E0);
#8957=ORIENTED_EDGE('',*,*,#7922,.T.);
#8958=ORIENTED_EDGE('',*,*,#7871,.F.);
#8959=ORIENTED_EDGE('',*,*,#8891,.T.);
#8960=ORIENTED_EDGE('',*,*,#8947,.F.);
#8961=EDGE_LOOP('',(#8957,#8958,#8959,#8960));
#8962=FACE_OUTER_BOUND('',#8961,.F.);
#8964=CARTESIAN_POINT('',(1.845E2,6.555E1,6.43E1));
#8965=DIRECTION('',(0.E0,-1.E0,0.E0));
#8966=DIRECTION('',(0.E0,0.E0,-1.E0));
#8967=AXIS2_PLACEMENT_3D('',#8964,#8965,#8966);
#8968=CYLINDRICAL_SURFACE('',#8967,6.5E0);
#8969=ORIENTED_EDGE('',*,*,#8894,.T.);
#8970=ORIENTED_EDGE('',*,*,#7867,.F.);
#8971=ORIENTED_EDGE('',*,*,#7919,.T.);
#8973=ORIENTED_EDGE('',*,*,#8972,.F.);
#8974=EDGE_LOOP('',(#8969,#8970,#8971,#8973));
#8975=FACE_OUTER_BOUND('',#8974,.F.);
#8977=CARTESIAN_POINT('',(1.845E2,6.555E1,5.78E1));
#8978=DIRECTION('',(0.E0,0.E0,-1.E0));
#8979=DIRECTION('',(-1.E0,0.E0,0.E0));
#8980=AXIS2_PLACEMENT_3D('',#8977,#8978,#8979);
#8981=PLANE('',#8980);
#8982=ORIENTED_EDGE('',*,*,#8896,.T.);
#8983=ORIENTED_EDGE('',*,*,#8972,.T.);
#8984=ORIENTED_EDGE('',*,*,#7917,.F.);
#8986=ORIENTED_EDGE('',*,*,#8985,.T.);
#8987=EDGE_LOOP('',(#8982,#8983,#8984,#8986));
#8988=FACE_OUTER_BOUND('',#8987,.F.);
#8990=CARTESIAN_POINT('',(2.48E2,6.555E1,5.48E1));
#8991=DIRECTION('',(0.E0,-1.E0,0.E0));
#8992=DIRECTION('',(0.E0,0.E0,-1.E0));
#8993=AXIS2_PLACEMENT_3D('',#8990,#8991,#8992);
#8994=CYLINDRICAL_SURFACE('',#8993,3.E0);
#8995=ORIENTED_EDGE('',*,*,#7915,.T.);
#8997=ORIENTED_EDGE('',*,*,#8996,.F.);
#8998=ORIENTED_EDGE('',*,*,#8898,.T.);
#8999=ORIENTED_EDGE('',*,*,#8985,.F.);
#9000=EDGE_LOOP('',(#8995,#8997,#8998,#8999));
#9001=FACE_OUTER_BOUND('',#9000,.F.);
#9003=CARTESIAN_POINT('',(2.51E2,6.555E1,5.78E1));
#9004=DIRECTION('',(-1.E0,0.E0,0.E0));
#9005=DIRECTION('',(0.E0,0.E0,1.E0));
#9006=AXIS2_PLACEMENT_3D('',#9003,#9004,#9005);
#9007=PLANE('',#9006);
#9008=ORIENTED_EDGE('',*,*,#7913,.F.);
#9010=ORIENTED_EDGE('',*,*,#9009,.T.);
#9011=ORIENTED_EDGE('',*,*,#8900,.T.);
#9012=ORIENTED_EDGE('',*,*,#8996,.T.);
#9013=EDGE_LOOP('',(#9008,#9010,#9011,#9012));
#9014=FACE_OUTER_BOUND('',#9013,.F.);
#9016=CARTESIAN_POINT('',(2.48E2,6.555E1,-1.67E1));
#9017=DIRECTION('',(0.E0,-1.E0,0.E0));
#9018=DIRECTION('',(0.E0,0.E0,-1.E0));
#9019=AXIS2_PLACEMENT_3D('',#9016,#9017,#9018);
#9020=CYLINDRICAL_SURFACE('',#9019,3.E0);
#9021=ORIENTED_EDGE('',*,*,#7911,.T.);
#9023=ORIENTED_EDGE('',*,*,#9022,.F.);
#9024=ORIENTED_EDGE('',*,*,#8902,.T.);
#9025=ORIENTED_EDGE('',*,*,#9009,.F.);
#9026=EDGE_LOOP('',(#9021,#9023,#9024,#9025));
#9027=FACE_OUTER_BOUND('',#9026,.F.);
#9029=CARTESIAN_POINT('',(2.51E2,6.555E1,-1.97E1));
#9030=DIRECTION('',(0.E0,0.E0,1.E0));
#9031=DIRECTION('',(1.E0,0.E0,0.E0));
#9032=AXIS2_PLACEMENT_3D('',#9029,#9030,#9031);
#9033=PLANE('',#9032);
#9034=ORIENTED_EDGE('',*,*,#7909,.F.);
#9036=ORIENTED_EDGE('',*,*,#9035,.F.);
#9037=ORIENTED_EDGE('',*,*,#8904,.T.);
#9038=ORIENTED_EDGE('',*,*,#9022,.T.);
#9039=EDGE_LOOP('',(#9034,#9036,#9037,#9038));
#9040=FACE_OUTER_BOUND('',#9039,.F.);
#9042=CARTESIAN_POINT('',(1.145E2,2.2E0,-2.02E1));
#9043=DIRECTION('',(-1.E0,0.E0,0.E0));
#9044=DIRECTION('',(0.E0,0.E0,1.E0));
#9045=AXIS2_PLACEMENT_3D('',#9042,#9043,#9044);
#9046=PLANE('',#9045);
#9047=ORIENTED_EDGE('',*,*,#8906,.T.);
#9048=ORIENTED_EDGE('',*,*,#9035,.T.);
#9049=ORIENTED_EDGE('',*,*,#7907,.F.);
#9050=ORIENTED_EDGE('',*,*,#7963,.T.);
#9051=EDGE_LOOP('',(#9047,#9048,#9049,#9050));
#9052=FACE_OUTER_BOUND('',#9051,.F.);
#9054=CARTESIAN_POINT('',(2.515E2,2.75E0,-2.02E1));
#9055=DIRECTION('',(1.E0,0.E0,0.E0));
#9056=DIRECTION('',(0.E0,0.E0,-1.E0));
#9057=AXIS2_PLACEMENT_3D('',#9054,#9055,#9056);
#9058=PLANE('',#9057);
#9059=ORIENTED_EDGE('',*,*,#7997,.F.);
#9061=ORIENTED_EDGE('',*,*,#9060,.T.);
#9062=ORIENTED_EDGE('',*,*,#8909,.T.);
#9063=ORIENTED_EDGE('',*,*,#7959,.F.);
#9064=EDGE_LOOP('',(#9059,#9061,#9062,#9063));
#9065=FACE_OUTER_BOUND('',#9064,.F.);
#9067=CARTESIAN_POINT('',(2.515E2,2.75E0,5.83E1));
#9068=DIRECTION('',(0.E0,0.E0,1.E0));
#9069=DIRECTION('',(1.E0,0.E0,0.E0));
#9070=AXIS2_PLACEMENT_3D('',#9067,#9068,#9069);
#9071=PLANE('',#9070);
#9072=ORIENTED_EDGE('',*,*,#7995,.F.);
#9074=ORIENTED_EDGE('',*,*,#9073,.T.);
#9075=ORIENTED_EDGE('',*,*,#8911,.T.);
#9076=ORIENTED_EDGE('',*,*,#9060,.F.);
#9077=EDGE_LOOP('',(#9072,#9074,#9075,#9076));
#9078=FACE_OUTER_BOUND('',#9077,.F.);
#9080=CARTESIAN_POINT('',(1.845E2,2.75E0,6.43E1));
#9081=DIRECTION('',(0.E0,-1.E0,0.E0));
#9082=DIRECTION('',(0.E0,0.E0,-1.E0));
#9083=AXIS2_PLACEMENT_3D('',#9080,#9081,#9082);
#9084=CYLINDRICAL_SURFACE('',#9083,6.E0);
#9085=ORIENTED_EDGE('',*,*,#7993,.T.);
#9087=ORIENTED_EDGE('',*,*,#9086,.F.);
#9088=ORIENTED_EDGE('',*,*,#8913,.T.);
#9089=ORIENTED_EDGE('',*,*,#9073,.F.);
#9090=EDGE_LOOP('',(#9085,#9087,#9088,#9089));
#9091=FACE_OUTER_BOUND('',#9090,.F.);
#9093=CARTESIAN_POINT('',(1.785E2,2.75E0,6.43E1));
#9094=DIRECTION('',(1.E0,0.E0,0.E0));
#9095=DIRECTION('',(0.E0,0.E0,-1.E0));
#9096=AXIS2_PLACEMENT_3D('',#9093,#9094,#9095);
#9097=PLANE('',#9096);
#9098=ORIENTED_EDGE('',*,*,#7991,.F.);
#9100=ORIENTED_EDGE('',*,*,#9099,.T.);
#9101=ORIENTED_EDGE('',*,*,#8915,.T.);
#9102=ORIENTED_EDGE('',*,*,#9086,.T.);
#9103=EDGE_LOOP('',(#9098,#9100,#9101,#9102));
#9104=FACE_OUTER_BOUND('',#9103,.F.);
#9106=CARTESIAN_POINT('',(1.225E2,2.75E0,9.66E1));
#9107=DIRECTION('',(-2.747211278974E-1,0.E0,-9.615239476408E-1));
#9108=DIRECTION('',(-9.615239476408E-1,0.E0,2.747211278974E-1));
#9109=AXIS2_PLACEMENT_3D('',#9106,#9107,#9108);
#9110=PLANE('',#9109);
#9111=ORIENTED_EDGE('',*,*,#7989,.T.);
#9112=ORIENTED_EDGE('',*,*,#8041,.T.);
#9113=ORIENTED_EDGE('',*,*,#8917,.T.);
#9114=ORIENTED_EDGE('',*,*,#9099,.F.);
#9115=EDGE_LOOP('',(#9111,#9112,#9113,#9114));
#9116=FACE_OUTER_BOUND('',#9115,.F.);
#9118=CARTESIAN_POINT('',(-4.25E1,6.6E1,0.E0));
#9119=DIRECTION('',(-7.071067811865E-1,7.071067811866E-1,0.E0));
#9120=DIRECTION('',(-7.071067811866E-1,-7.071067811865E-1,0.E0));
#9121=AXIS2_PLACEMENT_3D('',#9118,#9119,#9120);
#9122=PLANE('',#9121);
#9123=ORIENTED_EDGE('',*,*,#8158,.F.);
#9124=ORIENTED_EDGE('',*,*,#8145,.F.);
#9125=ORIENTED_EDGE('',*,*,#8848,.T.);
#9126=ORIENTED_EDGE('',*,*,#8816,.F.);
#9127=EDGE_LOOP('',(#9123,#9124,#9125,#9126));
#9128=FACE_OUTER_BOUND('',#9127,.F.);
#9130=CARTESIAN_POINT('',(-4.65E1,3.4E1,6.3E1));
#9131=DIRECTION('',(1.E0,0.E0,0.E0));
#9132=DIRECTION('',(0.E0,0.E0,-1.E0));
#9133=AXIS2_PLACEMENT_3D('',#9130,#9131,#9132);
#9134=CYLINDRICAL_SURFACE('',#9133,1.1E1);
#9136=ORIENTED_EDGE('',*,*,#9135,.F.);
#9137=ORIENTED_EDGE('',*,*,#8820,.T.);
#9139=ORIENTED_EDGE('',*,*,#9138,.T.);
#9141=ORIENTED_EDGE('',*,*,#9140,.T.);
#9142=EDGE_LOOP('',(#9136,#9137,#9139,#9141));
#9143=FACE_OUTER_BOUND('',#9142,.F.);
#9145=CARTESIAN_POINT('',(-4.65E1,3.4E1,6.3E1));
#9146=DIRECTION('',(1.E0,0.E0,0.E0));
#9147=DIRECTION('',(0.E0,0.E0,-1.E0));
#9148=AXIS2_PLACEMENT_3D('',#9145,#9146,#9147);
#9149=CYLINDRICAL_SURFACE('',#9148,1.1E1);
#9151=ORIENTED_EDGE('',*,*,#9150,.T.);
#9152=ORIENTED_EDGE('',*,*,#9138,.F.);
#9153=ORIENTED_EDGE('',*,*,#8822,.T.);
#9154=ORIENTED_EDGE('',*,*,#9135,.T.);
#9155=EDGE_LOOP('',(#9151,#9152,#9153,#9154));
#9156=FACE_OUTER_BOUND('',#9155,.F.);
#9158=CARTESIAN_POINT('',(-4.6E1,3.4E1,6.3E1));
#9159=DIRECTION('',(1.E0,0.E0,0.E0));
#9160=DIRECTION('',(0.E0,0.E0,-1.E0));
#9161=AXIS2_PLACEMENT_3D('',#9158,#9159,#9160);
#9162=CONICAL_SURFACE('',#9161,1.05E1,4.5E1);
#9164=ORIENTED_EDGE('',*,*,#9163,.T.);
#9166=ORIENTED_EDGE('',*,*,#9165,.F.);
#9167=ORIENTED_EDGE('',*,*,#9150,.F.);
#9169=ORIENTED_EDGE('',*,*,#9168,.T.);
#9170=EDGE_LOOP('',(#9164,#9166,#9167,#9169));
#9171=FACE_OUTER_BOUND('',#9170,.F.);
#9173=CARTESIAN_POINT('',(-4.65E1,3.4E1,6.3E1));
#9174=DIRECTION('',(-1.E0,0.E0,0.E0));
#9175=DIRECTION('',(0.E0,0.E0,1.E0));
#9176=AXIS2_PLACEMENT_3D('',#9173,#9174,#9175);
#9177=PLANE('',#9176);
#9179=ORIENTED_EDGE('',*,*,#9178,.F.);
#9180=ORIENTED_EDGE('',*,*,#9163,.F.);
#9181=EDGE_LOOP('',(#9179,#9180));
#9182=FACE_OUTER_BOUND('',#9181,.F.);
#9184=CARTESIAN_POINT('',(-4.6E1,3.4E1,6.3E1));
#9185=DIRECTION('',(1.E0,0.E0,0.E0));
#9186=DIRECTION('',(0.E0,0.E0,-1.E0));
#9187=AXIS2_PLACEMENT_3D('',#9184,#9185,#9186);
#9188=CONICAL_SURFACE('',#9187,1.05E1,4.5E1);
#9189=ORIENTED_EDGE('',*,*,#9168,.F.);
#9190=ORIENTED_EDGE('',*,*,#9140,.F.);
#9191=ORIENTED_EDGE('',*,*,#9165,.T.);
#9192=ORIENTED_EDGE('',*,*,#9178,.T.);
#9193=EDGE_LOOP('',(#9189,#9190,#9191,#9192));
#9194=FACE_OUTER_BOUND('',#9193,.F.);
#9196=CARTESIAN_POINT('',(6.328574797702E1,0.E0,-2.621381511701E1));
#9197=DIRECTION('',(0.E0,-1.E0,0.E0));
#9198=DIRECTION('',(0.E0,0.E0,-1.E0));
#9199=AXIS2_PLACEMENT_3D('',#9196,#9197,#9198);
#9200=CYLINDRICAL_SURFACE('',#9199,2.75E0);
#9201=ORIENTED_EDGE('',*,*,#8756,.T.);
#9203=ORIENTED_EDGE('',*,*,#9202,.F.);
#9205=ORIENTED_EDGE('',*,*,#9204,.T.);
#9207=ORIENTED_EDGE('',*,*,#9206,.T.);
#9208=EDGE_LOOP('',(#9201,#9203,#9205,#9207));
#9209=FACE_OUTER_BOUND('',#9208,.F.);
#9211=CARTESIAN_POINT('',(6.328574797702E1,0.E0,-2.621381511701E1));
#9212=DIRECTION('',(0.E0,-1.E0,0.E0));
#9213=DIRECTION('',(0.E0,0.E0,-1.E0));
#9214=AXIS2_PLACEMENT_3D('',#9211,#9212,#9213);
#9215=CYLINDRICAL_SURFACE('',#9214,2.75E0);
#9216=ORIENTED_EDGE('',*,*,#9206,.F.);
#9218=ORIENTED_EDGE('',*,*,#9217,.T.);
#9219=ORIENTED_EDGE('',*,*,#9202,.T.);
#9220=ORIENTED_EDGE('',*,*,#8758,.T.);
#9221=EDGE_LOOP('',(#9216,#9218,#9219,#9220));
#9222=FACE_OUTER_BOUND('',#9221,.F.);
#9224=CARTESIAN_POINT('',(6.603574797702E1,5.5E0,-2.621381511701E1));
#9225=DIRECTION('',(0.E0,1.E0,0.E0));
#9226=DIRECTION('',(0.E0,0.E0,1.E0));
#9227=AXIS2_PLACEMENT_3D('',#9224,#9225,#9226);
#9228=PLANE('',#9227);
#9230=ORIENTED_EDGE('',*,*,#9229,.F.);
#9232=ORIENTED_EDGE('',*,*,#9231,.F.);
#9233=EDGE_LOOP('',(#9230,#9232));
#9234=FACE_OUTER_BOUND('',#9233,.F.);
#9235=ORIENTED_EDGE('',*,*,#9217,.F.);
#9236=ORIENTED_EDGE('',*,*,#9204,.F.);
#9237=EDGE_LOOP('',(#9235,#9236));
#9238=FACE_BOUND('',#9237,.F.);
#9240=CARTESIAN_POINT('',(6.328574797702E1,0.E0,-2.621381511701E1));
#9241=DIRECTION('',(0.E0,-1.E0,0.E0));
#9242=DIRECTION('',(0.E0,0.E0,-1.E0));
#9243=AXIS2_PLACEMENT_3D('',#9240,#9241,#9242);
#9244=CYLINDRICAL_SURFACE('',#9243,4.7E0);
#9246=ORIENTED_EDGE('',*,*,#9245,.F.);
#9247=ORIENTED_EDGE('',*,*,#8637,.T.);
#9249=ORIENTED_EDGE('',*,*,#9248,.T.);
#9250=ORIENTED_EDGE('',*,*,#9229,.T.);
#9251=EDGE_LOOP('',(#9246,#9247,#9249,#9250));
#9252=FACE_OUTER_BOUND('',#9251,.F.);
#9254=CARTESIAN_POINT('',(6.328574797702E1,0.E0,-2.621381511701E1));
#9255=DIRECTION('',(0.E0,-1.E0,0.E0));
#9256=DIRECTION('',(0.E0,0.E0,-1.E0));
#9257=AXIS2_PLACEMENT_3D('',#9254,#9255,#9256);
#9258=CYLINDRICAL_SURFACE('',#9257,4.7E0);
#9259=ORIENTED_EDGE('',*,*,#9231,.T.);
#9260=ORIENTED_EDGE('',*,*,#9248,.F.);
#9261=ORIENTED_EDGE('',*,*,#8639,.T.);
#9262=ORIENTED_EDGE('',*,*,#9245,.T.);
#9263=EDGE_LOOP('',(#9259,#9260,#9261,#9262));
#9264=FACE_OUTER_BOUND('',#9263,.F.);
#9266=CARTESIAN_POINT('',(-5.050349757149E1,0.E0,4.627792922167E1));
#9267=DIRECTION('',(0.E0,-1.E0,0.E0));
#9268=DIRECTION('',(0.E0,0.E0,-1.E0));
#9269=AXIS2_PLACEMENT_3D('',#9266,#9267,#9268);
#9270=CYLINDRICAL_SURFACE('',#9269,2.75E0);
#9271=ORIENTED_EDGE('',*,*,#8762,.T.);
#9273=ORIENTED_EDGE('',*,*,#9272,.F.);
#9275=ORIENTED_EDGE('',*,*,#9274,.T.);
#9277=ORIENTED_EDGE('',*,*,#9276,.T.);
#9278=EDGE_LOOP('',(#9271,#9273,#9275,#9277));
#9279=FACE_OUTER_BOUND('',#9278,.F.);
#9281=CARTESIAN_POINT('',(-5.050349757149E1,0.E0,4.627792922167E1));
#9282=DIRECTION('',(0.E0,-1.E0,0.E0));
#9283=DIRECTION('',(0.E0,0.E0,-1.E0));
#9284=AXIS2_PLACEMENT_3D('',#9281,#9282,#9283);
#9285=CYLINDRICAL_SURFACE('',#9284,2.75E0);
#9286=ORIENTED_EDGE('',*,*,#9276,.F.);
#9288=ORIENTED_EDGE('',*,*,#9287,.T.);
#9289=ORIENTED_EDGE('',*,*,#9272,.T.);
#9290=ORIENTED_EDGE('',*,*,#8764,.T.);
#9291=EDGE_LOOP('',(#9286,#9288,#9289,#9290));
#9292=FACE_OUTER_BOUND('',#9291,.F.);
#9294=CARTESIAN_POINT('',(-4.775349757149E1,5.5E0,4.627792922167E1));
#9295=DIRECTION('',(0.E0,1.E0,0.E0));
#9296=DIRECTION('',(0.E0,0.E0,1.E0));
#9297=AXIS2_PLACEMENT_3D('',#9294,#9295,#9296);
#9298=PLANE('',#9297);
#9300=ORIENTED_EDGE('',*,*,#9299,.F.);
#9302=ORIENTED_EDGE('',*,*,#9301,.F.);
#9303=EDGE_LOOP('',(#9300,#9302));
#9304=FACE_OUTER_BOUND('',#9303,.F.);
#9305=ORIENTED_EDGE('',*,*,#9287,.F.);
#9306=ORIENTED_EDGE('',*,*,#9274,.F.);
#9307=EDGE_LOOP('',(#9305,#9306));
#9308=FACE_BOUND('',#9307,.F.);
#9310=CARTESIAN_POINT('',(-5.050349757149E1,0.E0,4.627792922167E1));
#9311=DIRECTION('',(0.E0,-1.E0,0.E0));
#9312=DIRECTION('',(0.E0,0.E0,-1.E0));
#9313=AXIS2_PLACEMENT_3D('',#9310,#9311,#9312);
#9314=CYLINDRICAL_SURFACE('',#9313,4.7E0);
#9316=ORIENTED_EDGE('',*,*,#9315,.F.);
#9317=ORIENTED_EDGE('',*,*,#8643,.T.);
#9319=ORIENTED_EDGE('',*,*,#9318,.T.);
#9320=ORIENTED_EDGE('',*,*,#9299,.T.);
#9321=EDGE_LOOP('',(#9316,#9317,#9319,#9320));
#9322=FACE_OUTER_BOUND('',#9321,.F.);
#9324=CARTESIAN_POINT('',(-5.050349757149E1,0.E0,4.627792922167E1));
#9325=DIRECTION('',(0.E0,-1.E0,0.E0));
#9326=DIRECTION('',(0.E0,0.E0,-1.E0));
#9327=AXIS2_PLACEMENT_3D('',#9324,#9325,#9326);
#9328=CYLINDRICAL_SURFACE('',#9327,4.7E0);
#9329=ORIENTED_EDGE('',*,*,#9301,.T.);
#9330=ORIENTED_EDGE('',*,*,#9318,.F.);
#9331=ORIENTED_EDGE('',*,*,#8645,.T.);
#9332=ORIENTED_EDGE('',*,*,#9315,.T.);
#9333=EDGE_LOOP('',(#9329,#9330,#9331,#9332));
#9334=FACE_OUTER_BOUND('',#9333,.F.);
#9336=CARTESIAN_POINT('',(-6.532961112625E1,0.E0,-2.059834726604E1));
#9337=DIRECTION('',(0.E0,-1.E0,0.E0));
#9338=DIRECTION('',(0.E0,0.E0,-1.E0));
#9339=AXIS2_PLACEMENT_3D('',#9336,#9337,#9338);
#9340=CYLINDRICAL_SURFACE('',#9339,2.75E0);
#9341=ORIENTED_EDGE('',*,*,#8768,.T.);
#9343=ORIENTED_EDGE('',*,*,#9342,.F.);
#9345=ORIENTED_EDGE('',*,*,#9344,.T.);
#9347=ORIENTED_EDGE('',*,*,#9346,.T.);
#9348=EDGE_LOOP('',(#9341,#9343,#9345,#9347));
#9349=FACE_OUTER_BOUND('',#9348,.F.);
#9351=CARTESIAN_POINT('',(-6.532961112625E1,0.E0,-2.059834726604E1));
#9352=DIRECTION('',(0.E0,-1.E0,0.E0));
#9353=DIRECTION('',(0.E0,0.E0,-1.E0));
#9354=AXIS2_PLACEMENT_3D('',#9351,#9352,#9353);
#9355=CYLINDRICAL_SURFACE('',#9354,2.75E0);
#9356=ORIENTED_EDGE('',*,*,#9346,.F.);
#9358=ORIENTED_EDGE('',*,*,#9357,.T.);
#9359=ORIENTED_EDGE('',*,*,#9342,.T.);
#9360=ORIENTED_EDGE('',*,*,#8770,.T.);
#9361=EDGE_LOOP('',(#9356,#9358,#9359,#9360));
#9362=FACE_OUTER_BOUND('',#9361,.F.);
#9364=CARTESIAN_POINT('',(-6.257961112625E1,5.5E0,-2.059834726604E1));
#9365=DIRECTION('',(0.E0,1.E0,0.E0));
#9366=DIRECTION('',(0.E0,0.E0,1.E0));
#9367=AXIS2_PLACEMENT_3D('',#9364,#9365,#9366);
#9368=PLANE('',#9367);
#9370=ORIENTED_EDGE('',*,*,#9369,.F.);
#9372=ORIENTED_EDGE('',*,*,#9371,.F.);
#9373=EDGE_LOOP('',(#9370,#9372));
#9374=FACE_OUTER_BOUND('',#9373,.F.);
#9375=ORIENTED_EDGE('',*,*,#9357,.F.);
#9376=ORIENTED_EDGE('',*,*,#9344,.F.);
#9377=EDGE_LOOP('',(#9375,#9376));
#9378=FACE_BOUND('',#9377,.F.);
#9380=CARTESIAN_POINT('',(-6.532961112625E1,0.E0,-2.059834726604E1));
#9381=DIRECTION('',(0.E0,-1.E0,0.E0));
#9382=DIRECTION('',(0.E0,0.E0,-1.E0));
#9383=AXIS2_PLACEMENT_3D('',#9380,#9381,#9382);
#9384=CYLINDRICAL_SURFACE('',#9383,4.7E0);
#9386=ORIENTED_EDGE('',*,*,#9385,.F.);
#9387=ORIENTED_EDGE('',*,*,#8649,.T.);
#9389=ORIENTED_EDGE('',*,*,#9388,.T.);
#9390=ORIENTED_EDGE('',*,*,#9369,.T.);
#9391=EDGE_LOOP('',(#9386,#9387,#9389,#9390));
#9392=FACE_OUTER_BOUND('',#9391,.F.);
#9394=CARTESIAN_POINT('',(-6.532961112625E1,0.E0,-2.059834726604E1));
#9395=DIRECTION('',(0.E0,-1.E0,0.E0));
#9396=DIRECTION('',(0.E0,0.E0,-1.E0));
#9397=AXIS2_PLACEMENT_3D('',#9394,#9395,#9396);
#9398=CYLINDRICAL_SURFACE('',#9397,4.7E0);
#9399=ORIENTED_EDGE('',*,*,#9371,.T.);
#9400=ORIENTED_EDGE('',*,*,#9388,.F.);
#9401=ORIENTED_EDGE('',*,*,#8651,.T.);
#9402=ORIENTED_EDGE('',*,*,#9385,.T.);
#9403=EDGE_LOOP('',(#9399,#9400,#9401,#9402));
#9404=FACE_OUTER_BOUND('',#9403,.F.);
#9406=CARTESIAN_POINT('',(-1.482611355476E1,0.E0,-6.687627648772E1));
#9407=DIRECTION('',(0.E0,-1.E0,0.E0));
#9408=DIRECTION('',(0.E0,0.E0,-1.E0));
#9409=AXIS2_PLACEMENT_3D('',#9406,#9407,#9408);
#9410=CYLINDRICAL_SURFACE('',#9409,2.75E0);
#9411=ORIENTED_EDGE('',*,*,#8774,.T.);
#9413=ORIENTED_EDGE('',*,*,#9412,.F.);
#9415=ORIENTED_EDGE('',*,*,#9414,.T.);
#9417=ORIENTED_EDGE('',*,*,#9416,.T.);
#9418=EDGE_LOOP('',(#9411,#9413,#9415,#9417));
#9419=FACE_OUTER_BOUND('',#9418,.F.);
#9421=CARTESIAN_POINT('',(-1.482611355476E1,0.E0,-6.687627648772E1));
#9422=DIRECTION('',(0.E0,-1.E0,0.E0));
#9423=DIRECTION('',(0.E0,0.E0,-1.E0));
#9424=AXIS2_PLACEMENT_3D('',#9421,#9422,#9423);
#9425=CYLINDRICAL_SURFACE('',#9424,2.75E0);
#9426=ORIENTED_EDGE('',*,*,#9416,.F.);
#9428=ORIENTED_EDGE('',*,*,#9427,.T.);
#9429=ORIENTED_EDGE('',*,*,#9412,.T.);
#9430=ORIENTED_EDGE('',*,*,#8776,.T.);
#9431=EDGE_LOOP('',(#9426,#9428,#9429,#9430));
#9432=FACE_OUTER_BOUND('',#9431,.F.);
#9434=CARTESIAN_POINT('',(-1.207611355476E1,5.5E0,-6.687627648772E1));
#9435=DIRECTION('',(0.E0,1.E0,0.E0));
#9436=DIRECTION('',(0.E0,0.E0,1.E0));
#9437=AXIS2_PLACEMENT_3D('',#9434,#9435,#9436);
#9438=PLANE('',#9437);
#9440=ORIENTED_EDGE('',*,*,#9439,.F.);
#9442=ORIENTED_EDGE('',*,*,#9441,.F.);
#9443=EDGE_LOOP('',(#9440,#9442));
#9444=FACE_OUTER_BOUND('',#9443,.F.);
#9445=ORIENTED_EDGE('',*,*,#9427,.F.);
#9446=ORIENTED_EDGE('',*,*,#9414,.F.);
#9447=EDGE_LOOP('',(#9445,#9446));
#9448=FACE_BOUND('',#9447,.F.);
#9450=CARTESIAN_POINT('',(-1.482611355476E1,0.E0,-6.687627648772E1));
#9451=DIRECTION('',(0.E0,-1.E0,0.E0));
#9452=DIRECTION('',(0.E0,0.E0,-1.E0));
#9453=AXIS2_PLACEMENT_3D('',#9450,#9451,#9452);
#9454=CYLINDRICAL_SURFACE('',#9453,4.7E0);
#9456=ORIENTED_EDGE('',*,*,#9455,.F.);
#9457=ORIENTED_EDGE('',*,*,#8655,.T.);
#9459=ORIENTED_EDGE('',*,*,#9458,.T.);
#9460=ORIENTED_EDGE('',*,*,#9439,.T.);
#9461=EDGE_LOOP('',(#9456,#9457,#9459,#9460));
#9462=FACE_OUTER_BOUND('',#9461,.F.);
#9464=CARTESIAN_POINT('',(-1.482611355476E1,0.E0,-6.687627648772E1));
#9465=DIRECTION('',(0.E0,-1.E0,0.E0));
#9466=DIRECTION('',(0.E0,0.E0,-1.E0));
#9467=AXIS2_PLACEMENT_3D('',#9464,#9465,#9466);
#9468=CYLINDRICAL_SURFACE('',#9467,4.7E0);
#9469=ORIENTED_EDGE('',*,*,#9441,.T.);
#9470=ORIENTED_EDGE('',*,*,#9458,.F.);
#9471=ORIENTED_EDGE('',*,*,#8657,.T.);
#9472=ORIENTED_EDGE('',*,*,#9455,.T.);
#9473=EDGE_LOOP('',(#9469,#9470,#9471,#9472));
#9474=FACE_OUTER_BOUND('',#9473,.F.);
#9476=CARTESIAN_POINT('',(5.050349757149E1,0.E0,-4.627792922167E1));
#9477=DIRECTION('',(0.E0,-1.E0,0.E0));
#9478=DIRECTION('',(0.E0,0.E0,-1.E0));
#9479=AXIS2_PLACEMENT_3D('',#9476,#9477,#9478);
#9480=CYLINDRICAL_SURFACE('',#9479,2.75E0);
#9481=ORIENTED_EDGE('',*,*,#8780,.T.);
#9483=ORIENTED_EDGE('',*,*,#9482,.F.);
#9485=ORIENTED_EDGE('',*,*,#9484,.T.);
#9487=ORIENTED_EDGE('',*,*,#9486,.T.);
#9488=EDGE_LOOP('',(#9481,#9483,#9485,#9487));
#9489=FACE_OUTER_BOUND('',#9488,.F.);
#9491=CARTESIAN_POINT('',(5.050349757149E1,0.E0,-4.627792922167E1));
#9492=DIRECTION('',(0.E0,-1.E0,0.E0));
#9493=DIRECTION('',(0.E0,0.E0,-1.E0));
#9494=AXIS2_PLACEMENT_3D('',#9491,#9492,#9493);
#9495=CYLINDRICAL_SURFACE('',#9494,2.75E0);
#9496=ORIENTED_EDGE('',*,*,#9486,.F.);
#9498=ORIENTED_EDGE('',*,*,#9497,.T.);
#9499=ORIENTED_EDGE('',*,*,#9482,.T.);
#9500=ORIENTED_EDGE('',*,*,#8782,.T.);
#9501=EDGE_LOOP('',(#9496,#9498,#9499,#9500));
#9502=FACE_OUTER_BOUND('',#9501,.F.);
#9504=CARTESIAN_POINT('',(5.325349757149E1,5.5E0,-4.627792922167E1));
#9505=DIRECTION('',(0.E0,1.E0,0.E0));
#9506=DIRECTION('',(0.E0,0.E0,1.E0));
#9507=AXIS2_PLACEMENT_3D('',#9504,#9505,#9506);
#9508=PLANE('',#9507);
#9510=ORIENTED_EDGE('',*,*,#9509,.F.);
#9512=ORIENTED_EDGE('',*,*,#9511,.F.);
#9513=EDGE_LOOP('',(#9510,#9512));
#9514=FACE_OUTER_BOUND('',#9513,.F.);
#9515=ORIENTED_EDGE('',*,*,#9497,.F.);
#9516=ORIENTED_EDGE('',*,*,#9484,.F.);
#9517=EDGE_LOOP('',(#9515,#9516));
#9518=FACE_BOUND('',#9517,.F.);
#9520=CARTESIAN_POINT('',(5.050349757149E1,0.E0,-4.627792922167E1));
#9521=DIRECTION('',(0.E0,-1.E0,0.E0));
#9522=DIRECTION('',(0.E0,0.E0,-1.E0));
#9523=AXIS2_PLACEMENT_3D('',#9520,#9521,#9522);
#9524=CYLINDRICAL_SURFACE('',#9523,4.7E0);
#9526=ORIENTED_EDGE('',*,*,#9525,.F.);
#9527=ORIENTED_EDGE('',*,*,#8661,.T.);
#9529=ORIENTED_EDGE('',*,*,#9528,.T.);
#9530=ORIENTED_EDGE('',*,*,#9509,.T.);
#9531=EDGE_LOOP('',(#9526,#9527,#9529,#9530));
#9532=FACE_OUTER_BOUND('',#9531,.F.);
#9534=CARTESIAN_POINT('',(5.050349757149E1,0.E0,-4.627792922167E1));
#9535=DIRECTION('',(0.E0,-1.E0,0.E0));
#9536=DIRECTION('',(0.E0,0.E0,-1.E0));
#9537=AXIS2_PLACEMENT_3D('',#9534,#9535,#9536);
#9538=CYLINDRICAL_SURFACE('',#9537,4.7E0);
#9539=ORIENTED_EDGE('',*,*,#9511,.T.);
#9540=ORIENTED_EDGE('',*,*,#9528,.F.);
#9541=ORIENTED_EDGE('',*,*,#8663,.T.);
#9542=ORIENTED_EDGE('',*,*,#9525,.T.);
#9543=EDGE_LOOP('',(#9539,#9540,#9541,#9542));
#9544=FACE_OUTER_BOUND('',#9543,.F.);
#9546=CARTESIAN_POINT('',(6.532961112625E1,0.E0,2.059834726604E1));
#9547=DIRECTION('',(0.E0,-1.E0,0.E0));
#9548=DIRECTION('',(0.E0,0.E0,-1.E0));
#9549=AXIS2_PLACEMENT_3D('',#9546,#9547,#9548);
#9550=CYLINDRICAL_SURFACE('',#9549,2.75E0);
#9551=ORIENTED_EDGE('',*,*,#8786,.T.);
#9553=ORIENTED_EDGE('',*,*,#9552,.F.);
#9555=ORIENTED_EDGE('',*,*,#9554,.T.);
#9557=ORIENTED_EDGE('',*,*,#9556,.T.);
#9558=EDGE_LOOP('',(#9551,#9553,#9555,#9557));
#9559=FACE_OUTER_BOUND('',#9558,.F.);
#9561=CARTESIAN_POINT('',(6.532961112625E1,0.E0,2.059834726604E1));
#9562=DIRECTION('',(0.E0,-1.E0,0.E0));
#9563=DIRECTION('',(0.E0,0.E0,-1.E0));
#9564=AXIS2_PLACEMENT_3D('',#9561,#9562,#9563);
#9565=CYLINDRICAL_SURFACE('',#9564,2.75E0);
#9566=ORIENTED_EDGE('',*,*,#9556,.F.);
#9568=ORIENTED_EDGE('',*,*,#9567,.T.);
#9569=ORIENTED_EDGE('',*,*,#9552,.T.);
#9570=ORIENTED_EDGE('',*,*,#8788,.T.);
#9571=EDGE_LOOP('',(#9566,#9568,#9569,#9570));
#9572=FACE_OUTER_BOUND('',#9571,.F.);
#9574=CARTESIAN_POINT('',(6.807961112625E1,5.5E0,2.059834726604E1));
#9575=DIRECTION('',(0.E0,1.E0,0.E0));
#9576=DIRECTION('',(0.E0,0.E0,1.E0));
#9577=AXIS2_PLACEMENT_3D('',#9574,#9575,#9576);
#9578=PLANE('',#9577);
#9580=ORIENTED_EDGE('',*,*,#9579,.F.);
#9582=ORIENTED_EDGE('',*,*,#9581,.F.);
#9583=EDGE_LOOP('',(#9580,#9582));
#9584=FACE_OUTER_BOUND('',#9583,.F.);
#9585=ORIENTED_EDGE('',*,*,#9567,.F.);
#9586=ORIENTED_EDGE('',*,*,#9554,.F.);
#9587=EDGE_LOOP('',(#9585,#9586));
#9588=FACE_BOUND('',#9587,.F.);
#9590=CARTESIAN_POINT('',(6.532961112625E1,0.E0,2.059834726604E1));
#9591=DIRECTION('',(0.E0,-1.E0,0.E0));
#9592=DIRECTION('',(0.E0,0.E0,-1.E0));
#9593=AXIS2_PLACEMENT_3D('',#9590,#9591,#9592);
#9594=CYLINDRICAL_SURFACE('',#9593,4.7E0);
#9596=ORIENTED_EDGE('',*,*,#9595,.F.);
#9597=ORIENTED_EDGE('',*,*,#8667,.T.);
#9599=ORIENTED_EDGE('',*,*,#9598,.T.);
#9600=ORIENTED_EDGE('',*,*,#9579,.T.);
#9601=EDGE_LOOP('',(#9596,#9597,#9599,#9600));
#9602=FACE_OUTER_BOUND('',#9601,.F.);
#9604=CARTESIAN_POINT('',(6.532961112625E1,0.E0,2.059834726604E1));
#9605=DIRECTION('',(0.E0,-1.E0,0.E0));
#9606=DIRECTION('',(0.E0,0.E0,-1.E0));
#9607=AXIS2_PLACEMENT_3D('',#9604,#9605,#9606);
#9608=CYLINDRICAL_SURFACE('',#9607,4.7E0);
#9609=ORIENTED_EDGE('',*,*,#9581,.T.);
#9610=ORIENTED_EDGE('',*,*,#9598,.F.);
#9611=ORIENTED_EDGE('',*,*,#8669,.T.);
#9612=ORIENTED_EDGE('',*,*,#9595,.T.);
#9613=EDGE_LOOP('',(#9609,#9610,#9611,#9612));
#9614=FACE_OUTER_BOUND('',#9613,.F.);
#9616=CARTESIAN_POINT('',(1.482611355476E1,0.E0,6.687627648772E1));
#9617=DIRECTION('',(0.E0,-1.E0,0.E0));
#9618=DIRECTION('',(0.E0,0.E0,-1.E0));
#9619=AXIS2_PLACEMENT_3D('',#9616,#9617,#9618);
#9620=CYLINDRICAL_SURFACE('',#9619,2.1E0);
#9622=ORIENTED_EDGE('',*,*,#9621,.F.);
#9623=ORIENTED_EDGE('',*,*,#8631,.T.);
#9625=ORIENTED_EDGE('',*,*,#9624,.T.);
#9627=ORIENTED_EDGE('',*,*,#9626,.T.);
#9628=EDGE_LOOP('',(#9622,#9623,#9625,#9627));
#9629=FACE_OUTER_BOUND('',#9628,.F.);
#9631=CARTESIAN_POINT('',(1.482611355476E1,0.E0,6.687627648772E1));
#9632=DIRECTION('',(0.E0,-1.E0,0.E0));
#9633=DIRECTION('',(0.E0,0.E0,-1.E0));
#9634=AXIS2_PLACEMENT_3D('',#9631,#9632,#9633);
#9635=CYLINDRICAL_SURFACE('',#9634,2.1E0);
#9637=ORIENTED_EDGE('',*,*,#9636,.T.);
#9638=ORIENTED_EDGE('',*,*,#9624,.F.);
#9639=ORIENTED_EDGE('',*,*,#8633,.T.);
#9640=ORIENTED_EDGE('',*,*,#9621,.T.);
#9641=EDGE_LOOP('',(#9637,#9638,#9639,#9640));
#9642=FACE_OUTER_BOUND('',#9641,.F.);
#9644=CARTESIAN_POINT('',(1.482611355476E1,1.051393542546E1,6.687627648772E1));
#9645=DIRECTION('',(0.E0,-1.E0,0.E0));
#9646=DIRECTION('',(0.E0,0.E0,-1.E0));
#9647=AXIS2_PLACEMENT_3D('',#9644,#9645,#9646);
#9648=CONICAL_SURFACE('',#9647,1.244667816156E0,5.9E1);
#9650=ORIENTED_EDGE('',*,*,#9649,.F.);
#9651=ORIENTED_EDGE('',*,*,#9636,.F.);
#9653=ORIENTED_EDGE('',*,*,#9652,.T.);
#9654=EDGE_LOOP('',(#9650,#9651,#9653));
#9655=FACE_OUTER_BOUND('',#9654,.F.);
#9657=CARTESIAN_POINT('',(1.482611355476E1,1.051393542546E1,6.687627648772E1));
#9658=DIRECTION('',(0.E0,-1.E0,0.E0));
#9659=DIRECTION('',(0.E0,0.E0,-1.E0));
#9660=AXIS2_PLACEMENT_3D('',#9657,#9658,#9659);
#9661=CONICAL_SURFACE('',#9660,1.244667816156E0,5.9E1);
#9662=ORIENTED_EDGE('',*,*,#9652,.F.);
#9663=ORIENTED_EDGE('',*,*,#9626,.F.);
#9664=ORIENTED_EDGE('',*,*,#9649,.T.);
#9665=EDGE_LOOP('',(#9662,#9663,#9664));
#9666=FACE_OUTER_BOUND('',#9665,.F.);
#9668=CARTESIAN_POINT('',(0.E0,0.E0,0.E0));
#9669=DIRECTION('',(0.E0,-1.E0,0.E0));
#9670=DIRECTION('',(0.E0,0.E0,-1.E0));
#9671=AXIS2_PLACEMENT_3D('',#9668,#9669,#9670);
#9672=CYLINDRICAL_SURFACE('',#9671,5.514749014326E1);
#9673=ORIENTED_EDGE('',*,*,#8570,.F.);
#9674=ORIENTED_EDGE('',*,*,#8543,.T.);
#9675=ORIENTED_EDGE('',*,*,#8567,.T.);
#9676=ORIENTED_EDGE('',*,*,#8587,.T.);
#9677=EDGE_LOOP('',(#9673,#9674,#9675,#9676));
#9678=FACE_OUTER_BOUND('',#9677,.F.);
#9680=CARTESIAN_POINT('',(-4.375E1,1.55E1,-5.882247407262E-13));
#9681=DIRECTION('',(0.E0,-1.E0,0.E0));
#9682=DIRECTION('',(0.E0,0.E0,-1.E0));
#9683=AXIS2_PLACEMENT_3D('',#9680,#9681,#9682);
#9684=CYLINDRICAL_SURFACE('',#9683,2.25E0);
#9686=ORIENTED_EDGE('',*,*,#9685,.F.);
#9687=ORIENTED_EDGE('',*,*,#8415,.T.);
#9689=ORIENTED_EDGE('',*,*,#9688,.T.);
#9691=ORIENTED_EDGE('',*,*,#9690,.T.);
#9693=ORIENTED_EDGE('',*,*,#9692,.T.);
#9694=EDGE_LOOP('',(#9686,#9687,#9689,#9691,#9693));
#9695=FACE_OUTER_BOUND('',#9694,.F.);
#9697=CARTESIAN_POINT('',(-4.375E1,1.55E1,-5.882247407262E-13));
#9698=DIRECTION('',(0.E0,-1.E0,0.E0));
#9699=DIRECTION('',(0.E0,0.E0,-1.E0));
#9700=AXIS2_PLACEMENT_3D('',#9697,#9698,#9699);
#9701=CYLINDRICAL_SURFACE('',#9700,2.25E0);
#9703=ORIENTED_EDGE('',*,*,#9702,.T.);
#9704=ORIENTED_EDGE('',*,*,#9688,.F.);
#9705=ORIENTED_EDGE('',*,*,#8417,.T.);
#9706=ORIENTED_EDGE('',*,*,#9685,.T.);
#9707=EDGE_LOOP('',(#9703,#9704,#9705,#9706));
#9708=FACE_OUTER_BOUND('',#9707,.F.);
#9710=CARTESIAN_POINT('',(-4.375E1,1.55E1,-5.882247407262E-13));
#9711=DIRECTION('',(0.E0,-1.E0,0.E0));
#9712=DIRECTION('',(-1.E0,0.E0,0.E0));
#9713=AXIS2_PLACEMENT_3D('',#9710,#9711,#9712);
#9714=PLANE('',#9713);
#9715=ORIENTED_EDGE('',*,*,#9690,.F.);
#9716=ORIENTED_EDGE('',*,*,#9702,.F.);
#9717=ORIENTED_EDGE('',*,*,#9692,.F.);
#9718=EDGE_LOOP('',(#9715,#9716,#9717));
#9719=FACE_OUTER_BOUND('',#9718,.F.);
#9721=ORIENTED_EDGE('',*,*,#9720,.F.);
#9723=ORIENTED_EDGE('',*,*,#9722,.F.);
#9724=EDGE_LOOP('',(#9721,#9723));
#9725=FACE_BOUND('',#9724,.F.);
#9727=CARTESIAN_POINT('',(-4.375E1,1.55E1,-5.883180837570E-13));
#9728=DIRECTION('',(0.E0,-1.E0,0.E0));
#9729=DIRECTION('',(0.E0,0.E0,-1.E0));
#9730=AXIS2_PLACEMENT_3D('',#9727,#9728,#9729);
#9731=CYLINDRICAL_SURFACE('',#9730,1.65E0);
#9733=ORIENTED_EDGE('',*,*,#9732,.F.);
#9734=ORIENTED_EDGE('',*,*,#9720,.T.);
#9736=ORIENTED_EDGE('',*,*,#9735,.T.);
#9738=ORIENTED_EDGE('',*,*,#9737,.T.);
#9739=EDGE_LOOP('',(#9733,#9734,#9736,#9738));
#9740=FACE_OUTER_BOUND('',#9739,.F.);
#9742=CARTESIAN_POINT('',(-4.375E1,1.55E1,-5.883180837570E-13));
#9743=DIRECTION('',(0.E0,-1.E0,0.E0));
#9744=DIRECTION('',(0.E0,0.E0,-1.E0));
#9745=AXIS2_PLACEMENT_3D('',#9742,#9743,#9744);
#9746=CYLINDRICAL_SURFACE('',#9745,1.65E0);
#9748=ORIENTED_EDGE('',*,*,#9747,.T.);
#9749=ORIENTED_EDGE('',*,*,#9735,.F.);
#9750=ORIENTED_EDGE('',*,*,#9722,.T.);
#9751=ORIENTED_EDGE('',*,*,#9732,.T.);
#9752=EDGE_LOOP('',(#9748,#9749,#9750,#9751));
#9753=FACE_OUTER_BOUND('',#9752,.F.);
#9755=CARTESIAN_POINT('',(-4.375E1,2.537874178618E1,-5.883180837570E-13));
#9756=DIRECTION('',(0.E0,-1.E0,0.E0));
#9757=DIRECTION('',(0.E0,0.E0,-1.E0));
#9758=AXIS2_PLACEMENT_3D('',#9755,#9756,#9757);
#9759=CONICAL_SURFACE('',#9758,1.019667816156E0,5.9E1);
#9761=ORIENTED_EDGE('',*,*,#9760,.F.);
#9762=ORIENTED_EDGE('',*,*,#9747,.F.);
#9764=ORIENTED_EDGE('',*,*,#9763,.T.);
#9765=EDGE_LOOP('',(#9761,#9762,#9764));
#9766=FACE_OUTER_BOUND('',#9765,.F.);
#9768=CARTESIAN_POINT('',(-4.375E1,2.537874178618E1,-5.883180837570E-13));
#9769=DIRECTION('',(0.E0,-1.E0,0.E0));
#9770=DIRECTION('',(0.E0,0.E0,-1.E0));
#9771=AXIS2_PLACEMENT_3D('',#9768,#9769,#9770);
#9772=CONICAL_SURFACE('',#9771,1.019667816156E0,5.9E1);
#9773=ORIENTED_EDGE('',*,*,#9763,.F.);
#9774=ORIENTED_EDGE('',*,*,#9737,.F.);
#9775=ORIENTED_EDGE('',*,*,#9760,.T.);
#9776=EDGE_LOOP('',(#9773,#9774,#9775));
#9777=FACE_OUTER_BOUND('',#9776,.F.);
#9779=CARTESIAN_POINT('',(-4.549012466086E-13,1.55E1,4.375E1));
#9780=DIRECTION('',(0.E0,-1.E0,0.E0));
#9781=DIRECTION('',(0.E0,0.E0,-1.E0));
#9782=AXIS2_PLACEMENT_3D('',#9779,#9780,#9781);
#9783=CYLINDRICAL_SURFACE('',#9782,2.25E0);
#9785=ORIENTED_EDGE('',*,*,#9784,.F.);
#9786=ORIENTED_EDGE('',*,*,#8421,.T.);
#9788=ORIENTED_EDGE('',*,*,#9787,.T.);
#9790=ORIENTED_EDGE('',*,*,#9789,.T.);
#9791=EDGE_LOOP('',(#9785,#9786,#9788,#9790));
#9792=FACE_OUTER_BOUND('',#9791,.F.);
#9794=CARTESIAN_POINT('',(-4.549012466086E-13,1.55E1,4.375E1));
#9795=DIRECTION('',(0.E0,-1.E0,0.E0));
#9796=DIRECTION('',(0.E0,0.E0,-1.E0));
#9797=AXIS2_PLACEMENT_3D('',#9794,#9795,#9796);
#9798=CYLINDRICAL_SURFACE('',#9797,2.25E0);
#9800=ORIENTED_EDGE('',*,*,#9799,.T.);
#9801=ORIENTED_EDGE('',*,*,#9787,.F.);
#9802=ORIENTED_EDGE('',*,*,#8423,.T.);
#9803=ORIENTED_EDGE('',*,*,#9784,.T.);
#9804=EDGE_LOOP('',(#9800,#9801,#9802,#9803));
#9805=FACE_OUTER_BOUND('',#9804,.F.);
#9807=CARTESIAN_POINT('',(-4.549012466086E-13,1.55E1,4.375E1));
#9808=DIRECTION('',(0.E0,-1.E0,0.E0));
#9809=DIRECTION('',(0.E0,0.E0,1.E0));
#9810=AXIS2_PLACEMENT_3D('',#9807,#9808,#9809);
#9811=PLANE('',#9810);
#9812=ORIENTED_EDGE('',*,*,#9789,.F.);
#9813=ORIENTED_EDGE('',*,*,#9799,.F.);
#9814=EDGE_LOOP('',(#9812,#9813));
#9815=FACE_OUTER_BOUND('',#9814,.F.);
#9817=ORIENTED_EDGE('',*,*,#9816,.F.);
#9819=ORIENTED_EDGE('',*,*,#9818,.F.);
#9820=EDGE_LOOP('',(#9817,#9819));
#9821=FACE_BOUND('',#9820,.F.);
#9823=CARTESIAN_POINT('',(-4.549945896394E-13,1.55E1,4.375E1));
#9824=DIRECTION('',(0.E0,-1.E0,0.E0));
#9825=DIRECTION('',(0.E0,0.E0,-1.E0));
#9826=AXIS2_PLACEMENT_3D('',#9823,#9824,#9825);
#9827=CYLINDRICAL_SURFACE('',#9826,1.65E0);
#9829=ORIENTED_EDGE('',*,*,#9828,.F.);
#9830=ORIENTED_EDGE('',*,*,#9816,.T.);
#9832=ORIENTED_EDGE('',*,*,#9831,.T.);
#9834=ORIENTED_EDGE('',*,*,#9833,.T.);
#9835=EDGE_LOOP('',(#9829,#9830,#9832,#9834));
#9836=FACE_OUTER_BOUND('',#9835,.F.);
#9838=CARTESIAN_POINT('',(-4.549945896394E-13,1.55E1,4.375E1));
#9839=DIRECTION('',(0.E0,-1.E0,0.E0));
#9840=DIRECTION('',(0.E0,0.E0,-1.E0));
#9841=AXIS2_PLACEMENT_3D('',#9838,#9839,#9840);
#9842=CYLINDRICAL_SURFACE('',#9841,1.65E0);
#9844=ORIENTED_EDGE('',*,*,#9843,.T.);
#9845=ORIENTED_EDGE('',*,*,#9831,.F.);
#9846=ORIENTED_EDGE('',*,*,#9818,.T.);
#9847=ORIENTED_EDGE('',*,*,#9828,.T.);
#9848=EDGE_LOOP('',(#9844,#9845,#9846,#9847));
#9849=FACE_OUTER_BOUND('',#9848,.F.);
#9851=CARTESIAN_POINT('',(-4.549945896394E-13,2.537874178618E1,4.375E1));
#9852=DIRECTION('',(0.E0,-1.E0,0.E0));
#9853=DIRECTION('',(0.E0,0.E0,-1.E0));
#9854=AXIS2_PLACEMENT_3D('',#9851,#9852,#9853);
#9855=CONICAL_SURFACE('',#9854,1.019667816156E0,5.9E1);
#9857=ORIENTED_EDGE('',*,*,#9856,.F.);
#9858=ORIENTED_EDGE('',*,*,#9843,.F.);
#9860=ORIENTED_EDGE('',*,*,#9859,.T.);
#9861=EDGE_LOOP('',(#9857,#9858,#9860));
#9862=FACE_OUTER_BOUND('',#9861,.F.);
#9864=CARTESIAN_POINT('',(-4.549945896394E-13,2.537874178618E1,4.375E1));
#9865=DIRECTION('',(0.E0,-1.E0,0.E0));
#9866=DIRECTION('',(0.E0,0.E0,-1.E0));
#9867=AXIS2_PLACEMENT_3D('',#9864,#9865,#9866);
#9868=CONICAL_SURFACE('',#9867,1.019667816156E0,5.9E1);
#9869=ORIENTED_EDGE('',*,*,#9859,.F.);
#9870=ORIENTED_EDGE('',*,*,#9833,.F.);
#9871=ORIENTED_EDGE('',*,*,#9856,.T.);
#9872=EDGE_LOOP('',(#9869,#9870,#9871));
#9873=FACE_OUTER_BOUND('',#9872,.F.);
#9875=CARTESIAN_POINT('',(4.375E1,1.55E1,3.118633010255E-13));
#9876=DIRECTION('',(0.E0,-1.E0,0.E0));
#9877=DIRECTION('',(0.E0,0.E0,-1.E0));
#9878=AXIS2_PLACEMENT_3D('',#9875,#9876,#9877);
#9879=CYLINDRICAL_SURFACE('',#9878,2.25E0);
#9881=ORIENTED_EDGE('',*,*,#9880,.F.);
#9882=ORIENTED_EDGE('',*,*,#8427,.T.);
#9884=ORIENTED_EDGE('',*,*,#9883,.T.);
#9886=ORIENTED_EDGE('',*,*,#9885,.T.);
#9887=EDGE_LOOP('',(#9881,#9882,#9884,#9886));
#9888=FACE_OUTER_BOUND('',#9887,.F.);
#9890=CARTESIAN_POINT('',(4.375E1,1.55E1,3.118633010255E-13));
#9891=DIRECTION('',(0.E0,-1.E0,0.E0));
#9892=DIRECTION('',(0.E0,0.E0,-1.E0));
#9893=AXIS2_PLACEMENT_3D('',#9890,#9891,#9892);
#9894=CYLINDRICAL_SURFACE('',#9893,2.25E0);
#9896=ORIENTED_EDGE('',*,*,#9895,.T.);
#9897=ORIENTED_EDGE('',*,*,#9883,.F.);
#9898=ORIENTED_EDGE('',*,*,#8429,.T.);
#9899=ORIENTED_EDGE('',*,*,#9880,.T.);
#9901=ORIENTED_EDGE('',*,*,#9900,.T.);
#9902=EDGE_LOOP('',(#9896,#9897,#9898,#9899,#9901));
#9903=FACE_OUTER_BOUND('',#9902,.F.);
#9905=CARTESIAN_POINT('',(4.375E1,1.55E1,3.118633010255E-13));
#9906=DIRECTION('',(0.E0,-1.E0,0.E0));
#9907=DIRECTION('',(1.E0,0.E0,0.E0));
#9908=AXIS2_PLACEMENT_3D('',#9905,#9906,#9907);
#9909=PLANE('',#9908);
#9910=ORIENTED_EDGE('',*,*,#9885,.F.);
#9911=ORIENTED_EDGE('',*,*,#9895,.F.);
#9912=ORIENTED_EDGE('',*,*,#9900,.F.);
#9913=EDGE_LOOP('',(#9910,#9911,#9912));
#9914=FACE_OUTER_BOUND('',#9913,.F.);
#9916=ORIENTED_EDGE('',*,*,#9915,.F.);
#9918=ORIENTED_EDGE('',*,*,#9917,.F.);
#9919=EDGE_LOOP('',(#9916,#9918));
#9920=FACE_BOUND('',#9919,.F.);
#9922=CARTESIAN_POINT('',(4.375E1,1.55E1,3.119566440563E-13));
#9923=DIRECTION('',(0.E0,-1.E0,0.E0));
#9924=DIRECTION('',(0.E0,0.E0,-1.E0));
#9925=AXIS2_PLACEMENT_3D('',#9922,#9923,#9924);
#9926=CYLINDRICAL_SURFACE('',#9925,1.65E0);
#9928=ORIENTED_EDGE('',*,*,#9927,.F.);
#9929=ORIENTED_EDGE('',*,*,#9915,.T.);
#9931=ORIENTED_EDGE('',*,*,#9930,.T.);
#9933=ORIENTED_EDGE('',*,*,#9932,.T.);
#9934=EDGE_LOOP('',(#9928,#9929,#9931,#9933));
#9935=FACE_OUTER_BOUND('',#9934,.F.);
#9937=CARTESIAN_POINT('',(4.375E1,1.55E1,3.119566440563E-13));
#9938=DIRECTION('',(0.E0,-1.E0,0.E0));
#9939=DIRECTION('',(0.E0,0.E0,-1.E0));
#9940=AXIS2_PLACEMENT_3D('',#9937,#9938,#9939);
#9941=CYLINDRICAL_SURFACE('',#9940,1.65E0);
#9943=ORIENTED_EDGE('',*,*,#9942,.T.);
#9944=ORIENTED_EDGE('',*,*,#9930,.F.);
#9945=ORIENTED_EDGE('',*,*,#9917,.T.);
#9946=ORIENTED_EDGE('',*,*,#9927,.T.);
#9947=EDGE_LOOP('',(#9943,#9944,#9945,#9946));
#9948=FACE_OUTER_BOUND('',#9947,.F.);
#9950=CARTESIAN_POINT('',(4.375E1,2.537874178618E1,3.119566440563E-13));
#9951=DIRECTION('',(0.E0,-1.E0,0.E0));
#9952=DIRECTION('',(0.E0,0.E0,-1.E0));
#9953=AXIS2_PLACEMENT_3D('',#9950,#9951,#9952);
#9954=CONICAL_SURFACE('',#9953,1.019667816156E0,5.9E1);
#9956=ORIENTED_EDGE('',*,*,#9955,.F.);
#9957=ORIENTED_EDGE('',*,*,#9942,.F.);
#9959=ORIENTED_EDGE('',*,*,#9958,.T.);
#9960=EDGE_LOOP('',(#9956,#9957,#9959));
#9961=FACE_OUTER_BOUND('',#9960,.F.);
#9963=CARTESIAN_POINT('',(4.375E1,2.537874178618E1,3.119566440563E-13));
#9964=DIRECTION('',(0.E0,-1.E0,0.E0));
#9965=DIRECTION('',(0.E0,0.E0,-1.E0));
#9966=AXIS2_PLACEMENT_3D('',#9963,#9964,#9965);
#9967=CONICAL_SURFACE('',#9966,1.019667816156E0,5.9E1);
#9968=ORIENTED_EDGE('',*,*,#9958,.F.);
#9969=ORIENTED_EDGE('',*,*,#9932,.F.);
#9970=ORIENTED_EDGE('',*,*,#9955,.T.);
#9971=EDGE_LOOP('',(#9968,#9969,#9970));
#9972=FACE_OUTER_BOUND('',#9971,.F.);
#9974=CARTESIAN_POINT('',(1.688253554425E-13,1.55E1,-4.375E1));
#9975=DIRECTION('',(0.E0,-1.E0,0.E0));
#9976=DIRECTION('',(0.E0,0.E0,-1.E0));
#9977=AXIS2_PLACEMENT_3D('',#9974,#9975,#9976);
#9978=CYLINDRICAL_SURFACE('',#9977,2.25E0);
#9980=ORIENTED_EDGE('',*,*,#9979,.F.);
#9981=ORIENTED_EDGE('',*,*,#8433,.T.);
#9983=ORIENTED_EDGE('',*,*,#9982,.T.);
#9985=ORIENTED_EDGE('',*,*,#9984,.T.);
#9986=EDGE_LOOP('',(#9980,#9981,#9983,#9985));
#9987=FACE_OUTER_BOUND('',#9986,.F.);
#9989=CARTESIAN_POINT('',(1.688253554425E-13,1.55E1,-4.375E1));
#9990=DIRECTION('',(0.E0,-1.E0,0.E0));
#9991=DIRECTION('',(0.E0,0.E0,-1.E0));
#9992=AXIS2_PLACEMENT_3D('',#9989,#9990,#9991);
#9993=CYLINDRICAL_SURFACE('',#9992,2.25E0);
#9995=ORIENTED_EDGE('',*,*,#9994,.T.);
#9996=ORIENTED_EDGE('',*,*,#9982,.F.);
#9997=ORIENTED_EDGE('',*,*,#8435,.T.);
#9998=ORIENTED_EDGE('',*,*,#9979,.T.);
#9999=EDGE_LOOP('',(#9995,#9996,#9997,#9998));
#10000=FACE_OUTER_BOUND('',#9999,.F.);
#10002=CARTESIAN_POINT('',(1.688253554425E-13,1.55E1,-4.375E1));
#10003=DIRECTION('',(0.E0,-1.E0,0.E0));
#10004=DIRECTION('',(0.E0,0.E0,-1.E0));
#10005=AXIS2_PLACEMENT_3D('',#10002,#10003,#10004);
#10006=PLANE('',#10005);
#10007=ORIENTED_EDGE('',*,*,#9984,.F.);
#10008=ORIENTED_EDGE('',*,*,#9994,.F.);
#10009=EDGE_LOOP('',(#10007,#10008));
#10010=FACE_OUTER_BOUND('',#10009,.F.);
#10012=ORIENTED_EDGE('',*,*,#10011,.F.);
#10014=ORIENTED_EDGE('',*,*,#10013,.F.);
#10015=EDGE_LOOP('',(#10012,#10014));
#10016=FACE_BOUND('',#10015,.F.);
#10018=CARTESIAN_POINT('',(1.689186984732E-13,1.55E1,-4.375E1));
#10019=DIRECTION('',(0.E0,-1.E0,0.E0));
#10020=DIRECTION('',(0.E0,0.E0,-1.E0));
#10021=AXIS2_PLACEMENT_3D('',#10018,#10019,#10020);
#10022=CYLINDRICAL_SURFACE('',#10021,1.65E0);
#10024=ORIENTED_EDGE('',*,*,#10023,.F.);
#10025=ORIENTED_EDGE('',*,*,#10011,.T.);
#10027=ORIENTED_EDGE('',*,*,#10026,.T.);
#10029=ORIENTED_EDGE('',*,*,#10028,.T.);
#10030=EDGE_LOOP('',(#10024,#10025,#10027,#10029));
#10031=FACE_OUTER_BOUND('',#10030,.F.);
#10033=CARTESIAN_POINT('',(1.689186984732E-13,1.55E1,-4.375E1));
#10034=DIRECTION('',(0.E0,-1.E0,0.E0));
#10035=DIRECTION('',(0.E0,0.E0,-1.E0));
#10036=AXIS2_PLACEMENT_3D('',#10033,#10034,#10035);
#10037=CYLINDRICAL_SURFACE('',#10036,1.65E0);
#10039=ORIENTED_EDGE('',*,*,#10038,.T.);
#10040=ORIENTED_EDGE('',*,*,#10026,.F.);
#10041=ORIENTED_EDGE('',*,*,#10013,.T.);
#10042=ORIENTED_EDGE('',*,*,#10023,.T.);
#10043=EDGE_LOOP('',(#10039,#10040,#10041,#10042));
#10044=FACE_OUTER_BOUND('',#10043,.F.);
#10046=CARTESIAN_POINT('',(1.689186984732E-13,2.537874178618E1,-4.375E1));
#10047=DIRECTION('',(0.E0,-1.E0,0.E0));
#10048=DIRECTION('',(0.E0,0.E0,-1.E0));
#10049=AXIS2_PLACEMENT_3D('',#10046,#10047,#10048);
#10050=CONICAL_SURFACE('',#10049,1.019667816156E0,5.9E1);
#10052=ORIENTED_EDGE('',*,*,#10051,.F.);
#10053=ORIENTED_EDGE('',*,*,#10038,.F.);
#10055=ORIENTED_EDGE('',*,*,#10054,.T.);
#10056=EDGE_LOOP('',(#10052,#10053,#10055));
#10057=FACE_OUTER_BOUND('',#10056,.F.);
#10059=CARTESIAN_POINT('',(1.689186984732E-13,2.537874178618E1,-4.375E1));
#10060=DIRECTION('',(0.E0,-1.E0,0.E0));
#10061=DIRECTION('',(0.E0,0.E0,-1.E0));
#10062=AXIS2_PLACEMENT_3D('',#10059,#10060,#10061);
#10063=CONICAL_SURFACE('',#10062,1.019667816156E0,5.9E1);
#10064=ORIENTED_EDGE('',*,*,#10054,.F.);
#10065=ORIENTED_EDGE('',*,*,#10028,.F.);
#10066=ORIENTED_EDGE('',*,*,#10051,.T.);
#10067=EDGE_LOOP('',(#10064,#10065,#10066));
#10068=FACE_OUTER_BOUND('',#10067,.F.);
#10070=CARTESIAN_POINT('',(4.375E1,6.8E1,-2.578740985939E-14));
#10071=DIRECTION('',(0.E0,1.E0,0.E0));
#10072=DIRECTION('',(0.E0,0.E0,1.E0));
#10073=AXIS2_PLACEMENT_3D('',#10070,#10071,#10072);
#10074=CYLINDRICAL_SURFACE('',#10073,1.65E0);
#10076=ORIENTED_EDGE('',*,*,#10075,.F.);
#10077=ORIENTED_EDGE('',*,*,#8247,.T.);
#10079=ORIENTED_EDGE('',*,*,#10078,.T.);
#10081=ORIENTED_EDGE('',*,*,#10080,.T.);
#10082=EDGE_LOOP('',(#10076,#10077,#10079,#10081));
#10083=FACE_OUTER_BOUND('',#10082,.F.);
#10085=CARTESIAN_POINT('',(4.375E1,6.8E1,-2.578740985939E-14));
#10086=DIRECTION('',(0.E0,1.E0,0.E0));
#10087=DIRECTION('',(0.E0,0.E0,1.E0));
#10088=AXIS2_PLACEMENT_3D('',#10085,#10086,#10087);
#10089=CYLINDRICAL_SURFACE('',#10088,1.65E0);
#10091=ORIENTED_EDGE('',*,*,#10090,.T.);
#10092=ORIENTED_EDGE('',*,*,#10078,.F.);
#10093=ORIENTED_EDGE('',*,*,#8249,.T.);
#10094=ORIENTED_EDGE('',*,*,#10075,.T.);
#10095=EDGE_LOOP('',(#10091,#10092,#10093,#10094));
#10096=FACE_OUTER_BOUND('',#10095,.F.);
#10098=CARTESIAN_POINT('',(4.375E1,5.911267813230E1,-2.578740985939E-14));
#10099=DIRECTION('',(0.E0,1.E0,0.E0));
#10100=DIRECTION('',(0.E0,0.E0,1.E0));
#10101=AXIS2_PLACEMENT_3D('',#10098,#10099,#10100);
#10102=CONICAL_SURFACE('',#10101,1.019667825293E0,5.900000447585E1);
#10104=ORIENTED_EDGE('',*,*,#10103,.F.);
#10105=ORIENTED_EDGE('',*,*,#10090,.F.);
#10107=ORIENTED_EDGE('',*,*,#10106,.T.);
#10108=EDGE_LOOP('',(#10104,#10105,#10107));
#10109=FACE_OUTER_BOUND('',#10108,.F.);
#10111=CARTESIAN_POINT('',(4.375E1,5.911267813230E1,-2.578740985939E-14));
#10112=DIRECTION('',(0.E0,1.E0,0.E0));
#10113=DIRECTION('',(0.E0,0.E0,1.E0));
#10114=AXIS2_PLACEMENT_3D('',#10111,#10112,#10113);
#10115=CONICAL_SURFACE('',#10114,1.019667825293E0,5.900000447585E1);
#10116=ORIENTED_EDGE('',*,*,#10106,.F.);
#10117=ORIENTED_EDGE('',*,*,#10080,.F.);
#10118=ORIENTED_EDGE('',*,*,#10103,.T.);
#10119=EDGE_LOOP('',(#10116,#10117,#10118));
#10120=FACE_OUTER_BOUND('',#10119,.F.);
#10122=CARTESIAN_POINT('',(-4.375E1,6.8E1,-2.505740298413E-13));
#10123=DIRECTION('',(0.E0,1.E0,0.E0));
#10124=DIRECTION('',(0.E0,0.E0,1.E0));
#10125=AXIS2_PLACEMENT_3D('',#10122,#10123,#10124);
#10126=CYLINDRICAL_SURFACE('',#10125,1.65E0);
#10128=ORIENTED_EDGE('',*,*,#10127,.F.);
#10129=ORIENTED_EDGE('',*,*,#8253,.T.);
#10131=ORIENTED_EDGE('',*,*,#10130,.T.);
#10133=ORIENTED_EDGE('',*,*,#10132,.T.);
#10134=EDGE_LOOP('',(#10128,#10129,#10131,#10133));
#10135=FACE_OUTER_BOUND('',#10134,.F.);
#10137=CARTESIAN_POINT('',(-4.375E1,6.8E1,-2.505740298413E-13));
#10138=DIRECTION('',(0.E0,1.E0,0.E0));
#10139=DIRECTION('',(0.E0,0.E0,1.E0));
#10140=AXIS2_PLACEMENT_3D('',#10137,#10138,#10139);
#10141=CYLINDRICAL_SURFACE('',#10140,1.65E0);
#10143=ORIENTED_EDGE('',*,*,#10142,.T.);
#10144=ORIENTED_EDGE('',*,*,#10130,.F.);
#10145=ORIENTED_EDGE('',*,*,#8255,.T.);
#10146=ORIENTED_EDGE('',*,*,#10127,.T.);
#10147=EDGE_LOOP('',(#10143,#10144,#10145,#10146));
#10148=FACE_OUTER_BOUND('',#10147,.F.);
#10150=CARTESIAN_POINT('',(-4.375E1,5.911267813230E1,-2.505740298413E-13));
#10151=DIRECTION('',(0.E0,1.E0,0.E0));
#10152=DIRECTION('',(0.E0,0.E0,1.E0));
#10153=AXIS2_PLACEMENT_3D('',#10150,#10151,#10152);
#10154=CONICAL_SURFACE('',#10153,1.019667825293E0,5.900000447585E1);
#10156=ORIENTED_EDGE('',*,*,#10155,.F.);
#10157=ORIENTED_EDGE('',*,*,#10142,.F.);
#10159=ORIENTED_EDGE('',*,*,#10158,.T.);
#10160=EDGE_LOOP('',(#10156,#10157,#10159));
#10161=FACE_OUTER_BOUND('',#10160,.F.);
#10163=CARTESIAN_POINT('',(-4.375E1,5.911267813230E1,-2.505740298413E-13));
#10164=DIRECTION('',(0.E0,1.E0,0.E0));
#10165=DIRECTION('',(0.E0,0.E0,1.E0));
#10166=AXIS2_PLACEMENT_3D('',#10163,#10164,#10165);
#10167=CONICAL_SURFACE('',#10166,1.019667825293E0,5.900000447585E1);
#10168=ORIENTED_EDGE('',*,*,#10158,.F.);
#10169=ORIENTED_EDGE('',*,*,#10132,.F.);
#10170=ORIENTED_EDGE('',*,*,#10155,.T.);
#10171=EDGE_LOOP('',(#10168,#10169,#10170));
#10172=FACE_OUTER_BOUND('',#10171,.F.);
#10174=CARTESIAN_POINT('',(2.459842726464E2,2.697302387987E0,
-1.756823648274E1));
#10175=CARTESIAN_POINT('',(2.458617168255E2,1.381801075198E0,
-1.796052106849E1));
#10176=CARTESIAN_POINT('',(2.461523257771E2,4.072625101886E-1,
-1.703032116955E1));
#10177=CARTESIAN_POINT('',(2.465446103628E2,8.182456308078E-1,
-1.577467133471E1));
#10178=CARTESIAN_POINT('',(2.480481893054E2,2.697302387987E0,
-1.821303622638E1));
#10179=CARTESIAN_POINT('',(2.482149602161E2,1.381801075198E0,
-1.869571099406E1));
#10180=CARTESIAN_POINT('',(2.478195067879E2,4.072625101886E-1,
-1.755117451103E1));
#10181=CARTESIAN_POINT('',(2.472856956874E2,8.182456308078E-1,
-1.600619794468E1));
#10182=CARTESIAN_POINT('',(2.497902808358E2,2.697302387987E0,
-1.693216317067E1));
#10183=CARTESIAN_POINT('',(2.502012639564E2,1.381801075198E0,
-1.723528087480E1));
#10184=CARTESIAN_POINT('',(2.492267253914E2,4.072625101886E-1,
-1.651651682442E1));
#10185=CARTESIAN_POINT('',(2.479112240786E2,8.182456308078E-1,
-1.554627810241E1));
#10186=CARTESIAN_POINT('',(2.497902808358E2,2.697302387987E0,
-1.476986839775E1));
#10187=CARTESIAN_POINT('',(2.502012639564E2,1.381801075198E0,
-1.476986839775E1));
#10188=CARTESIAN_POINT('',(2.492267253914E2,4.072625101886E-1,
-1.476986839775E1));
#10189=CARTESIAN_POINT('',(2.479112240786E2,8.182456308078E-1,
-1.476986839775E1));
#10190=CARTESIAN_POINT('',(2.497902808358E2,2.697302387987E0,
-1.260757362484E1));
#10191=CARTESIAN_POINT('',(2.502012639564E2,1.381801075198E0,
-1.230445592071E1));
#10192=CARTESIAN_POINT('',(2.492267253914E2,4.072625101886E-1,
-1.302321997109E1));
#10193=CARTESIAN_POINT('',(2.479112240786E2,8.182456308078E-1,
-1.399345869309E1));
#10194=CARTESIAN_POINT('',(2.480481893054E2,2.697302387987E0,
-1.132670056912E1));
#10195=CARTESIAN_POINT('',(2.482149602161E2,1.381801075198E0,
-1.084402580145E1));
#10196=CARTESIAN_POINT('',(2.478195067879E2,4.072625101886E-1,
-1.198856228447E1));
#10197=CARTESIAN_POINT('',(2.472856956874E2,8.182456308078E-1,
-1.353353885083E1));
#10198=CARTESIAN_POINT('',(2.459842726464E2,2.697302387987E0,
-1.197150031276E1));
#10199=CARTESIAN_POINT('',(2.458617168255E2,1.381801075198E0,
-1.157921572702E1));
#10200=CARTESIAN_POINT('',(2.461523257771E2,4.072625101886E-1,
-1.250941562595E1));
#10201=CARTESIAN_POINT('',(2.465446103628E2,8.182456308078E-1,
-1.376506546079E1));
#10202=(BOUNDED_SURFACE()B_SPLINE_SURFACE(3,3,((#10174,#10175,#10176,#10177),(
#10178,#10179,#10180,#10181),(#10182,#10183,#10184,#10185),(#10186,#10187,
#10188,#10189),(#10190,#10191,#10192,#10193),(#10194,#10195,#10196,#10197),(
#10198,#10199,#10200,#10201)),.UNSPECIFIED.,.F.,.F.,.F.)B_SPLINE_SURFACE_WITH_KNOTS((4,3,4),(4,4),(0.E0,1.E0,2.E0),(0.E0,1.E0),.UNSPECIFIED.)GEOMETRIC_REPRESENTATION_ITEM()RATIONAL_B_SPLINE_SURFACE(((1.715747359432E0,1.102739554598E0,
1.102739554598E0,1.715747359432E0),(1.249484386480E0,8.030645352592E-1,
8.030645352592E-1,1.249484386480E0),(1.249484386480E0,8.030645352592E-1,
8.030645352592E-1,1.249484386480E0),(1.715747359432E0,1.102739554598E0,
1.102739554598E0,1.715747359432E0),(1.249484386480E0,8.030645352592E-1,
8.030645352592E-1,1.249484386480E0),(1.249484386480E0,8.030645352592E-1,
8.030645352592E-1,1.249484386480E0),(1.715747359432E0,1.102739554598E0,
1.102739554598E0,1.715747359432E0)))REPRESENTATION_ITEM('')SURFACE());
#10203=ORIENTED_EDGE('',*,*,#8006,.T.);
#10205=ORIENTED_EDGE('',*,*,#10204,.F.);
#10207=ORIENTED_EDGE('',*,*,#10206,.T.);
#10209=ORIENTED_EDGE('',*,*,#10208,.T.);
#10210=EDGE_LOOP('',(#10203,#10205,#10207,#10209));
#10211=FACE_OUTER_BOUND('',#10210,.F.);
#10213=CARTESIAN_POINT('',(2.477327802868E2,2.697302387987E0,
-1.197150031276E1));
#10214=CARTESIAN_POINT('',(2.478553361077E2,1.381801075198E0,
-1.157921572702E1));
#10215=CARTESIAN_POINT('',(2.475647271561E2,4.072625101886E-1,
-1.250941562595E1));
#10216=CARTESIAN_POINT('',(2.471724425704E2,8.182456308078E-1,
-1.376506546079E1));
#10217=CARTESIAN_POINT('',(2.456688636277E2,2.697302387987E0,
-1.132670056912E1));
#10218=CARTESIAN_POINT('',(2.455020927171E2,1.381801075198E0,
-1.084402580145E1));
#10219=CARTESIAN_POINT('',(2.458975461452E2,4.072625101886E-1,
-1.198856228447E1));
#10220=CARTESIAN_POINT('',(2.464313572458E2,8.182456308078E-1,
-1.353353885083E1));
#10221=CARTESIAN_POINT('',(2.439267720974E2,2.697302387987E0,
-1.260757362484E1));
#10222=CARTESIAN_POINT('',(2.435157889768E2,1.381801075198E0,
-1.230445592071E1));
#10223=CARTESIAN_POINT('',(2.444903275418E2,4.072625101886E-1,
-1.302321997109E1));
#10224=CARTESIAN_POINT('',(2.458058288546E2,8.182456308078E-1,
-1.399345869309E1));
#10225=CARTESIAN_POINT('',(2.439267720974E2,2.697302387987E0,
-1.476986839775E1));
#10226=CARTESIAN_POINT('',(2.435157889768E2,1.381801075198E0,
-1.476986839775E1));
#10227=CARTESIAN_POINT('',(2.444903275418E2,4.072625101886E-1,
-1.476986839775E1));
#10228=CARTESIAN_POINT('',(2.458058288546E2,8.182456308078E-1,
-1.476986839775E1));
#10229=CARTESIAN_POINT('',(2.439267720974E2,2.697302387987E0,
-1.693216317067E1));
#10230=CARTESIAN_POINT('',(2.435157889768E2,1.381801075198E0,
-1.723528087480E1));
#10231=CARTESIAN_POINT('',(2.444903275418E2,4.072625101886E-1,
-1.651651682442E1));
#10232=CARTESIAN_POINT('',(2.458058288546E2,8.182456308078E-1,
-1.554627810241E1));
#10233=CARTESIAN_POINT('',(2.456688636277E2,2.697302387987E0,
-1.821303622638E1));
#10234=CARTESIAN_POINT('',(2.455020927171E2,1.381801075198E0,
-1.869571099406E1));
#10235=CARTESIAN_POINT('',(2.458975461452E2,4.072625101886E-1,
-1.755117451103E1));
#10236=CARTESIAN_POINT('',(2.464313572458E2,8.182456308078E-1,
-1.600619794468E1));
#10237=CARTESIAN_POINT('',(2.477327802868E2,2.697302387987E0,
-1.756823648274E1));
#10238=CARTESIAN_POINT('',(2.478553361077E2,1.381801075198E0,
-1.796052106849E1));
#10239=CARTESIAN_POINT('',(2.475647271561E2,4.072625101886E-1,
-1.703032116955E1));
#10240=CARTESIAN_POINT('',(2.471724425704E2,8.182456308078E-1,
-1.577467133471E1));
#10241=(BOUNDED_SURFACE()B_SPLINE_SURFACE(3,3,((#10213,#10214,#10215,#10216),(
#10217,#10218,#10219,#10220),(#10221,#10222,#10223,#10224),(#10225,#10226,
#10227,#10228),(#10229,#10230,#10231,#10232),(#10233,#10234,#10235,#10236),(
#10237,#10238,#10239,#10240)),.UNSPECIFIED.,.F.,.F.,.F.)B_SPLINE_SURFACE_WITH_KNOTS((4,3,4),(4,4),(0.E0,1.E0,2.E0),(0.E0,1.E0),.UNSPECIFIED.)GEOMETRIC_REPRESENTATION_ITEM()RATIONAL_B_SPLINE_SURFACE(((1.715747359432E0,1.102739554598E0,
1.102739554598E0,1.715747359432E0),(1.249484386480E0,8.030645352592E-1,
8.030645352592E-1,1.249484386480E0),(1.249484386480E0,8.030645352592E-1,
8.030645352592E-1,1.249484386480E0),(1.715747359432E0,1.102739554598E0,
1.102739554598E0,1.715747359432E0),(1.249484386480E0,8.030645352592E-1,
8.030645352592E-1,1.249484386480E0),(1.249484386480E0,8.030645352592E-1,
8.030645352592E-1,1.249484386480E0),(1.715747359432E0,1.102739554598E0,
1.102739554598E0,1.715747359432E0)))REPRESENTATION_ITEM('')SURFACE());
#10242=ORIENTED_EDGE('',*,*,#10208,.F.);
#10244=ORIENTED_EDGE('',*,*,#10243,.T.);
#10245=ORIENTED_EDGE('',*,*,#10204,.T.);
#10246=ORIENTED_EDGE('',*,*,#8008,.T.);
#10247=EDGE_LOOP('',(#10242,#10244,#10245,#10246));
#10248=FACE_OUTER_BOUND('',#10247,.F.);
#10250=CARTESIAN_POINT('',(2.468585264666E2,7.5E-1,-1.476986839775E1));
#10251=DIRECTION('',(0.E0,-1.E0,0.E0));
#10252=DIRECTION('',(0.E0,0.E0,-1.E0));
#10253=AXIS2_PLACEMENT_3D('',#10250,#10251,#10252);
#10254=PLANE('',#10253);
#10255=ORIENTED_EDGE('',*,*,#10206,.F.);
#10256=ORIENTED_EDGE('',*,*,#10243,.F.);
#10257=EDGE_LOOP('',(#10255,#10256));
#10258=FACE_OUTER_BOUND('',#10257,.F.);
#10260=CARTESIAN_POINT('',(1.195399372662E2,2.697302387987E0,
-1.756823648274E1));
#10261=CARTESIAN_POINT('',(1.194173814453E2,1.381801075198E0,
-1.796052106849E1));
#10262=CARTESIAN_POINT('',(1.197079903969E2,4.072625101886E-1,
-1.703032116955E1));
#10263=CARTESIAN_POINT('',(1.201002749826E2,8.182456308078E-1,
-1.577467133471E1));
#10264=CARTESIAN_POINT('',(1.216038539252E2,2.697302387987E0,
-1.821303622638E1));
#10265=CARTESIAN_POINT('',(1.217706248359E2,1.381801075198E0,
-1.869571099406E1));
#10266=CARTESIAN_POINT('',(1.213751714077E2,4.072625101886E-1,
-1.755117451103E1));
#10267=CARTESIAN_POINT('',(1.208413603072E2,8.182456308078E-1,
-1.600619794468E1));
#10268=CARTESIAN_POINT('',(1.233459454556E2,2.697302387987E0,
-1.693216317067E1));
#10269=CARTESIAN_POINT('',(1.237569285762E2,1.381801075198E0,
-1.723528087480E1));
#10270=CARTESIAN_POINT('',(1.227823900112E2,4.072625101886E-1,
-1.651651682442E1));
#10271=CARTESIAN_POINT('',(1.214668886984E2,8.182456308078E-1,
-1.554627810241E1));
#10272=CARTESIAN_POINT('',(1.233459454556E2,2.697302387987E0,
-1.476986839775E1));
#10273=CARTESIAN_POINT('',(1.237569285762E2,1.381801075198E0,
-1.476986839775E1));
#10274=CARTESIAN_POINT('',(1.227823900112E2,4.072625101886E-1,
-1.476986839775E1));
#10275=CARTESIAN_POINT('',(1.214668886984E2,8.182456308078E-1,
-1.476986839775E1));
#10276=CARTESIAN_POINT('',(1.233459454556E2,2.697302387987E0,
-1.260757362484E1));
#10277=CARTESIAN_POINT('',(1.237569285762E2,1.381801075198E0,
-1.230445592071E1));
#10278=CARTESIAN_POINT('',(1.227823900112E2,4.072625101886E-1,
-1.302321997109E1));
#10279=CARTESIAN_POINT('',(1.214668886984E2,8.182456308078E-1,
-1.399345869309E1));
#10280=CARTESIAN_POINT('',(1.216038539252E2,2.697302387987E0,
-1.132670056912E1));
#10281=CARTESIAN_POINT('',(1.217706248359E2,1.381801075198E0,
-1.084402580145E1));
#10282=CARTESIAN_POINT('',(1.213751714077E2,4.072625101886E-1,
-1.198856228447E1));
#10283=CARTESIAN_POINT('',(1.208413603072E2,8.182456308078E-1,
-1.353353885083E1));
#10284=CARTESIAN_POINT('',(1.195399372662E2,2.697302387987E0,
-1.197150031276E1));
#10285=CARTESIAN_POINT('',(1.194173814453E2,1.381801075198E0,
-1.157921572702E1));
#10286=CARTESIAN_POINT('',(1.197079903969E2,4.072625101886E-1,
-1.250941562595E1));
#10287=CARTESIAN_POINT('',(1.201002749826E2,8.182456308078E-1,
-1.376506546079E1));
#10288=(BOUNDED_SURFACE()B_SPLINE_SURFACE(3,3,((#10260,#10261,#10262,#10263),(
#10264,#10265,#10266,#10267),(#10268,#10269,#10270,#10271),(#10272,#10273,
#10274,#10275),(#10276,#10277,#10278,#10279),(#10280,#10281,#10282,#10283),(
#10284,#10285,#10286,#10287)),.UNSPECIFIED.,.F.,.F.,.F.)B_SPLINE_SURFACE_WITH_KNOTS((4,3,4),(4,4),(0.E0,1.E0,2.E0),(0.E0,1.E0),.UNSPECIFIED.)GEOMETRIC_REPRESENTATION_ITEM()RATIONAL_B_SPLINE_SURFACE(((1.715747359432E0,1.102739554598E0,
1.102739554598E0,1.715747359432E0),(1.249484386480E0,8.030645352592E-1,
8.030645352592E-1,1.249484386480E0),(1.249484386480E0,8.030645352592E-1,
8.030645352592E-1,1.249484386480E0),(1.715747359432E0,1.102739554598E0,
1.102739554598E0,1.715747359432E0),(1.249484386480E0,8.030645352592E-1,
8.030645352592E-1,1.249484386480E0),(1.249484386480E0,8.030645352592E-1,
8.030645352592E-1,1.249484386480E0),(1.715747359432E0,1.102739554598E0,
1.102739554598E0,1.715747359432E0)))REPRESENTATION_ITEM('')SURFACE());
#10289=ORIENTED_EDGE('',*,*,#8012,.T.);
#10291=ORIENTED_EDGE('',*,*,#10290,.F.);
#10293=ORIENTED_EDGE('',*,*,#10292,.T.);
#10295=ORIENTED_EDGE('',*,*,#10294,.T.);
#10296=EDGE_LOOP('',(#10289,#10291,#10293,#10295));
#10297=FACE_OUTER_BOUND('',#10296,.F.);
#10299=CARTESIAN_POINT('',(1.212884449066E2,2.697302387987E0,
-1.197150031276E1));
#10300=CARTESIAN_POINT('',(1.214110007275E2,1.381801075198E0,
-1.157921572702E1));
#10301=CARTESIAN_POINT('',(1.211203917759E2,4.072625101886E-1,
-1.250941562595E1));
#10302=CARTESIAN_POINT('',(1.207281071902E2,8.182456308078E-1,
-1.376506546079E1));
#10303=CARTESIAN_POINT('',(1.192245282475E2,2.697302387987E0,
-1.132670056912E1));
#10304=CARTESIAN_POINT('',(1.190577573369E2,1.381801075198E0,
-1.084402580145E1));
#10305=CARTESIAN_POINT('',(1.194532107650E2,4.072625101886E-1,
-1.198856228447E1));
#10306=CARTESIAN_POINT('',(1.199870218656E2,8.182456308078E-1,
-1.353353885083E1));
#10307=CARTESIAN_POINT('',(1.174824367172E2,2.697302387987E0,
-1.260757362484E1));
#10308=CARTESIAN_POINT('',(1.170714535966E2,1.381801075198E0,
-1.230445592071E1));
#10309=CARTESIAN_POINT('',(1.180459921616E2,4.072625101886E-1,
-1.302321997109E1));
#10310=CARTESIAN_POINT('',(1.193614934744E2,8.182456308078E-1,
-1.399345869309E1));
#10311=CARTESIAN_POINT('',(1.174824367172E2,2.697302387987E0,
-1.476986839775E1));
#10312=CARTESIAN_POINT('',(1.170714535966E2,1.381801075198E0,
-1.476986839775E1));
#10313=CARTESIAN_POINT('',(1.180459921616E2,4.072625101886E-1,
-1.476986839775E1));
#10314=CARTESIAN_POINT('',(1.193614934744E2,8.182456308078E-1,
-1.476986839775E1));
#10315=CARTESIAN_POINT('',(1.174824367172E2,2.697302387987E0,
-1.693216317067E1));
#10316=CARTESIAN_POINT('',(1.170714535966E2,1.381801075198E0,
-1.723528087480E1));
#10317=CARTESIAN_POINT('',(1.180459921616E2,4.072625101886E-1,
-1.651651682442E1));
#10318=CARTESIAN_POINT('',(1.193614934744E2,8.182456308078E-1,
-1.554627810241E1));
#10319=CARTESIAN_POINT('',(1.192245282475E2,2.697302387987E0,
-1.821303622638E1));
#10320=CARTESIAN_POINT('',(1.190577573369E2,1.381801075198E0,
-1.869571099406E1));
#10321=CARTESIAN_POINT('',(1.194532107650E2,4.072625101886E-1,
-1.755117451103E1));
#10322=CARTESIAN_POINT('',(1.199870218656E2,8.182456308078E-1,
-1.600619794468E1));
#10323=CARTESIAN_POINT('',(1.212884449066E2,2.697302387987E0,
-1.756823648274E1));
#10324=CARTESIAN_POINT('',(1.214110007275E2,1.381801075198E0,
-1.796052106849E1));
#10325=CARTESIAN_POINT('',(1.211203917759E2,4.072625101886E-1,
-1.703032116955E1));
#10326=CARTESIAN_POINT('',(1.207281071902E2,8.182456308078E-1,
-1.577467133471E1));
#10327=(BOUNDED_SURFACE()B_SPLINE_SURFACE(3,3,((#10299,#10300,#10301,#10302),(
#10303,#10304,#10305,#10306),(#10307,#10308,#10309,#10310),(#10311,#10312,
#10313,#10314),(#10315,#10316,#10317,#10318),(#10319,#10320,#10321,#10322),(
#10323,#10324,#10325,#10326)),.UNSPECIFIED.,.F.,.F.,.F.)B_SPLINE_SURFACE_WITH_KNOTS((4,3,4),(4,4),(0.E0,1.E0,2.E0),(0.E0,1.E0),.UNSPECIFIED.)GEOMETRIC_REPRESENTATION_ITEM()RATIONAL_B_SPLINE_SURFACE(((1.715747359432E0,1.102739554598E0,
1.102739554598E0,1.715747359432E0),(1.249484386480E0,8.030645352592E-1,
8.030645352592E-1,1.249484386480E0),(1.249484386480E0,8.030645352592E-1,
8.030645352592E-1,1.249484386480E0),(1.715747359432E0,1.102739554598E0,
1.102739554598E0,1.715747359432E0),(1.249484386480E0,8.030645352592E-1,
8.030645352592E-1,1.249484386480E0),(1.249484386480E0,8.030645352592E-1,
8.030645352592E-1,1.249484386480E0),(1.715747359432E0,1.102739554598E0,
1.102739554598E0,1.715747359432E0)))REPRESENTATION_ITEM('')SURFACE());
#10328=ORIENTED_EDGE('',*,*,#10294,.F.);
#10330=ORIENTED_EDGE('',*,*,#10329,.T.);
#10331=ORIENTED_EDGE('',*,*,#10290,.T.);
#10332=ORIENTED_EDGE('',*,*,#8014,.T.);
#10333=EDGE_LOOP('',(#10328,#10330,#10331,#10332));
#10334=FACE_OUTER_BOUND('',#10333,.F.);
#10336=CARTESIAN_POINT('',(1.204141910864E2,7.5E-1,-1.476986839775E1));
#10337=DIRECTION('',(0.E0,-1.E0,0.E0));
#10338=DIRECTION('',(0.E0,0.E0,-1.E0));
#10339=AXIS2_PLACEMENT_3D('',#10336,#10337,#10338);
#10340=PLANE('',#10339);
#10341=ORIENTED_EDGE('',*,*,#10292,.F.);
#10342=ORIENTED_EDGE('',*,*,#10329,.F.);
#10343=EDGE_LOOP('',(#10341,#10342));
#10344=FACE_OUTER_BOUND('',#10343,.F.);
#10346=CARTESIAN_POINT('',(1.195399372662E2,2.697302387987E0,8.678731798024E1));
#10347=CARTESIAN_POINT('',(1.194173814453E2,1.381801075198E0,8.639503339450E1));
#10348=CARTESIAN_POINT('',(1.197079903969E2,4.072625101886E-1,
8.732523329343E1));
#10349=CARTESIAN_POINT('',(1.201002749826E2,8.182456308078E-1,
8.858088312827E1));
#10350=CARTESIAN_POINT('',(1.216038539252E2,2.697302387987E0,8.614251823660E1));
#10351=CARTESIAN_POINT('',(1.217706248359E2,1.381801075198E0,8.565984346893E1));
#10352=CARTESIAN_POINT('',(1.213751714077E2,4.072625101886E-1,
8.680437995195E1));
#10353=CARTESIAN_POINT('',(1.208413603072E2,8.182456308078E-1,
8.834935651831E1));
#10354=CARTESIAN_POINT('',(1.233459454556E2,2.697302387987E0,8.742339129232E1));
#10355=CARTESIAN_POINT('',(1.237569285762E2,1.381801075198E0,8.712027358819E1));
#10356=CARTESIAN_POINT('',(1.227823900112E2,4.072625101886E-1,
8.783903763857E1));
#10357=CARTESIAN_POINT('',(1.214668886984E2,8.182456308078E-1,
8.880927636057E1));
#10358=CARTESIAN_POINT('',(1.233459454556E2,2.697302387987E0,8.958568606523E1));
#10359=CARTESIAN_POINT('',(1.237569285762E2,1.381801075198E0,8.958568606523E1));
#10360=CARTESIAN_POINT('',(1.227823900112E2,4.072625101886E-1,
8.958568606523E1));
#10361=CARTESIAN_POINT('',(1.214668886984E2,8.182456308078E-1,
8.958568606523E1));
#10362=CARTESIAN_POINT('',(1.233459454556E2,2.697302387987E0,9.174798083815E1));
#10363=CARTESIAN_POINT('',(1.237569285762E2,1.381801075198E0,9.205109854228E1));
#10364=CARTESIAN_POINT('',(1.227823900112E2,4.072625101886E-1,
9.133233449190E1));
#10365=CARTESIAN_POINT('',(1.214668886984E2,8.182456308078E-1,
9.036209576989E1));
#10366=CARTESIAN_POINT('',(1.216038539252E2,2.697302387987E0,9.302885389386E1));
#10367=CARTESIAN_POINT('',(1.217706248359E2,1.381801075198E0,9.351152866154E1));
#10368=CARTESIAN_POINT('',(1.213751714077E2,4.072625101886E-1,
9.236699217851E1));
#10369=CARTESIAN_POINT('',(1.208413603072E2,8.182456308078E-1,
9.082201561216E1));
#10370=CARTESIAN_POINT('',(1.195399372662E2,2.697302387987E0,9.238405415022E1));
#10371=CARTESIAN_POINT('',(1.194173814453E2,1.381801075198E0,9.277633873597E1));
#10372=CARTESIAN_POINT('',(1.197079903969E2,4.072625101886E-1,
9.184613883703E1));
#10373=CARTESIAN_POINT('',(1.201002749826E2,8.182456308078E-1,
9.059048900219E1));
#10374=(BOUNDED_SURFACE()B_SPLINE_SURFACE(3,3,((#10346,#10347,#10348,#10349),(
#10350,#10351,#10352,#10353),(#10354,#10355,#10356,#10357),(#10358,#10359,
#10360,#10361),(#10362,#10363,#10364,#10365),(#10366,#10367,#10368,#10369),(
#10370,#10371,#10372,#10373)),.UNSPECIFIED.,.F.,.F.,.F.)B_SPLINE_SURFACE_WITH_KNOTS((4,3,4),(4,4),(0.E0,1.E0,2.E0),(0.E0,1.E0),.UNSPECIFIED.)GEOMETRIC_REPRESENTATION_ITEM()RATIONAL_B_SPLINE_SURFACE(((1.715747359432E0,1.102739554598E0,
1.102739554598E0,1.715747359432E0),(1.249484386480E0,8.030645352592E-1,
8.030645352592E-1,1.249484386480E0),(1.249484386480E0,8.030645352592E-1,
8.030645352592E-1,1.249484386480E0),(1.715747359432E0,1.102739554598E0,
1.102739554598E0,1.715747359432E0),(1.249484386480E0,8.030645352592E-1,
8.030645352592E-1,1.249484386480E0),(1.249484386480E0,8.030645352592E-1,
8.030645352592E-1,1.249484386480E0),(1.715747359432E0,1.102739554598E0,
1.102739554598E0,1.715747359432E0)))REPRESENTATION_ITEM('')SURFACE());
#10375=ORIENTED_EDGE('',*,*,#8018,.T.);
#10377=ORIENTED_EDGE('',*,*,#10376,.F.);
#10379=ORIENTED_EDGE('',*,*,#10378,.T.);
#10381=ORIENTED_EDGE('',*,*,#10380,.T.);
#10382=EDGE_LOOP('',(#10375,#10377,#10379,#10381));
#10383=FACE_OUTER_BOUND('',#10382,.F.);
#10385=CARTESIAN_POINT('',(1.212884449066E2,2.697302387987E0,9.238405415022E1));
#10386=CARTESIAN_POINT('',(1.214110007275E2,1.381801075198E0,9.277633873597E1));
#10387=CARTESIAN_POINT('',(1.211203917759E2,4.072625101886E-1,
9.184613883703E1));
#10388=CARTESIAN_POINT('',(1.207281071902E2,8.182456308078E-1,
9.059048900219E1));
#10389=CARTESIAN_POINT('',(1.192245282475E2,2.697302387987E0,9.302885389386E1));
#10390=CARTESIAN_POINT('',(1.190577573369E2,1.381801075198E0,9.351152866154E1));
#10391=CARTESIAN_POINT('',(1.194532107650E2,4.072625101886E-1,
9.236699217851E1));
#10392=CARTESIAN_POINT('',(1.199870218656E2,8.182456308078E-1,
9.082201561216E1));
#10393=CARTESIAN_POINT('',(1.174824367172E2,2.697302387987E0,9.174798083815E1));
#10394=CARTESIAN_POINT('',(1.170714535966E2,1.381801075198E0,9.205109854228E1));
#10395=CARTESIAN_POINT('',(1.180459921616E2,4.072625101886E-1,
9.133233449190E1));
#10396=CARTESIAN_POINT('',(1.193614934744E2,8.182456308078E-1,
9.036209576989E1));
#10397=CARTESIAN_POINT('',(1.174824367172E2,2.697302387987E0,8.958568606523E1));
#10398=CARTESIAN_POINT('',(1.170714535966E2,1.381801075198E0,8.958568606523E1));
#10399=CARTESIAN_POINT('',(1.180459921616E2,4.072625101886E-1,
8.958568606523E1));
#10400=CARTESIAN_POINT('',(1.193614934744E2,8.182456308078E-1,
8.958568606523E1));
#10401=CARTESIAN_POINT('',(1.174824367172E2,2.697302387987E0,8.742339129232E1));
#10402=CARTESIAN_POINT('',(1.170714535966E2,1.381801075198E0,8.712027358819E1));
#10403=CARTESIAN_POINT('',(1.180459921616E2,4.072625101886E-1,
8.783903763857E1));
#10404=CARTESIAN_POINT('',(1.193614934744E2,8.182456308078E-1,
8.880927636057E1));
#10405=CARTESIAN_POINT('',(1.192245282475E2,2.697302387987E0,8.614251823660E1));
#10406=CARTESIAN_POINT('',(1.190577573369E2,1.381801075198E0,8.565984346893E1));
#10407=CARTESIAN_POINT('',(1.194532107650E2,4.072625101886E-1,
8.680437995195E1));
#10408=CARTESIAN_POINT('',(1.199870218656E2,8.182456308078E-1,
8.834935651831E1));
#10409=CARTESIAN_POINT('',(1.212884449066E2,2.697302387987E0,8.678731798024E1));
#10410=CARTESIAN_POINT('',(1.214110007275E2,1.381801075198E0,8.639503339450E1));
#10411=CARTESIAN_POINT('',(1.211203917759E2,4.072625101886E-1,
8.732523329343E1));
#10412=CARTESIAN_POINT('',(1.207281071902E2,8.182456308078E-1,
8.858088312827E1));
#10413=(BOUNDED_SURFACE()B_SPLINE_SURFACE(3,3,((#10385,#10386,#10387,#10388),(
#10389,#10390,#10391,#10392),(#10393,#10394,#10395,#10396),(#10397,#10398,
#10399,#10400),(#10401,#10402,#10403,#10404),(#10405,#10406,#10407,#10408),(
#10409,#10410,#10411,#10412)),.UNSPECIFIED.,.F.,.F.,.F.)B_SPLINE_SURFACE_WITH_KNOTS((4,3,4),(4,4),(0.E0,1.E0,2.E0),(0.E0,1.E0),.UNSPECIFIED.)GEOMETRIC_REPRESENTATION_ITEM()RATIONAL_B_SPLINE_SURFACE(((1.715747359432E0,1.102739554598E0,
1.102739554598E0,1.715747359432E0),(1.249484386480E0,8.030645352592E-1,
8.030645352592E-1,1.249484386480E0),(1.249484386480E0,8.030645352592E-1,
8.030645352592E-1,1.249484386480E0),(1.715747359432E0,1.102739554598E0,
1.102739554598E0,1.715747359432E0),(1.249484386480E0,8.030645352592E-1,
8.030645352592E-1,1.249484386480E0),(1.249484386480E0,8.030645352592E-1,
8.030645352592E-1,1.249484386480E0),(1.715747359432E0,1.102739554598E0,
1.102739554598E0,1.715747359432E0)))REPRESENTATION_ITEM('')SURFACE());
#10414=ORIENTED_EDGE('',*,*,#10380,.F.);
#10416=ORIENTED_EDGE('',*,*,#10415,.T.);
#10417=ORIENTED_EDGE('',*,*,#10376,.T.);
#10418=ORIENTED_EDGE('',*,*,#8020,.T.);
#10419=EDGE_LOOP('',(#10414,#10416,#10417,#10418));
#10420=FACE_OUTER_BOUND('',#10419,.F.);
#10422=CARTESIAN_POINT('',(1.204141910864E2,7.5E-1,8.958568606523E1));
#10423=DIRECTION('',(0.E0,-1.E0,0.E0));
#10424=DIRECTION('',(0.E0,0.E0,-1.E0));
#10425=AXIS2_PLACEMENT_3D('',#10422,#10423,#10424);
#10426=PLANE('',#10425);
#10427=ORIENTED_EDGE('',*,*,#10378,.F.);
#10428=ORIENTED_EDGE('',*,*,#10415,.F.);
#10429=EDGE_LOOP('',(#10427,#10428));
#10430=FACE_OUTER_BOUND('',#10429,.F.);
#10432=CARTESIAN_POINT('',(2.459842726464E2,2.697302387987E0,4.855894307725E1));
#10433=CARTESIAN_POINT('',(2.458617168255E2,1.381801075198E0,4.816665849151E1));
#10434=CARTESIAN_POINT('',(2.461523257771E2,4.072625101886E-1,
4.909685839045E1));
#10435=CARTESIAN_POINT('',(2.465446103628E2,8.182456308078E-1,
5.035250822529E1));
#10436=CARTESIAN_POINT('',(2.480481893054E2,2.697302387987E0,4.791414333362E1));
#10437=CARTESIAN_POINT('',(2.482149602161E2,1.381801075198E0,4.743146856594E1));
#10438=CARTESIAN_POINT('',(2.478195067879E2,4.072625101886E-1,
4.857600504897E1));
#10439=CARTESIAN_POINT('',(2.472856956874E2,8.182456308078E-1,
5.012098161532E1));
#10440=CARTESIAN_POINT('',(2.497902808358E2,2.697302387987E0,4.919501638933E1));
#10441=CARTESIAN_POINT('',(2.502012639564E2,1.381801075198E0,4.889189868520E1));
#10442=CARTESIAN_POINT('',(2.492267253914E2,4.072625101885E-1,
4.961066273558E1));
#10443=CARTESIAN_POINT('',(2.479112240786E2,8.182456308078E-1,
5.058090145759E1));
#10444=CARTESIAN_POINT('',(2.497902808358E2,2.697302387987E0,5.135731116225E1));
#10445=CARTESIAN_POINT('',(2.502012639564E2,1.381801075198E0,5.135731116225E1));
#10446=CARTESIAN_POINT('',(2.492267253914E2,4.072625101886E-1,
5.135731116225E1));
#10447=CARTESIAN_POINT('',(2.479112240786E2,8.182456308078E-1,
5.135731116225E1));
#10448=CARTESIAN_POINT('',(2.497902808358E2,2.697302387987E0,5.351960593516E1));
#10449=CARTESIAN_POINT('',(2.502012639564E2,1.381801075198E0,5.382272363929E1));
#10450=CARTESIAN_POINT('',(2.492267253914E2,4.072625101885E-1,
5.310395958891E1));
#10451=CARTESIAN_POINT('',(2.479112240786E2,8.182456308078E-1,
5.213372086690E1));
#10452=CARTESIAN_POINT('',(2.480481893054E2,2.697302387987E0,5.480047899088E1));
#10453=CARTESIAN_POINT('',(2.482149602161E2,1.381801075198E0,5.528315375855E1));
#10454=CARTESIAN_POINT('',(2.478195067879E2,4.072625101886E-1,
5.413861727553E1));
#10455=CARTESIAN_POINT('',(2.472856956874E2,8.182456308078E-1,
5.259364070917E1));
#10456=CARTESIAN_POINT('',(2.459842726464E2,2.697302387987E0,5.415567924724E1));
#10457=CARTESIAN_POINT('',(2.458617168255E2,1.381801075198E0,5.454796383298E1));
#10458=CARTESIAN_POINT('',(2.461523257771E2,4.072625101886E-1,
5.361776393405E1));
#10459=CARTESIAN_POINT('',(2.465446103628E2,8.182456308078E-1,
5.236211409921E1));
#10460=(BOUNDED_SURFACE()B_SPLINE_SURFACE(3,3,((#10432,#10433,#10434,#10435),(
#10436,#10437,#10438,#10439),(#10440,#10441,#10442,#10443),(#10444,#10445,
#10446,#10447),(#10448,#10449,#10450,#10451),(#10452,#10453,#10454,#10455),(
#10456,#10457,#10458,#10459)),.UNSPECIFIED.,.F.,.F.,.F.)B_SPLINE_SURFACE_WITH_KNOTS((4,3,4),(4,4),(0.E0,1.E0,2.E0),(0.E0,1.E0),.UNSPECIFIED.)GEOMETRIC_REPRESENTATION_ITEM()RATIONAL_B_SPLINE_SURFACE(((1.715747359432E0,1.102739554598E0,
1.102739554598E0,1.715747359432E0),(1.249484386480E0,8.030645352592E-1,
8.030645352592E-1,1.249484386480E0),(1.249484386480E0,8.030645352592E-1,
8.030645352592E-1,1.249484386480E0),(1.715747359432E0,1.102739554598E0,
1.102739554598E0,1.715747359432E0),(1.249484386480E0,8.030645352592E-1,
8.030645352592E-1,1.249484386480E0),(1.249484386480E0,8.030645352592E-1,
8.030645352592E-1,1.249484386480E0),(1.715747359432E0,1.102739554598E0,
1.102739554598E0,1.715747359432E0)))REPRESENTATION_ITEM('')SURFACE());
#10461=ORIENTED_EDGE('',*,*,#8024,.T.);
#10463=ORIENTED_EDGE('',*,*,#10462,.F.);
#10465=ORIENTED_EDGE('',*,*,#10464,.T.);
#10467=ORIENTED_EDGE('',*,*,#10466,.T.);
#10468=EDGE_LOOP('',(#10461,#10463,#10465,#10467));
#10469=FACE_OUTER_BOUND('',#10468,.F.);
#10471=CARTESIAN_POINT('',(2.477327802868E2,2.697302387987E0,5.415567924724E1));
#10472=CARTESIAN_POINT('',(2.478553361077E2,1.381801075198E0,5.454796383298E1));
#10473=CARTESIAN_POINT('',(2.475647271561E2,4.072625101886E-1,
5.361776393405E1));
#10474=CARTESIAN_POINT('',(2.471724425704E2,8.182456308078E-1,
5.236211409921E1));
#10475=CARTESIAN_POINT('',(2.456688636277E2,2.697302387987E0,5.480047899088E1));
#10476=CARTESIAN_POINT('',(2.455020927171E2,1.381801075198E0,5.528315375855E1));
#10477=CARTESIAN_POINT('',(2.458975461452E2,4.072625101886E-1,
5.413861727553E1));
#10478=CARTESIAN_POINT('',(2.464313572458E2,8.182456308078E-1,
5.259364070917E1));
#10479=CARTESIAN_POINT('',(2.439267720974E2,2.697302387987E0,5.351960593516E1));
#10480=CARTESIAN_POINT('',(2.435157889768E2,1.381801075198E0,5.382272363929E1));
#10481=CARTESIAN_POINT('',(2.444903275418E2,4.072625101886E-1,
5.310395958891E1));
#10482=CARTESIAN_POINT('',(2.458058288546E2,8.182456308078E-1,
5.213372086690E1));
#10483=CARTESIAN_POINT('',(2.439267720974E2,2.697302387987E0,5.135731116225E1));
#10484=CARTESIAN_POINT('',(2.435157889768E2,1.381801075198E0,5.135731116225E1));
#10485=CARTESIAN_POINT('',(2.444903275418E2,4.072625101886E-1,
5.135731116225E1));
#10486=CARTESIAN_POINT('',(2.458058288546E2,8.182456308078E-1,
5.135731116225E1));
#10487=CARTESIAN_POINT('',(2.439267720974E2,2.697302387987E0,4.919501638933E1));
#10488=CARTESIAN_POINT('',(2.435157889768E2,1.381801075198E0,4.889189868520E1));
#10489=CARTESIAN_POINT('',(2.444903275418E2,4.072625101886E-1,
4.961066273558E1));
#10490=CARTESIAN_POINT('',(2.458058288546E2,8.182456308078E-1,
5.058090145759E1));
#10491=CARTESIAN_POINT('',(2.456688636277E2,2.697302387987E0,4.791414333362E1));
#10492=CARTESIAN_POINT('',(2.455020927171E2,1.381801075198E0,4.743146856594E1));
#10493=CARTESIAN_POINT('',(2.458975461452E2,4.072625101886E-1,
4.857600504897E1));
#10494=CARTESIAN_POINT('',(2.464313572458E2,8.182456308078E-1,
5.012098161532E1));
#10495=CARTESIAN_POINT('',(2.477327802868E2,2.697302387987E0,4.855894307725E1));
#10496=CARTESIAN_POINT('',(2.478553361077E2,1.381801075198E0,4.816665849151E1));
#10497=CARTESIAN_POINT('',(2.475647271561E2,4.072625101886E-1,
4.909685839045E1));
#10498=CARTESIAN_POINT('',(2.471724425704E2,8.182456308078E-1,
5.035250822529E1));
#10499=(BOUNDED_SURFACE()B_SPLINE_SURFACE(3,3,((#10471,#10472,#10473,#10474),(
#10475,#10476,#10477,#10478),(#10479,#10480,#10481,#10482),(#10483,#10484,
#10485,#10486),(#10487,#10488,#10489,#10490),(#10491,#10492,#10493,#10494),(
#10495,#10496,#10497,#10498)),.UNSPECIFIED.,.F.,.F.,.F.)B_SPLINE_SURFACE_WITH_KNOTS((4,3,4),(4,4),(0.E0,1.E0,2.E0),(0.E0,1.E0),.UNSPECIFIED.)GEOMETRIC_REPRESENTATION_ITEM()RATIONAL_B_SPLINE_SURFACE(((1.715747359432E0,1.102739554598E0,
1.102739554598E0,1.715747359432E0),(1.249484386480E0,8.030645352592E-1,
8.030645352592E-1,1.249484386480E0),(1.249484386480E0,8.030645352592E-1,
8.030645352592E-1,1.249484386480E0),(1.715747359432E0,1.102739554598E0,
1.102739554598E0,1.715747359432E0),(1.249484386480E0,8.030645352592E-1,
8.030645352592E-1,1.249484386480E0),(1.249484386480E0,8.030645352592E-1,
8.030645352592E-1,1.249484386480E0),(1.715747359432E0,1.102739554598E0,
1.102739554598E0,1.715747359432E0)))REPRESENTATION_ITEM('')SURFACE());
#10500=ORIENTED_EDGE('',*,*,#10466,.F.);
#10502=ORIENTED_EDGE('',*,*,#10501,.T.);
#10503=ORIENTED_EDGE('',*,*,#10462,.T.);
#10504=ORIENTED_EDGE('',*,*,#8026,.T.);
#10505=EDGE_LOOP('',(#10500,#10502,#10503,#10504));
#10506=FACE_OUTER_BOUND('',#10505,.F.);
#10508=CARTESIAN_POINT('',(2.468585264666E2,7.5E-1,5.135731116225E1));
#10509=DIRECTION('',(0.E0,-1.E0,0.E0));
#10510=DIRECTION('',(0.E0,0.E0,-1.E0));
#10511=AXIS2_PLACEMENT_3D('',#10508,#10509,#10510);
#10512=PLANE('',#10511);
#10513=ORIENTED_EDGE('',*,*,#10464,.F.);
#10514=ORIENTED_EDGE('',*,*,#10501,.F.);
#10515=EDGE_LOOP('',(#10513,#10514));
#10516=FACE_OUTER_BOUND('',#10515,.F.);
#10518=CARTESIAN_POINT('',(2.515E2,6.605E1,-2.02E1));
#10519=DIRECTION('',(1.E0,0.E0,0.E0));
#10520=DIRECTION('',(0.E0,0.E0,-1.E0));
#10521=AXIS2_PLACEMENT_3D('',#10518,#10519,#10520);
#10522=PLANE('',#10521);
#10523=ORIENTED_EDGE('',*,*,#7903,.F.);
#10525=ORIENTED_EDGE('',*,*,#10524,.T.);
#10527=ORIENTED_EDGE('',*,*,#10526,.T.);
#10528=ORIENTED_EDGE('',*,*,#7966,.F.);
#10529=EDGE_LOOP('',(#10523,#10525,#10527,#10528));
#10530=FACE_OUTER_BOUND('',#10529,.F.);
#10532=CARTESIAN_POINT('',(2.515E2,6.605E1,5.83E1));
#10533=DIRECTION('',(0.E0,0.E0,1.E0));
#10534=DIRECTION('',(1.E0,0.E0,0.E0));
#10535=AXIS2_PLACEMENT_3D('',#10532,#10533,#10534);
#10536=PLANE('',#10535);
#10537=ORIENTED_EDGE('',*,*,#7901,.F.);
#10539=ORIENTED_EDGE('',*,*,#10538,.T.);
#10541=ORIENTED_EDGE('',*,*,#10540,.T.);
#10542=ORIENTED_EDGE('',*,*,#10524,.F.);
#10543=EDGE_LOOP('',(#10537,#10539,#10541,#10542));
#10544=FACE_OUTER_BOUND('',#10543,.F.);
#10546=CARTESIAN_POINT('',(1.845E2,6.605E1,6.43E1));
#10547=DIRECTION('',(0.E0,-1.E0,0.E0));
#10548=DIRECTION('',(0.E0,0.E0,-1.E0));
#10549=AXIS2_PLACEMENT_3D('',#10546,#10547,#10548);
#10550=CYLINDRICAL_SURFACE('',#10549,6.E0);
#10551=ORIENTED_EDGE('',*,*,#7899,.T.);
#10553=ORIENTED_EDGE('',*,*,#10552,.F.);
#10555=ORIENTED_EDGE('',*,*,#10554,.T.);
#10556=ORIENTED_EDGE('',*,*,#10538,.F.);
#10557=EDGE_LOOP('',(#10551,#10553,#10555,#10556));
#10558=FACE_OUTER_BOUND('',#10557,.F.);
#10560=CARTESIAN_POINT('',(1.785E2,6.605E1,6.43E1));
#10561=DIRECTION('',(1.E0,0.E0,0.E0));
#10562=DIRECTION('',(0.E0,0.E0,-1.E0));
#10563=AXIS2_PLACEMENT_3D('',#10560,#10561,#10562);
#10564=PLANE('',#10563);
#10565=ORIENTED_EDGE('',*,*,#7897,.F.);
#10567=ORIENTED_EDGE('',*,*,#10566,.T.);
#10569=ORIENTED_EDGE('',*,*,#10568,.T.);
#10570=ORIENTED_EDGE('',*,*,#10552,.T.);
#10571=EDGE_LOOP('',(#10565,#10567,#10569,#10570));
#10572=FACE_OUTER_BOUND('',#10571,.F.);
#10574=CARTESIAN_POINT('',(1.785E2,6.605E1,8.06E1));
#10575=DIRECTION('',(2.747211278974E-1,0.E0,9.615239476408E-1));
#10576=DIRECTION('',(9.615239476408E-1,0.E0,-2.747211278974E-1));
#10577=AXIS2_PLACEMENT_3D('',#10574,#10575,#10576);
#10578=PLANE('',#10577);
#10579=ORIENTED_EDGE('',*,*,#7895,.T.);
#10581=ORIENTED_EDGE('',*,*,#10580,.T.);
#10583=ORIENTED_EDGE('',*,*,#10582,.T.);
#10584=ORIENTED_EDGE('',*,*,#10566,.F.);
#10585=EDGE_LOOP('',(#10579,#10581,#10583,#10584));
#10586=FACE_OUTER_BOUND('',#10585,.F.);
#10588=CARTESIAN_POINT('',(1.225E2,6.605E1,9.66E1));
#10589=DIRECTION('',(0.E0,0.E0,1.E0));
#10590=DIRECTION('',(1.E0,0.E0,0.E0));
#10591=AXIS2_PLACEMENT_3D('',#10588,#10589,#10590);
#10592=PLANE('',#10591);
#10593=ORIENTED_EDGE('',*,*,#7893,.F.);
#10594=ORIENTED_EDGE('',*,*,#7940,.T.);
#10596=ORIENTED_EDGE('',*,*,#10595,.T.);
#10597=ORIENTED_EDGE('',*,*,#10580,.F.);
#10598=EDGE_LOOP('',(#10593,#10594,#10596,#10597));
#10599=FACE_OUTER_BOUND('',#10598,.F.);
#10601=CARTESIAN_POINT('',(1.845E2,6.605E1,6.43E1));
#10602=DIRECTION('',(0.E0,1.E0,0.E0));
#10603=DIRECTION('',(0.E0,0.E0,1.E0));
#10604=AXIS2_PLACEMENT_3D('',#10601,#10602,#10603);
#10605=PLANE('',#10604);
#10606=ORIENTED_EDGE('',*,*,#10582,.F.);
#10607=ORIENTED_EDGE('',*,*,#10595,.F.);
#10608=ORIENTED_EDGE('',*,*,#7938,.F.);
#10609=ORIENTED_EDGE('',*,*,#7968,.F.);
#10610=ORIENTED_EDGE('',*,*,#10526,.F.);
#10611=ORIENTED_EDGE('',*,*,#10540,.F.);
#10612=ORIENTED_EDGE('',*,*,#10554,.F.);
#10613=ORIENTED_EDGE('',*,*,#10568,.F.);
#10614=EDGE_LOOP('',(#10606,#10607,#10608,#10609,#10610,#10611,#10612,#10613));
#10615=FACE_OUTER_BOUND('',#10614,.F.);
#10617=ORIENTED_EDGE('',*,*,#10616,.F.);
#10619=ORIENTED_EDGE('',*,*,#10618,.F.);
#10620=EDGE_LOOP('',(#10617,#10619));
#10621=FACE_BOUND('',#10620,.F.);
#10623=ORIENTED_EDGE('',*,*,#10622,.F.);
#10625=ORIENTED_EDGE('',*,*,#10624,.F.);
#10626=EDGE_LOOP('',(#10623,#10625));
#10627=FACE_BOUND('',#10626,.F.);
#10629=ORIENTED_EDGE('',*,*,#10628,.F.);
#10631=ORIENTED_EDGE('',*,*,#10630,.F.);
#10632=EDGE_LOOP('',(#10629,#10631));
#10633=FACE_BOUND('',#10632,.F.);
#10635=ORIENTED_EDGE('',*,*,#10634,.F.);
#10637=ORIENTED_EDGE('',*,*,#10636,.F.);
#10638=EDGE_LOOP('',(#10635,#10637));
#10639=FACE_BOUND('',#10638,.F.);
#10641=CARTESIAN_POINT('',(2.459842726464E2,6.560269761201E1,
-1.197150031276E1));
#10642=CARTESIAN_POINT('',(2.458617168255E2,6.691819892480E1,
-1.157921572702E1));
#10643=CARTESIAN_POINT('',(2.461523257771E2,6.789273748981E1,
-1.250941562595E1));
#10644=CARTESIAN_POINT('',(2.465446103628E2,6.748175436919E1,
-1.376506546079E1));
#10645=CARTESIAN_POINT('',(2.480481893054E2,6.560269761201E1,
-1.132670056912E1));
#10646=CARTESIAN_POINT('',(2.482149602161E2,6.691819892480E1,
-1.084402580145E1));
#10647=CARTESIAN_POINT('',(2.478195067879E2,6.789273748981E1,
-1.198856228447E1));
#10648=CARTESIAN_POINT('',(2.472856956874E2,6.748175436919E1,
-1.353353885083E1));
#10649=CARTESIAN_POINT('',(2.497902808358E2,6.560269761201E1,
-1.260757362484E1));
#10650=CARTESIAN_POINT('',(2.502012639564E2,6.691819892480E1,
-1.230445592071E1));
#10651=CARTESIAN_POINT('',(2.492267253914E2,6.789273748981E1,
-1.302321997109E1));
#10652=CARTESIAN_POINT('',(2.479112240786E2,6.748175436919E1,
-1.399345869309E1));
#10653=CARTESIAN_POINT('',(2.497902808358E2,6.560269761201E1,
-1.476986839775E1));
#10654=CARTESIAN_POINT('',(2.502012639564E2,6.691819892480E1,
-1.476986839775E1));
#10655=CARTESIAN_POINT('',(2.492267253914E2,6.789273748981E1,
-1.476986839775E1));
#10656=CARTESIAN_POINT('',(2.479112240786E2,6.748175436919E1,
-1.476986839775E1));
#10657=CARTESIAN_POINT('',(2.497902808358E2,6.560269761201E1,
-1.693216317067E1));
#10658=CARTESIAN_POINT('',(2.502012639564E2,6.691819892480E1,
-1.723528087480E1));
#10659=CARTESIAN_POINT('',(2.492267253914E2,6.789273748981E1,
-1.651651682442E1));
#10660=CARTESIAN_POINT('',(2.479112240786E2,6.748175436919E1,
-1.554627810241E1));
#10661=CARTESIAN_POINT('',(2.480481893054E2,6.560269761201E1,
-1.821303622638E1));
#10662=CARTESIAN_POINT('',(2.482149602161E2,6.691819892480E1,
-1.869571099406E1));
#10663=CARTESIAN_POINT('',(2.478195067879E2,6.789273748981E1,
-1.755117451103E1));
#10664=CARTESIAN_POINT('',(2.472856956874E2,6.748175436919E1,
-1.600619794468E1));
#10665=CARTESIAN_POINT('',(2.459842726464E2,6.560269761201E1,
-1.756823648274E1));
#10666=CARTESIAN_POINT('',(2.458617168255E2,6.691819892480E1,
-1.796052106849E1));
#10667=CARTESIAN_POINT('',(2.461523257771E2,6.789273748981E1,
-1.703032116955E1));
#10668=CARTESIAN_POINT('',(2.465446103628E2,6.748175436919E1,
-1.577467133471E1));
#10669=(BOUNDED_SURFACE()B_SPLINE_SURFACE(3,3,((#10641,#10642,#10643,#10644),(
#10645,#10646,#10647,#10648),(#10649,#10650,#10651,#10652),(#10653,#10654,
#10655,#10656),(#10657,#10658,#10659,#10660),(#10661,#10662,#10663,#10664),(
#10665,#10666,#10667,#10668)),.UNSPECIFIED.,.F.,.F.,.F.)B_SPLINE_SURFACE_WITH_KNOTS((4,3,4),(4,4),(0.E0,1.E0,2.E0),(0.E0,1.E0),.UNSPECIFIED.)GEOMETRIC_REPRESENTATION_ITEM()RATIONAL_B_SPLINE_SURFACE(((1.715747359432E0,1.102739554598E0,
1.102739554598E0,1.715747359432E0),(1.249484386480E0,8.030645352592E-1,
8.030645352592E-1,1.249484386480E0),(1.249484386480E0,8.030645352592E-1,
8.030645352592E-1,1.249484386480E0),(1.715747359432E0,1.102739554598E0,
1.102739554598E0,1.715747359432E0),(1.249484386480E0,8.030645352592E-1,
8.030645352592E-1,1.249484386480E0),(1.249484386480E0,8.030645352592E-1,
8.030645352592E-1,1.249484386480E0),(1.715747359432E0,1.102739554598E0,
1.102739554598E0,1.715747359432E0)))REPRESENTATION_ITEM('')SURFACE());
#10670=ORIENTED_EDGE('',*,*,#10616,.T.);
#10672=ORIENTED_EDGE('',*,*,#10671,.F.);
#10674=ORIENTED_EDGE('',*,*,#10673,.T.);
#10676=ORIENTED_EDGE('',*,*,#10675,.T.);
#10677=EDGE_LOOP('',(#10670,#10672,#10674,#10676));
#10678=FACE_OUTER_BOUND('',#10677,.F.);
#10680=CARTESIAN_POINT('',(2.477327802868E2,6.560269761201E1,
-1.756823648274E1));
#10681=CARTESIAN_POINT('',(2.478553361077E2,6.691819892480E1,
-1.796052106849E1));
#10682=CARTESIAN_POINT('',(2.475647271561E2,6.789273748981E1,
-1.703032116955E1));
#10683=CARTESIAN_POINT('',(2.471724425704E2,6.748175436919E1,
-1.577467133471E1));
#10684=CARTESIAN_POINT('',(2.456688636277E2,6.560269761201E1,
-1.821303622638E1));
#10685=CARTESIAN_POINT('',(2.455020927171E2,6.691819892480E1,
-1.869571099406E1));
#10686=CARTESIAN_POINT('',(2.458975461452E2,6.789273748981E1,
-1.755117451103E1));
#10687=CARTESIAN_POINT('',(2.464313572458E2,6.748175436919E1,
-1.600619794468E1));
#10688=CARTESIAN_POINT('',(2.439267720974E2,6.560269761201E1,
-1.693216317067E1));
#10689=CARTESIAN_POINT('',(2.435157889768E2,6.691819892480E1,
-1.723528087480E1));
#10690=CARTESIAN_POINT('',(2.444903275418E2,6.789273748981E1,
-1.651651682442E1));
#10691=CARTESIAN_POINT('',(2.458058288546E2,6.748175436919E1,
-1.554627810241E1));
#10692=CARTESIAN_POINT('',(2.439267720974E2,6.560269761201E1,
-1.476986839775E1));
#10693=CARTESIAN_POINT('',(2.435157889768E2,6.691819892480E1,
-1.476986839775E1));
#10694=CARTESIAN_POINT('',(2.444903275418E2,6.789273748981E1,
-1.476986839775E1));
#10695=CARTESIAN_POINT('',(2.458058288546E2,6.748175436919E1,
-1.476986839775E1));
#10696=CARTESIAN_POINT('',(2.439267720974E2,6.560269761201E1,
-1.260757362484E1));
#10697=CARTESIAN_POINT('',(2.435157889768E2,6.691819892480E1,
-1.230445592071E1));
#10698=CARTESIAN_POINT('',(2.444903275418E2,6.789273748981E1,
-1.302321997109E1));
#10699=CARTESIAN_POINT('',(2.458058288546E2,6.748175436919E1,
-1.399345869309E1));
#10700=CARTESIAN_POINT('',(2.456688636277E2,6.560269761201E1,
-1.132670056912E1));
#10701=CARTESIAN_POINT('',(2.455020927171E2,6.691819892480E1,
-1.084402580145E1));
#10702=CARTESIAN_POINT('',(2.458975461452E2,6.789273748981E1,
-1.198856228447E1));
#10703=CARTESIAN_POINT('',(2.464313572458E2,6.748175436919E1,
-1.353353885083E1));
#10704=CARTESIAN_POINT('',(2.477327802868E2,6.560269761201E1,
-1.197150031276E1));
#10705=CARTESIAN_POINT('',(2.478553361077E2,6.691819892480E1,
-1.157921572702E1));
#10706=CARTESIAN_POINT('',(2.475647271561E2,6.789273748981E1,
-1.250941562595E1));
#10707=CARTESIAN_POINT('',(2.471724425704E2,6.748175436919E1,
-1.376506546079E1));
#10708=(BOUNDED_SURFACE()B_SPLINE_SURFACE(3,3,((#10680,#10681,#10682,#10683),(
#10684,#10685,#10686,#10687),(#10688,#10689,#10690,#10691),(#10692,#10693,
#10694,#10695),(#10696,#10697,#10698,#10699),(#10700,#10701,#10702,#10703),(
#10704,#10705,#10706,#10707)),.UNSPECIFIED.,.F.,.F.,.F.)B_SPLINE_SURFACE_WITH_KNOTS((4,3,4),(4,4),(0.E0,1.E0,2.E0),(0.E0,1.E0),.UNSPECIFIED.)GEOMETRIC_REPRESENTATION_ITEM()RATIONAL_B_SPLINE_SURFACE(((1.715747359432E0,1.102739554598E0,
1.102739554598E0,1.715747359432E0),(1.249484386480E0,8.030645352592E-1,
8.030645352592E-1,1.249484386480E0),(1.249484386480E0,8.030645352592E-1,
8.030645352592E-1,1.249484386480E0),(1.715747359432E0,1.102739554598E0,
1.102739554598E0,1.715747359432E0),(1.249484386480E0,8.030645352592E-1,
8.030645352592E-1,1.249484386480E0),(1.249484386480E0,8.030645352592E-1,
8.030645352592E-1,1.249484386480E0),(1.715747359432E0,1.102739554598E0,
1.102739554598E0,1.715747359432E0)))REPRESENTATION_ITEM('')SURFACE());
#10709=ORIENTED_EDGE('',*,*,#10675,.F.);
#10711=ORIENTED_EDGE('',*,*,#10710,.T.);
#10712=ORIENTED_EDGE('',*,*,#10671,.T.);
#10713=ORIENTED_EDGE('',*,*,#10618,.T.);
#10714=EDGE_LOOP('',(#10709,#10711,#10712,#10713));
#10715=FACE_OUTER_BOUND('',#10714,.F.);
#10717=CARTESIAN_POINT('',(2.468585264666E2,6.755E1,-1.476986839775E1));
#10718=DIRECTION('',(0.E0,1.E0,0.E0));
#10719=DIRECTION('',(0.E0,0.E0,1.E0));
#10720=AXIS2_PLACEMENT_3D('',#10717,#10718,#10719);
#10721=PLANE('',#10720);
#10722=ORIENTED_EDGE('',*,*,#10673,.F.);
#10723=ORIENTED_EDGE('',*,*,#10710,.F.);
#10724=EDGE_LOOP('',(#10722,#10723));
#10725=FACE_OUTER_BOUND('',#10724,.F.);
#10727=CARTESIAN_POINT('',(1.195399372662E2,6.560269761201E1,9.238405415022E1));
#10728=CARTESIAN_POINT('',(1.194173814453E2,6.691819892480E1,9.277633873597E1));
#10729=CARTESIAN_POINT('',(1.197079903969E2,6.789273748981E1,9.184613883703E1));
#10730=CARTESIAN_POINT('',(1.201002749826E2,6.748175436919E1,9.059048900219E1));
#10731=CARTESIAN_POINT('',(1.216038539252E2,6.560269761201E1,9.302885389386E1));
#10732=CARTESIAN_POINT('',(1.217706248359E2,6.691819892480E1,9.351152866154E1));
#10733=CARTESIAN_POINT('',(1.213751714077E2,6.789273748981E1,9.236699217851E1));
#10734=CARTESIAN_POINT('',(1.208413603072E2,6.748175436919E1,9.082201561216E1));
#10735=CARTESIAN_POINT('',(1.233459454556E2,6.560269761201E1,9.174798083815E1));
#10736=CARTESIAN_POINT('',(1.237569285762E2,6.691819892480E1,9.205109854228E1));
#10737=CARTESIAN_POINT('',(1.227823900112E2,6.789273748981E1,9.133233449190E1));
#10738=CARTESIAN_POINT('',(1.214668886984E2,6.748175436919E1,9.036209576989E1));
#10739=CARTESIAN_POINT('',(1.233459454556E2,6.560269761201E1,8.958568606523E1));
#10740=CARTESIAN_POINT('',(1.237569285762E2,6.691819892480E1,8.958568606523E1));
#10741=CARTESIAN_POINT('',(1.227823900112E2,6.789273748981E1,8.958568606523E1));
#10742=CARTESIAN_POINT('',(1.214668886984E2,6.748175436919E1,8.958568606523E1));
#10743=CARTESIAN_POINT('',(1.233459454556E2,6.560269761201E1,8.742339129232E1));
#10744=CARTESIAN_POINT('',(1.237569285762E2,6.691819892480E1,8.712027358819E1));
#10745=CARTESIAN_POINT('',(1.227823900112E2,6.789273748981E1,8.783903763857E1));
#10746=CARTESIAN_POINT('',(1.214668886984E2,6.748175436919E1,8.880927636057E1));
#10747=CARTESIAN_POINT('',(1.216038539252E2,6.560269761201E1,8.614251823660E1));
#10748=CARTESIAN_POINT('',(1.217706248359E2,6.691819892480E1,8.565984346893E1));
#10749=CARTESIAN_POINT('',(1.213751714077E2,6.789273748981E1,8.680437995195E1));
#10750=CARTESIAN_POINT('',(1.208413603072E2,6.748175436919E1,8.834935651831E1));
#10751=CARTESIAN_POINT('',(1.195399372662E2,6.560269761201E1,8.678731798024E1));
#10752=CARTESIAN_POINT('',(1.194173814453E2,6.691819892480E1,8.639503339450E1));
#10753=CARTESIAN_POINT('',(1.197079903969E2,6.789273748981E1,8.732523329343E1));
#10754=CARTESIAN_POINT('',(1.201002749826E2,6.748175436919E1,8.858088312827E1));
#10755=(BOUNDED_SURFACE()B_SPLINE_SURFACE(3,3,((#10727,#10728,#10729,#10730),(
#10731,#10732,#10733,#10734),(#10735,#10736,#10737,#10738),(#10739,#10740,
#10741,#10742),(#10743,#10744,#10745,#10746),(#10747,#10748,#10749,#10750),(
#10751,#10752,#10753,#10754)),.UNSPECIFIED.,.F.,.F.,.F.)B_SPLINE_SURFACE_WITH_KNOTS((4,3,4),(4,4),(0.E0,1.E0,2.E0),(0.E0,1.E0),.UNSPECIFIED.)GEOMETRIC_REPRESENTATION_ITEM()RATIONAL_B_SPLINE_SURFACE(((1.715747359432E0,1.102739554598E0,
1.102739554598E0,1.715747359432E0),(1.249484386480E0,8.030645352592E-1,
8.030645352592E-1,1.249484386480E0),(1.249484386480E0,8.030645352592E-1,
8.030645352592E-1,1.249484386480E0),(1.715747359432E0,1.102739554598E0,
1.102739554598E0,1.715747359432E0),(1.249484386480E0,8.030645352592E-1,
8.030645352592E-1,1.249484386480E0),(1.249484386480E0,8.030645352592E-1,
8.030645352592E-1,1.249484386480E0),(1.715747359432E0,1.102739554598E0,
1.102739554598E0,1.715747359432E0)))REPRESENTATION_ITEM('')SURFACE());
#10756=ORIENTED_EDGE('',*,*,#10622,.T.);
#10758=ORIENTED_EDGE('',*,*,#10757,.F.);
#10760=ORIENTED_EDGE('',*,*,#10759,.T.);
#10762=ORIENTED_EDGE('',*,*,#10761,.T.);
#10763=EDGE_LOOP('',(#10756,#10758,#10760,#10762));
#10764=FACE_OUTER_BOUND('',#10763,.F.);
#10766=CARTESIAN_POINT('',(1.212884449066E2,6.560269761201E1,8.678731798024E1));
#10767=CARTESIAN_POINT('',(1.214110007275E2,6.691819892480E1,8.639503339450E1));
#10768=CARTESIAN_POINT('',(1.211203917759E2,6.789273748981E1,8.732523329343E1));
#10769=CARTESIAN_POINT('',(1.207281071902E2,6.748175436919E1,8.858088312827E1));
#10770=CARTESIAN_POINT('',(1.192245282475E2,6.560269761201E1,8.614251823660E1));
#10771=CARTESIAN_POINT('',(1.190577573369E2,6.691819892480E1,8.565984346893E1));
#10772=CARTESIAN_POINT('',(1.194532107650E2,6.789273748981E1,8.680437995195E1));
#10773=CARTESIAN_POINT('',(1.199870218656E2,6.748175436919E1,8.834935651831E1));
#10774=CARTESIAN_POINT('',(1.174824367172E2,6.560269761201E1,8.742339129232E1));
#10775=CARTESIAN_POINT('',(1.170714535966E2,6.691819892480E1,8.712027358819E1));
#10776=CARTESIAN_POINT('',(1.180459921616E2,6.789273748981E1,8.783903763857E1));
#10777=CARTESIAN_POINT('',(1.193614934744E2,6.748175436919E1,8.880927636057E1));
#10778=CARTESIAN_POINT('',(1.174824367172E2,6.560269761201E1,8.958568606523E1));
#10779=CARTESIAN_POINT('',(1.170714535966E2,6.691819892480E1,8.958568606523E1));
#10780=CARTESIAN_POINT('',(1.180459921616E2,6.789273748981E1,8.958568606523E1));
#10781=CARTESIAN_POINT('',(1.193614934744E2,6.748175436919E1,8.958568606523E1));
#10782=CARTESIAN_POINT('',(1.174824367172E2,6.560269761201E1,9.174798083815E1));
#10783=CARTESIAN_POINT('',(1.170714535966E2,6.691819892480E1,9.205109854228E1));
#10784=CARTESIAN_POINT('',(1.180459921616E2,6.789273748981E1,9.133233449190E1));
#10785=CARTESIAN_POINT('',(1.193614934744E2,6.748175436919E1,9.036209576989E1));
#10786=CARTESIAN_POINT('',(1.192245282475E2,6.560269761201E1,9.302885389386E1));
#10787=CARTESIAN_POINT('',(1.190577573369E2,6.691819892480E1,9.351152866154E1));
#10788=CARTESIAN_POINT('',(1.194532107650E2,6.789273748981E1,9.236699217851E1));
#10789=CARTESIAN_POINT('',(1.199870218656E2,6.748175436919E1,9.082201561216E1));
#10790=CARTESIAN_POINT('',(1.212884449066E2,6.560269761201E1,9.238405415022E1));
#10791=CARTESIAN_POINT('',(1.214110007275E2,6.691819892480E1,9.277633873597E1));
#10792=CARTESIAN_POINT('',(1.211203917759E2,6.789273748981E1,9.184613883703E1));
#10793=CARTESIAN_POINT('',(1.207281071902E2,6.748175436919E1,9.059048900219E1));
#10794=(BOUNDED_SURFACE()B_SPLINE_SURFACE(3,3,((#10766,#10767,#10768,#10769),(
#10770,#10771,#10772,#10773),(#10774,#10775,#10776,#10777),(#10778,#10779,
#10780,#10781),(#10782,#10783,#10784,#10785),(#10786,#10787,#10788,#10789),(
#10790,#10791,#10792,#10793)),.UNSPECIFIED.,.F.,.F.,.F.)B_SPLINE_SURFACE_WITH_KNOTS((4,3,4),(4,4),(0.E0,1.E0,2.E0),(0.E0,1.E0),.UNSPECIFIED.)GEOMETRIC_REPRESENTATION_ITEM()RATIONAL_B_SPLINE_SURFACE(((1.715747359432E0,1.102739554598E0,
1.102739554598E0,1.715747359432E0),(1.249484386480E0,8.030645352592E-1,
8.030645352592E-1,1.249484386480E0),(1.249484386480E0,8.030645352592E-1,
8.030645352592E-1,1.249484386480E0),(1.715747359432E0,1.102739554598E0,
1.102739554598E0,1.715747359432E0),(1.249484386480E0,8.030645352592E-1,
8.030645352592E-1,1.249484386480E0),(1.249484386480E0,8.030645352592E-1,
8.030645352592E-1,1.249484386480E0),(1.715747359432E0,1.102739554598E0,
1.102739554598E0,1.715747359432E0)))REPRESENTATION_ITEM('')SURFACE());
#10795=ORIENTED_EDGE('',*,*,#10761,.F.);
#10797=ORIENTED_EDGE('',*,*,#10796,.T.);
#10798=ORIENTED_EDGE('',*,*,#10757,.T.);
#10799=ORIENTED_EDGE('',*,*,#10624,.T.);
#10800=EDGE_LOOP('',(#10795,#10797,#10798,#10799));
#10801=FACE_OUTER_BOUND('',#10800,.F.);
#10803=CARTESIAN_POINT('',(1.204141910864E2,6.755E1,8.958568606523E1));
#10804=DIRECTION('',(0.E0,1.E0,0.E0));
#10805=DIRECTION('',(0.E0,0.E0,1.E0));
#10806=AXIS2_PLACEMENT_3D('',#10803,#10804,#10805);
#10807=PLANE('',#10806);
#10808=ORIENTED_EDGE('',*,*,#10759,.F.);
#10809=ORIENTED_EDGE('',*,*,#10796,.F.);
#10810=EDGE_LOOP('',(#10808,#10809));
#10811=FACE_OUTER_BOUND('',#10810,.F.);
#10813=CARTESIAN_POINT('',(1.195399372662E2,6.560269761201E1,
-1.197150031276E1));
#10814=CARTESIAN_POINT('',(1.194173814453E2,6.691819892480E1,
-1.157921572702E1));
#10815=CARTESIAN_POINT('',(1.197079903969E2,6.789273748981E1,
-1.250941562595E1));
#10816=CARTESIAN_POINT('',(1.201002749826E2,6.748175436919E1,
-1.376506546079E1));
#10817=CARTESIAN_POINT('',(1.216038539252E2,6.560269761201E1,
-1.132670056912E1));
#10818=CARTESIAN_POINT('',(1.217706248359E2,6.691819892480E1,
-1.084402580145E1));
#10819=CARTESIAN_POINT('',(1.213751714077E2,6.789273748981E1,
-1.198856228447E1));
#10820=CARTESIAN_POINT('',(1.208413603072E2,6.748175436919E1,
-1.353353885083E1));
#10821=CARTESIAN_POINT('',(1.233459454556E2,6.560269761201E1,
-1.260757362484E1));
#10822=CARTESIAN_POINT('',(1.237569285762E2,6.691819892480E1,
-1.230445592071E1));
#10823=CARTESIAN_POINT('',(1.227823900112E2,6.789273748981E1,
-1.302321997109E1));
#10824=CARTESIAN_POINT('',(1.214668886984E2,6.748175436919E1,
-1.399345869309E1));
#10825=CARTESIAN_POINT('',(1.233459454556E2,6.560269761201E1,
-1.476986839775E1));
#10826=CARTESIAN_POINT('',(1.237569285762E2,6.691819892480E1,
-1.476986839775E1));
#10827=CARTESIAN_POINT('',(1.227823900112E2,6.789273748981E1,
-1.476986839775E1));
#10828=CARTESIAN_POINT('',(1.214668886984E2,6.748175436919E1,
-1.476986839775E1));
#10829=CARTESIAN_POINT('',(1.233459454556E2,6.560269761201E1,
-1.693216317067E1));
#10830=CARTESIAN_POINT('',(1.237569285762E2,6.691819892480E1,
-1.723528087480E1));
#10831=CARTESIAN_POINT('',(1.227823900112E2,6.789273748981E1,
-1.651651682442E1));
#10832=CARTESIAN_POINT('',(1.214668886984E2,6.748175436919E1,
-1.554627810241E1));
#10833=CARTESIAN_POINT('',(1.216038539252E2,6.560269761201E1,
-1.821303622638E1));
#10834=CARTESIAN_POINT('',(1.217706248359E2,6.691819892480E1,
-1.869571099406E1));
#10835=CARTESIAN_POINT('',(1.213751714077E2,6.789273748981E1,
-1.755117451103E1));
#10836=CARTESIAN_POINT('',(1.208413603072E2,6.748175436919E1,
-1.600619794468E1));
#10837=CARTESIAN_POINT('',(1.195399372662E2,6.560269761201E1,
-1.756823648274E1));
#10838=CARTESIAN_POINT('',(1.194173814453E2,6.691819892480E1,
-1.796052106849E1));
#10839=CARTESIAN_POINT('',(1.197079903969E2,6.789273748981E1,
-1.703032116955E1));
#10840=CARTESIAN_POINT('',(1.201002749826E2,6.748175436919E1,
-1.577467133471E1));
#10841=(BOUNDED_SURFACE()B_SPLINE_SURFACE(3,3,((#10813,#10814,#10815,#10816),(
#10817,#10818,#10819,#10820),(#10821,#10822,#10823,#10824),(#10825,#10826,
#10827,#10828),(#10829,#10830,#10831,#10832),(#10833,#10834,#10835,#10836),(
#10837,#10838,#10839,#10840)),.UNSPECIFIED.,.F.,.F.,.F.)B_SPLINE_SURFACE_WITH_KNOTS((4,3,4),(4,4),(0.E0,1.E0,2.E0),(0.E0,1.E0),.UNSPECIFIED.)GEOMETRIC_REPRESENTATION_ITEM()RATIONAL_B_SPLINE_SURFACE(((1.715747359432E0,1.102739554598E0,
1.102739554598E0,1.715747359432E0),(1.249484386480E0,8.030645352592E-1,
8.030645352592E-1,1.249484386480E0),(1.249484386480E0,8.030645352592E-1,
8.030645352592E-1,1.249484386480E0),(1.715747359432E0,1.102739554598E0,
1.102739554598E0,1.715747359432E0),(1.249484386480E0,8.030645352592E-1,
8.030645352592E-1,1.249484386480E0),(1.249484386480E0,8.030645352592E-1,
8.030645352592E-1,1.249484386480E0),(1.715747359432E0,1.102739554598E0,
1.102739554598E0,1.715747359432E0)))REPRESENTATION_ITEM('')SURFACE());
#10842=ORIENTED_EDGE('',*,*,#10628,.T.);
#10844=ORIENTED_EDGE('',*,*,#10843,.F.);
#10846=ORIENTED_EDGE('',*,*,#10845,.T.);
#10848=ORIENTED_EDGE('',*,*,#10847,.T.);
#10849=EDGE_LOOP('',(#10842,#10844,#10846,#10848));
#10850=FACE_OUTER_BOUND('',#10849,.F.);
#10852=CARTESIAN_POINT('',(1.212884449066E2,6.560269761201E1,
-1.756823648274E1));
#10853=CARTESIAN_POINT('',(1.214110007275E2,6.691819892480E1,
-1.796052106849E1));
#10854=CARTESIAN_POINT('',(1.211203917759E2,6.789273748981E1,
-1.703032116955E1));
#10855=CARTESIAN_POINT('',(1.207281071902E2,6.748175436919E1,
-1.577467133471E1));
#10856=CARTESIAN_POINT('',(1.192245282475E2,6.560269761201E1,
-1.821303622638E1));
#10857=CARTESIAN_POINT('',(1.190577573369E2,6.691819892480E1,
-1.869571099406E1));
#10858=CARTESIAN_POINT('',(1.194532107650E2,6.789273748981E1,
-1.755117451103E1));
#10859=CARTESIAN_POINT('',(1.199870218656E2,6.748175436919E1,
-1.600619794468E1));
#10860=CARTESIAN_POINT('',(1.174824367172E2,6.560269761201E1,
-1.693216317067E1));
#10861=CARTESIAN_POINT('',(1.170714535966E2,6.691819892480E1,
-1.723528087480E1));
#10862=CARTESIAN_POINT('',(1.180459921616E2,6.789273748981E1,
-1.651651682442E1));
#10863=CARTESIAN_POINT('',(1.193614934744E2,6.748175436919E1,
-1.554627810241E1));
#10864=CARTESIAN_POINT('',(1.174824367172E2,6.560269761201E1,
-1.476986839775E1));
#10865=CARTESIAN_POINT('',(1.170714535966E2,6.691819892480E1,
-1.476986839775E1));
#10866=CARTESIAN_POINT('',(1.180459921616E2,6.789273748981E1,
-1.476986839775E1));
#10867=CARTESIAN_POINT('',(1.193614934744E2,6.748175436919E1,
-1.476986839775E1));
#10868=CARTESIAN_POINT('',(1.174824367172E2,6.560269761201E1,
-1.260757362484E1));
#10869=CARTESIAN_POINT('',(1.170714535966E2,6.691819892480E1,
-1.230445592071E1));
#10870=CARTESIAN_POINT('',(1.180459921616E2,6.789273748981E1,
-1.302321997109E1));
#10871=CARTESIAN_POINT('',(1.193614934744E2,6.748175436919E1,
-1.399345869309E1));
#10872=CARTESIAN_POINT('',(1.192245282475E2,6.560269761201E1,
-1.132670056912E1));
#10873=CARTESIAN_POINT('',(1.190577573369E2,6.691819892480E1,
-1.084402580145E1));
#10874=CARTESIAN_POINT('',(1.194532107650E2,6.789273748981E1,
-1.198856228447E1));
#10875=CARTESIAN_POINT('',(1.199870218656E2,6.748175436919E1,
-1.353353885083E1));
#10876=CARTESIAN_POINT('',(1.212884449066E2,6.560269761201E1,
-1.197150031276E1));
#10877=CARTESIAN_POINT('',(1.214110007275E2,6.691819892480E1,
-1.157921572702E1));
#10878=CARTESIAN_POINT('',(1.211203917759E2,6.789273748981E1,
-1.250941562595E1));
#10879=CARTESIAN_POINT('',(1.207281071902E2,6.748175436919E1,
-1.376506546079E1));
#10880=(BOUNDED_SURFACE()B_SPLINE_SURFACE(3,3,((#10852,#10853,#10854,#10855),(
#10856,#10857,#10858,#10859),(#10860,#10861,#10862,#10863),(#10864,#10865,
#10866,#10867),(#10868,#10869,#10870,#10871),(#10872,#10873,#10874,#10875),(
#10876,#10877,#10878,#10879)),.UNSPECIFIED.,.F.,.F.,.F.)B_SPLINE_SURFACE_WITH_KNOTS((4,3,4),(4,4),(0.E0,1.E0,2.E0),(0.E0,1.E0),.UNSPECIFIED.)GEOMETRIC_REPRESENTATION_ITEM()RATIONAL_B_SPLINE_SURFACE(((1.715747359432E0,1.102739554598E0,
1.102739554598E0,1.715747359432E0),(1.249484386480E0,8.030645352592E-1,
8.030645352592E-1,1.249484386480E0),(1.249484386480E0,8.030645352592E-1,
8.030645352592E-1,1.249484386480E0),(1.715747359432E0,1.102739554598E0,
1.102739554598E0,1.715747359432E0),(1.249484386480E0,8.030645352592E-1,
8.030645352592E-1,1.249484386480E0),(1.249484386480E0,8.030645352592E-1,
8.030645352592E-1,1.249484386480E0),(1.715747359432E0,1.102739554598E0,
1.102739554598E0,1.715747359432E0)))REPRESENTATION_ITEM('')SURFACE());
#10881=ORIENTED_EDGE('',*,*,#10847,.F.);
#10883=ORIENTED_EDGE('',*,*,#10882,.T.);
#10884=ORIENTED_EDGE('',*,*,#10843,.T.);
#10885=ORIENTED_EDGE('',*,*,#10630,.T.);
#10886=EDGE_LOOP('',(#10881,#10883,#10884,#10885));
#10887=FACE_OUTER_BOUND('',#10886,.F.);
#10889=CARTESIAN_POINT('',(1.204141910864E2,6.755E1,-1.476986839775E1));
#10890=DIRECTION('',(0.E0,1.E0,0.E0));
#10891=DIRECTION('',(0.E0,0.E0,1.E0));
#10892=AXIS2_PLACEMENT_3D('',#10889,#10890,#10891);
#10893=PLANE('',#10892);
#10894=ORIENTED_EDGE('',*,*,#10845,.F.);
#10895=ORIENTED_EDGE('',*,*,#10882,.F.);
#10896=EDGE_LOOP('',(#10894,#10895));
#10897=FACE_OUTER_BOUND('',#10896,.F.);
#10899=CARTESIAN_POINT('',(2.459842726464E2,6.560269761201E1,5.415567924724E1));
#10900=CARTESIAN_POINT('',(2.458617168255E2,6.691819892480E1,5.454796383298E1));
#10901=CARTESIAN_POINT('',(2.461523257771E2,6.789273748981E1,5.361776393405E1));
#10902=CARTESIAN_POINT('',(2.465446103628E2,6.748175436919E1,5.236211409921E1));
#10903=CARTESIAN_POINT('',(2.480481893054E2,6.560269761201E1,5.480047899088E1));
#10904=CARTESIAN_POINT('',(2.482149602161E2,6.691819892480E1,5.528315375855E1));
#10905=CARTESIAN_POINT('',(2.478195067879E2,6.789273748981E1,5.413861727553E1));
#10906=CARTESIAN_POINT('',(2.472856956874E2,6.748175436919E1,5.259364070917E1));
#10907=CARTESIAN_POINT('',(2.497902808358E2,6.560269761201E1,5.351960593516E1));
#10908=CARTESIAN_POINT('',(2.502012639564E2,6.691819892480E1,5.382272363929E1));
#10909=CARTESIAN_POINT('',(2.492267253914E2,6.789273748981E1,5.310395958891E1));
#10910=CARTESIAN_POINT('',(2.479112240786E2,6.748175436919E1,5.213372086690E1));
#10911=CARTESIAN_POINT('',(2.497902808358E2,6.560269761201E1,5.135731116225E1));
#10912=CARTESIAN_POINT('',(2.502012639564E2,6.691819892480E1,5.135731116225E1));
#10913=CARTESIAN_POINT('',(2.492267253914E2,6.789273748981E1,5.135731116225E1));
#10914=CARTESIAN_POINT('',(2.479112240786E2,6.748175436919E1,5.135731116225E1));
#10915=CARTESIAN_POINT('',(2.497902808358E2,6.560269761201E1,4.919501638933E1));
#10916=CARTESIAN_POINT('',(2.502012639564E2,6.691819892480E1,4.889189868520E1));
#10917=CARTESIAN_POINT('',(2.492267253914E2,6.789273748981E1,4.961066273558E1));
#10918=CARTESIAN_POINT('',(2.479112240786E2,6.748175436919E1,5.058090145759E1));
#10919=CARTESIAN_POINT('',(2.480481893054E2,6.560269761201E1,4.791414333362E1));
#10920=CARTESIAN_POINT('',(2.482149602161E2,6.691819892480E1,4.743146856594E1));
#10921=CARTESIAN_POINT('',(2.478195067879E2,6.789273748981E1,4.857600504897E1));
#10922=CARTESIAN_POINT('',(2.472856956874E2,6.748175436919E1,5.012098161532E1));
#10923=CARTESIAN_POINT('',(2.459842726464E2,6.560269761201E1,4.855894307725E1));
#10924=CARTESIAN_POINT('',(2.458617168255E2,6.691819892480E1,4.816665849151E1));
#10925=CARTESIAN_POINT('',(2.461523257771E2,6.789273748981E1,4.909685839045E1));
#10926=CARTESIAN_POINT('',(2.465446103628E2,6.748175436919E1,5.035250822529E1));
#10927=(BOUNDED_SURFACE()B_SPLINE_SURFACE(3,3,((#10899,#10900,#10901,#10902),(
#10903,#10904,#10905,#10906),(#10907,#10908,#10909,#10910),(#10911,#10912,
#10913,#10914),(#10915,#10916,#10917,#10918),(#10919,#10920,#10921,#10922),(
#10923,#10924,#10925,#10926)),.UNSPECIFIED.,.F.,.F.,.F.)B_SPLINE_SURFACE_WITH_KNOTS((4,3,4),(4,4),(0.E0,1.E0,2.E0),(0.E0,1.E0),.UNSPECIFIED.)GEOMETRIC_REPRESENTATION_ITEM()RATIONAL_B_SPLINE_SURFACE(((1.715747359432E0,1.102739554598E0,
1.102739554598E0,1.715747359432E0),(1.249484386480E0,8.030645352592E-1,
8.030645352592E-1,1.249484386480E0),(1.249484386480E0,8.030645352592E-1,
8.030645352592E-1,1.249484386480E0),(1.715747359432E0,1.102739554598E0,
1.102739554598E0,1.715747359432E0),(1.249484386480E0,8.030645352592E-1,
8.030645352592E-1,1.249484386480E0),(1.249484386480E0,8.030645352592E-1,
8.030645352592E-1,1.249484386480E0),(1.715747359432E0,1.102739554598E0,
1.102739554598E0,1.715747359432E0)))REPRESENTATION_ITEM('')SURFACE());
#10928=ORIENTED_EDGE('',*,*,#10634,.T.);
#10930=ORIENTED_EDGE('',*,*,#10929,.F.);
#10932=ORIENTED_EDGE('',*,*,#10931,.T.);
#10934=ORIENTED_EDGE('',*,*,#10933,.T.);
#10935=EDGE_LOOP('',(#10928,#10930,#10932,#10934));
#10936=FACE_OUTER_BOUND('',#10935,.F.);
#10938=CARTESIAN_POINT('',(2.477327802868E2,6.560269761201E1,4.855894307725E1));
#10939=CARTESIAN_POINT('',(2.478553361077E2,6.691819892480E1,4.816665849151E1));
#10940=CARTESIAN_POINT('',(2.475647271561E2,6.789273748981E1,4.909685839045E1));
#10941=CARTESIAN_POINT('',(2.471724425704E2,6.748175436919E1,5.035250822529E1));
#10942=CARTESIAN_POINT('',(2.456688636277E2,6.560269761201E1,4.791414333362E1));
#10943=CARTESIAN_POINT('',(2.455020927171E2,6.691819892480E1,4.743146856594E1));
#10944=CARTESIAN_POINT('',(2.458975461452E2,6.789273748981E1,4.857600504897E1));
#10945=CARTESIAN_POINT('',(2.464313572458E2,6.748175436919E1,5.012098161532E1));
#10946=CARTESIAN_POINT('',(2.439267720974E2,6.560269761201E1,4.919501638933E1));
#10947=CARTESIAN_POINT('',(2.435157889768E2,6.691819892480E1,4.889189868520E1));
#10948=CARTESIAN_POINT('',(2.444903275418E2,6.789273748981E1,4.961066273558E1));
#10949=CARTESIAN_POINT('',(2.458058288546E2,6.748175436919E1,5.058090145759E1));
#10950=CARTESIAN_POINT('',(2.439267720974E2,6.560269761201E1,5.135731116225E1));
#10951=CARTESIAN_POINT('',(2.435157889768E2,6.691819892480E1,5.135731116225E1));
#10952=CARTESIAN_POINT('',(2.444903275418E2,6.789273748981E1,5.135731116225E1));
#10953=CARTESIAN_POINT('',(2.458058288546E2,6.748175436919E1,5.135731116225E1));
#10954=CARTESIAN_POINT('',(2.439267720974E2,6.560269761201E1,5.351960593516E1));
#10955=CARTESIAN_POINT('',(2.435157889768E2,6.691819892480E1,5.382272363929E1));
#10956=CARTESIAN_POINT('',(2.444903275418E2,6.789273748981E1,5.310395958891E1));
#10957=CARTESIAN_POINT('',(2.458058288546E2,6.748175436919E1,5.213372086690E1));
#10958=CARTESIAN_POINT('',(2.456688636277E2,6.560269761201E1,5.480047899088E1));
#10959=CARTESIAN_POINT('',(2.455020927171E2,6.691819892480E1,5.528315375855E1));
#10960=CARTESIAN_POINT('',(2.458975461452E2,6.789273748981E1,5.413861727553E1));
#10961=CARTESIAN_POINT('',(2.464313572458E2,6.748175436919E1,5.259364070917E1));
#10962=CARTESIAN_POINT('',(2.477327802868E2,6.560269761201E1,5.415567924724E1));
#10963=CARTESIAN_POINT('',(2.478553361077E2,6.691819892480E1,5.454796383298E1));
#10964=CARTESIAN_POINT('',(2.475647271561E2,6.789273748981E1,5.361776393405E1));
#10965=CARTESIAN_POINT('',(2.471724425704E2,6.748175436919E1,5.236211409921E1));
#10966=(BOUNDED_SURFACE()B_SPLINE_SURFACE(3,3,((#10938,#10939,#10940,#10941),(
#10942,#10943,#10944,#10945),(#10946,#10947,#10948,#10949),(#10950,#10951,
#10952,#10953),(#10954,#10955,#10956,#10957),(#10958,#10959,#10960,#10961),(
#10962,#10963,#10964,#10965)),.UNSPECIFIED.,.F.,.F.,.F.)B_SPLINE_SURFACE_WITH_KNOTS((4,3,4),(4,4),(0.E0,1.E0,2.E0),(0.E0,1.E0),.UNSPECIFIED.)GEOMETRIC_REPRESENTATION_ITEM()RATIONAL_B_SPLINE_SURFACE(((1.715747359432E0,1.102739554598E0,
1.102739554598E0,1.715747359432E0),(1.249484386480E0,8.030645352592E-1,
8.030645352592E-1,1.249484386480E0),(1.249484386480E0,8.030645352592E-1,
8.030645352592E-1,1.249484386480E0),(1.715747359432E0,1.102739554598E0,
1.102739554598E0,1.715747359432E0),(1.249484386480E0,8.030645352592E-1,
8.030645352592E-1,1.249484386480E0),(1.249484386480E0,8.030645352592E-1,
8.030645352592E-1,1.249484386480E0),(1.715747359432E0,1.102739554598E0,
1.102739554598E0,1.715747359432E0)))REPRESENTATION_ITEM('')SURFACE());
#10967=ORIENTED_EDGE('',*,*,#10933,.F.);
#10969=ORIENTED_EDGE('',*,*,#10968,.T.);
#10970=ORIENTED_EDGE('',*,*,#10929,.T.);
#10971=ORIENTED_EDGE('',*,*,#10636,.T.);
#10972=EDGE_LOOP('',(#10967,#10969,#10970,#10971));
#10973=FACE_OUTER_BOUND('',#10972,.F.);
#10975=CARTESIAN_POINT('',(2.468585264666E2,6.755E1,5.135731116225E1));
#10976=DIRECTION('',(0.E0,1.E0,0.E0));
#10977=DIRECTION('',(0.E0,0.E0,1.E0));
#10978=AXIS2_PLACEMENT_3D('',#10975,#10976,#10977);
#10979=PLANE('',#10978);
#10980=ORIENTED_EDGE('',*,*,#10931,.F.);
#10981=ORIENTED_EDGE('',*,*,#10968,.F.);
#10982=EDGE_LOOP('',(#10980,#10981));
#10983=FACE_OUTER_BOUND('',#10982,.F.);
#10985=CARTESIAN_POINT('',(1.8517E2,5.072223972185E1,6.897284929362E1));
#10986=DIRECTION('',(-1.E0,0.E0,0.E0));
#10987=DIRECTION('',(0.E0,-1.E0,1.850371707709E-14));
#10988=AXIS2_PLACEMENT_3D('',#10985,#10986,#10987);
#10989=CYLINDRICAL_SURFACE('',#10988,3.E0);
#10990=ORIENTED_EDGE('',*,*,#7719,.T.);
#10991=ORIENTED_EDGE('',*,*,#7688,.F.);
#10992=ORIENTED_EDGE('',*,*,#7622,.T.);
#10993=ORIENTED_EDGE('',*,*,#7620,.T.);
#10995=ORIENTED_EDGE('',*,*,#10994,.F.);
#10996=ORIENTED_EDGE('',*,*,#7721,.T.);
#10997=EDGE_LOOP('',(#10990,#10991,#10992,#10993,#10995,#10996));
#10998=FACE_OUTER_BOUND('',#10997,.F.);
#11000=CARTESIAN_POINT('',(1.8517E2,5.365668252405E1,6.959658436608E1));
#11001=DIRECTION('',(0.E0,-9.781476007338E-1,-2.079116908178E-1));
#11002=DIRECTION('',(0.E0,2.079116908178E-1,-9.781476007338E-1));
#11003=AXIS2_PLACEMENT_3D('',#11000,#11001,#11002);
#11004=PLANE('',#11003);
#11005=ORIENTED_EDGE('',*,*,#7723,.T.);
#11006=ORIENTED_EDGE('',*,*,#10994,.T.);
#11007=ORIENTED_EDGE('',*,*,#7618,.T.);
#11009=ORIENTED_EDGE('',*,*,#11008,.T.);
#11010=EDGE_LOOP('',(#11005,#11006,#11007,#11009));
#11011=FACE_OUTER_BOUND('',#11010,.F.);
#11013=CARTESIAN_POINT('',(1.8517E2,5.042569508494E1,7.277284929362E1));
#11014=DIRECTION('',(-1.E0,0.E0,0.E0));
#11015=DIRECTION('',(0.E0,-1.E0,1.665334536938E-14));
#11016=AXIS2_PLACEMENT_3D('',#11013,#11014,#11015);
#11017=CYLINDRICAL_SURFACE('',#11016,2.5E0);
#11018=ORIENTED_EDGE('',*,*,#7725,.T.);
#11019=ORIENTED_EDGE('',*,*,#11008,.F.);
#11020=ORIENTED_EDGE('',*,*,#7616,.T.);
#11022=ORIENTED_EDGE('',*,*,#11021,.F.);
#11023=EDGE_LOOP('',(#11018,#11019,#11020,#11022));
#11024=FACE_OUTER_BOUND('',#11023,.F.);
#11026=CARTESIAN_POINT('',(1.8517E2,5.042569508494E1,7.527284929362E1));
#11027=DIRECTION('',(0.E0,-1.887235444111E-14,-1.E0));
#11028=DIRECTION('',(0.E0,1.E0,-1.887235444111E-14));
#11029=AXIS2_PLACEMENT_3D('',#11026,#11027,#11028);
#11030=PLANE('',#11029);
#11031=ORIENTED_EDGE('',*,*,#7727,.T.);
#11032=ORIENTED_EDGE('',*,*,#11021,.T.);
#11033=ORIENTED_EDGE('',*,*,#7614,.F.);
#11035=ORIENTED_EDGE('',*,*,#11034,.T.);
#11036=EDGE_LOOP('',(#11031,#11032,#11033,#11035));
#11037=FACE_OUTER_BOUND('',#11036,.F.);
#11039=CARTESIAN_POINT('',(1.8517E2,1.651878435877E1,7.277284929362E1));
#11040=DIRECTION('',(-1.E0,0.E0,0.E0));
#11041=DIRECTION('',(0.E0,-1.E0,1.665334536938E-14));
#11042=AXIS2_PLACEMENT_3D('',#11039,#11040,#11041);
#11043=CYLINDRICAL_SURFACE('',#11042,2.5E0);
#11044=ORIENTED_EDGE('',*,*,#7729,.T.);
#11045=ORIENTED_EDGE('',*,*,#11034,.F.);
#11046=ORIENTED_EDGE('',*,*,#7612,.T.);
#11048=ORIENTED_EDGE('',*,*,#11047,.F.);
#11049=EDGE_LOOP('',(#11044,#11045,#11046,#11048));
#11050=FACE_OUTER_BOUND('',#11049,.F.);
#11052=CARTESIAN_POINT('',(1.8517E2,1.407341535693E1,7.329262852067E1));
#11053=DIRECTION('',(0.E0,9.781476007338E-1,-2.079116908178E-1));
#11054=DIRECTION('',(0.E0,2.079116908178E-1,9.781476007338E-1));
#11055=AXIS2_PLACEMENT_3D('',#11052,#11053,#11054);
#11056=PLANE('',#11055);
#11057=ORIENTED_EDGE('',*,*,#7731,.T.);
#11058=ORIENTED_EDGE('',*,*,#11047,.T.);
#11059=ORIENTED_EDGE('',*,*,#7610,.T.);
#11060=ORIENTED_EDGE('',*,*,#7659,.T.);
#11061=EDGE_LOOP('',(#11057,#11058,#11059,#11060));
#11062=FACE_OUTER_BOUND('',#11061,.F.);
#11064=CARTESIAN_POINT('',(1.805E2,9.952239721853E0,7.072284929362E1));
#11065=DIRECTION('',(-1.E0,0.E0,0.E0));
#11066=DIRECTION('',(0.E0,1.734723475977E-14,-1.E0));
#11067=AXIS2_PLACEMENT_3D('',#11064,#11065,#11066);
#11068=CYLINDRICAL_SURFACE('',#11067,1.4E0);
#11070=ORIENTED_EDGE('',*,*,#11069,.F.);
#11071=ORIENTED_EDGE('',*,*,#7735,.T.);
#11073=ORIENTED_EDGE('',*,*,#11072,.F.);
#11075=ORIENTED_EDGE('',*,*,#11074,.T.);
#11076=EDGE_LOOP('',(#11070,#11071,#11073,#11075));
#11077=FACE_OUTER_BOUND('',#11076,.F.);
#11079=CARTESIAN_POINT('',(1.805E2,9.952239721853E0,7.072284929362E1));
#11080=DIRECTION('',(-1.E0,0.E0,0.E0));
#11081=DIRECTION('',(0.E0,1.734723475977E-14,-1.E0));
#11082=AXIS2_PLACEMENT_3D('',#11079,#11080,#11081);
#11083=CYLINDRICAL_SURFACE('',#11082,1.4E0);
#11085=ORIENTED_EDGE('',*,*,#11084,.T.);
#11086=ORIENTED_EDGE('',*,*,#11072,.T.);
#11087=ORIENTED_EDGE('',*,*,#7737,.T.);
#11088=ORIENTED_EDGE('',*,*,#11069,.T.);
#11089=EDGE_LOOP('',(#11085,#11086,#11087,#11088));
#11090=FACE_OUTER_BOUND('',#11089,.F.);
#11092=CARTESIAN_POINT('',(1.805E2,9.952239721853E0,7.072284929362E1));
#11093=DIRECTION('',(1.E0,0.E0,0.E0));
#11094=DIRECTION('',(0.E0,-1.761828486014E-14,1.E0));
#11095=AXIS2_PLACEMENT_3D('',#11092,#11093,#11094);
#11096=PLANE('',#11095);
#11098=ORIENTED_EDGE('',*,*,#11097,.F.);
#11100=ORIENTED_EDGE('',*,*,#11099,.F.);
#11101=EDGE_LOOP('',(#11098,#11100));
#11102=FACE_OUTER_BOUND('',#11101,.F.);
#11103=ORIENTED_EDGE('',*,*,#11074,.F.);
#11104=ORIENTED_EDGE('',*,*,#11084,.F.);
#11105=EDGE_LOOP('',(#11103,#11104));
#11106=FACE_BOUND('',#11105,.F.);
#11108=CARTESIAN_POINT('',(1.8517E2,9.952239721852E0,7.072284929362E1));
#11109=DIRECTION('',(-1.E0,0.E0,0.E0));
#11110=DIRECTION('',(0.E0,-1.E0,1.850371707709E-14));
#11111=AXIS2_PLACEMENT_3D('',#11108,#11109,#11110);
#11112=CYLINDRICAL_SURFACE('',#11111,2.25E0);
#11114=ORIENTED_EDGE('',*,*,#11113,.F.);
#11115=ORIENTED_EDGE('',*,*,#11097,.T.);
#11117=ORIENTED_EDGE('',*,*,#11116,.T.);
#11119=ORIENTED_EDGE('',*,*,#11118,.T.);
#11121=ORIENTED_EDGE('',*,*,#11120,.F.);
#11122=EDGE_LOOP('',(#11114,#11115,#11117,#11119,#11121));
#11123=FACE_OUTER_BOUND('',#11122,.F.);
#11125=CARTESIAN_POINT('',(1.8517E2,9.952239721852E0,7.072284929362E1));
#11126=DIRECTION('',(-1.E0,0.E0,0.E0));
#11127=DIRECTION('',(0.E0,-1.E0,1.850371707709E-14));
#11128=AXIS2_PLACEMENT_3D('',#11125,#11126,#11127);
#11129=CYLINDRICAL_SURFACE('',#11128,2.25E0);
#11131=ORIENTED_EDGE('',*,*,#11130,.T.);
#11132=ORIENTED_EDGE('',*,*,#11116,.F.);
#11133=ORIENTED_EDGE('',*,*,#11099,.T.);
#11134=ORIENTED_EDGE('',*,*,#11113,.T.);
#11135=ORIENTED_EDGE('',*,*,#11120,.T.);
#11136=EDGE_LOOP('',(#11131,#11132,#11133,#11134,#11135));
#11137=FACE_OUTER_BOUND('',#11136,.F.);
#11139=CARTESIAN_POINT('',(1.8507E2,9.952239721852E0,7.072284929362E1));
#11140=DIRECTION('',(-1.E0,0.E0,0.E0));
#11141=DIRECTION('',(0.E0,-1.E0,2.030895776753E-14));
#11142=AXIS2_PLACEMENT_3D('',#11139,#11140,#11141);
#11143=CONICAL_SURFACE('',#11142,2.15E0,4.5E1);
#11145=ORIENTED_EDGE('',*,*,#11144,.T.);
#11147=ORIENTED_EDGE('',*,*,#11146,.F.);
#11148=ORIENTED_EDGE('',*,*,#11130,.F.);
#11150=ORIENTED_EDGE('',*,*,#11149,.T.);
#11151=EDGE_LOOP('',(#11145,#11147,#11148,#11150));
#11152=FACE_OUTER_BOUND('',#11151,.F.);
#11154=CARTESIAN_POINT('',(1.8517E2,9.952239721852E0,7.072284929362E1));
#11155=DIRECTION('',(1.E0,0.E0,0.E0));
#11156=DIRECTION('',(0.E0,1.E0,-1.902583850429E-14));
#11157=AXIS2_PLACEMENT_3D('',#11154,#11155,#11156);
#11158=PLANE('',#11157);
#11160=ORIENTED_EDGE('',*,*,#11159,.F.);
#11161=ORIENTED_EDGE('',*,*,#11144,.F.);
#11162=EDGE_LOOP('',(#11160,#11161));
#11163=FACE_OUTER_BOUND('',#11162,.F.);
#11165=ORIENTED_EDGE('',*,*,#11164,.F.);
#11167=ORIENTED_EDGE('',*,*,#11166,.F.);
#11168=EDGE_LOOP('',(#11165,#11167));
#11169=FACE_BOUND('',#11168,.F.);
#11171=CARTESIAN_POINT('',(1.8507E2,9.952239721852E0,7.072284929362E1));
#11172=DIRECTION('',(-1.E0,0.E0,0.E0));
#11173=DIRECTION('',(0.E0,-1.E0,2.030895776753E-14));
#11174=AXIS2_PLACEMENT_3D('',#11171,#11172,#11173);
#11175=CONICAL_SURFACE('',#11174,2.15E0,4.5E1);
#11176=ORIENTED_EDGE('',*,*,#11149,.F.);
#11177=ORIENTED_EDGE('',*,*,#11118,.F.);
#11178=ORIENTED_EDGE('',*,*,#11146,.T.);
#11179=ORIENTED_EDGE('',*,*,#11159,.T.);
#11180=EDGE_LOOP('',(#11176,#11177,#11178,#11179));
#11181=FACE_OUTER_BOUND('',#11180,.F.);
#11183=CARTESIAN_POINT('',(1.8517E2,9.952239721852E0,7.072284929362E1));
#11184=DIRECTION('',(1.E0,0.E0,0.E0));
#11185=DIRECTION('',(0.E0,1.E0,-2.455595829064E-14));
#11186=AXIS2_PLACEMENT_3D('',#11183,#11184,#11185);
#11187=CYLINDRICAL_SURFACE('',#11186,1.130299021E0);
#11189=ORIENTED_EDGE('',*,*,#11188,.F.);
#11190=ORIENTED_EDGE('',*,*,#11164,.T.);
#11192=ORIENTED_EDGE('',*,*,#11191,.T.);
#11194=ORIENTED_EDGE('',*,*,#11193,.T.);
#11195=EDGE_LOOP('',(#11189,#11190,#11192,#11194));
#11196=FACE_OUTER_BOUND('',#11195,.F.);
#11198=CARTESIAN_POINT('',(1.8517E2,9.952239721852E0,7.072284929362E1));
#11199=DIRECTION('',(1.E0,0.E0,0.E0));
#11200=DIRECTION('',(0.E0,1.E0,-2.455595829064E-14));
#11201=AXIS2_PLACEMENT_3D('',#11198,#11199,#11200);
#11202=CYLINDRICAL_SURFACE('',#11201,1.130299021E0);
#11204=ORIENTED_EDGE('',*,*,#11203,.T.);
#11205=ORIENTED_EDGE('',*,*,#11191,.F.);
#11206=ORIENTED_EDGE('',*,*,#11166,.T.);
#11207=ORIENTED_EDGE('',*,*,#11188,.T.);
#11208=EDGE_LOOP('',(#11204,#11205,#11206,#11207));
#11209=FACE_OUTER_BOUND('',#11208,.F.);
#11211=CARTESIAN_POINT('',(1.801848962648E2,9.952239721853E0,7.072284929362E1));
#11212=DIRECTION('',(1.E0,0.E0,0.E0));
#11213=DIRECTION('',(0.E0,1.E0,-2.455595829064E-14));
#11214=AXIS2_PLACEMENT_3D('',#11211,#11212,#11213);
#11215=CONICAL_SURFACE('',#11214,7.598173266557E-1,5.9E1);
#11217=ORIENTED_EDGE('',*,*,#11216,.F.);
#11218=ORIENTED_EDGE('',*,*,#11203,.F.);
#11220=ORIENTED_EDGE('',*,*,#11219,.T.);
#11222=ORIENTED_EDGE('',*,*,#11221,.F.);
#11223=EDGE_LOOP('',(#11217,#11218,#11220,#11222));
#11224=FACE_OUTER_BOUND('',#11223,.F.);
#11226=CARTESIAN_POINT('',(1.801848962648E2,9.952239721853E0,7.072284929362E1));
#11227=DIRECTION('',(1.E0,0.E0,0.E0));
#11228=DIRECTION('',(0.E0,1.E0,-2.455595829064E-14));
#11229=AXIS2_PLACEMENT_3D('',#11226,#11227,#11228);
#11230=CONICAL_SURFACE('',#11229,7.598173266557E-1,5.9E1);
#11231=ORIENTED_EDGE('',*,*,#11219,.F.);
#11232=ORIENTED_EDGE('',*,*,#11193,.F.);
#11233=ORIENTED_EDGE('',*,*,#11216,.T.);
#11234=ORIENTED_EDGE('',*,*,#11221,.T.);
#11235=EDGE_LOOP('',(#11231,#11232,#11233,#11234));
#11236=FACE_OUTER_BOUND('',#11235,.F.);
#11238=CARTESIAN_POINT('',(1.805E2,5.699223972185E1,7.072284929362E1));
#11239=DIRECTION('',(-1.E0,0.E0,0.E0));
#11240=DIRECTION('',(0.E0,1.982541115402E-14,-1.E0));
#11241=AXIS2_PLACEMENT_3D('',#11238,#11239,#11240);
#11242=CYLINDRICAL_SURFACE('',#11241,1.4E0);
#11244=ORIENTED_EDGE('',*,*,#11243,.F.);
#11245=ORIENTED_EDGE('',*,*,#7741,.T.);
#11247=ORIENTED_EDGE('',*,*,#11246,.T.);
#11249=ORIENTED_EDGE('',*,*,#11248,.T.);
#11250=EDGE_LOOP('',(#11244,#11245,#11247,#11249));
#11251=FACE_OUTER_BOUND('',#11250,.F.);
#11253=CARTESIAN_POINT('',(1.805E2,5.699223972185E1,7.072284929362E1));
#11254=DIRECTION('',(-1.E0,0.E0,0.E0));
#11255=DIRECTION('',(0.E0,1.982541115402E-14,-1.E0));
#11256=AXIS2_PLACEMENT_3D('',#11253,#11254,#11255);
#11257=CYLINDRICAL_SURFACE('',#11256,1.4E0);
#11259=ORIENTED_EDGE('',*,*,#11258,.T.);
#11260=ORIENTED_EDGE('',*,*,#11246,.F.);
#11261=ORIENTED_EDGE('',*,*,#7743,.T.);
#11262=ORIENTED_EDGE('',*,*,#11243,.T.);
#11263=EDGE_LOOP('',(#11259,#11260,#11261,#11262));
#11264=FACE_OUTER_BOUND('',#11263,.F.);
#11266=CARTESIAN_POINT('',(1.805E2,5.699223972185E1,7.072284929362E1));
#11267=DIRECTION('',(1.E0,0.E0,0.E0));
#11268=DIRECTION('',(0.E0,-1.761828486014E-14,1.E0));
#11269=AXIS2_PLACEMENT_3D('',#11266,#11267,#11268);
#11270=PLANE('',#11269);
#11272=ORIENTED_EDGE('',*,*,#11271,.F.);
#11274=ORIENTED_EDGE('',*,*,#11273,.F.);
#11275=EDGE_LOOP('',(#11272,#11274));
#11276=FACE_OUTER_BOUND('',#11275,.F.);
#11277=ORIENTED_EDGE('',*,*,#11248,.F.);
#11278=ORIENTED_EDGE('',*,*,#11258,.F.);
#11279=EDGE_LOOP('',(#11277,#11278));
#11280=FACE_BOUND('',#11279,.F.);
#11282=CARTESIAN_POINT('',(1.8517E2,5.699223972185E1,7.072284929362E1));
#11283=DIRECTION('',(-1.E0,0.E0,0.E0));
#11284=DIRECTION('',(0.E0,-1.E0,1.850371707709E-14));
#11285=AXIS2_PLACEMENT_3D('',#11282,#11283,#11284);
#11286=CYLINDRICAL_SURFACE('',#11285,2.25E0);
#11288=ORIENTED_EDGE('',*,*,#11287,.F.);
#11289=ORIENTED_EDGE('',*,*,#11271,.T.);
#11291=ORIENTED_EDGE('',*,*,#11290,.T.);
#11293=ORIENTED_EDGE('',*,*,#11292,.T.);
#11295=ORIENTED_EDGE('',*,*,#11294,.T.);
#11296=EDGE_LOOP('',(#11288,#11289,#11291,#11293,#11295));
#11297=FACE_OUTER_BOUND('',#11296,.F.);
#11299=CARTESIAN_POINT('',(1.8517E2,5.699223972185E1,7.072284929362E1));
#11300=DIRECTION('',(-1.E0,0.E0,0.E0));
#11301=DIRECTION('',(0.E0,-1.E0,1.850371707709E-14));
#11302=AXIS2_PLACEMENT_3D('',#11299,#11300,#11301);
#11303=CYLINDRICAL_SURFACE('',#11302,2.25E0);
#11305=ORIENTED_EDGE('',*,*,#11304,.T.);
#11306=ORIENTED_EDGE('',*,*,#11292,.F.);
#11307=ORIENTED_EDGE('',*,*,#11290,.F.);
#11308=ORIENTED_EDGE('',*,*,#11273,.T.);
#11309=ORIENTED_EDGE('',*,*,#11287,.T.);
#11310=EDGE_LOOP('',(#11305,#11306,#11307,#11308,#11309));
#11311=FACE_OUTER_BOUND('',#11310,.F.);
#11313=CARTESIAN_POINT('',(1.8507E2,5.699223972185E1,7.072284929362E1));
#11314=DIRECTION('',(-1.E0,0.E0,0.E0));
#11315=DIRECTION('',(0.E0,-1.E0,2.030895776753E-14));
#11316=AXIS2_PLACEMENT_3D('',#11313,#11314,#11315);
#11317=CONICAL_SURFACE('',#11316,2.15E0,4.5E1);
#11319=ORIENTED_EDGE('',*,*,#11318,.T.);
#11321=ORIENTED_EDGE('',*,*,#11320,.F.);
#11322=ORIENTED_EDGE('',*,*,#11304,.F.);
#11324=ORIENTED_EDGE('',*,*,#11323,.T.);
#11325=EDGE_LOOP('',(#11319,#11321,#11322,#11324));
#11326=FACE_OUTER_BOUND('',#11325,.F.);
#11328=CARTESIAN_POINT('',(1.8517E2,5.699223972185E1,7.072284929362E1));
#11329=DIRECTION('',(1.E0,0.E0,0.E0));
#11330=DIRECTION('',(0.E0,1.E0,-1.902583850429E-14));
#11331=AXIS2_PLACEMENT_3D('',#11328,#11329,#11330);
#11332=PLANE('',#11331);
#11334=ORIENTED_EDGE('',*,*,#11333,.F.);
#11335=ORIENTED_EDGE('',*,*,#11318,.F.);
#11336=EDGE_LOOP('',(#11334,#11335));
#11337=FACE_OUTER_BOUND('',#11336,.F.);
#11339=ORIENTED_EDGE('',*,*,#11338,.F.);
#11341=ORIENTED_EDGE('',*,*,#11340,.F.);
#11342=EDGE_LOOP('',(#11339,#11341));
#11343=FACE_BOUND('',#11342,.F.);
#11345=CARTESIAN_POINT('',(1.8507E2,5.699223972185E1,7.072284929362E1));
#11346=DIRECTION('',(-1.E0,0.E0,0.E0));
#11347=DIRECTION('',(0.E0,-1.E0,2.030895776753E-14));
#11348=AXIS2_PLACEMENT_3D('',#11345,#11346,#11347);
#11349=CONICAL_SURFACE('',#11348,2.15E0,4.5E1);
#11350=ORIENTED_EDGE('',*,*,#11323,.F.);
#11351=ORIENTED_EDGE('',*,*,#11294,.F.);
#11352=ORIENTED_EDGE('',*,*,#11320,.T.);
#11353=ORIENTED_EDGE('',*,*,#11333,.T.);
#11354=EDGE_LOOP('',(#11350,#11351,#11352,#11353));
#11355=FACE_OUTER_BOUND('',#11354,.F.);
#11357=CARTESIAN_POINT('',(1.8517E2,5.699223972185E1,7.072284929362E1));
#11358=DIRECTION('',(1.E0,0.E0,0.E0));
#11359=DIRECTION('',(0.E0,1.E0,-2.455595829064E-14));
#11360=AXIS2_PLACEMENT_3D('',#11357,#11358,#11359);
#11361=CYLINDRICAL_SURFACE('',#11360,1.130299021E0);
#11363=ORIENTED_EDGE('',*,*,#11362,.F.);
#11364=ORIENTED_EDGE('',*,*,#11338,.T.);
#11366=ORIENTED_EDGE('',*,*,#11365,.T.);
#11368=ORIENTED_EDGE('',*,*,#11367,.T.);
#11370=ORIENTED_EDGE('',*,*,#11369,.T.);
#11371=EDGE_LOOP('',(#11363,#11364,#11366,#11368,#11370));
#11372=FACE_OUTER_BOUND('',#11371,.F.);
#11374=CARTESIAN_POINT('',(1.8517E2,5.699223972185E1,7.072284929362E1));
#11375=DIRECTION('',(1.E0,0.E0,0.E0));
#11376=DIRECTION('',(0.E0,1.E0,-2.455595829064E-14));
#11377=AXIS2_PLACEMENT_3D('',#11374,#11375,#11376);
#11378=CYLINDRICAL_SURFACE('',#11377,1.130299021E0);
#11380=ORIENTED_EDGE('',*,*,#11379,.T.);
#11381=ORIENTED_EDGE('',*,*,#11367,.F.);
#11382=ORIENTED_EDGE('',*,*,#11365,.F.);
#11383=ORIENTED_EDGE('',*,*,#11340,.T.);
#11384=ORIENTED_EDGE('',*,*,#11362,.T.);
#11385=EDGE_LOOP('',(#11380,#11381,#11382,#11383,#11384));
#11386=FACE_OUTER_BOUND('',#11385,.F.);
#11388=CARTESIAN_POINT('',(1.801848962648E2,5.699223972185E1,7.072284929362E1));
#11389=DIRECTION('',(1.E0,0.E0,0.E0));
#11390=DIRECTION('',(0.E0,1.E0,-2.455595829064E-14));
#11391=AXIS2_PLACEMENT_3D('',#11388,#11389,#11390);
#11392=CONICAL_SURFACE('',#11391,7.598173266557E-1,5.9E1);
#11394=ORIENTED_EDGE('',*,*,#11393,.F.);
#11395=ORIENTED_EDGE('',*,*,#11379,.F.);
#11397=ORIENTED_EDGE('',*,*,#11396,.T.);
#11399=ORIENTED_EDGE('',*,*,#11398,.T.);
#11401=ORIENTED_EDGE('',*,*,#11400,.F.);
#11402=EDGE_LOOP('',(#11394,#11395,#11397,#11399,#11401));
#11403=FACE_OUTER_BOUND('',#11402,.F.);
#11405=CARTESIAN_POINT('',(1.801848962648E2,5.699223972185E1,7.072284929362E1));
#11406=DIRECTION('',(1.E0,0.E0,0.E0));
#11407=DIRECTION('',(0.E0,1.E0,-2.455595829064E-14));
#11408=AXIS2_PLACEMENT_3D('',#11405,#11406,#11407);
#11409=CONICAL_SURFACE('',#11408,7.598173266557E-1,5.9E1);
#11410=ORIENTED_EDGE('',*,*,#11400,.T.);
#11411=ORIENTED_EDGE('',*,*,#11398,.F.);
#11412=ORIENTED_EDGE('',*,*,#11396,.F.);
#11413=ORIENTED_EDGE('',*,*,#11369,.F.);
#11414=ORIENTED_EDGE('',*,*,#11393,.T.);
#11415=EDGE_LOOP('',(#11410,#11411,#11412,#11413,#11414));
#11416=FACE_OUTER_BOUND('',#11415,.F.);
#11418=CARTESIAN_POINT('',(1.7967E2,5.042569508494E1,7.277284929362E1));
#11419=DIRECTION('',(1.E0,0.E0,0.E0));
#11420=DIRECTION('',(0.E0,1.E0,-2.081668171172E-14));
#11421=AXIS2_PLACEMENT_3D('',#11418,#11419,#11420);
#11422=CYLINDRICAL_SURFACE('',#11421,2.E0);
#11423=ORIENTED_EDGE('',*,*,#7633,.T.);
#11424=ORIENTED_EDGE('',*,*,#7598,.F.);
#11425=ORIENTED_EDGE('',*,*,#7403,.T.);
#11427=ORIENTED_EDGE('',*,*,#11426,.F.);
#11428=EDGE_LOOP('',(#11423,#11424,#11425,#11427));
#11429=FACE_OUTER_BOUND('',#11428,.F.);
#11431=CARTESIAN_POINT('',(1.7967E2,5.042569508494E1,7.477284929362E1));
#11432=DIRECTION('',(0.E0,1.887235444111E-14,1.E0));
#11433=DIRECTION('',(0.E0,-1.E0,1.887235444111E-14));
#11434=AXIS2_PLACEMENT_3D('',#11431,#11432,#11433);
#11435=PLANE('',#11434);
#11436=ORIENTED_EDGE('',*,*,#7635,.T.);
#11437=ORIENTED_EDGE('',*,*,#11426,.T.);
#11438=ORIENTED_EDGE('',*,*,#7401,.F.);
#11440=ORIENTED_EDGE('',*,*,#11439,.T.);
#11441=EDGE_LOOP('',(#11436,#11437,#11438,#11440));
#11442=FACE_OUTER_BOUND('',#11441,.F.);
#11444=CARTESIAN_POINT('',(1.7967E2,1.651878435877E1,7.277284929362E1));
#11445=DIRECTION('',(1.E0,0.E0,0.E0));
#11446=DIRECTION('',(0.E0,1.E0,-2.081668171172E-14));
#11447=AXIS2_PLACEMENT_3D('',#11444,#11445,#11446);
#11448=CYLINDRICAL_SURFACE('',#11447,2.E0);
#11449=ORIENTED_EDGE('',*,*,#7637,.T.);
#11450=ORIENTED_EDGE('',*,*,#11439,.F.);
#11451=ORIENTED_EDGE('',*,*,#7399,.T.);
#11453=ORIENTED_EDGE('',*,*,#11452,.F.);
#11454=EDGE_LOOP('',(#11449,#11450,#11451,#11453));
#11455=FACE_OUTER_BOUND('',#11454,.F.);
#11457=CARTESIAN_POINT('',(1.7967E2,1.456248915730E1,7.318867267526E1));
#11458=DIRECTION('',(0.E0,-9.781476007338E-1,2.079116908178E-1));
#11459=DIRECTION('',(0.E0,-2.079116908178E-1,-9.781476007338E-1));
#11460=AXIS2_PLACEMENT_3D('',#11457,#11458,#11459);
#11461=PLANE('',#11460);
#11462=ORIENTED_EDGE('',*,*,#7639,.T.);
#11463=ORIENTED_EDGE('',*,*,#11452,.T.);
#11464=ORIENTED_EDGE('',*,*,#7397,.T.);
#11466=ORIENTED_EDGE('',*,*,#11465,.T.);
#11467=EDGE_LOOP('',(#11462,#11463,#11464,#11466));
#11468=FACE_OUTER_BOUND('',#11467,.F.);
#11470=CARTESIAN_POINT('',(1.7967E2,1.622223972185E1,6.897284929362E1));
#11471=DIRECTION('',(1.E0,0.E0,0.E0));
#11472=DIRECTION('',(0.E0,1.E0,-1.665334536938E-14));
#11473=AXIS2_PLACEMENT_3D('',#11470,#11471,#11472);
#11474=CYLINDRICAL_SURFACE('',#11473,2.5E0);
#11475=ORIENTED_EDGE('',*,*,#7641,.T.);
#11476=ORIENTED_EDGE('',*,*,#11465,.F.);
#11477=ORIENTED_EDGE('',*,*,#7395,.T.);
#11478=ORIENTED_EDGE('',*,*,#7393,.T.);
#11480=ORIENTED_EDGE('',*,*,#11479,.F.);
#11481=ORIENTED_EDGE('',*,*,#7643,.T.);
#11482=EDGE_LOOP('',(#11475,#11476,#11477,#11478,#11480,#11481));
#11483=FACE_OUTER_BOUND('',#11482,.F.);
#11485=CARTESIAN_POINT('',(1.7967E2,1.622223972185E1,6.647284929362E1));
#11486=DIRECTION('',(0.E0,-1.900069758434E-14,-1.E0));
#11487=DIRECTION('',(0.E0,1.E0,-1.900069758434E-14));
#11488=AXIS2_PLACEMENT_3D('',#11485,#11486,#11487);
#11489=PLANE('',#11488);
#11490=ORIENTED_EDGE('',*,*,#7645,.T.);
#11491=ORIENTED_EDGE('',*,*,#11479,.T.);
#11492=ORIENTED_EDGE('',*,*,#7391,.F.);
#11493=ORIENTED_EDGE('',*,*,#7569,.T.);
#11494=EDGE_LOOP('',(#11490,#11491,#11492,#11493));
#11495=FACE_OUTER_BOUND('',#11494,.F.);
#11497=CARTESIAN_POINT('',(1.8467E2,4.847223972185E1,6.902284929362E1));
#11498=DIRECTION('',(-1.E0,0.E0,0.E0));
#11499=DIRECTION('',(0.E0,-1.E0,2.775557561563E-14));
#11500=AXIS2_PLACEMENT_3D('',#11497,#11498,#11499);
#11501=CYLINDRICAL_SURFACE('',#11500,5.E-1);
#11503=ORIENTED_EDGE('',*,*,#11502,.F.);
#11504=ORIENTED_EDGE('',*,*,#7415,.T.);
#11506=ORIENTED_EDGE('',*,*,#11505,.T.);
#11508=ORIENTED_EDGE('',*,*,#11507,.T.);
#11509=EDGE_LOOP('',(#11503,#11504,#11506,#11508));
#11510=FACE_OUTER_BOUND('',#11509,.F.);
#11512=CARTESIAN_POINT('',(1.8467E2,4.847223972185E1,6.902284929362E1));
#11513=DIRECTION('',(-1.E0,0.E0,0.E0));
#11514=DIRECTION('',(0.E0,-1.E0,2.775557561563E-14));
#11515=AXIS2_PLACEMENT_3D('',#11512,#11513,#11514);
#11516=CYLINDRICAL_SURFACE('',#11515,5.E-1);
#11518=ORIENTED_EDGE('',*,*,#11517,.T.);
#11519=ORIENTED_EDGE('',*,*,#11505,.F.);
#11520=ORIENTED_EDGE('',*,*,#7417,.T.);
#11521=ORIENTED_EDGE('',*,*,#11502,.T.);
#11522=EDGE_LOOP('',(#11518,#11519,#11520,#11521));
#11523=FACE_OUTER_BOUND('',#11522,.F.);
#11525=CARTESIAN_POINT('',(1.843605767723E2,4.897110534628E1,6.899146332886E1));
#11526=CARTESIAN_POINT('',(1.845451052528E2,4.897689294432E1,6.899109920405E1));
#11527=CARTESIAN_POINT('',(1.846756510092E2,4.884660479017E1,6.899929623992E1));
#11528=CARTESIAN_POINT('',(1.846698519681E2,4.866244043440E1,6.901088287908E1));
#11529=CARTESIAN_POINT('',(1.843605767723E2,4.899042022497E1,6.929846453437E1));
#11530=CARTESIAN_POINT('',(1.845451052528E2,4.899643190491E1,6.930166208928E1));
#11531=CARTESIAN_POINT('',(1.846756510092E2,4.886109930638E1,6.922967997784E1));
#11532=CARTESIAN_POINT('',(1.846698519681E2,4.866980454913E1,6.912793213079E1));
#11533=CARTESIAN_POINT('',(1.843605767723E2,4.877984792188E1,6.952270126173E1));
#11534=CARTESIAN_POINT('',(1.845451052528E2,4.878341664366E1,6.952850030286E1));
#11535=CARTESIAN_POINT('',(1.846756510092E2,4.870307896829E1,6.939795454647E1));
#11536=CARTESIAN_POINT('',(1.846698519681E2,4.858952040019E1,6.921342606590E1));
#11537=CARTESIAN_POINT('',(1.843605767723E2,4.847223972185E1,6.952270126173E1));
#11538=CARTESIAN_POINT('',(1.845451052528E2,4.847223972185E1,6.952850030286E1));
#11539=CARTESIAN_POINT('',(1.846756510092E2,4.847223972185E1,6.939795454647E1));
#11540=CARTESIAN_POINT('',(1.846698519681E2,4.847223972185E1,6.921342606590E1));
#11541=CARTESIAN_POINT('',(1.843605767723E2,4.816463152182E1,6.952270126173E1));
#11542=CARTESIAN_POINT('',(1.845451052528E2,4.816106280005E1,6.952850030286E1));
#11543=CARTESIAN_POINT('',(1.846756510092E2,4.824140047541E1,6.939795454647E1));
#11544=CARTESIAN_POINT('',(1.846698519681E2,4.835495904352E1,6.921342606590E1));
#11545=CARTESIAN_POINT('',(1.843605767723E2,4.795405921873E1,6.929846453437E1));
#11546=CARTESIAN_POINT('',(1.845451052528E2,4.794804753880E1,6.930166208928E1));
#11547=CARTESIAN_POINT('',(1.846756510092E2,4.808338013732E1,6.922967997784E1));
#11548=CARTESIAN_POINT('',(1.846698519681E2,4.827467489458E1,6.912793213079E1));
#11549=CARTESIAN_POINT('',(1.843605767723E2,4.797337409742E1,6.899146332886E1));
#11550=CARTESIAN_POINT('',(1.845451052528E2,4.796758649938E1,6.899109920405E1));
#11551=CARTESIAN_POINT('',(1.846756510092E2,4.809787465354E1,6.899929623992E1));
#11552=CARTESIAN_POINT('',(1.846698519681E2,4.828203900930E1,6.901088287908E1));
#11553=(BOUNDED_SURFACE()B_SPLINE_SURFACE(3,3,((#11525,#11526,#11527,#11528),(
#11529,#11530,#11531,#11532),(#11533,#11534,#11535,#11536),(#11537,#11538,
#11539,#11540),(#11541,#11542,#11543,#11544),(#11545,#11546,#11547,#11548),(
#11549,#11550,#11551,#11552)),.UNSPECIFIED.,.F.,.F.,.F.)B_SPLINE_SURFACE_WITH_KNOTS((4,3,4),(4,4),(0.E0,1.E0,2.E0),(0.E0,1.E0),.UNSPECIFIED.)GEOMETRIC_REPRESENTATION_ITEM()RATIONAL_B_SPLINE_SURFACE(((1.409592795969E0,1.113152711336E0,
1.113152711336E0,1.409592795969E0),(1.113152711336E0,8.790545484463E-1,
8.790545484463E-1,1.113152711336E0),(1.113152711336E0,8.790545484463E-1,
8.790545484463E-1,1.113152711336E0),(1.409592795969E0,1.113152711336E0,
1.113152711336E0,1.409592795969E0),(1.113152711336E0,8.790545484463E-1,
8.790545484463E-1,1.113152711336E0),(1.113152711336E0,8.790545484463E-1,
8.790545484463E-1,1.113152711336E0),(1.409592795969E0,1.113152711336E0,
1.113152711336E0,1.409592795969E0)))REPRESENTATION_ITEM('')SURFACE());
#11554=ORIENTED_EDGE('',*,*,#11517,.F.);
#11556=ORIENTED_EDGE('',*,*,#11555,.F.);
#11558=ORIENTED_EDGE('',*,*,#11557,.T.);
#11560=ORIENTED_EDGE('',*,*,#11559,.T.);
#11561=EDGE_LOOP('',(#11554,#11556,#11558,#11560));
#11562=FACE_OUTER_BOUND('',#11561,.F.);
#11564=CARTESIAN_POINT('',(1.843605767723E2,4.797337409742E1,6.905423525839E1));
#11565=CARTESIAN_POINT('',(1.845451052528E2,4.796758649938E1,6.905459938319E1));
#11566=CARTESIAN_POINT('',(1.846756510092E2,4.809787465354E1,6.904640234733E1));
#11567=CARTESIAN_POINT('',(1.846698519681E2,4.828203900930E1,6.903481570817E1));
#11568=CARTESIAN_POINT('',(1.843605767723E2,4.795405921873E1,6.874723405287E1));
#11569=CARTESIAN_POINT('',(1.845451052528E2,4.794804753880E1,6.874403649796E1));
#11570=CARTESIAN_POINT('',(1.846756510092E2,4.808338013732E1,6.881601860941E1));
#11571=CARTESIAN_POINT('',(1.846698519681E2,4.827467489458E1,6.891776645646E1));
#11572=CARTESIAN_POINT('',(1.843605767723E2,4.816463152182E1,6.852299732551E1));
#11573=CARTESIAN_POINT('',(1.845451052528E2,4.816106280005E1,6.851719828439E1));
#11574=CARTESIAN_POINT('',(1.846756510092E2,4.824140047541E1,6.864774404078E1));
#11575=CARTESIAN_POINT('',(1.846698519681E2,4.835495904352E1,6.883227252135E1));
#11576=CARTESIAN_POINT('',(1.843605767723E2,4.847223972185E1,6.852299732551E1));
#11577=CARTESIAN_POINT('',(1.845451052528E2,4.847223972185E1,6.851719828439E1));
#11578=CARTESIAN_POINT('',(1.846756510092E2,4.847223972185E1,6.864774404078E1));
#11579=CARTESIAN_POINT('',(1.846698519681E2,4.847223972185E1,6.883227252135E1));
#11580=CARTESIAN_POINT('',(1.843605767723E2,4.877984792188E1,6.852299732551E1));
#11581=CARTESIAN_POINT('',(1.845451052528E2,4.878341664366E1,6.851719828439E1));
#11582=CARTESIAN_POINT('',(1.846756510092E2,4.870307896829E1,6.864774404078E1));
#11583=CARTESIAN_POINT('',(1.846698519681E2,4.858952040019E1,6.883227252135E1));
#11584=CARTESIAN_POINT('',(1.843605767723E2,4.899042022497E1,6.874723405287E1));
#11585=CARTESIAN_POINT('',(1.845451052528E2,4.899643190491E1,6.874403649796E1));
#11586=CARTESIAN_POINT('',(1.846756510092E2,4.886109930638E1,6.881601860941E1));
#11587=CARTESIAN_POINT('',(1.846698519681E2,4.866980454913E1,6.891776645646E1));
#11588=CARTESIAN_POINT('',(1.843605767723E2,4.897110534628E1,6.905423525839E1));
#11589=CARTESIAN_POINT('',(1.845451052528E2,4.897689294432E1,6.905459938319E1));
#11590=CARTESIAN_POINT('',(1.846756510092E2,4.884660479017E1,6.904640234733E1));
#11591=CARTESIAN_POINT('',(1.846698519681E2,4.866244043440E1,6.903481570817E1));
#11592=(BOUNDED_SURFACE()B_SPLINE_SURFACE(3,3,((#11564,#11565,#11566,#11567),(
#11568,#11569,#11570,#11571),(#11572,#11573,#11574,#11575),(#11576,#11577,
#11578,#11579),(#11580,#11581,#11582,#11583),(#11584,#11585,#11586,#11587),(
#11588,#11589,#11590,#11591)),.UNSPECIFIED.,.F.,.F.,.F.)B_SPLINE_SURFACE_WITH_KNOTS((4,3,4),(4,4),(0.E0,1.E0,2.E0),(0.E0,1.E0),.UNSPECIFIED.)GEOMETRIC_REPRESENTATION_ITEM()RATIONAL_B_SPLINE_SURFACE(((1.409592795969E0,1.113152711336E0,
1.113152711336E0,1.409592795969E0),(1.113152711336E0,8.790545484463E-1,
8.790545484463E-1,1.113152711336E0),(1.113152711336E0,8.790545484463E-1,
8.790545484463E-1,1.113152711336E0),(1.409592795969E0,1.113152711336E0,
1.113152711336E0,1.409592795969E0),(1.113152711336E0,8.790545484463E-1,
8.790545484463E-1,1.113152711336E0),(1.113152711336E0,8.790545484463E-1,
8.790545484463E-1,1.113152711336E0),(1.409592795969E0,1.113152711336E0,
1.113152711336E0,1.409592795969E0)))REPRESENTATION_ITEM('')SURFACE());
#11593=ORIENTED_EDGE('',*,*,#11559,.F.);
#11595=ORIENTED_EDGE('',*,*,#11594,.T.);
#11596=ORIENTED_EDGE('',*,*,#11555,.T.);
#11597=ORIENTED_EDGE('',*,*,#11507,.F.);
#11598=EDGE_LOOP('',(#11593,#11595,#11596,#11597));
#11599=FACE_OUTER_BOUND('',#11598,.F.);
#11601=CARTESIAN_POINT('',(1.8467E2,4.847223972185E1,6.902284929362E1));
#11602=DIRECTION('',(1.E0,0.E0,0.E0));
#11603=DIRECTION('',(0.E0,1.E0,-1.902583850429E-14));
#11604=AXIS2_PLACEMENT_3D('',#11601,#11602,#11603);
#11605=PLANE('',#11604);
#11606=ORIENTED_EDGE('',*,*,#11557,.F.);
#11607=ORIENTED_EDGE('',*,*,#11594,.F.);
#11608=EDGE_LOOP('',(#11606,#11607));
#11609=FACE_OUTER_BOUND('',#11608,.F.);
#11611=CARTESIAN_POINT('',(1.8467E2,4.247223972185E1,6.902284929362E1));
#11612=DIRECTION('',(-1.E0,0.E0,0.E0));
#11613=DIRECTION('',(0.E0,-1.E0,2.775557561563E-14));
#11614=AXIS2_PLACEMENT_3D('',#11611,#11612,#11613);
#11615=CYLINDRICAL_SURFACE('',#11614,5.E-1);
#11617=ORIENTED_EDGE('',*,*,#11616,.F.);
#11618=ORIENTED_EDGE('',*,*,#7421,.T.);
#11620=ORIENTED_EDGE('',*,*,#11619,.T.);
#11622=ORIENTED_EDGE('',*,*,#11621,.T.);
#11623=EDGE_LOOP('',(#11617,#11618,#11620,#11622));
#11624=FACE_OUTER_BOUND('',#11623,.F.);
#11626=CARTESIAN_POINT('',(1.8467E2,4.247223972185E1,6.902284929362E1));
#11627=DIRECTION('',(-1.E0,0.E0,0.E0));
#11628=DIRECTION('',(0.E0,-1.E0,2.775557561563E-14));
#11629=AXIS2_PLACEMENT_3D('',#11626,#11627,#11628);
#11630=CYLINDRICAL_SURFACE('',#11629,5.E-1);
#11632=ORIENTED_EDGE('',*,*,#11631,.T.);
#11633=ORIENTED_EDGE('',*,*,#11619,.F.);
#11634=ORIENTED_EDGE('',*,*,#7423,.T.);
#11635=ORIENTED_EDGE('',*,*,#11616,.T.);
#11636=EDGE_LOOP('',(#11632,#11633,#11634,#11635));
#11637=FACE_OUTER_BOUND('',#11636,.F.);
#11639=CARTESIAN_POINT('',(1.843605767723E2,4.297110534628E1,6.899146332886E1));
#11640=CARTESIAN_POINT('',(1.845451052528E2,4.297689294432E1,6.899109920405E1));
#11641=CARTESIAN_POINT('',(1.846756510092E2,4.284660479017E1,6.899929623992E1));
#11642=CARTESIAN_POINT('',(1.846698519681E2,4.266244043440E1,6.901088287908E1));
#11643=CARTESIAN_POINT('',(1.843605767723E2,4.299042022497E1,6.929846453437E1));
#11644=CARTESIAN_POINT('',(1.845451052528E2,4.299643190491E1,6.930166208928E1));
#11645=CARTESIAN_POINT('',(1.846756510092E2,4.286109930638E1,6.922967997784E1));
#11646=CARTESIAN_POINT('',(1.846698519681E2,4.266980454913E1,6.912793213079E1));
#11647=CARTESIAN_POINT('',(1.843605767723E2,4.277984792188E1,6.952270126173E1));
#11648=CARTESIAN_POINT('',(1.845451052528E2,4.278341664366E1,6.952850030286E1));
#11649=CARTESIAN_POINT('',(1.846756510092E2,4.270307896829E1,6.939795454647E1));
#11650=CARTESIAN_POINT('',(1.846698519681E2,4.258952040019E1,6.921342606590E1));
#11651=CARTESIAN_POINT('',(1.843605767723E2,4.247223972185E1,6.952270126173E1));
#11652=CARTESIAN_POINT('',(1.845451052528E2,4.247223972185E1,6.952850030286E1));
#11653=CARTESIAN_POINT('',(1.846756510092E2,4.247223972185E1,6.939795454647E1));
#11654=CARTESIAN_POINT('',(1.846698519681E2,4.247223972185E1,6.921342606590E1));
#11655=CARTESIAN_POINT('',(1.843605767723E2,4.216463152182E1,6.952270126173E1));
#11656=CARTESIAN_POINT('',(1.845451052528E2,4.216106280005E1,6.952850030286E1));
#11657=CARTESIAN_POINT('',(1.846756510092E2,4.224140047541E1,6.939795454647E1));
#11658=CARTESIAN_POINT('',(1.846698519681E2,4.235495904352E1,6.921342606590E1));
#11659=CARTESIAN_POINT('',(1.843605767723E2,4.195405921873E1,6.929846453437E1));
#11660=CARTESIAN_POINT('',(1.845451052528E2,4.194804753880E1,6.930166208928E1));
#11661=CARTESIAN_POINT('',(1.846756510092E2,4.208338013732E1,6.922967997784E1));
#11662=CARTESIAN_POINT('',(1.846698519681E2,4.227467489458E1,6.912793213079E1));
#11663=CARTESIAN_POINT('',(1.843605767723E2,4.197337409742E1,6.899146332886E1));
#11664=CARTESIAN_POINT('',(1.845451052528E2,4.196758649938E1,6.899109920405E1));
#11665=CARTESIAN_POINT('',(1.846756510092E2,4.209787465354E1,6.899929623992E1));
#11666=CARTESIAN_POINT('',(1.846698519681E2,4.228203900930E1,6.901088287908E1));
#11667=(BOUNDED_SURFACE()B_SPLINE_SURFACE(3,3,((#11639,#11640,#11641,#11642),(
#11643,#11644,#11645,#11646),(#11647,#11648,#11649,#11650),(#11651,#11652,
#11653,#11654),(#11655,#11656,#11657,#11658),(#11659,#11660,#11661,#11662),(
#11663,#11664,#11665,#11666)),.UNSPECIFIED.,.F.,.F.,.F.)B_SPLINE_SURFACE_WITH_KNOTS((4,3,4),(4,4),(0.E0,1.E0,2.E0),(0.E0,1.E0),.UNSPECIFIED.)GEOMETRIC_REPRESENTATION_ITEM()RATIONAL_B_SPLINE_SURFACE(((1.409592795969E0,1.113152711336E0,
1.113152711336E0,1.409592795969E0),(1.113152711336E0,8.790545484463E-1,
8.790545484463E-1,1.113152711336E0),(1.113152711336E0,8.790545484463E-1,
8.790545484463E-1,1.113152711336E0),(1.409592795969E0,1.113152711336E0,
1.113152711336E0,1.409592795969E0),(1.113152711336E0,8.790545484463E-1,
8.790545484463E-1,1.113152711336E0),(1.113152711336E0,8.790545484463E-1,
8.790545484463E-1,1.113152711336E0),(1.409592795969E0,1.113152711336E0,
1.113152711336E0,1.409592795969E0)))REPRESENTATION_ITEM('')SURFACE());
#11668=ORIENTED_EDGE('',*,*,#11631,.F.);
#11670=ORIENTED_EDGE('',*,*,#11669,.F.);
#11672=ORIENTED_EDGE('',*,*,#11671,.T.);
#11674=ORIENTED_EDGE('',*,*,#11673,.T.);
#11675=EDGE_LOOP('',(#11668,#11670,#11672,#11674));
#11676=FACE_OUTER_BOUND('',#11675,.F.);
#11678=CARTESIAN_POINT('',(1.843605767723E2,4.197337409742E1,6.905423525839E1));
#11679=CARTESIAN_POINT('',(1.845451052528E2,4.196758649938E1,6.905459938319E1));
#11680=CARTESIAN_POINT('',(1.846756510092E2,4.209787465354E1,6.904640234733E1));
#11681=CARTESIAN_POINT('',(1.846698519681E2,4.228203900930E1,6.903481570817E1));
#11682=CARTESIAN_POINT('',(1.843605767723E2,4.195405921873E1,6.874723405287E1));
#11683=CARTESIAN_POINT('',(1.845451052528E2,4.194804753880E1,6.874403649796E1));
#11684=CARTESIAN_POINT('',(1.846756510092E2,4.208338013732E1,6.881601860941E1));
#11685=CARTESIAN_POINT('',(1.846698519681E2,4.227467489458E1,6.891776645646E1));
#11686=CARTESIAN_POINT('',(1.843605767723E2,4.216463152182E1,6.852299732551E1));
#11687=CARTESIAN_POINT('',(1.845451052528E2,4.216106280005E1,6.851719828439E1));
#11688=CARTESIAN_POINT('',(1.846756510092E2,4.224140047541E1,6.864774404078E1));
#11689=CARTESIAN_POINT('',(1.846698519681E2,4.235495904352E1,6.883227252135E1));
#11690=CARTESIAN_POINT('',(1.843605767723E2,4.247223972185E1,6.852299732551E1));
#11691=CARTESIAN_POINT('',(1.845451052528E2,4.247223972185E1,6.851719828439E1));
#11692=CARTESIAN_POINT('',(1.846756510092E2,4.247223972185E1,6.864774404078E1));
#11693=CARTESIAN_POINT('',(1.846698519681E2,4.247223972185E1,6.883227252135E1));
#11694=CARTESIAN_POINT('',(1.843605767723E2,4.277984792188E1,6.852299732551E1));
#11695=CARTESIAN_POINT('',(1.845451052528E2,4.278341664366E1,6.851719828439E1));
#11696=CARTESIAN_POINT('',(1.846756510092E2,4.270307896829E1,6.864774404078E1));
#11697=CARTESIAN_POINT('',(1.846698519681E2,4.258952040019E1,6.883227252135E1));
#11698=CARTESIAN_POINT('',(1.843605767723E2,4.299042022497E1,6.874723405287E1));
#11699=CARTESIAN_POINT('',(1.845451052528E2,4.299643190491E1,6.874403649796E1));
#11700=CARTESIAN_POINT('',(1.846756510092E2,4.286109930638E1,6.881601860941E1));
#11701=CARTESIAN_POINT('',(1.846698519681E2,4.266980454913E1,6.891776645646E1));
#11702=CARTESIAN_POINT('',(1.843605767723E2,4.297110534628E1,6.905423525839E1));
#11703=CARTESIAN_POINT('',(1.845451052528E2,4.297689294432E1,6.905459938319E1));
#11704=CARTESIAN_POINT('',(1.846756510092E2,4.284660479017E1,6.904640234733E1));
#11705=CARTESIAN_POINT('',(1.846698519681E2,4.266244043440E1,6.903481570817E1));
#11706=(BOUNDED_SURFACE()B_SPLINE_SURFACE(3,3,((#11678,#11679,#11680,#11681),(
#11682,#11683,#11684,#11685),(#11686,#11687,#11688,#11689),(#11690,#11691,
#11692,#11693),(#11694,#11695,#11696,#11697),(#11698,#11699,#11700,#11701),(
#11702,#11703,#11704,#11705)),.UNSPECIFIED.,.F.,.F.,.F.)B_SPLINE_SURFACE_WITH_KNOTS((4,3,4),(4,4),(0.E0,1.E0,2.E0),(0.E0,1.E0),.UNSPECIFIED.)GEOMETRIC_REPRESENTATION_ITEM()RATIONAL_B_SPLINE_SURFACE(((1.409592795969E0,1.113152711336E0,
1.113152711336E0,1.409592795969E0),(1.113152711336E0,8.790545484463E-1,
8.790545484463E-1,1.113152711336E0),(1.113152711336E0,8.790545484463E-1,
8.790545484463E-1,1.113152711336E0),(1.409592795969E0,1.113152711336E0,
1.113152711336E0,1.409592795969E0),(1.113152711336E0,8.790545484463E-1,
8.790545484463E-1,1.113152711336E0),(1.113152711336E0,8.790545484463E-1,
8.790545484463E-1,1.113152711336E0),(1.409592795969E0,1.113152711336E0,
1.113152711336E0,1.409592795969E0)))REPRESENTATION_ITEM('')SURFACE());
#11707=ORIENTED_EDGE('',*,*,#11673,.F.);
#11709=ORIENTED_EDGE('',*,*,#11708,.T.);
#11710=ORIENTED_EDGE('',*,*,#11669,.T.);
#11711=ORIENTED_EDGE('',*,*,#11621,.F.);
#11712=EDGE_LOOP('',(#11707,#11709,#11710,#11711));
#11713=FACE_OUTER_BOUND('',#11712,.F.);
#11715=CARTESIAN_POINT('',(1.8467E2,4.247223972185E1,6.902284929362E1));
#11716=DIRECTION('',(1.E0,0.E0,0.E0));
#11717=DIRECTION('',(0.E0,1.E0,-1.902583850429E-14));
#11718=AXIS2_PLACEMENT_3D('',#11715,#11716,#11717);
#11719=PLANE('',#11718);
#11720=ORIENTED_EDGE('',*,*,#11671,.F.);
#11721=ORIENTED_EDGE('',*,*,#11708,.F.);
#11722=EDGE_LOOP('',(#11720,#11721));
#11723=FACE_OUTER_BOUND('',#11722,.F.);
#11725=CARTESIAN_POINT('',(1.8467E2,3.647223972185E1,6.902284929362E1));
#11726=DIRECTION('',(-1.E0,0.E0,0.E0));
#11727=DIRECTION('',(0.E0,-1.E0,2.775557561563E-14));
#11728=AXIS2_PLACEMENT_3D('',#11725,#11726,#11727);
#11729=CYLINDRICAL_SURFACE('',#11728,5.E-1);
#11731=ORIENTED_EDGE('',*,*,#11730,.F.);
#11732=ORIENTED_EDGE('',*,*,#7427,.T.);
#11734=ORIENTED_EDGE('',*,*,#11733,.T.);
#11736=ORIENTED_EDGE('',*,*,#11735,.T.);
#11737=EDGE_LOOP('',(#11731,#11732,#11734,#11736));
#11738=FACE_OUTER_BOUND('',#11737,.F.);
#11740=CARTESIAN_POINT('',(1.8467E2,3.647223972185E1,6.902284929362E1));
#11741=DIRECTION('',(-1.E0,0.E0,0.E0));
#11742=DIRECTION('',(0.E0,-1.E0,2.775557561563E-14));
#11743=AXIS2_PLACEMENT_3D('',#11740,#11741,#11742);
#11744=CYLINDRICAL_SURFACE('',#11743,5.E-1);
#11746=ORIENTED_EDGE('',*,*,#11745,.T.);
#11747=ORIENTED_EDGE('',*,*,#11733,.F.);
#11748=ORIENTED_EDGE('',*,*,#7429,.T.);
#11749=ORIENTED_EDGE('',*,*,#11730,.T.);
#11750=EDGE_LOOP('',(#11746,#11747,#11748,#11749));
#11751=FACE_OUTER_BOUND('',#11750,.F.);
#11753=CARTESIAN_POINT('',(1.843605767723E2,3.697110534628E1,6.899146332886E1));
#11754=CARTESIAN_POINT('',(1.845451052528E2,3.697689294432E1,6.899109920405E1));
#11755=CARTESIAN_POINT('',(1.846756510092E2,3.684660479017E1,6.899929623992E1));
#11756=CARTESIAN_POINT('',(1.846698519681E2,3.666244043440E1,6.901088287908E1));
#11757=CARTESIAN_POINT('',(1.843605767723E2,3.699042022497E1,6.929846453437E1));
#11758=CARTESIAN_POINT('',(1.845451052528E2,3.699643190491E1,6.930166208928E1));
#11759=CARTESIAN_POINT('',(1.846756510092E2,3.686109930638E1,6.922967997784E1));
#11760=CARTESIAN_POINT('',(1.846698519681E2,3.666980454913E1,6.912793213079E1));
#11761=CARTESIAN_POINT('',(1.843605767723E2,3.677984792188E1,6.952270126173E1));
#11762=CARTESIAN_POINT('',(1.845451052528E2,3.678341664366E1,6.952850030286E1));
#11763=CARTESIAN_POINT('',(1.846756510092E2,3.670307896829E1,6.939795454647E1));
#11764=CARTESIAN_POINT('',(1.846698519681E2,3.658952040019E1,6.921342606590E1));
#11765=CARTESIAN_POINT('',(1.843605767723E2,3.647223972185E1,6.952270126173E1));
#11766=CARTESIAN_POINT('',(1.845451052528E2,3.647223972185E1,6.952850030286E1));
#11767=CARTESIAN_POINT('',(1.846756510092E2,3.647223972185E1,6.939795454647E1));
#11768=CARTESIAN_POINT('',(1.846698519681E2,3.647223972185E1,6.921342606590E1));
#11769=CARTESIAN_POINT('',(1.843605767723E2,3.616463152182E1,6.952270126173E1));
#11770=CARTESIAN_POINT('',(1.845451052528E2,3.616106280005E1,6.952850030286E1));
#11771=CARTESIAN_POINT('',(1.846756510092E2,3.624140047541E1,6.939795454647E1));
#11772=CARTESIAN_POINT('',(1.846698519681E2,3.635495904352E1,6.921342606590E1));
#11773=CARTESIAN_POINT('',(1.843605767723E2,3.595405921873E1,6.929846453437E1));
#11774=CARTESIAN_POINT('',(1.845451052528E2,3.594804753880E1,6.930166208928E1));
#11775=CARTESIAN_POINT('',(1.846756510092E2,3.608338013732E1,6.922967997784E1));
#11776=CARTESIAN_POINT('',(1.846698519681E2,3.627467489458E1,6.912793213079E1));
#11777=CARTESIAN_POINT('',(1.843605767723E2,3.597337409742E1,6.899146332886E1));
#11778=CARTESIAN_POINT('',(1.845451052528E2,3.596758649938E1,6.899109920405E1));
#11779=CARTESIAN_POINT('',(1.846756510092E2,3.609787465354E1,6.899929623992E1));
#11780=CARTESIAN_POINT('',(1.846698519681E2,3.628203900930E1,6.901088287908E1));
#11781=(BOUNDED_SURFACE()B_SPLINE_SURFACE(3,3,((#11753,#11754,#11755,#11756),(
#11757,#11758,#11759,#11760),(#11761,#11762,#11763,#11764),(#11765,#11766,
#11767,#11768),(#11769,#11770,#11771,#11772),(#11773,#11774,#11775,#11776),(
#11777,#11778,#11779,#11780)),.UNSPECIFIED.,.F.,.F.,.F.)B_SPLINE_SURFACE_WITH_KNOTS((4,3,4),(4,4),(0.E0,1.E0,2.E0),(0.E0,1.E0),.UNSPECIFIED.)GEOMETRIC_REPRESENTATION_ITEM()RATIONAL_B_SPLINE_SURFACE(((1.409592795969E0,1.113152711336E0,
1.113152711336E0,1.409592795969E0),(1.113152711336E0,8.790545484463E-1,
8.790545484463E-1,1.113152711336E0),(1.113152711336E0,8.790545484463E-1,
8.790545484463E-1,1.113152711336E0),(1.409592795969E0,1.113152711336E0,
1.113152711336E0,1.409592795969E0),(1.113152711336E0,8.790545484463E-1,
8.790545484463E-1,1.113152711336E0),(1.113152711336E0,8.790545484463E-1,
8.790545484463E-1,1.113152711336E0),(1.409592795969E0,1.113152711336E0,
1.113152711336E0,1.409592795969E0)))REPRESENTATION_ITEM('')SURFACE());
#11782=ORIENTED_EDGE('',*,*,#11745,.F.);
#11784=ORIENTED_EDGE('',*,*,#11783,.F.);
#11786=ORIENTED_EDGE('',*,*,#11785,.T.);
#11788=ORIENTED_EDGE('',*,*,#11787,.T.);
#11789=EDGE_LOOP('',(#11782,#11784,#11786,#11788));
#11790=FACE_OUTER_BOUND('',#11789,.F.);
#11792=CARTESIAN_POINT('',(1.843605767723E2,3.597337409742E1,6.905423525839E1));
#11793=CARTESIAN_POINT('',(1.845451052528E2,3.596758649938E1,6.905459938319E1));
#11794=CARTESIAN_POINT('',(1.846756510092E2,3.609787465354E1,6.904640234733E1));
#11795=CARTESIAN_POINT('',(1.846698519681E2,3.628203900930E1,6.903481570817E1));
#11796=CARTESIAN_POINT('',(1.843605767723E2,3.595405921873E1,6.874723405287E1));
#11797=CARTESIAN_POINT('',(1.845451052528E2,3.594804753880E1,6.874403649796E1));
#11798=CARTESIAN_POINT('',(1.846756510092E2,3.608338013732E1,6.881601860941E1));
#11799=CARTESIAN_POINT('',(1.846698519681E2,3.627467489458E1,6.891776645646E1));
#11800=CARTESIAN_POINT('',(1.843605767723E2,3.616463152182E1,6.852299732551E1));
#11801=CARTESIAN_POINT('',(1.845451052528E2,3.616106280005E1,6.851719828439E1));
#11802=CARTESIAN_POINT('',(1.846756510092E2,3.624140047541E1,6.864774404078E1));
#11803=CARTESIAN_POINT('',(1.846698519681E2,3.635495904352E1,6.883227252135E1));
#11804=CARTESIAN_POINT('',(1.843605767723E2,3.647223972185E1,6.852299732551E1));
#11805=CARTESIAN_POINT('',(1.845451052528E2,3.647223972185E1,6.851719828439E1));
#11806=CARTESIAN_POINT('',(1.846756510092E2,3.647223972185E1,6.864774404078E1));
#11807=CARTESIAN_POINT('',(1.846698519681E2,3.647223972185E1,6.883227252135E1));
#11808=CARTESIAN_POINT('',(1.843605767723E2,3.677984792188E1,6.852299732551E1));
#11809=CARTESIAN_POINT('',(1.845451052528E2,3.678341664366E1,6.851719828439E1));
#11810=CARTESIAN_POINT('',(1.846756510092E2,3.670307896829E1,6.864774404078E1));
#11811=CARTESIAN_POINT('',(1.846698519681E2,3.658952040019E1,6.883227252135E1));
#11812=CARTESIAN_POINT('',(1.843605767723E2,3.699042022497E1,6.874723405287E1));
#11813=CARTESIAN_POINT('',(1.845451052528E2,3.699643190491E1,6.874403649796E1));
#11814=CARTESIAN_POINT('',(1.846756510092E2,3.686109930638E1,6.881601860941E1));
#11815=CARTESIAN_POINT('',(1.846698519681E2,3.666980454913E1,6.891776645646E1));
#11816=CARTESIAN_POINT('',(1.843605767723E2,3.697110534628E1,6.905423525839E1));
#11817=CARTESIAN_POINT('',(1.845451052528E2,3.697689294432E1,6.905459938319E1));
#11818=CARTESIAN_POINT('',(1.846756510092E2,3.684660479017E1,6.904640234733E1));
#11819=CARTESIAN_POINT('',(1.846698519681E2,3.666244043440E1,6.903481570817E1));
#11820=(BOUNDED_SURFACE()B_SPLINE_SURFACE(3,3,((#11792,#11793,#11794,#11795),(
#11796,#11797,#11798,#11799),(#11800,#11801,#11802,#11803),(#11804,#11805,
#11806,#11807),(#11808,#11809,#11810,#11811),(#11812,#11813,#11814,#11815),(
#11816,#11817,#11818,#11819)),.UNSPECIFIED.,.F.,.F.,.F.)B_SPLINE_SURFACE_WITH_KNOTS((4,3,4),(4,4),(0.E0,1.E0,2.E0),(0.E0,1.E0),.UNSPECIFIED.)GEOMETRIC_REPRESENTATION_ITEM()RATIONAL_B_SPLINE_SURFACE(((1.409592795969E0,1.113152711336E0,
1.113152711336E0,1.409592795969E0),(1.113152711336E0,8.790545484463E-1,
8.790545484463E-1,1.113152711336E0),(1.113152711336E0,8.790545484463E-1,
8.790545484463E-1,1.113152711336E0),(1.409592795969E0,1.113152711336E0,
1.113152711336E0,1.409592795969E0),(1.113152711336E0,8.790545484463E-1,
8.790545484463E-1,1.113152711336E0),(1.113152711336E0,8.790545484463E-1,
8.790545484463E-1,1.113152711336E0),(1.409592795969E0,1.113152711336E0,
1.113152711336E0,1.409592795969E0)))REPRESENTATION_ITEM('')SURFACE());
#11821=ORIENTED_EDGE('',*,*,#11787,.F.);
#11823=ORIENTED_EDGE('',*,*,#11822,.T.);
#11824=ORIENTED_EDGE('',*,*,#11783,.T.);
#11825=ORIENTED_EDGE('',*,*,#11735,.F.);
#11826=EDGE_LOOP('',(#11821,#11823,#11824,#11825));
#11827=FACE_OUTER_BOUND('',#11826,.F.);
#11829=CARTESIAN_POINT('',(1.8467E2,3.647223972185E1,6.902284929362E1));
#11830=DIRECTION('',(1.E0,0.E0,0.E0));
#11831=DIRECTION('',(0.E0,1.E0,-1.902583850429E-14));
#11832=AXIS2_PLACEMENT_3D('',#11829,#11830,#11831);
#11833=PLANE('',#11832);
#11834=ORIENTED_EDGE('',*,*,#11785,.F.);
#11835=ORIENTED_EDGE('',*,*,#11822,.F.);
#11836=EDGE_LOOP('',(#11834,#11835));
#11837=FACE_OUTER_BOUND('',#11836,.F.);
#11839=CARTESIAN_POINT('',(1.8467E2,3.047223972185E1,6.902284929362E1));
#11840=DIRECTION('',(-1.E0,0.E0,0.E0));
#11841=DIRECTION('',(0.E0,-1.E0,2.775557561563E-14));
#11842=AXIS2_PLACEMENT_3D('',#11839,#11840,#11841);
#11843=CYLINDRICAL_SURFACE('',#11842,5.E-1);
#11845=ORIENTED_EDGE('',*,*,#11844,.F.);
#11846=ORIENTED_EDGE('',*,*,#7433,.T.);
#11848=ORIENTED_EDGE('',*,*,#11847,.T.);
#11850=ORIENTED_EDGE('',*,*,#11849,.T.);
#11852=ORIENTED_EDGE('',*,*,#11851,.F.);
#11853=EDGE_LOOP('',(#11845,#11846,#11848,#11850,#11852));
#11854=FACE_OUTER_BOUND('',#11853,.F.);
#11856=CARTESIAN_POINT('',(1.8467E2,3.047223972185E1,6.902284929362E1));
#11857=DIRECTION('',(-1.E0,0.E0,0.E0));
#11858=DIRECTION('',(0.E0,-1.E0,2.775557561563E-14));
#11859=AXIS2_PLACEMENT_3D('',#11856,#11857,#11858);
#11860=CYLINDRICAL_SURFACE('',#11859,5.E-1);
#11862=ORIENTED_EDGE('',*,*,#11861,.T.);
#11863=ORIENTED_EDGE('',*,*,#11847,.F.);
#11864=ORIENTED_EDGE('',*,*,#7435,.T.);
#11865=ORIENTED_EDGE('',*,*,#11844,.T.);
#11866=ORIENTED_EDGE('',*,*,#11851,.T.);
#11867=EDGE_LOOP('',(#11862,#11863,#11864,#11865,#11866));
#11868=FACE_OUTER_BOUND('',#11867,.F.);
#11870=CARTESIAN_POINT('',(1.843605767723E2,3.097110534628E1,6.899146332886E1));
#11871=CARTESIAN_POINT('',(1.845451052528E2,3.097689294432E1,6.899109920405E1));
#11872=CARTESIAN_POINT('',(1.846756510092E2,3.084660479017E1,6.899929623992E1));
#11873=CARTESIAN_POINT('',(1.846698519681E2,3.066244043440E1,6.901088287908E1));
#11874=CARTESIAN_POINT('',(1.843605767723E2,3.099042022497E1,6.929846453437E1));
#11875=CARTESIAN_POINT('',(1.845451052528E2,3.099643190491E1,6.930166208928E1));
#11876=CARTESIAN_POINT('',(1.846756510092E2,3.086109930638E1,6.922967997784E1));
#11877=CARTESIAN_POINT('',(1.846698519681E2,3.066980454913E1,6.912793213079E1));
#11878=CARTESIAN_POINT('',(1.843605767723E2,3.077984792188E1,6.952270126173E1));
#11879=CARTESIAN_POINT('',(1.845451052528E2,3.078341664366E1,6.952850030286E1));
#11880=CARTESIAN_POINT('',(1.846756510092E2,3.070307896829E1,6.939795454647E1));
#11881=CARTESIAN_POINT('',(1.846698519681E2,3.058952040019E1,6.921342606590E1));
#11882=CARTESIAN_POINT('',(1.843605767723E2,3.047223972185E1,6.952270126173E1));
#11883=CARTESIAN_POINT('',(1.845451052528E2,3.047223972185E1,6.952850030286E1));
#11884=CARTESIAN_POINT('',(1.846756510092E2,3.047223972185E1,6.939795454647E1));
#11885=CARTESIAN_POINT('',(1.846698519681E2,3.047223972185E1,6.921342606590E1));
#11886=CARTESIAN_POINT('',(1.843605767723E2,3.016463152182E1,6.952270126173E1));
#11887=CARTESIAN_POINT('',(1.845451052528E2,3.016106280005E1,6.952850030286E1));
#11888=CARTESIAN_POINT('',(1.846756510092E2,3.024140047541E1,6.939795454647E1));
#11889=CARTESIAN_POINT('',(1.846698519681E2,3.035495904352E1,6.921342606590E1));
#11890=CARTESIAN_POINT('',(1.843605767723E2,2.995405921873E1,6.929846453437E1));
#11891=CARTESIAN_POINT('',(1.845451052528E2,2.994804753880E1,6.930166208928E1));
#11892=CARTESIAN_POINT('',(1.846756510092E2,3.008338013732E1,6.922967997784E1));
#11893=CARTESIAN_POINT('',(1.846698519681E2,3.027467489458E1,6.912793213079E1));
#11894=CARTESIAN_POINT('',(1.843605767723E2,2.997337409742E1,6.899146332886E1));
#11895=CARTESIAN_POINT('',(1.845451052528E2,2.996758649938E1,6.899109920405E1));
#11896=CARTESIAN_POINT('',(1.846756510092E2,3.009787465354E1,6.899929623992E1));
#11897=CARTESIAN_POINT('',(1.846698519681E2,3.028203900930E1,6.901088287908E1));
#11898=(BOUNDED_SURFACE()B_SPLINE_SURFACE(3,3,((#11870,#11871,#11872,#11873),(
#11874,#11875,#11876,#11877),(#11878,#11879,#11880,#11881),(#11882,#11883,
#11884,#11885),(#11886,#11887,#11888,#11889),(#11890,#11891,#11892,#11893),(
#11894,#11895,#11896,#11897)),.UNSPECIFIED.,.F.,.F.,.F.)B_SPLINE_SURFACE_WITH_KNOTS((4,3,4),(4,4),(0.E0,1.E0,2.E0),(0.E0,1.E0),.UNSPECIFIED.)GEOMETRIC_REPRESENTATION_ITEM()RATIONAL_B_SPLINE_SURFACE(((1.409592795969E0,1.113152711336E0,
1.113152711336E0,1.409592795969E0),(1.113152711336E0,8.790545484463E-1,
8.790545484463E-1,1.113152711336E0),(1.113152711336E0,8.790545484463E-1,
8.790545484463E-1,1.113152711336E0),(1.409592795969E0,1.113152711336E0,
1.113152711336E0,1.409592795969E0),(1.113152711336E0,8.790545484463E-1,
8.790545484463E-1,1.113152711336E0),(1.113152711336E0,8.790545484463E-1,
8.790545484463E-1,1.113152711336E0),(1.409592795969E0,1.113152711336E0,
1.113152711336E0,1.409592795969E0)))REPRESENTATION_ITEM('')SURFACE());
#11899=ORIENTED_EDGE('',*,*,#11861,.F.);
#11901=ORIENTED_EDGE('',*,*,#11900,.F.);
#11903=ORIENTED_EDGE('',*,*,#11902,.T.);
#11905=ORIENTED_EDGE('',*,*,#11904,.T.);
#11906=EDGE_LOOP('',(#11899,#11901,#11903,#11905));
#11907=FACE_OUTER_BOUND('',#11906,.F.);
#11909=CARTESIAN_POINT('',(1.843605767723E2,2.997337409742E1,6.905423525839E1));
#11910=CARTESIAN_POINT('',(1.845451052528E2,2.996758649938E1,6.905459938319E1));
#11911=CARTESIAN_POINT('',(1.846756510092E2,3.009787465354E1,6.904640234733E1));
#11912=CARTESIAN_POINT('',(1.846698519681E2,3.028203900930E1,6.903481570817E1));
#11913=CARTESIAN_POINT('',(1.843605767723E2,2.995405921873E1,6.874723405287E1));
#11914=CARTESIAN_POINT('',(1.845451052528E2,2.994804753880E1,6.874403649796E1));
#11915=CARTESIAN_POINT('',(1.846756510092E2,3.008338013732E1,6.881601860941E1));
#11916=CARTESIAN_POINT('',(1.846698519681E2,3.027467489458E1,6.891776645646E1));
#11917=CARTESIAN_POINT('',(1.843605767723E2,3.016463152182E1,6.852299732551E1));
#11918=CARTESIAN_POINT('',(1.845451052528E2,3.016106280005E1,6.851719828439E1));
#11919=CARTESIAN_POINT('',(1.846756510092E2,3.024140047541E1,6.864774404078E1));
#11920=CARTESIAN_POINT('',(1.846698519681E2,3.035495904352E1,6.883227252135E1));
#11921=CARTESIAN_POINT('',(1.843605767723E2,3.047223972185E1,6.852299732551E1));
#11922=CARTESIAN_POINT('',(1.845451052528E2,3.047223972185E1,6.851719828439E1));
#11923=CARTESIAN_POINT('',(1.846756510092E2,3.047223972185E1,6.864774404078E1));
#11924=CARTESIAN_POINT('',(1.846698519681E2,3.047223972185E1,6.883227252135E1));
#11925=CARTESIAN_POINT('',(1.843605767723E2,3.077984792188E1,6.852299732551E1));
#11926=CARTESIAN_POINT('',(1.845451052528E2,3.078341664366E1,6.851719828439E1));
#11927=CARTESIAN_POINT('',(1.846756510092E2,3.070307896829E1,6.864774404078E1));
#11928=CARTESIAN_POINT('',(1.846698519681E2,3.058952040019E1,6.883227252135E1));
#11929=CARTESIAN_POINT('',(1.843605767723E2,3.099042022497E1,6.874723405287E1));
#11930=CARTESIAN_POINT('',(1.845451052528E2,3.099643190491E1,6.874403649796E1));
#11931=CARTESIAN_POINT('',(1.846756510092E2,3.086109930638E1,6.881601860941E1));
#11932=CARTESIAN_POINT('',(1.846698519681E2,3.066980454913E1,6.891776645646E1));
#11933=CARTESIAN_POINT('',(1.843605767723E2,3.097110534628E1,6.905423525839E1));
#11934=CARTESIAN_POINT('',(1.845451052528E2,3.097689294432E1,6.905459938319E1));
#11935=CARTESIAN_POINT('',(1.846756510092E2,3.084660479017E1,6.904640234733E1));
#11936=CARTESIAN_POINT('',(1.846698519681E2,3.066244043440E1,6.903481570817E1));
#11937=(BOUNDED_SURFACE()B_SPLINE_SURFACE(3,3,((#11909,#11910,#11911,#11912),(
#11913,#11914,#11915,#11916),(#11917,#11918,#11919,#11920),(#11921,#11922,
#11923,#11924),(#11925,#11926,#11927,#11928),(#11929,#11930,#11931,#11932),(
#11933,#11934,#11935,#11936)),.UNSPECIFIED.,.F.,.F.,.F.)B_SPLINE_SURFACE_WITH_KNOTS((4,3,4),(4,4),(0.E0,1.E0,2.E0),(0.E0,1.E0),.UNSPECIFIED.)GEOMETRIC_REPRESENTATION_ITEM()RATIONAL_B_SPLINE_SURFACE(((1.409592795970E0,1.113152711336E0,
1.113152711336E0,1.409592795970E0),(1.113152711336E0,8.790545484462E-1,
8.790545484462E-1,1.113152711336E0),(1.113152711336E0,8.790545484462E-1,
8.790545484462E-1,1.113152711336E0),(1.409592795970E0,1.113152711336E0,
1.113152711336E0,1.409592795970E0),(1.113152711336E0,8.790545484462E-1,
8.790545484462E-1,1.113152711336E0),(1.113152711336E0,8.790545484462E-1,
8.790545484462E-1,1.113152711336E0),(1.409592795970E0,1.113152711336E0,
1.113152711336E0,1.409592795970E0)))REPRESENTATION_ITEM('')SURFACE());
#11938=ORIENTED_EDGE('',*,*,#11904,.F.);
#11940=ORIENTED_EDGE('',*,*,#11939,.T.);
#11941=ORIENTED_EDGE('',*,*,#11900,.T.);
#11942=ORIENTED_EDGE('',*,*,#11849,.F.);
#11943=EDGE_LOOP('',(#11938,#11940,#11941,#11942));
#11944=FACE_OUTER_BOUND('',#11943,.F.);
#11946=CARTESIAN_POINT('',(1.8467E2,3.047223972185E1,6.902284929362E1));
#11947=DIRECTION('',(1.E0,0.E0,0.E0));
#11948=DIRECTION('',(0.E0,1.E0,-1.902583850429E-14));
#11949=AXIS2_PLACEMENT_3D('',#11946,#11947,#11948);
#11950=PLANE('',#11949);
#11951=ORIENTED_EDGE('',*,*,#11902,.F.);
#11952=ORIENTED_EDGE('',*,*,#11939,.F.);
#11953=EDGE_LOOP('',(#11951,#11952));
#11954=FACE_OUTER_BOUND('',#11953,.F.);
#11956=CARTESIAN_POINT('',(1.8467E2,2.447223972185E1,6.902284929362E1));
#11957=DIRECTION('',(-1.E0,0.E0,0.E0));
#11958=DIRECTION('',(0.E0,-1.E0,2.775557561563E-14));
#11959=AXIS2_PLACEMENT_3D('',#11956,#11957,#11958);
#11960=CYLINDRICAL_SURFACE('',#11959,5.E-1);
#11962=ORIENTED_EDGE('',*,*,#11961,.F.);
#11963=ORIENTED_EDGE('',*,*,#7439,.T.);
#11965=ORIENTED_EDGE('',*,*,#11964,.T.);
#11967=ORIENTED_EDGE('',*,*,#11966,.T.);
#11969=ORIENTED_EDGE('',*,*,#11968,.F.);
#11970=EDGE_LOOP('',(#11962,#11963,#11965,#11967,#11969));
#11971=FACE_OUTER_BOUND('',#11970,.F.);
#11973=CARTESIAN_POINT('',(1.8467E2,2.447223972185E1,6.902284929362E1));
#11974=DIRECTION('',(-1.E0,0.E0,0.E0));
#11975=DIRECTION('',(0.E0,-1.E0,2.775557561563E-14));
#11976=AXIS2_PLACEMENT_3D('',#11973,#11974,#11975);
#11977=CYLINDRICAL_SURFACE('',#11976,5.E-1);
#11979=ORIENTED_EDGE('',*,*,#11978,.T.);
#11980=ORIENTED_EDGE('',*,*,#11964,.F.);
#11981=ORIENTED_EDGE('',*,*,#7441,.T.);
#11982=ORIENTED_EDGE('',*,*,#11961,.T.);
#11983=ORIENTED_EDGE('',*,*,#11968,.T.);
#11984=EDGE_LOOP('',(#11979,#11980,#11981,#11982,#11983));
#11985=FACE_OUTER_BOUND('',#11984,.F.);
#11987=CARTESIAN_POINT('',(1.843605767723E2,2.497110534628E1,6.899146332886E1));
#11988=CARTESIAN_POINT('',(1.845451052528E2,2.497689294432E1,6.899109920405E1));
#11989=CARTESIAN_POINT('',(1.846756510092E2,2.484660479017E1,6.899929623992E1));
#11990=CARTESIAN_POINT('',(1.846698519681E2,2.466244043440E1,6.901088287908E1));
#11991=CARTESIAN_POINT('',(1.843605767723E2,2.499042022497E1,6.929846453437E1));
#11992=CARTESIAN_POINT('',(1.845451052528E2,2.499643190491E1,6.930166208928E1));
#11993=CARTESIAN_POINT('',(1.846756510092E2,2.486109930638E1,6.922967997784E1));
#11994=CARTESIAN_POINT('',(1.846698519681E2,2.466980454913E1,6.912793213079E1));
#11995=CARTESIAN_POINT('',(1.843605767723E2,2.477984792188E1,6.952270126173E1));
#11996=CARTESIAN_POINT('',(1.845451052528E2,2.478341664366E1,6.952850030286E1));
#11997=CARTESIAN_POINT('',(1.846756510092E2,2.470307896829E1,6.939795454647E1));
#11998=CARTESIAN_POINT('',(1.846698519681E2,2.458952040019E1,6.921342606590E1));
#11999=CARTESIAN_POINT('',(1.843605767723E2,2.447223972185E1,6.952270126173E1));
#12000=CARTESIAN_POINT('',(1.845451052528E2,2.447223972185E1,6.952850030286E1));
#12001=CARTESIAN_POINT('',(1.846756510092E2,2.447223972185E1,6.939795454647E1));
#12002=CARTESIAN_POINT('',(1.846698519681E2,2.447223972185E1,6.921342606590E1));
#12003=CARTESIAN_POINT('',(1.843605767723E2,2.416463152182E1,6.952270126173E1));
#12004=CARTESIAN_POINT('',(1.845451052528E2,2.416106280005E1,6.952850030286E1));
#12005=CARTESIAN_POINT('',(1.846756510092E2,2.424140047541E1,6.939795454647E1));
#12006=CARTESIAN_POINT('',(1.846698519681E2,2.435495904352E1,6.921342606590E1));
#12007=CARTESIAN_POINT('',(1.843605767723E2,2.395405921873E1,6.929846453437E1));
#12008=CARTESIAN_POINT('',(1.845451052528E2,2.394804753880E1,6.930166208928E1));
#12009=CARTESIAN_POINT('',(1.846756510092E2,2.408338013732E1,6.922967997784E1));
#12010=CARTESIAN_POINT('',(1.846698519681E2,2.427467489458E1,6.912793213079E1));
#12011=CARTESIAN_POINT('',(1.843605767723E2,2.397337409742E1,6.899146332886E1));
#12012=CARTESIAN_POINT('',(1.845451052528E2,2.396758649938E1,6.899109920405E1));
#12013=CARTESIAN_POINT('',(1.846756510092E2,2.409787465354E1,6.899929623992E1));
#12014=CARTESIAN_POINT('',(1.846698519681E2,2.428203900930E1,6.901088287908E1));
#12015=(BOUNDED_SURFACE()B_SPLINE_SURFACE(3,3,((#11987,#11988,#11989,#11990),(
#11991,#11992,#11993,#11994),(#11995,#11996,#11997,#11998),(#11999,#12000,
#12001,#12002),(#12003,#12004,#12005,#12006),(#12007,#12008,#12009,#12010),(
#12011,#12012,#12013,#12014)),.UNSPECIFIED.,.F.,.F.,.F.)B_SPLINE_SURFACE_WITH_KNOTS((4,3,4),(4,4),(0.E0,1.E0,2.E0),(0.E0,1.E0),.UNSPECIFIED.)GEOMETRIC_REPRESENTATION_ITEM()RATIONAL_B_SPLINE_SURFACE(((1.409592795969E0,1.113152711336E0,
1.113152711336E0,1.409592795969E0),(1.113152711336E0,8.790545484463E-1,
8.790545484463E-1,1.113152711336E0),(1.113152711336E0,8.790545484463E-1,
8.790545484463E-1,1.113152711336E0),(1.409592795969E0,1.113152711336E0,
1.113152711336E0,1.409592795969E0),(1.113152711336E0,8.790545484463E-1,
8.790545484463E-1,1.113152711336E0),(1.113152711336E0,8.790545484463E-1,
8.790545484463E-1,1.113152711336E0),(1.409592795969E0,1.113152711336E0,
1.113152711336E0,1.409592795969E0)))REPRESENTATION_ITEM('')SURFACE());
#12016=ORIENTED_EDGE('',*,*,#11978,.F.);
#12018=ORIENTED_EDGE('',*,*,#12017,.F.);
#12020=ORIENTED_EDGE('',*,*,#12019,.T.);
#12022=ORIENTED_EDGE('',*,*,#12021,.T.);
#12023=EDGE_LOOP('',(#12016,#12018,#12020,#12022));
#12024=FACE_OUTER_BOUND('',#12023,.F.);
#12026=CARTESIAN_POINT('',(1.843605767723E2,2.397337409742E1,6.905423525839E1));
#12027=CARTESIAN_POINT('',(1.845451052528E2,2.396758649938E1,6.905459938320E1));
#12028=CARTESIAN_POINT('',(1.846756510092E2,2.409787465354E1,6.904640234733E1));
#12029=CARTESIAN_POINT('',(1.846698519681E2,2.428203900930E1,6.903481570817E1));
#12030=CARTESIAN_POINT('',(1.843605767723E2,2.395405921873E1,6.874723405288E1));
#12031=CARTESIAN_POINT('',(1.845451052528E2,2.394804753880E1,6.874403649796E1));
#12032=CARTESIAN_POINT('',(1.846756510092E2,2.408338013732E1,6.881601860941E1));
#12033=CARTESIAN_POINT('',(1.846698519681E2,2.427467489458E1,6.891776645646E1));
#12034=CARTESIAN_POINT('',(1.843605767723E2,2.416463152182E1,6.852299732552E1));
#12035=CARTESIAN_POINT('',(1.845451052528E2,2.416106280005E1,6.851719828439E1));
#12036=CARTESIAN_POINT('',(1.846756510092E2,2.424140047541E1,6.864774404078E1));
#12037=CARTESIAN_POINT('',(1.846698519681E2,2.435495904352E1,6.883227252135E1));
#12038=CARTESIAN_POINT('',(1.843605767723E2,2.447223972185E1,6.852299732552E1));
#12039=CARTESIAN_POINT('',(1.845451052528E2,2.447223972185E1,6.851719828439E1));
#12040=CARTESIAN_POINT('',(1.846756510092E2,2.447223972185E1,6.864774404078E1));
#12041=CARTESIAN_POINT('',(1.846698519681E2,2.447223972185E1,6.883227252135E1));
#12042=CARTESIAN_POINT('',(1.843605767723E2,2.477984792188E1,6.852299732552E1));
#12043=CARTESIAN_POINT('',(1.845451052528E2,2.478341664366E1,6.851719828439E1));
#12044=CARTESIAN_POINT('',(1.846756510092E2,2.470307896829E1,6.864774404078E1));
#12045=CARTESIAN_POINT('',(1.846698519681E2,2.458952040019E1,6.883227252135E1));
#12046=CARTESIAN_POINT('',(1.843605767723E2,2.499042022497E1,6.874723405288E1));
#12047=CARTESIAN_POINT('',(1.845451052528E2,2.499643190491E1,6.874403649796E1));
#12048=CARTESIAN_POINT('',(1.846756510092E2,2.486109930638E1,6.881601860941E1));
#12049=CARTESIAN_POINT('',(1.846698519681E2,2.466980454913E1,6.891776645646E1));
#12050=CARTESIAN_POINT('',(1.843605767723E2,2.497110534628E1,6.905423525839E1));
#12051=CARTESIAN_POINT('',(1.845451052528E2,2.497689294432E1,6.905459938320E1));
#12052=CARTESIAN_POINT('',(1.846756510092E2,2.484660479017E1,6.904640234733E1));
#12053=CARTESIAN_POINT('',(1.846698519681E2,2.466244043440E1,6.903481570817E1));
#12054=(BOUNDED_SURFACE()B_SPLINE_SURFACE(3,3,((#12026,#12027,#12028,#12029),(
#12030,#12031,#12032,#12033),(#12034,#12035,#12036,#12037),(#12038,#12039,
#12040,#12041),(#12042,#12043,#12044,#12045),(#12046,#12047,#12048,#12049),(
#12050,#12051,#12052,#12053)),.UNSPECIFIED.,.F.,.F.,.F.)B_SPLINE_SURFACE_WITH_KNOTS((4,3,4),(4,4),(0.E0,1.E0,2.E0),(0.E0,1.E0),.UNSPECIFIED.)GEOMETRIC_REPRESENTATION_ITEM()RATIONAL_B_SPLINE_SURFACE(((1.409592795970E0,1.113152711336E0,
1.113152711336E0,1.409592795970E0),(1.113152711336E0,8.790545484462E-1,
8.790545484462E-1,1.113152711336E0),(1.113152711336E0,8.790545484462E-1,
8.790545484462E-1,1.113152711336E0),(1.409592795970E0,1.113152711336E0,
1.113152711336E0,1.409592795970E0),(1.113152711336E0,8.790545484462E-1,
8.790545484462E-1,1.113152711336E0),(1.113152711336E0,8.790545484462E-1,
8.790545484462E-1,1.113152711336E0),(1.409592795970E0,1.113152711336E0,
1.113152711336E0,1.409592795970E0)))REPRESENTATION_ITEM('')SURFACE());
#12055=ORIENTED_EDGE('',*,*,#12021,.F.);
#12057=ORIENTED_EDGE('',*,*,#12056,.T.);
#12058=ORIENTED_EDGE('',*,*,#12017,.T.);
#12059=ORIENTED_EDGE('',*,*,#11966,.F.);
#12060=EDGE_LOOP('',(#12055,#12057,#12058,#12059));
#12061=FACE_OUTER_BOUND('',#12060,.F.);
#12063=CARTESIAN_POINT('',(1.8467E2,2.447223972185E1,6.902284929362E1));
#12064=DIRECTION('',(1.E0,0.E0,0.E0));
#12065=DIRECTION('',(0.E0,1.E0,-1.902583850429E-14));
#12066=AXIS2_PLACEMENT_3D('',#12063,#12064,#12065);
#12067=PLANE('',#12066);
#12068=ORIENTED_EDGE('',*,*,#12019,.F.);
#12069=ORIENTED_EDGE('',*,*,#12056,.F.);
#12070=EDGE_LOOP('',(#12068,#12069));
#12071=FACE_OUTER_BOUND('',#12070,.F.);
#12073=CARTESIAN_POINT('',(1.8467E2,1.847223972185E1,6.902284929362E1));
#12074=DIRECTION('',(-1.E0,0.E0,0.E0));
#12075=DIRECTION('',(0.E0,-1.E0,2.775557561563E-14));
#12076=AXIS2_PLACEMENT_3D('',#12073,#12074,#12075);
#12077=CYLINDRICAL_SURFACE('',#12076,5.E-1);
#12079=ORIENTED_EDGE('',*,*,#12078,.F.);
#12080=ORIENTED_EDGE('',*,*,#7445,.T.);
#12082=ORIENTED_EDGE('',*,*,#12081,.T.);
#12084=ORIENTED_EDGE('',*,*,#12083,.T.);
#12086=ORIENTED_EDGE('',*,*,#12085,.T.);
#12088=ORIENTED_EDGE('',*,*,#12087,.F.);
#12089=EDGE_LOOP('',(#12079,#12080,#12082,#12084,#12086,#12088));
#12090=FACE_OUTER_BOUND('',#12089,.F.);
#12092=CARTESIAN_POINT('',(1.8467E2,1.847223972185E1,6.902284929362E1));
#12093=DIRECTION('',(-1.E0,0.E0,0.E0));
#12094=DIRECTION('',(0.E0,-1.E0,2.775557561563E-14));
#12095=AXIS2_PLACEMENT_3D('',#12092,#12093,#12094);
#12096=CYLINDRICAL_SURFACE('',#12095,5.E-1);
#12098=ORIENTED_EDGE('',*,*,#12097,.T.);
#12099=ORIENTED_EDGE('',*,*,#12083,.F.);
#12100=ORIENTED_EDGE('',*,*,#12081,.F.);
#12101=ORIENTED_EDGE('',*,*,#7447,.T.);
#12102=ORIENTED_EDGE('',*,*,#12078,.T.);
#12103=ORIENTED_EDGE('',*,*,#12087,.T.);
#12104=EDGE_LOOP('',(#12098,#12099,#12100,#12101,#12102,#12103));
#12105=FACE_OUTER_BOUND('',#12104,.F.);
#12107=CARTESIAN_POINT('',(1.843605767723E2,1.897110534628E1,6.899146332886E1));
#12108=CARTESIAN_POINT('',(1.845451052528E2,1.897689294432E1,6.899109920405E1));
#12109=CARTESIAN_POINT('',(1.846756510092E2,1.884660479017E1,6.899929623992E1));
#12110=CARTESIAN_POINT('',(1.846698519681E2,1.866244043440E1,6.901088287908E1));
#12111=CARTESIAN_POINT('',(1.843605767723E2,1.899042022497E1,6.929846453437E1));
#12112=CARTESIAN_POINT('',(1.845451052528E2,1.899643190491E1,6.930166208929E1));
#12113=CARTESIAN_POINT('',(1.846756510092E2,1.886109930638E1,6.922967997784E1));
#12114=CARTESIAN_POINT('',(1.846698519681E2,1.866980454913E1,6.912793213079E1));
#12115=CARTESIAN_POINT('',(1.843605767723E2,1.877984792188E1,6.952270126173E1));
#12116=CARTESIAN_POINT('',(1.845451052528E2,1.878341664366E1,6.952850030286E1));
#12117=CARTESIAN_POINT('',(1.846756510092E2,1.870307896829E1,6.939795454647E1));
#12118=CARTESIAN_POINT('',(1.846698519681E2,1.858952040019E1,6.921342606590E1));
#12119=CARTESIAN_POINT('',(1.843605767723E2,1.847223972185E1,6.952270126173E1));
#12120=CARTESIAN_POINT('',(1.845451052528E2,1.847223972185E1,6.952850030286E1));
#12121=CARTESIAN_POINT('',(1.846756510092E2,1.847223972185E1,6.939795454647E1));
#12122=CARTESIAN_POINT('',(1.846698519681E2,1.847223972185E1,6.921342606590E1));
#12123=CARTESIAN_POINT('',(1.843605767723E2,1.816463152182E1,6.952270126173E1));
#12124=CARTESIAN_POINT('',(1.845451052528E2,1.816106280005E1,6.952850030286E1));
#12125=CARTESIAN_POINT('',(1.846756510092E2,1.824140047541E1,6.939795454647E1));
#12126=CARTESIAN_POINT('',(1.846698519681E2,1.835495904352E1,6.921342606590E1));
#12127=CARTESIAN_POINT('',(1.843605767723E2,1.795405921873E1,6.929846453437E1));
#12128=CARTESIAN_POINT('',(1.845451052528E2,1.794804753880E1,6.930166208929E1));
#12129=CARTESIAN_POINT('',(1.846756510092E2,1.808338013732E1,6.922967997784E1));
#12130=CARTESIAN_POINT('',(1.846698519681E2,1.827467489458E1,6.912793213079E1));
#12131=CARTESIAN_POINT('',(1.843605767723E2,1.797337409742E1,6.899146332886E1));
#12132=CARTESIAN_POINT('',(1.845451052528E2,1.796758649938E1,6.899109920405E1));
#12133=CARTESIAN_POINT('',(1.846756510092E2,1.809787465354E1,6.899929623992E1));
#12134=CARTESIAN_POINT('',(1.846698519681E2,1.828203900930E1,6.901088287908E1));
#12135=(BOUNDED_SURFACE()B_SPLINE_SURFACE(3,3,((#12107,#12108,#12109,#12110),(
#12111,#12112,#12113,#12114),(#12115,#12116,#12117,#12118),(#12119,#12120,
#12121,#12122),(#12123,#12124,#12125,#12126),(#12127,#12128,#12129,#12130),(
#12131,#12132,#12133,#12134)),.UNSPECIFIED.,.F.,.F.,.F.)B_SPLINE_SURFACE_WITH_KNOTS((4,3,4),(4,4),(0.E0,1.E0,2.E0),(0.E0,1.E0),.UNSPECIFIED.)GEOMETRIC_REPRESENTATION_ITEM()RATIONAL_B_SPLINE_SURFACE(((1.409592795969E0,1.113152711336E0,
1.113152711336E0,1.409592795969E0),(1.113152711336E0,8.790545484463E-1,
8.790545484463E-1,1.113152711336E0),(1.113152711336E0,8.790545484463E-1,
8.790545484463E-1,1.113152711336E0),(1.409592795969E0,1.113152711336E0,
1.113152711336E0,1.409592795969E0),(1.113152711336E0,8.790545484463E-1,
8.790545484463E-1,1.113152711336E0),(1.113152711336E0,8.790545484463E-1,
8.790545484463E-1,1.113152711336E0),(1.409592795969E0,1.113152711336E0,
1.113152711336E0,1.409592795969E0)))REPRESENTATION_ITEM('')SURFACE());
#12136=ORIENTED_EDGE('',*,*,#12097,.F.);
#12138=ORIENTED_EDGE('',*,*,#12137,.F.);
#12140=ORIENTED_EDGE('',*,*,#12139,.T.);
#12142=ORIENTED_EDGE('',*,*,#12141,.T.);
#12143=EDGE_LOOP('',(#12136,#12138,#12140,#12142));
#12144=FACE_OUTER_BOUND('',#12143,.F.);
#12146=CARTESIAN_POINT('',(1.843605767723E2,1.797337409742E1,6.905423525839E1));
#12147=CARTESIAN_POINT('',(1.845451052528E2,1.796758649938E1,6.905459938320E1));
#12148=CARTESIAN_POINT('',(1.846756510092E2,1.809787465354E1,6.904640234733E1));
#12149=CARTESIAN_POINT('',(1.846698519681E2,1.828203900930E1,6.903481570817E1));
#12150=CARTESIAN_POINT('',(1.843605767723E2,1.795405921873E1,6.874723405288E1));
#12151=CARTESIAN_POINT('',(1.845451052528E2,1.794804753880E1,6.874403649796E1));
#12152=CARTESIAN_POINT('',(1.846756510092E2,1.808338013732E1,6.881601860941E1));
#12153=CARTESIAN_POINT('',(1.846698519681E2,1.827467489458E1,6.891776645646E1));
#12154=CARTESIAN_POINT('',(1.843605767723E2,1.816463152182E1,6.852299732552E1));
#12155=CARTESIAN_POINT('',(1.845451052528E2,1.816106280005E1,6.851719828439E1));
#12156=CARTESIAN_POINT('',(1.846756510092E2,1.824140047541E1,6.864774404078E1));
#12157=CARTESIAN_POINT('',(1.846698519681E2,1.835495904352E1,6.883227252135E1));
#12158=CARTESIAN_POINT('',(1.843605767723E2,1.847223972185E1,6.852299732552E1));
#12159=CARTESIAN_POINT('',(1.845451052528E2,1.847223972185E1,6.851719828439E1));
#12160=CARTESIAN_POINT('',(1.846756510092E2,1.847223972185E1,6.864774404078E1));
#12161=CARTESIAN_POINT('',(1.846698519681E2,1.847223972185E1,6.883227252135E1));
#12162=CARTESIAN_POINT('',(1.843605767723E2,1.877984792188E1,6.852299732552E1));
#12163=CARTESIAN_POINT('',(1.845451052528E2,1.878341664366E1,6.851719828439E1));
#12164=CARTESIAN_POINT('',(1.846756510092E2,1.870307896829E1,6.864774404078E1));
#12165=CARTESIAN_POINT('',(1.846698519681E2,1.858952040019E1,6.883227252135E1));
#12166=CARTESIAN_POINT('',(1.843605767723E2,1.899042022497E1,6.874723405288E1));
#12167=CARTESIAN_POINT('',(1.845451052528E2,1.899643190491E1,6.874403649796E1));
#12168=CARTESIAN_POINT('',(1.846756510092E2,1.886109930638E1,6.881601860941E1));
#12169=CARTESIAN_POINT('',(1.846698519681E2,1.866980454913E1,6.891776645646E1));
#12170=CARTESIAN_POINT('',(1.843605767723E2,1.897110534628E1,6.905423525839E1));
#12171=CARTESIAN_POINT('',(1.845451052528E2,1.897689294432E1,6.905459938320E1));
#12172=CARTESIAN_POINT('',(1.846756510092E2,1.884660479017E1,6.904640234733E1));
#12173=CARTESIAN_POINT('',(1.846698519681E2,1.866244043440E1,6.903481570817E1));
#12174=(BOUNDED_SURFACE()B_SPLINE_SURFACE(3,3,((#12146,#12147,#12148,#12149),(
#12150,#12151,#12152,#12153),(#12154,#12155,#12156,#12157),(#12158,#12159,
#12160,#12161),(#12162,#12163,#12164,#12165),(#12166,#12167,#12168,#12169),(
#12170,#12171,#12172,#12173)),.UNSPECIFIED.,.F.,.F.,.F.)B_SPLINE_SURFACE_WITH_KNOTS((4,3,4),(4,4),(0.E0,1.E0,2.E0),(0.E0,1.E0),.UNSPECIFIED.)GEOMETRIC_REPRESENTATION_ITEM()RATIONAL_B_SPLINE_SURFACE(((1.409592795969E0,1.113152711336E0,
1.113152711336E0,1.409592795969E0),(1.113152711336E0,8.790545484463E-1,
8.790545484463E-1,1.113152711336E0),(1.113152711336E0,8.790545484463E-1,
8.790545484463E-1,1.113152711336E0),(1.409592795969E0,1.113152711336E0,
1.113152711336E0,1.409592795969E0),(1.113152711336E0,8.790545484463E-1,
8.790545484463E-1,1.113152711336E0),(1.113152711336E0,8.790545484463E-1,
8.790545484463E-1,1.113152711336E0),(1.409592795969E0,1.113152711336E0,
1.113152711336E0,1.409592795969E0)))REPRESENTATION_ITEM('')SURFACE());
#12175=ORIENTED_EDGE('',*,*,#12141,.F.);
#12177=ORIENTED_EDGE('',*,*,#12176,.T.);
#12178=ORIENTED_EDGE('',*,*,#12137,.T.);
#12179=ORIENTED_EDGE('',*,*,#12085,.F.);
#12180=EDGE_LOOP('',(#12175,#12177,#12178,#12179));
#12181=FACE_OUTER_BOUND('',#12180,.F.);
#12183=CARTESIAN_POINT('',(1.8467E2,1.847223972185E1,6.902284929362E1));
#12184=DIRECTION('',(1.E0,0.E0,0.E0));
#12185=DIRECTION('',(0.E0,1.E0,-1.902583850429E-14));
#12186=AXIS2_PLACEMENT_3D('',#12183,#12184,#12185);
#12187=PLANE('',#12186);
#12188=ORIENTED_EDGE('',*,*,#12139,.F.);
#12189=ORIENTED_EDGE('',*,*,#12176,.F.);
#12190=EDGE_LOOP('',(#12188,#12189));
#12191=FACE_OUTER_BOUND('',#12190,.F.);
#12193=CARTESIAN_POINT('',(1.8467E2,1.547223972185E1,6.902284929363E1));
#12194=DIRECTION('',(-1.E0,0.E0,0.E0));
#12195=DIRECTION('',(0.E0,-1.E0,2.775557561563E-14));
#12196=AXIS2_PLACEMENT_3D('',#12193,#12194,#12195);
#12197=CYLINDRICAL_SURFACE('',#12196,5.E-1);
#12199=ORIENTED_EDGE('',*,*,#12198,.F.);
#12200=ORIENTED_EDGE('',*,*,#7451,.T.);
#12202=ORIENTED_EDGE('',*,*,#12201,.T.);
#12204=ORIENTED_EDGE('',*,*,#12203,.T.);
#12205=EDGE_LOOP('',(#12199,#12200,#12202,#12204));
#12206=FACE_OUTER_BOUND('',#12205,.F.);
#12208=CARTESIAN_POINT('',(1.8467E2,1.547223972185E1,6.902284929363E1));
#12209=DIRECTION('',(-1.E0,0.E0,0.E0));
#12210=DIRECTION('',(0.E0,-1.E0,2.775557561563E-14));
#12211=AXIS2_PLACEMENT_3D('',#12208,#12209,#12210);
#12212=CYLINDRICAL_SURFACE('',#12211,5.E-1);
#12214=ORIENTED_EDGE('',*,*,#12213,.T.);
#12215=ORIENTED_EDGE('',*,*,#12201,.F.);
#12216=ORIENTED_EDGE('',*,*,#7453,.T.);
#12217=ORIENTED_EDGE('',*,*,#12198,.T.);
#12218=EDGE_LOOP('',(#12214,#12215,#12216,#12217));
#12219=FACE_OUTER_BOUND('',#12218,.F.);
#12221=CARTESIAN_POINT('',(1.843605767723E2,1.597110534628E1,6.899146332886E1));
#12222=CARTESIAN_POINT('',(1.845451052528E2,1.597689294432E1,6.899109920405E1));
#12223=CARTESIAN_POINT('',(1.846756510092E2,1.584660479017E1,6.899929623992E1));
#12224=CARTESIAN_POINT('',(1.846698519681E2,1.566244043440E1,6.901088287908E1));
#12225=CARTESIAN_POINT('',(1.843605767723E2,1.599042022497E1,6.929846453437E1));
#12226=CARTESIAN_POINT('',(1.845451052528E2,1.599643190491E1,6.930166208929E1));
#12227=CARTESIAN_POINT('',(1.846756510092E2,1.586109930638E1,6.922967997784E1));
#12228=CARTESIAN_POINT('',(1.846698519681E2,1.566980454913E1,6.912793213079E1));
#12229=CARTESIAN_POINT('',(1.843605767723E2,1.577984792188E1,6.952270126173E1));
#12230=CARTESIAN_POINT('',(1.845451052528E2,1.578341664366E1,6.952850030286E1));
#12231=CARTESIAN_POINT('',(1.846756510092E2,1.570307896829E1,6.939795454647E1));
#12232=CARTESIAN_POINT('',(1.846698519681E2,1.558952040019E1,6.921342606590E1));
#12233=CARTESIAN_POINT('',(1.843605767723E2,1.547223972185E1,6.952270126173E1));
#12234=CARTESIAN_POINT('',(1.845451052528E2,1.547223972185E1,6.952850030286E1));
#12235=CARTESIAN_POINT('',(1.846756510092E2,1.547223972185E1,6.939795454647E1));
#12236=CARTESIAN_POINT('',(1.846698519681E2,1.547223972185E1,6.921342606590E1));
#12237=CARTESIAN_POINT('',(1.843605767723E2,1.516463152182E1,6.952270126173E1));
#12238=CARTESIAN_POINT('',(1.845451052528E2,1.516106280005E1,6.952850030286E1));
#12239=CARTESIAN_POINT('',(1.846756510092E2,1.524140047541E1,6.939795454647E1));
#12240=CARTESIAN_POINT('',(1.846698519681E2,1.535495904352E1,6.921342606590E1));
#12241=CARTESIAN_POINT('',(1.843605767723E2,1.495405921873E1,6.929846453437E1));
#12242=CARTESIAN_POINT('',(1.845451052528E2,1.494804753880E1,6.930166208928E1));
#12243=CARTESIAN_POINT('',(1.846756510092E2,1.508338013732E1,6.922967997784E1));
#12244=CARTESIAN_POINT('',(1.846698519681E2,1.527467489458E1,6.912793213079E1));
#12245=CARTESIAN_POINT('',(1.843605767723E2,1.497337409742E1,6.899146332886E1));
#12246=CARTESIAN_POINT('',(1.845451052528E2,1.496758649938E1,6.899109920405E1));
#12247=CARTESIAN_POINT('',(1.846756510092E2,1.509787465354E1,6.899929623992E1));
#12248=CARTESIAN_POINT('',(1.846698519681E2,1.528203900930E1,6.901088287908E1));
#12249=(BOUNDED_SURFACE()B_SPLINE_SURFACE(3,3,((#12221,#12222,#12223,#12224),(
#12225,#12226,#12227,#12228),(#12229,#12230,#12231,#12232),(#12233,#12234,
#12235,#12236),(#12237,#12238,#12239,#12240),(#12241,#12242,#12243,#12244),(
#12245,#12246,#12247,#12248)),.UNSPECIFIED.,.F.,.F.,.F.)B_SPLINE_SURFACE_WITH_KNOTS((4,3,4),(4,4),(0.E0,1.E0,2.E0),(0.E0,1.E0),.UNSPECIFIED.)GEOMETRIC_REPRESENTATION_ITEM()RATIONAL_B_SPLINE_SURFACE(((1.409592795969E0,1.113152711336E0,
1.113152711336E0,1.409592795969E0),(1.113152711336E0,8.790545484463E-1,
8.790545484463E-1,1.113152711336E0),(1.113152711336E0,8.790545484463E-1,
8.790545484463E-1,1.113152711336E0),(1.409592795969E0,1.113152711336E0,
1.113152711336E0,1.409592795969E0),(1.113152711336E0,8.790545484463E-1,
8.790545484463E-1,1.113152711336E0),(1.113152711336E0,8.790545484463E-1,
8.790545484463E-1,1.113152711336E0),(1.409592795969E0,1.113152711336E0,
1.113152711336E0,1.409592795969E0)))REPRESENTATION_ITEM('')SURFACE());
#12250=ORIENTED_EDGE('',*,*,#12213,.F.);
#12252=ORIENTED_EDGE('',*,*,#12251,.F.);
#12254=ORIENTED_EDGE('',*,*,#12253,.T.);
#12256=ORIENTED_EDGE('',*,*,#12255,.T.);
#12257=EDGE_LOOP('',(#12250,#12252,#12254,#12256));
#12258=FACE_OUTER_BOUND('',#12257,.F.);
#12260=CARTESIAN_POINT('',(1.843605767723E2,1.497337409742E1,6.905423525839E1));
#12261=CARTESIAN_POINT('',(1.845451052528E2,1.496758649938E1,6.905459938320E1));
#12262=CARTESIAN_POINT('',(1.846756510092E2,1.509787465354E1,6.904640234733E1));
#12263=CARTESIAN_POINT('',(1.846698519681E2,1.528203900930E1,6.903481570817E1));
#12264=CARTESIAN_POINT('',(1.843605767723E2,1.495405921873E1,6.874723405288E1));
#12265=CARTESIAN_POINT('',(1.845451052528E2,1.494804753880E1,6.874403649796E1));
#12266=CARTESIAN_POINT('',(1.846756510092E2,1.508338013732E1,6.881601860941E1));
#12267=CARTESIAN_POINT('',(1.846698519681E2,1.527467489458E1,6.891776645646E1));
#12268=CARTESIAN_POINT('',(1.843605767723E2,1.516463152182E1,6.852299732552E1));
#12269=CARTESIAN_POINT('',(1.845451052528E2,1.516106280005E1,6.851719828439E1));
#12270=CARTESIAN_POINT('',(1.846756510092E2,1.524140047541E1,6.864774404078E1));
#12271=CARTESIAN_POINT('',(1.846698519681E2,1.535495904352E1,6.883227252135E1));
#12272=CARTESIAN_POINT('',(1.843605767723E2,1.547223972185E1,6.852299732552E1));
#12273=CARTESIAN_POINT('',(1.845451052528E2,1.547223972185E1,6.851719828439E1));
#12274=CARTESIAN_POINT('',(1.846756510092E2,1.547223972185E1,6.864774404078E1));
#12275=CARTESIAN_POINT('',(1.846698519681E2,1.547223972185E1,6.883227252135E1));
#12276=CARTESIAN_POINT('',(1.843605767723E2,1.577984792188E1,6.852299732552E1));
#12277=CARTESIAN_POINT('',(1.845451052528E2,1.578341664366E1,6.851719828439E1));
#12278=CARTESIAN_POINT('',(1.846756510092E2,1.570307896829E1,6.864774404078E1));
#12279=CARTESIAN_POINT('',(1.846698519681E2,1.558952040019E1,6.883227252135E1));
#12280=CARTESIAN_POINT('',(1.843605767723E2,1.599042022497E1,6.874723405288E1));
#12281=CARTESIAN_POINT('',(1.845451052528E2,1.599643190491E1,6.874403649796E1));
#12282=CARTESIAN_POINT('',(1.846756510092E2,1.586109930638E1,6.881601860941E1));
#12283=CARTESIAN_POINT('',(1.846698519681E2,1.566980454913E1,6.891776645646E1));
#12284=CARTESIAN_POINT('',(1.843605767723E2,1.597110534628E1,6.905423525839E1));
#12285=CARTESIAN_POINT('',(1.845451052528E2,1.597689294432E1,6.905459938320E1));
#12286=CARTESIAN_POINT('',(1.846756510092E2,1.584660479017E1,6.904640234733E1));
#12287=CARTESIAN_POINT('',(1.846698519681E2,1.566244043440E1,6.903481570817E1));
#12288=(BOUNDED_SURFACE()B_SPLINE_SURFACE(3,3,((#12260,#12261,#12262,#12263),(
#12264,#12265,#12266,#12267),(#12268,#12269,#12270,#12271),(#12272,#12273,
#12274,#12275),(#12276,#12277,#12278,#12279),(#12280,#12281,#12282,#12283),(
#12284,#12285,#12286,#12287)),.UNSPECIFIED.,.F.,.F.,.F.)B_SPLINE_SURFACE_WITH_KNOTS((4,3,4),(4,4),(0.E0,1.E0,2.E0),(0.E0,1.E0),.UNSPECIFIED.)GEOMETRIC_REPRESENTATION_ITEM()RATIONAL_B_SPLINE_SURFACE(((1.409592795970E0,1.113152711336E0,
1.113152711336E0,1.409592795970E0),(1.113152711336E0,8.790545484462E-1,
8.790545484462E-1,1.113152711336E0),(1.113152711336E0,8.790545484462E-1,
8.790545484462E-1,1.113152711336E0),(1.409592795970E0,1.113152711336E0,
1.113152711336E0,1.409592795970E0),(1.113152711336E0,8.790545484462E-1,
8.790545484462E-1,1.113152711336E0),(1.113152711336E0,8.790545484462E-1,
8.790545484462E-1,1.113152711336E0),(1.409592795970E0,1.113152711336E0,
1.113152711336E0,1.409592795970E0)))REPRESENTATION_ITEM('')SURFACE());
#12289=ORIENTED_EDGE('',*,*,#12255,.F.);
#12291=ORIENTED_EDGE('',*,*,#12290,.T.);
#12292=ORIENTED_EDGE('',*,*,#12251,.T.);
#12293=ORIENTED_EDGE('',*,*,#12203,.F.);
#12294=EDGE_LOOP('',(#12289,#12291,#12292,#12293));
#12295=FACE_OUTER_BOUND('',#12294,.F.);
#12297=CARTESIAN_POINT('',(1.8467E2,1.547223972185E1,6.902284929363E1));
#12298=DIRECTION('',(1.E0,0.E0,0.E0));
#12299=DIRECTION('',(0.E0,1.E0,-1.902583850429E-14));
#12300=AXIS2_PLACEMENT_3D('',#12297,#12298,#12299);
#12301=PLANE('',#12300);
#12302=ORIENTED_EDGE('',*,*,#12253,.F.);
#12303=ORIENTED_EDGE('',*,*,#12290,.F.);
#12304=EDGE_LOOP('',(#12302,#12303));
#12305=FACE_OUTER_BOUND('',#12304,.F.);
#12307=CARTESIAN_POINT('',(1.8467E2,2.147223972185E1,6.902284929362E1));
#12308=DIRECTION('',(-1.E0,0.E0,0.E0));
#12309=DIRECTION('',(0.E0,-1.E0,2.775557561563E-14));
#12310=AXIS2_PLACEMENT_3D('',#12307,#12308,#12309);
#12311=CYLINDRICAL_SURFACE('',#12310,5.E-1);
#12313=ORIENTED_EDGE('',*,*,#12312,.F.);
#12314=ORIENTED_EDGE('',*,*,#7457,.T.);
#12316=ORIENTED_EDGE('',*,*,#12315,.T.);
#12318=ORIENTED_EDGE('',*,*,#12317,.T.);
#12320=ORIENTED_EDGE('',*,*,#12319,.F.);
#12321=EDGE_LOOP('',(#12313,#12314,#12316,#12318,#12320));
#12322=FACE_OUTER_BOUND('',#12321,.F.);
#12324=CARTESIAN_POINT('',(1.8467E2,2.147223972185E1,6.902284929362E1));
#12325=DIRECTION('',(-1.E0,0.E0,0.E0));
#12326=DIRECTION('',(0.E0,-1.E0,2.775557561563E-14));
#12327=AXIS2_PLACEMENT_3D('',#12324,#12325,#12326);
#12328=CYLINDRICAL_SURFACE('',#12327,5.E-1);
#12330=ORIENTED_EDGE('',*,*,#12329,.T.);
#12331=ORIENTED_EDGE('',*,*,#12315,.F.);
#12332=ORIENTED_EDGE('',*,*,#7459,.T.);
#12333=ORIENTED_EDGE('',*,*,#12312,.T.);
#12334=ORIENTED_EDGE('',*,*,#12319,.T.);
#12335=EDGE_LOOP('',(#12330,#12331,#12332,#12333,#12334));
#12336=FACE_OUTER_BOUND('',#12335,.F.);
#12338=CARTESIAN_POINT('',(1.843605767723E2,2.197110534628E1,6.899146332886E1));
#12339=CARTESIAN_POINT('',(1.845451052528E2,2.197689294432E1,6.899109920405E1));
#12340=CARTESIAN_POINT('',(1.846756510092E2,2.184660479017E1,6.899929623992E1));
#12341=CARTESIAN_POINT('',(1.846698519681E2,2.166244043440E1,6.901088287908E1));
#12342=CARTESIAN_POINT('',(1.843605767723E2,2.199042022497E1,6.929846453437E1));
#12343=CARTESIAN_POINT('',(1.845451052528E2,2.199643190491E1,6.930166208928E1));
#12344=CARTESIAN_POINT('',(1.846756510092E2,2.186109930638E1,6.922967997784E1));
#12345=CARTESIAN_POINT('',(1.846698519681E2,2.166980454913E1,6.912793213079E1));
#12346=CARTESIAN_POINT('',(1.843605767723E2,2.177984792188E1,6.952270126173E1));
#12347=CARTESIAN_POINT('',(1.845451052528E2,2.178341664366E1,6.952850030286E1));
#12348=CARTESIAN_POINT('',(1.846756510092E2,2.170307896829E1,6.939795454647E1));
#12349=CARTESIAN_POINT('',(1.846698519681E2,2.158952040019E1,6.921342606590E1));
#12350=CARTESIAN_POINT('',(1.843605767723E2,2.147223972185E1,6.952270126173E1));
#12351=CARTESIAN_POINT('',(1.845451052528E2,2.147223972185E1,6.952850030286E1));
#12352=CARTESIAN_POINT('',(1.846756510092E2,2.147223972185E1,6.939795454647E1));
#12353=CARTESIAN_POINT('',(1.846698519681E2,2.147223972185E1,6.921342606590E1));
#12354=CARTESIAN_POINT('',(1.843605767723E2,2.116463152182E1,6.952270126173E1));
#12355=CARTESIAN_POINT('',(1.845451052528E2,2.116106280005E1,6.952850030286E1));
#12356=CARTESIAN_POINT('',(1.846756510092E2,2.124140047541E1,6.939795454647E1));
#12357=CARTESIAN_POINT('',(1.846698519681E2,2.135495904352E1,6.921342606590E1));
#12358=CARTESIAN_POINT('',(1.843605767723E2,2.095405921873E1,6.929846453437E1));
#12359=CARTESIAN_POINT('',(1.845451052528E2,2.094804753880E1,6.930166208929E1));
#12360=CARTESIAN_POINT('',(1.846756510092E2,2.108338013732E1,6.922967997784E1));
#12361=CARTESIAN_POINT('',(1.846698519681E2,2.127467489458E1,6.912793213079E1));
#12362=CARTESIAN_POINT('',(1.843605767723E2,2.097337409742E1,6.899146332886E1));
#12363=CARTESIAN_POINT('',(1.845451052528E2,2.096758649938E1,6.899109920405E1));
#12364=CARTESIAN_POINT('',(1.846756510092E2,2.109787465354E1,6.899929623992E1));
#12365=CARTESIAN_POINT('',(1.846698519681E2,2.128203900930E1,6.901088287908E1));
#12366=(BOUNDED_SURFACE()B_SPLINE_SURFACE(3,3,((#12338,#12339,#12340,#12341),(
#12342,#12343,#12344,#12345),(#12346,#12347,#12348,#12349),(#12350,#12351,
#12352,#12353),(#12354,#12355,#12356,#12357),(#12358,#12359,#12360,#12361),(
#12362,#12363,#12364,#12365)),.UNSPECIFIED.,.F.,.F.,.F.)B_SPLINE_SURFACE_WITH_KNOTS((4,3,4),(4,4),(0.E0,1.E0,2.E0),(0.E0,1.E0),.UNSPECIFIED.)GEOMETRIC_REPRESENTATION_ITEM()RATIONAL_B_SPLINE_SURFACE(((1.409592795969E0,1.113152711336E0,
1.113152711336E0,1.409592795969E0),(1.113152711336E0,8.790545484463E-1,
8.790545484463E-1,1.113152711336E0),(1.113152711336E0,8.790545484463E-1,
8.790545484463E-1,1.113152711336E0),(1.409592795969E0,1.113152711336E0,
1.113152711336E0,1.409592795969E0),(1.113152711336E0,8.790545484463E-1,
8.790545484463E-1,1.113152711336E0),(1.113152711336E0,8.790545484463E-1,
8.790545484463E-1,1.113152711336E0),(1.409592795969E0,1.113152711336E0,
1.113152711336E0,1.409592795969E0)))REPRESENTATION_ITEM('')SURFACE());
#12367=ORIENTED_EDGE('',*,*,#12329,.F.);
#12369=ORIENTED_EDGE('',*,*,#12368,.F.);
#12371=ORIENTED_EDGE('',*,*,#12370,.T.);
#12373=ORIENTED_EDGE('',*,*,#12372,.T.);
#12374=EDGE_LOOP('',(#12367,#12369,#12371,#12373));
#12375=FACE_OUTER_BOUND('',#12374,.F.);
#12377=CARTESIAN_POINT('',(1.843605767723E2,2.097337409742E1,6.905423525839E1));
#12378=CARTESIAN_POINT('',(1.845451052528E2,2.096758649938E1,6.905459938320E1));
#12379=CARTESIAN_POINT('',(1.846756510092E2,2.109787465354E1,6.904640234733E1));
#12380=CARTESIAN_POINT('',(1.846698519681E2,2.128203900930E1,6.903481570817E1));
#12381=CARTESIAN_POINT('',(1.843605767723E2,2.095405921873E1,6.874723405288E1));
#12382=CARTESIAN_POINT('',(1.845451052528E2,2.094804753880E1,6.874403649796E1));
#12383=CARTESIAN_POINT('',(1.846756510092E2,2.108338013732E1,6.881601860941E1));
#12384=CARTESIAN_POINT('',(1.846698519681E2,2.127467489458E1,6.891776645646E1));
#12385=CARTESIAN_POINT('',(1.843605767723E2,2.116463152182E1,6.852299732552E1));
#12386=CARTESIAN_POINT('',(1.845451052528E2,2.116106280005E1,6.851719828439E1));
#12387=CARTESIAN_POINT('',(1.846756510092E2,2.124140047541E1,6.864774404078E1));
#12388=CARTESIAN_POINT('',(1.846698519681E2,2.135495904352E1,6.883227252135E1));
#12389=CARTESIAN_POINT('',(1.843605767723E2,2.147223972185E1,6.852299732552E1));
#12390=CARTESIAN_POINT('',(1.845451052528E2,2.147223972185E1,6.851719828439E1));
#12391=CARTESIAN_POINT('',(1.846756510092E2,2.147223972185E1,6.864774404078E1));
#12392=CARTESIAN_POINT('',(1.846698519681E2,2.147223972185E1,6.883227252135E1));
#12393=CARTESIAN_POINT('',(1.843605767723E2,2.177984792188E1,6.852299732552E1));
#12394=CARTESIAN_POINT('',(1.845451052528E2,2.178341664366E1,6.851719828439E1));
#12395=CARTESIAN_POINT('',(1.846756510092E2,2.170307896829E1,6.864774404078E1));
#12396=CARTESIAN_POINT('',(1.846698519681E2,2.158952040019E1,6.883227252135E1));
#12397=CARTESIAN_POINT('',(1.843605767723E2,2.199042022497E1,6.874723405288E1));
#12398=CARTESIAN_POINT('',(1.845451052528E2,2.199643190491E1,6.874403649796E1));
#12399=CARTESIAN_POINT('',(1.846756510092E2,2.186109930638E1,6.881601860941E1));
#12400=CARTESIAN_POINT('',(1.846698519681E2,2.166980454913E1,6.891776645646E1));
#12401=CARTESIAN_POINT('',(1.843605767723E2,2.197110534628E1,6.905423525839E1));
#12402=CARTESIAN_POINT('',(1.845451052528E2,2.197689294432E1,6.905459938320E1));
#12403=CARTESIAN_POINT('',(1.846756510092E2,2.184660479017E1,6.904640234733E1));
#12404=CARTESIAN_POINT('',(1.846698519681E2,2.166244043440E1,6.903481570817E1));
#12405=(BOUNDED_SURFACE()B_SPLINE_SURFACE(3,3,((#12377,#12378,#12379,#12380),(
#12381,#12382,#12383,#12384),(#12385,#12386,#12387,#12388),(#12389,#12390,
#12391,#12392),(#12393,#12394,#12395,#12396),(#12397,#12398,#12399,#12400),(
#12401,#12402,#12403,#12404)),.UNSPECIFIED.,.F.,.F.,.F.)B_SPLINE_SURFACE_WITH_KNOTS((4,3,4),(4,4),(0.E0,1.E0,2.E0),(0.E0,1.E0),.UNSPECIFIED.)GEOMETRIC_REPRESENTATION_ITEM()RATIONAL_B_SPLINE_SURFACE(((1.409592795969E0,1.113152711336E0,
1.113152711336E0,1.409592795969E0),(1.113152711336E0,8.790545484463E-1,
8.790545484463E-1,1.113152711336E0),(1.113152711336E0,8.790545484463E-1,
8.790545484463E-1,1.113152711336E0),(1.409592795969E0,1.113152711336E0,
1.113152711336E0,1.409592795969E0),(1.113152711336E0,8.790545484463E-1,
8.790545484463E-1,1.113152711336E0),(1.113152711336E0,8.790545484463E-1,
8.790545484463E-1,1.113152711336E0),(1.409592795969E0,1.113152711336E0,
1.113152711336E0,1.409592795969E0)))REPRESENTATION_ITEM('')SURFACE());
#12406=ORIENTED_EDGE('',*,*,#12372,.F.);
#12408=ORIENTED_EDGE('',*,*,#12407,.T.);
#12409=ORIENTED_EDGE('',*,*,#12368,.T.);
#12410=ORIENTED_EDGE('',*,*,#12317,.F.);
#12411=EDGE_LOOP('',(#12406,#12408,#12409,#12410));
#12412=FACE_OUTER_BOUND('',#12411,.F.);
#12414=CARTESIAN_POINT('',(1.8467E2,2.147223972185E1,6.902284929362E1));
#12415=DIRECTION('',(1.E0,0.E0,0.E0));
#12416=DIRECTION('',(0.E0,1.E0,-1.902583850429E-14));
#12417=AXIS2_PLACEMENT_3D('',#12414,#12415,#12416);
#12418=PLANE('',#12417);
#12419=ORIENTED_EDGE('',*,*,#12370,.F.);
#12420=ORIENTED_EDGE('',*,*,#12407,.F.);
#12421=EDGE_LOOP('',(#12419,#12420));
#12422=FACE_OUTER_BOUND('',#12421,.F.);
#12424=CARTESIAN_POINT('',(1.8467E2,2.747223972185E1,6.902284929362E1));
#12425=DIRECTION('',(-1.E0,0.E0,0.E0));
#12426=DIRECTION('',(0.E0,-1.E0,2.775557561563E-14));
#12427=AXIS2_PLACEMENT_3D('',#12424,#12425,#12426);
#12428=CYLINDRICAL_SURFACE('',#12427,5.E-1);
#12430=ORIENTED_EDGE('',*,*,#12429,.F.);
#12431=ORIENTED_EDGE('',*,*,#7463,.T.);
#12433=ORIENTED_EDGE('',*,*,#12432,.T.);
#12435=ORIENTED_EDGE('',*,*,#12434,.T.);
#12437=ORIENTED_EDGE('',*,*,#12436,.F.);
#12438=EDGE_LOOP('',(#12430,#12431,#12433,#12435,#12437));
#12439=FACE_OUTER_BOUND('',#12438,.F.);
#12441=CARTESIAN_POINT('',(1.8467E2,2.747223972185E1,6.902284929362E1));
#12442=DIRECTION('',(-1.E0,0.E0,0.E0));
#12443=DIRECTION('',(0.E0,-1.E0,2.775557561563E-14));
#12444=AXIS2_PLACEMENT_3D('',#12441,#12442,#12443);
#12445=CYLINDRICAL_SURFACE('',#12444,5.E-1);
#12447=ORIENTED_EDGE('',*,*,#12446,.T.);
#12448=ORIENTED_EDGE('',*,*,#12432,.F.);
#12449=ORIENTED_EDGE('',*,*,#7465,.T.);
#12450=ORIENTED_EDGE('',*,*,#12429,.T.);
#12451=ORIENTED_EDGE('',*,*,#12436,.T.);
#12452=EDGE_LOOP('',(#12447,#12448,#12449,#12450,#12451));
#12453=FACE_OUTER_BOUND('',#12452,.F.);
#12455=CARTESIAN_POINT('',(1.843605767723E2,2.797110534628E1,6.899146332886E1));
#12456=CARTESIAN_POINT('',(1.845451052528E2,2.797689294432E1,6.899109920405E1));
#12457=CARTESIAN_POINT('',(1.846756510092E2,2.784660479017E1,6.899929623992E1));
#12458=CARTESIAN_POINT('',(1.846698519681E2,2.766244043440E1,6.901088287908E1));
#12459=CARTESIAN_POINT('',(1.843605767723E2,2.799042022497E1,6.929846453437E1));
#12460=CARTESIAN_POINT('',(1.845451052528E2,2.799643190491E1,6.930166208928E1));
#12461=CARTESIAN_POINT('',(1.846756510092E2,2.786109930638E1,6.922967997784E1));
#12462=CARTESIAN_POINT('',(1.846698519681E2,2.766980454913E1,6.912793213079E1));
#12463=CARTESIAN_POINT('',(1.843605767723E2,2.777984792188E1,6.952270126173E1));
#12464=CARTESIAN_POINT('',(1.845451052528E2,2.778341664366E1,6.952850030286E1));
#12465=CARTESIAN_POINT('',(1.846756510092E2,2.770307896829E1,6.939795454647E1));
#12466=CARTESIAN_POINT('',(1.846698519681E2,2.758952040019E1,6.921342606590E1));
#12467=CARTESIAN_POINT('',(1.843605767723E2,2.747223972185E1,6.952270126173E1));
#12468=CARTESIAN_POINT('',(1.845451052528E2,2.747223972185E1,6.952850030286E1));
#12469=CARTESIAN_POINT('',(1.846756510092E2,2.747223972185E1,6.939795454647E1));
#12470=CARTESIAN_POINT('',(1.846698519681E2,2.747223972185E1,6.921342606590E1));
#12471=CARTESIAN_POINT('',(1.843605767723E2,2.716463152182E1,6.952270126173E1));
#12472=CARTESIAN_POINT('',(1.845451052528E2,2.716106280005E1,6.952850030286E1));
#12473=CARTESIAN_POINT('',(1.846756510092E2,2.724140047541E1,6.939795454647E1));
#12474=CARTESIAN_POINT('',(1.846698519681E2,2.735495904352E1,6.921342606590E1));
#12475=CARTESIAN_POINT('',(1.843605767723E2,2.695405921873E1,6.929846453437E1));
#12476=CARTESIAN_POINT('',(1.845451052528E2,2.694804753880E1,6.930166208928E1));
#12477=CARTESIAN_POINT('',(1.846756510092E2,2.708338013732E1,6.922967997784E1));
#12478=CARTESIAN_POINT('',(1.846698519681E2,2.727467489458E1,6.912793213079E1));
#12479=CARTESIAN_POINT('',(1.843605767723E2,2.697337409742E1,6.899146332886E1));
#12480=CARTESIAN_POINT('',(1.845451052528E2,2.696758649938E1,6.899109920405E1));
#12481=CARTESIAN_POINT('',(1.846756510092E2,2.709787465354E1,6.899929623992E1));
#12482=CARTESIAN_POINT('',(1.846698519681E2,2.728203900930E1,6.901088287908E1));
#12483=(BOUNDED_SURFACE()B_SPLINE_SURFACE(3,3,((#12455,#12456,#12457,#12458),(
#12459,#12460,#12461,#12462),(#12463,#12464,#12465,#12466),(#12467,#12468,
#12469,#12470),(#12471,#12472,#12473,#12474),(#12475,#12476,#12477,#12478),(
#12479,#12480,#12481,#12482)),.UNSPECIFIED.,.F.,.F.,.F.)B_SPLINE_SURFACE_WITH_KNOTS((4,3,4),(4,4),(0.E0,1.E0,2.E0),(0.E0,1.E0),.UNSPECIFIED.)GEOMETRIC_REPRESENTATION_ITEM()RATIONAL_B_SPLINE_SURFACE(((1.409592795969E0,1.113152711336E0,
1.113152711336E0,1.409592795969E0),(1.113152711336E0,8.790545484463E-1,
8.790545484463E-1,1.113152711336E0),(1.113152711336E0,8.790545484463E-1,
8.790545484463E-1,1.113152711336E0),(1.409592795969E0,1.113152711336E0,
1.113152711336E0,1.409592795969E0),(1.113152711336E0,8.790545484463E-1,
8.790545484463E-1,1.113152711336E0),(1.113152711336E0,8.790545484463E-1,
8.790545484463E-1,1.113152711336E0),(1.409592795969E0,1.113152711336E0,
1.113152711336E0,1.409592795969E0)))REPRESENTATION_ITEM('')SURFACE());
#12484=ORIENTED_EDGE('',*,*,#12446,.F.);
#12486=ORIENTED_EDGE('',*,*,#12485,.F.);
#12488=ORIENTED_EDGE('',*,*,#12487,.T.);
#12490=ORIENTED_EDGE('',*,*,#12489,.T.);
#12491=EDGE_LOOP('',(#12484,#12486,#12488,#12490));
#12492=FACE_OUTER_BOUND('',#12491,.F.);
#12494=CARTESIAN_POINT('',(1.843605767723E2,2.697337409742E1,6.905423525839E1));
#12495=CARTESIAN_POINT('',(1.845451052528E2,2.696758649938E1,6.905459938320E1));
#12496=CARTESIAN_POINT('',(1.846756510092E2,2.709787465354E1,6.904640234733E1));
#12497=CARTESIAN_POINT('',(1.846698519681E2,2.728203900930E1,6.903481570817E1));
#12498=CARTESIAN_POINT('',(1.843605767723E2,2.695405921873E1,6.874723405288E1));
#12499=CARTESIAN_POINT('',(1.845451052528E2,2.694804753880E1,6.874403649796E1));
#12500=CARTESIAN_POINT('',(1.846756510092E2,2.708338013732E1,6.881601860941E1));
#12501=CARTESIAN_POINT('',(1.846698519681E2,2.727467489458E1,6.891776645646E1));
#12502=CARTESIAN_POINT('',(1.843605767723E2,2.716463152182E1,6.852299732552E1));
#12503=CARTESIAN_POINT('',(1.845451052528E2,2.716106280005E1,6.851719828439E1));
#12504=CARTESIAN_POINT('',(1.846756510092E2,2.724140047541E1,6.864774404078E1));
#12505=CARTESIAN_POINT('',(1.846698519681E2,2.735495904352E1,6.883227252135E1));
#12506=CARTESIAN_POINT('',(1.843605767723E2,2.747223972185E1,6.852299732552E1));
#12507=CARTESIAN_POINT('',(1.845451052528E2,2.747223972185E1,6.851719828439E1));
#12508=CARTESIAN_POINT('',(1.846756510092E2,2.747223972185E1,6.864774404078E1));
#12509=CARTESIAN_POINT('',(1.846698519681E2,2.747223972185E1,6.883227252135E1));
#12510=CARTESIAN_POINT('',(1.843605767723E2,2.777984792188E1,6.852299732552E1));
#12511=CARTESIAN_POINT('',(1.845451052528E2,2.778341664366E1,6.851719828439E1));
#12512=CARTESIAN_POINT('',(1.846756510092E2,2.770307896829E1,6.864774404078E1));
#12513=CARTESIAN_POINT('',(1.846698519681E2,2.758952040019E1,6.883227252135E1));
#12514=CARTESIAN_POINT('',(1.843605767723E2,2.799042022498E1,6.874723405288E1));
#12515=CARTESIAN_POINT('',(1.845451052528E2,2.799643190491E1,6.874403649796E1));
#12516=CARTESIAN_POINT('',(1.846756510092E2,2.786109930638E1,6.881601860941E1));
#12517=CARTESIAN_POINT('',(1.846698519681E2,2.766980454913E1,6.891776645646E1));
#12518=CARTESIAN_POINT('',(1.843605767723E2,2.797110534628E1,6.905423525839E1));
#12519=CARTESIAN_POINT('',(1.845451052528E2,2.797689294432E1,6.905459938320E1));
#12520=CARTESIAN_POINT('',(1.846756510092E2,2.784660479017E1,6.904640234733E1));
#12521=CARTESIAN_POINT('',(1.846698519681E2,2.766244043440E1,6.903481570817E1));
#12522=(BOUNDED_SURFACE()B_SPLINE_SURFACE(3,3,((#12494,#12495,#12496,#12497),(
#12498,#12499,#12500,#12501),(#12502,#12503,#12504,#12505),(#12506,#12507,
#12508,#12509),(#12510,#12511,#12512,#12513),(#12514,#12515,#12516,#12517),(
#12518,#12519,#12520,#12521)),.UNSPECIFIED.,.F.,.F.,.F.)B_SPLINE_SURFACE_WITH_KNOTS((4,3,4),(4,4),(0.E0,1.E0,2.E0),(0.E0,1.E0),.UNSPECIFIED.)GEOMETRIC_REPRESENTATION_ITEM()RATIONAL_B_SPLINE_SURFACE(((1.409592795969E0,1.113152711336E0,
1.113152711336E0,1.409592795969E0),(1.113152711336E0,8.790545484463E-1,
8.790545484463E-1,1.113152711336E0),(1.113152711336E0,8.790545484463E-1,
8.790545484463E-1,1.113152711336E0),(1.409592795969E0,1.113152711336E0,
1.113152711336E0,1.409592795969E0),(1.113152711336E0,8.790545484463E-1,
8.790545484463E-1,1.113152711336E0),(1.113152711336E0,8.790545484463E-1,
8.790545484463E-1,1.113152711336E0),(1.409592795969E0,1.113152711336E0,
1.113152711336E0,1.409592795969E0)))REPRESENTATION_ITEM('')SURFACE());
#12523=ORIENTED_EDGE('',*,*,#12489,.F.);
#12525=ORIENTED_EDGE('',*,*,#12524,.T.);
#12526=ORIENTED_EDGE('',*,*,#12485,.T.);
#12527=ORIENTED_EDGE('',*,*,#12434,.F.);
#12528=EDGE_LOOP('',(#12523,#12525,#12526,#12527));
#12529=FACE_OUTER_BOUND('',#12528,.F.);
#12531=CARTESIAN_POINT('',(1.8467E2,2.747223972185E1,6.902284929362E1));
#12532=DIRECTION('',(1.E0,0.E0,0.E0));
#12533=DIRECTION('',(0.E0,1.E0,-1.902583850429E-14));
#12534=AXIS2_PLACEMENT_3D('',#12531,#12532,#12533);
#12535=PLANE('',#12534);
#12536=ORIENTED_EDGE('',*,*,#12487,.F.);
#12537=ORIENTED_EDGE('',*,*,#12524,.F.);
#12538=EDGE_LOOP('',(#12536,#12537));
#12539=FACE_OUTER_BOUND('',#12538,.F.);
#12541=CARTESIAN_POINT('',(1.8467E2,3.347223972185E1,6.902284929362E1));
#12542=DIRECTION('',(-1.E0,0.E0,0.E0));
#12543=DIRECTION('',(0.E0,-1.E0,2.775557561563E-14));
#12544=AXIS2_PLACEMENT_3D('',#12541,#12542,#12543);
#12545=CYLINDRICAL_SURFACE('',#12544,5.E-1);
#12547=ORIENTED_EDGE('',*,*,#12546,.F.);
#12548=ORIENTED_EDGE('',*,*,#7469,.T.);
#12550=ORIENTED_EDGE('',*,*,#12549,.T.);
#12552=ORIENTED_EDGE('',*,*,#12551,.T.);
#12553=EDGE_LOOP('',(#12547,#12548,#12550,#12552));
#12554=FACE_OUTER_BOUND('',#12553,.F.);
#12556=CARTESIAN_POINT('',(1.8467E2,3.347223972185E1,6.902284929362E1));
#12557=DIRECTION('',(-1.E0,0.E0,0.E0));
#12558=DIRECTION('',(0.E0,-1.E0,2.775557561563E-14));
#12559=AXIS2_PLACEMENT_3D('',#12556,#12557,#12558);
#12560=CYLINDRICAL_SURFACE('',#12559,5.E-1);
#12562=ORIENTED_EDGE('',*,*,#12561,.T.);
#12563=ORIENTED_EDGE('',*,*,#12549,.F.);
#12564=ORIENTED_EDGE('',*,*,#7471,.T.);
#12565=ORIENTED_EDGE('',*,*,#12546,.T.);
#12566=EDGE_LOOP('',(#12562,#12563,#12564,#12565));
#12567=FACE_OUTER_BOUND('',#12566,.F.);
#12569=CARTESIAN_POINT('',(1.843605767723E2,3.397110534628E1,6.899146332886E1));
#12570=CARTESIAN_POINT('',(1.845451052528E2,3.397689294432E1,6.899109920405E1));
#12571=CARTESIAN_POINT('',(1.846756510092E2,3.384660479017E1,6.899929623992E1));
#12572=CARTESIAN_POINT('',(1.846698519681E2,3.366244043440E1,6.901088287908E1));
#12573=CARTESIAN_POINT('',(1.843605767723E2,3.399042022497E1,6.929846453437E1));
#12574=CARTESIAN_POINT('',(1.845451052528E2,3.399643190491E1,6.930166208928E1));
#12575=CARTESIAN_POINT('',(1.846756510092E2,3.386109930638E1,6.922967997784E1));
#12576=CARTESIAN_POINT('',(1.846698519681E2,3.366980454913E1,6.912793213079E1));
#12577=CARTESIAN_POINT('',(1.843605767723E2,3.377984792188E1,6.952270126173E1));
#12578=CARTESIAN_POINT('',(1.845451052528E2,3.378341664366E1,6.952850030286E1));
#12579=CARTESIAN_POINT('',(1.846756510092E2,3.370307896829E1,6.939795454647E1));
#12580=CARTESIAN_POINT('',(1.846698519681E2,3.358952040019E1,6.921342606590E1));
#12581=CARTESIAN_POINT('',(1.843605767723E2,3.347223972185E1,6.952270126173E1));
#12582=CARTESIAN_POINT('',(1.845451052528E2,3.347223972185E1,6.952850030286E1));
#12583=CARTESIAN_POINT('',(1.846756510092E2,3.347223972185E1,6.939795454647E1));
#12584=CARTESIAN_POINT('',(1.846698519681E2,3.347223972185E1,6.921342606590E1));
#12585=CARTESIAN_POINT('',(1.843605767723E2,3.316463152182E1,6.952270126173E1));
#12586=CARTESIAN_POINT('',(1.845451052528E2,3.316106280005E1,6.952850030286E1));
#12587=CARTESIAN_POINT('',(1.846756510092E2,3.324140047541E1,6.939795454647E1));
#12588=CARTESIAN_POINT('',(1.846698519681E2,3.335495904352E1,6.921342606590E1));
#12589=CARTESIAN_POINT('',(1.843605767723E2,3.295405921873E1,6.929846453437E1));
#12590=CARTESIAN_POINT('',(1.845451052528E2,3.294804753880E1,6.930166208928E1));
#12591=CARTESIAN_POINT('',(1.846756510092E2,3.308338013732E1,6.922967997784E1));
#12592=CARTESIAN_POINT('',(1.846698519681E2,3.327467489458E1,6.912793213079E1));
#12593=CARTESIAN_POINT('',(1.843605767723E2,3.297337409742E1,6.899146332886E1));
#12594=CARTESIAN_POINT('',(1.845451052528E2,3.296758649938E1,6.899109920405E1));
#12595=CARTESIAN_POINT('',(1.846756510092E2,3.309787465354E1,6.899929623992E1));
#12596=CARTESIAN_POINT('',(1.846698519681E2,3.328203900930E1,6.901088287908E1));
#12597=(BOUNDED_SURFACE()B_SPLINE_SURFACE(3,3,((#12569,#12570,#12571,#12572),(
#12573,#12574,#12575,#12576),(#12577,#12578,#12579,#12580),(#12581,#12582,
#12583,#12584),(#12585,#12586,#12587,#12588),(#12589,#12590,#12591,#12592),(
#12593,#12594,#12595,#12596)),.UNSPECIFIED.,.F.,.F.,.F.)B_SPLINE_SURFACE_WITH_KNOTS((4,3,4),(4,4),(0.E0,1.E0,2.E0),(0.E0,1.E0),.UNSPECIFIED.)GEOMETRIC_REPRESENTATION_ITEM()RATIONAL_B_SPLINE_SURFACE(((1.409592795969E0,1.113152711336E0,
1.113152711336E0,1.409592795969E0),(1.113152711336E0,8.790545484463E-1,
8.790545484463E-1,1.113152711336E0),(1.113152711336E0,8.790545484463E-1,
8.790545484463E-1,1.113152711336E0),(1.409592795969E0,1.113152711336E0,
1.113152711336E0,1.409592795969E0),(1.113152711336E0,8.790545484463E-1,
8.790545484463E-1,1.113152711336E0),(1.113152711336E0,8.790545484463E-1,
8.790545484463E-1,1.113152711336E0),(1.409592795969E0,1.113152711336E0,
1.113152711336E0,1.409592795969E0)))REPRESENTATION_ITEM('')SURFACE());
#12598=ORIENTED_EDGE('',*,*,#12561,.F.);
#12600=ORIENTED_EDGE('',*,*,#12599,.F.);
#12602=ORIENTED_EDGE('',*,*,#12601,.T.);
#12604=ORIENTED_EDGE('',*,*,#12603,.T.);
#12605=EDGE_LOOP('',(#12598,#12600,#12602,#12604));
#12606=FACE_OUTER_BOUND('',#12605,.F.);
#12608=CARTESIAN_POINT('',(1.843605767723E2,3.297337409742E1,6.905423525839E1));
#12609=CARTESIAN_POINT('',(1.845451052528E2,3.296758649938E1,6.905459938319E1));
#12610=CARTESIAN_POINT('',(1.846756510092E2,3.309787465354E1,6.904640234733E1));
#12611=CARTESIAN_POINT('',(1.846698519681E2,3.328203900930E1,6.903481570817E1));
#12612=CARTESIAN_POINT('',(1.843605767723E2,3.295405921873E1,6.874723405287E1));
#12613=CARTESIAN_POINT('',(1.845451052528E2,3.294804753880E1,6.874403649796E1));
#12614=CARTESIAN_POINT('',(1.846756510092E2,3.308338013732E1,6.881601860941E1));
#12615=CARTESIAN_POINT('',(1.846698519681E2,3.327467489458E1,6.891776645646E1));
#12616=CARTESIAN_POINT('',(1.843605767723E2,3.316463152182E1,6.852299732551E1));
#12617=CARTESIAN_POINT('',(1.845451052528E2,3.316106280005E1,6.851719828439E1));
#12618=CARTESIAN_POINT('',(1.846756510092E2,3.324140047541E1,6.864774404078E1));
#12619=CARTESIAN_POINT('',(1.846698519681E2,3.335495904352E1,6.883227252135E1));
#12620=CARTESIAN_POINT('',(1.843605767723E2,3.347223972185E1,6.852299732551E1));
#12621=CARTESIAN_POINT('',(1.845451052528E2,3.347223972185E1,6.851719828439E1));
#12622=CARTESIAN_POINT('',(1.846756510092E2,3.347223972185E1,6.864774404078E1));
#12623=CARTESIAN_POINT('',(1.846698519681E2,3.347223972185E1,6.883227252135E1));
#12624=CARTESIAN_POINT('',(1.843605767723E2,3.377984792188E1,6.852299732551E1));
#12625=CARTESIAN_POINT('',(1.845451052528E2,3.378341664366E1,6.851719828439E1));
#12626=CARTESIAN_POINT('',(1.846756510092E2,3.370307896829E1,6.864774404078E1));
#12627=CARTESIAN_POINT('',(1.846698519681E2,3.358952040019E1,6.883227252135E1));
#12628=CARTESIAN_POINT('',(1.843605767723E2,3.399042022497E1,6.874723405287E1));
#12629=CARTESIAN_POINT('',(1.845451052528E2,3.399643190491E1,6.874403649796E1));
#12630=CARTESIAN_POINT('',(1.846756510092E2,3.386109930638E1,6.881601860941E1));
#12631=CARTESIAN_POINT('',(1.846698519681E2,3.366980454913E1,6.891776645646E1));
#12632=CARTESIAN_POINT('',(1.843605767723E2,3.397110534628E1,6.905423525839E1));
#12633=CARTESIAN_POINT('',(1.845451052528E2,3.397689294432E1,6.905459938319E1));
#12634=CARTESIAN_POINT('',(1.846756510092E2,3.384660479017E1,6.904640234733E1));
#12635=CARTESIAN_POINT('',(1.846698519681E2,3.366244043440E1,6.903481570817E1));
#12636=(BOUNDED_SURFACE()B_SPLINE_SURFACE(3,3,((#12608,#12609,#12610,#12611),(
#12612,#12613,#12614,#12615),(#12616,#12617,#12618,#12619),(#12620,#12621,
#12622,#12623),(#12624,#12625,#12626,#12627),(#12628,#12629,#12630,#12631),(
#12632,#12633,#12634,#12635)),.UNSPECIFIED.,.F.,.F.,.F.)B_SPLINE_SURFACE_WITH_KNOTS((4,3,4),(4,4),(0.E0,1.E0,2.E0),(0.E0,1.E0),.UNSPECIFIED.)GEOMETRIC_REPRESENTATION_ITEM()RATIONAL_B_SPLINE_SURFACE(((1.409592795969E0,1.113152711336E0,
1.113152711336E0,1.409592795969E0),(1.113152711336E0,8.790545484463E-1,
8.790545484463E-1,1.113152711336E0),(1.113152711336E0,8.790545484463E-1,
8.790545484463E-1,1.113152711336E0),(1.409592795969E0,1.113152711336E0,
1.113152711336E0,1.409592795969E0),(1.113152711336E0,8.790545484463E-1,
8.790545484463E-1,1.113152711336E0),(1.113152711336E0,8.790545484463E-1,
8.790545484463E-1,1.113152711336E0),(1.409592795969E0,1.113152711336E0,
1.113152711336E0,1.409592795969E0)))REPRESENTATION_ITEM('')SURFACE());
#12637=ORIENTED_EDGE('',*,*,#12603,.F.);
#12639=ORIENTED_EDGE('',*,*,#12638,.T.);
#12640=ORIENTED_EDGE('',*,*,#12599,.T.);
#12641=ORIENTED_EDGE('',*,*,#12551,.F.);
#12642=EDGE_LOOP('',(#12637,#12639,#12640,#12641));
#12643=FACE_OUTER_BOUND('',#12642,.F.);
#12645=CARTESIAN_POINT('',(1.8467E2,3.347223972185E1,6.902284929362E1));
#12646=DIRECTION('',(1.E0,0.E0,0.E0));
#12647=DIRECTION('',(0.E0,1.E0,-1.902583850429E-14));
#12648=AXIS2_PLACEMENT_3D('',#12645,#12646,#12647);
#12649=PLANE('',#12648);
#12650=ORIENTED_EDGE('',*,*,#12601,.F.);
#12651=ORIENTED_EDGE('',*,*,#12638,.F.);
#12652=EDGE_LOOP('',(#12650,#12651));
#12653=FACE_OUTER_BOUND('',#12652,.F.);
#12655=CARTESIAN_POINT('',(1.8467E2,3.947223972185E1,6.902284929362E1));
#12656=DIRECTION('',(-1.E0,0.E0,0.E0));
#12657=DIRECTION('',(0.E0,-1.E0,2.775557561563E-14));
#12658=AXIS2_PLACEMENT_3D('',#12655,#12656,#12657);
#12659=CYLINDRICAL_SURFACE('',#12658,5.E-1);
#12661=ORIENTED_EDGE('',*,*,#12660,.F.);
#12662=ORIENTED_EDGE('',*,*,#7475,.T.);
#12664=ORIENTED_EDGE('',*,*,#12663,.T.);
#12666=ORIENTED_EDGE('',*,*,#12665,.T.);
#12667=EDGE_LOOP('',(#12661,#12662,#12664,#12666));
#12668=FACE_OUTER_BOUND('',#12667,.F.);
#12670=CARTESIAN_POINT('',(1.8467E2,3.947223972185E1,6.902284929362E1));
#12671=DIRECTION('',(-1.E0,0.E0,0.E0));
#12672=DIRECTION('',(0.E0,-1.E0,2.775557561563E-14));
#12673=AXIS2_PLACEMENT_3D('',#12670,#12671,#12672);
#12674=CYLINDRICAL_SURFACE('',#12673,5.E-1);
#12676=ORIENTED_EDGE('',*,*,#12675,.T.);
#12677=ORIENTED_EDGE('',*,*,#12663,.F.);
#12678=ORIENTED_EDGE('',*,*,#7477,.T.);
#12679=ORIENTED_EDGE('',*,*,#12660,.T.);
#12680=EDGE_LOOP('',(#12676,#12677,#12678,#12679));
#12681=FACE_OUTER_BOUND('',#12680,.F.);
#12683=CARTESIAN_POINT('',(1.843605767723E2,3.997110534628E1,6.899146332886E1));
#12684=CARTESIAN_POINT('',(1.845451052528E2,3.997689294432E1,6.899109920405E1));
#12685=CARTESIAN_POINT('',(1.846756510092E2,3.984660479017E1,6.899929623992E1));
#12686=CARTESIAN_POINT('',(1.846698519681E2,3.966244043440E1,6.901088287908E1));
#12687=CARTESIAN_POINT('',(1.843605767723E2,3.999042022497E1,6.929846453437E1));
#12688=CARTESIAN_POINT('',(1.845451052528E2,3.999643190491E1,6.930166208928E1));
#12689=CARTESIAN_POINT('',(1.846756510092E2,3.986109930638E1,6.922967997784E1));
#12690=CARTESIAN_POINT('',(1.846698519681E2,3.966980454913E1,6.912793213079E1));
#12691=CARTESIAN_POINT('',(1.843605767723E2,3.977984792188E1,6.952270126173E1));
#12692=CARTESIAN_POINT('',(1.845451052528E2,3.978341664366E1,6.952850030286E1));
#12693=CARTESIAN_POINT('',(1.846756510092E2,3.970307896829E1,6.939795454647E1));
#12694=CARTESIAN_POINT('',(1.846698519681E2,3.958952040019E1,6.921342606590E1));
#12695=CARTESIAN_POINT('',(1.843605767723E2,3.947223972185E1,6.952270126173E1));
#12696=CARTESIAN_POINT('',(1.845451052528E2,3.947223972185E1,6.952850030286E1));
#12697=CARTESIAN_POINT('',(1.846756510092E2,3.947223972185E1,6.939795454647E1));
#12698=CARTESIAN_POINT('',(1.846698519681E2,3.947223972185E1,6.921342606590E1));
#12699=CARTESIAN_POINT('',(1.843605767723E2,3.916463152182E1,6.952270126173E1));
#12700=CARTESIAN_POINT('',(1.845451052528E2,3.916106280005E1,6.952850030286E1));
#12701=CARTESIAN_POINT('',(1.846756510092E2,3.924140047541E1,6.939795454647E1));
#12702=CARTESIAN_POINT('',(1.846698519681E2,3.935495904352E1,6.921342606590E1));
#12703=CARTESIAN_POINT('',(1.843605767723E2,3.895405921873E1,6.929846453437E1));
#12704=CARTESIAN_POINT('',(1.845451052528E2,3.894804753880E1,6.930166208928E1));
#12705=CARTESIAN_POINT('',(1.846756510092E2,3.908338013732E1,6.922967997784E1));
#12706=CARTESIAN_POINT('',(1.846698519681E2,3.927467489458E1,6.912793213079E1));
#12707=CARTESIAN_POINT('',(1.843605767723E2,3.897337409742E1,6.899146332886E1));
#12708=CARTESIAN_POINT('',(1.845451052528E2,3.896758649938E1,6.899109920405E1));
#12709=CARTESIAN_POINT('',(1.846756510092E2,3.909787465354E1,6.899929623992E1));
#12710=CARTESIAN_POINT('',(1.846698519681E2,3.928203900930E1,6.901088287908E1));
#12711=(BOUNDED_SURFACE()B_SPLINE_SURFACE(3,3,((#12683,#12684,#12685,#12686),(
#12687,#12688,#12689,#12690),(#12691,#12692,#12693,#12694),(#12695,#12696,
#12697,#12698),(#12699,#12700,#12701,#12702),(#12703,#12704,#12705,#12706),(
#12707,#12708,#12709,#12710)),.UNSPECIFIED.,.F.,.F.,.F.)B_SPLINE_SURFACE_WITH_KNOTS((4,3,4),(4,4),(0.E0,1.E0,2.E0),(0.E0,1.E0),.UNSPECIFIED.)GEOMETRIC_REPRESENTATION_ITEM()RATIONAL_B_SPLINE_SURFACE(((1.409592795969E0,1.113152711336E0,
1.113152711336E0,1.409592795969E0),(1.113152711336E0,8.790545484463E-1,
8.790545484463E-1,1.113152711336E0),(1.113152711336E0,8.790545484463E-1,
8.790545484463E-1,1.113152711336E0),(1.409592795969E0,1.113152711336E0,
1.113152711336E0,1.409592795969E0),(1.113152711336E0,8.790545484463E-1,
8.790545484463E-1,1.113152711336E0),(1.113152711336E0,8.790545484463E-1,
8.790545484463E-1,1.113152711336E0),(1.409592795969E0,1.113152711336E0,
1.113152711336E0,1.409592795969E0)))REPRESENTATION_ITEM('')SURFACE());
#12712=ORIENTED_EDGE('',*,*,#12675,.F.);
#12714=ORIENTED_EDGE('',*,*,#12713,.F.);
#12716=ORIENTED_EDGE('',*,*,#12715,.T.);
#12718=ORIENTED_EDGE('',*,*,#12717,.T.);
#12719=EDGE_LOOP('',(#12712,#12714,#12716,#12718));
#12720=FACE_OUTER_BOUND('',#12719,.F.);
#12722=CARTESIAN_POINT('',(1.843605767723E2,3.897337409742E1,6.905423525839E1));
#12723=CARTESIAN_POINT('',(1.845451052528E2,3.896758649938E1,6.905459938319E1));
#12724=CARTESIAN_POINT('',(1.846756510092E2,3.909787465354E1,6.904640234733E1));
#12725=CARTESIAN_POINT('',(1.846698519681E2,3.928203900930E1,6.903481570817E1));
#12726=CARTESIAN_POINT('',(1.843605767723E2,3.895405921873E1,6.874723405287E1));
#12727=CARTESIAN_POINT('',(1.845451052528E2,3.894804753880E1,6.874403649796E1));
#12728=CARTESIAN_POINT('',(1.846756510092E2,3.908338013732E1,6.881601860941E1));
#12729=CARTESIAN_POINT('',(1.846698519681E2,3.927467489458E1,6.891776645646E1));
#12730=CARTESIAN_POINT('',(1.843605767723E2,3.916463152182E1,6.852299732551E1));
#12731=CARTESIAN_POINT('',(1.845451052528E2,3.916106280005E1,6.851719828439E1));
#12732=CARTESIAN_POINT('',(1.846756510092E2,3.924140047541E1,6.864774404078E1));
#12733=CARTESIAN_POINT('',(1.846698519681E2,3.935495904352E1,6.883227252135E1));
#12734=CARTESIAN_POINT('',(1.843605767723E2,3.947223972185E1,6.852299732551E1));
#12735=CARTESIAN_POINT('',(1.845451052528E2,3.947223972185E1,6.851719828439E1));
#12736=CARTESIAN_POINT('',(1.846756510092E2,3.947223972185E1,6.864774404078E1));
#12737=CARTESIAN_POINT('',(1.846698519681E2,3.947223972185E1,6.883227252135E1));
#12738=CARTESIAN_POINT('',(1.843605767723E2,3.977984792188E1,6.852299732551E1));
#12739=CARTESIAN_POINT('',(1.845451052528E2,3.978341664366E1,6.851719828439E1));
#12740=CARTESIAN_POINT('',(1.846756510092E2,3.970307896829E1,6.864774404078E1));
#12741=CARTESIAN_POINT('',(1.846698519681E2,3.958952040019E1,6.883227252135E1));
#12742=CARTESIAN_POINT('',(1.843605767723E2,3.999042022497E1,6.874723405287E1));
#12743=CARTESIAN_POINT('',(1.845451052528E2,3.999643190491E1,6.874403649796E1));
#12744=CARTESIAN_POINT('',(1.846756510092E2,3.986109930638E1,6.881601860941E1));
#12745=CARTESIAN_POINT('',(1.846698519681E2,3.966980454913E1,6.891776645646E1));
#12746=CARTESIAN_POINT('',(1.843605767723E2,3.997110534628E1,6.905423525839E1));
#12747=CARTESIAN_POINT('',(1.845451052528E2,3.997689294432E1,6.905459938319E1));
#12748=CARTESIAN_POINT('',(1.846756510092E2,3.984660479017E1,6.904640234733E1));
#12749=CARTESIAN_POINT('',(1.846698519681E2,3.966244043440E1,6.903481570817E1));
#12750=(BOUNDED_SURFACE()B_SPLINE_SURFACE(3,3,((#12722,#12723,#12724,#12725),(
#12726,#12727,#12728,#12729),(#12730,#12731,#12732,#12733),(#12734,#12735,
#12736,#12737),(#12738,#12739,#12740,#12741),(#12742,#12743,#12744,#12745),(
#12746,#12747,#12748,#12749)),.UNSPECIFIED.,.F.,.F.,.F.)B_SPLINE_SURFACE_WITH_KNOTS((4,3,4),(4,4),(0.E0,1.E0,2.E0),(0.E0,1.E0),.UNSPECIFIED.)GEOMETRIC_REPRESENTATION_ITEM()RATIONAL_B_SPLINE_SURFACE(((1.409592795969E0,1.113152711336E0,
1.113152711336E0,1.409592795969E0),(1.113152711336E0,8.790545484463E-1,
8.790545484463E-1,1.113152711336E0),(1.113152711336E0,8.790545484463E-1,
8.790545484463E-1,1.113152711336E0),(1.409592795969E0,1.113152711336E0,
1.113152711336E0,1.409592795969E0),(1.113152711336E0,8.790545484463E-1,
8.790545484463E-1,1.113152711336E0),(1.113152711336E0,8.790545484463E-1,
8.790545484463E-1,1.113152711336E0),(1.409592795969E0,1.113152711336E0,
1.113152711336E0,1.409592795969E0)))REPRESENTATION_ITEM('')SURFACE());
#12751=ORIENTED_EDGE('',*,*,#12717,.F.);
#12753=ORIENTED_EDGE('',*,*,#12752,.T.);
#12754=ORIENTED_EDGE('',*,*,#12713,.T.);
#12755=ORIENTED_EDGE('',*,*,#12665,.F.);
#12756=EDGE_LOOP('',(#12751,#12753,#12754,#12755));
#12757=FACE_OUTER_BOUND('',#12756,.F.);
#12759=CARTESIAN_POINT('',(1.8467E2,3.947223972185E1,6.902284929362E1));
#12760=DIRECTION('',(1.E0,0.E0,0.E0));
#12761=DIRECTION('',(0.E0,1.E0,-1.902583850429E-14));
#12762=AXIS2_PLACEMENT_3D('',#12759,#12760,#12761);
#12763=PLANE('',#12762);
#12764=ORIENTED_EDGE('',*,*,#12715,.F.);
#12765=ORIENTED_EDGE('',*,*,#12752,.F.);
#12766=EDGE_LOOP('',(#12764,#12765));
#12767=FACE_OUTER_BOUND('',#12766,.F.);
#12769=CARTESIAN_POINT('',(1.8467E2,4.547223972185E1,6.902284929362E1));
#12770=DIRECTION('',(-1.E0,0.E0,0.E0));
#12771=DIRECTION('',(0.E0,-1.E0,2.775557561563E-14));
#12772=AXIS2_PLACEMENT_3D('',#12769,#12770,#12771);
#12773=CYLINDRICAL_SURFACE('',#12772,5.E-1);
#12775=ORIENTED_EDGE('',*,*,#12774,.F.);
#12776=ORIENTED_EDGE('',*,*,#7481,.T.);
#12778=ORIENTED_EDGE('',*,*,#12777,.T.);
#12780=ORIENTED_EDGE('',*,*,#12779,.T.);
#12781=EDGE_LOOP('',(#12775,#12776,#12778,#12780));
#12782=FACE_OUTER_BOUND('',#12781,.F.);
#12784=CARTESIAN_POINT('',(1.8467E2,4.547223972185E1,6.902284929362E1));
#12785=DIRECTION('',(-1.E0,0.E0,0.E0));
#12786=DIRECTION('',(0.E0,-1.E0,2.775557561563E-14));
#12787=AXIS2_PLACEMENT_3D('',#12784,#12785,#12786);
#12788=CYLINDRICAL_SURFACE('',#12787,5.E-1);
#12790=ORIENTED_EDGE('',*,*,#12789,.T.);
#12791=ORIENTED_EDGE('',*,*,#12777,.F.);
#12792=ORIENTED_EDGE('',*,*,#7483,.T.);
#12793=ORIENTED_EDGE('',*,*,#12774,.T.);
#12794=EDGE_LOOP('',(#12790,#12791,#12792,#12793));
#12795=FACE_OUTER_BOUND('',#12794,.F.);
#12797=CARTESIAN_POINT('',(1.843605767723E2,4.597110534628E1,6.899146332886E1));
#12798=CARTESIAN_POINT('',(1.845451052528E2,4.597689294432E1,6.899109920405E1));
#12799=CARTESIAN_POINT('',(1.846756510092E2,4.584660479017E1,6.899929623992E1));
#12800=CARTESIAN_POINT('',(1.846698519681E2,4.566244043440E1,6.901088287908E1));
#12801=CARTESIAN_POINT('',(1.843605767723E2,4.599042022497E1,6.929846453437E1));
#12802=CARTESIAN_POINT('',(1.845451052528E2,4.599643190491E1,6.930166208928E1));
#12803=CARTESIAN_POINT('',(1.846756510092E2,4.586109930638E1,6.922967997784E1));
#12804=CARTESIAN_POINT('',(1.846698519681E2,4.566980454913E1,6.912793213079E1));
#12805=CARTESIAN_POINT('',(1.843605767723E2,4.577984792188E1,6.952270126173E1));
#12806=CARTESIAN_POINT('',(1.845451052528E2,4.578341664366E1,6.952850030286E1));
#12807=CARTESIAN_POINT('',(1.846756510092E2,4.570307896829E1,6.939795454647E1));
#12808=CARTESIAN_POINT('',(1.846698519681E2,4.558952040019E1,6.921342606590E1));
#12809=CARTESIAN_POINT('',(1.843605767723E2,4.547223972185E1,6.952270126173E1));
#12810=CARTESIAN_POINT('',(1.845451052528E2,4.547223972185E1,6.952850030286E1));
#12811=CARTESIAN_POINT('',(1.846756510092E2,4.547223972185E1,6.939795454647E1));
#12812=CARTESIAN_POINT('',(1.846698519681E2,4.547223972185E1,6.921342606590E1));
#12813=CARTESIAN_POINT('',(1.843605767723E2,4.516463152182E1,6.952270126173E1));
#12814=CARTESIAN_POINT('',(1.845451052528E2,4.516106280005E1,6.952850030286E1));
#12815=CARTESIAN_POINT('',(1.846756510092E2,4.524140047541E1,6.939795454647E1));
#12816=CARTESIAN_POINT('',(1.846698519681E2,4.535495904352E1,6.921342606590E1));
#12817=CARTESIAN_POINT('',(1.843605767723E2,4.495405921873E1,6.929846453437E1));
#12818=CARTESIAN_POINT('',(1.845451052528E2,4.494804753880E1,6.930166208928E1));
#12819=CARTESIAN_POINT('',(1.846756510092E2,4.508338013732E1,6.922967997784E1));
#12820=CARTESIAN_POINT('',(1.846698519681E2,4.527467489458E1,6.912793213079E1));
#12821=CARTESIAN_POINT('',(1.843605767723E2,4.497337409742E1,6.899146332886E1));
#12822=CARTESIAN_POINT('',(1.845451052528E2,4.496758649938E1,6.899109920405E1));
#12823=CARTESIAN_POINT('',(1.846756510092E2,4.509787465354E1,6.899929623992E1));
#12824=CARTESIAN_POINT('',(1.846698519681E2,4.528203900930E1,6.901088287908E1));
#12825=(BOUNDED_SURFACE()B_SPLINE_SURFACE(3,3,((#12797,#12798,#12799,#12800),(
#12801,#12802,#12803,#12804),(#12805,#12806,#12807,#12808),(#12809,#12810,
#12811,#12812),(#12813,#12814,#12815,#12816),(#12817,#12818,#12819,#12820),(
#12821,#12822,#12823,#12824)),.UNSPECIFIED.,.F.,.F.,.F.)B_SPLINE_SURFACE_WITH_KNOTS((4,3,4),(4,4),(0.E0,1.E0,2.E0),(0.E0,1.E0),.UNSPECIFIED.)GEOMETRIC_REPRESENTATION_ITEM()RATIONAL_B_SPLINE_SURFACE(((1.409592795969E0,1.113152711336E0,
1.113152711336E0,1.409592795969E0),(1.113152711336E0,8.790545484463E-1,
8.790545484463E-1,1.113152711336E0),(1.113152711336E0,8.790545484463E-1,
8.790545484463E-1,1.113152711336E0),(1.409592795969E0,1.113152711336E0,
1.113152711336E0,1.409592795969E0),(1.113152711336E0,8.790545484463E-1,
8.790545484463E-1,1.113152711336E0),(1.113152711336E0,8.790545484463E-1,
8.790545484463E-1,1.113152711336E0),(1.409592795969E0,1.113152711336E0,
1.113152711336E0,1.409592795969E0)))REPRESENTATION_ITEM('')SURFACE());
#12826=ORIENTED_EDGE('',*,*,#12789,.F.);
#12828=ORIENTED_EDGE('',*,*,#12827,.F.);
#12830=ORIENTED_EDGE('',*,*,#12829,.T.);
#12832=ORIENTED_EDGE('',*,*,#12831,.T.);
#12833=EDGE_LOOP('',(#12826,#12828,#12830,#12832));
#12834=FACE_OUTER_BOUND('',#12833,.F.);
#12836=CARTESIAN_POINT('',(1.843605767723E2,4.497337409742E1,6.905423525839E1));
#12837=CARTESIAN_POINT('',(1.845451052528E2,4.496758649938E1,6.905459938319E1));
#12838=CARTESIAN_POINT('',(1.846756510092E2,4.509787465354E1,6.904640234733E1));
#12839=CARTESIAN_POINT('',(1.846698519681E2,4.528203900930E1,6.903481570817E1));
#12840=CARTESIAN_POINT('',(1.843605767723E2,4.495405921873E1,6.874723405287E1));
#12841=CARTESIAN_POINT('',(1.845451052528E2,4.494804753880E1,6.874403649796E1));
#12842=CARTESIAN_POINT('',(1.846756510092E2,4.508338013732E1,6.881601860941E1));
#12843=CARTESIAN_POINT('',(1.846698519681E2,4.527467489458E1,6.891776645646E1));
#12844=CARTESIAN_POINT('',(1.843605767723E2,4.516463152182E1,6.852299732551E1));
#12845=CARTESIAN_POINT('',(1.845451052528E2,4.516106280005E1,6.851719828439E1));
#12846=CARTESIAN_POINT('',(1.846756510092E2,4.524140047541E1,6.864774404078E1));
#12847=CARTESIAN_POINT('',(1.846698519681E2,4.535495904352E1,6.883227252135E1));
#12848=CARTESIAN_POINT('',(1.843605767723E2,4.547223972185E1,6.852299732551E1));
#12849=CARTESIAN_POINT('',(1.845451052528E2,4.547223972185E1,6.851719828439E1));
#12850=CARTESIAN_POINT('',(1.846756510092E2,4.547223972185E1,6.864774404078E1));
#12851=CARTESIAN_POINT('',(1.846698519681E2,4.547223972185E1,6.883227252135E1));
#12852=CARTESIAN_POINT('',(1.843605767723E2,4.577984792188E1,6.852299732551E1));
#12853=CARTESIAN_POINT('',(1.845451052528E2,4.578341664366E1,6.851719828439E1));
#12854=CARTESIAN_POINT('',(1.846756510092E2,4.570307896829E1,6.864774404078E1));
#12855=CARTESIAN_POINT('',(1.846698519681E2,4.558952040019E1,6.883227252135E1));
#12856=CARTESIAN_POINT('',(1.843605767723E2,4.599042022497E1,6.874723405287E1));
#12857=CARTESIAN_POINT('',(1.845451052528E2,4.599643190491E1,6.874403649796E1));
#12858=CARTESIAN_POINT('',(1.846756510092E2,4.586109930638E1,6.881601860941E1));
#12859=CARTESIAN_POINT('',(1.846698519681E2,4.566980454913E1,6.891776645646E1));
#12860=CARTESIAN_POINT('',(1.843605767723E2,4.597110534628E1,6.905423525839E1));
#12861=CARTESIAN_POINT('',(1.845451052528E2,4.597689294432E1,6.905459938319E1));
#12862=CARTESIAN_POINT('',(1.846756510092E2,4.584660479017E1,6.904640234733E1));
#12863=CARTESIAN_POINT('',(1.846698519681E2,4.566244043440E1,6.903481570817E1));
#12864=(BOUNDED_SURFACE()B_SPLINE_SURFACE(3,3,((#12836,#12837,#12838,#12839),(
#12840,#12841,#12842,#12843),(#12844,#12845,#12846,#12847),(#12848,#12849,
#12850,#12851),(#12852,#12853,#12854,#12855),(#12856,#12857,#12858,#12859),(
#12860,#12861,#12862,#12863)),.UNSPECIFIED.,.F.,.F.,.F.)B_SPLINE_SURFACE_WITH_KNOTS((4,3,4),(4,4),(0.E0,1.E0,2.E0),(0.E0,1.E0),.UNSPECIFIED.)GEOMETRIC_REPRESENTATION_ITEM()RATIONAL_B_SPLINE_SURFACE(((1.409592795969E0,1.113152711336E0,
1.113152711336E0,1.409592795969E0),(1.113152711336E0,8.790545484463E-1,
8.790545484463E-1,1.113152711336E0),(1.113152711336E0,8.790545484463E-1,
8.790545484463E-1,1.113152711336E0),(1.409592795969E0,1.113152711336E0,
1.113152711336E0,1.409592795969E0),(1.113152711336E0,8.790545484463E-1,
8.790545484463E-1,1.113152711336E0),(1.113152711336E0,8.790545484463E-1,
8.790545484463E-1,1.113152711336E0),(1.409592795969E0,1.113152711336E0,
1.113152711336E0,1.409592795969E0)))REPRESENTATION_ITEM('')SURFACE());
#12865=ORIENTED_EDGE('',*,*,#12831,.F.);
#12867=ORIENTED_EDGE('',*,*,#12866,.T.);
#12868=ORIENTED_EDGE('',*,*,#12827,.T.);
#12869=ORIENTED_EDGE('',*,*,#12779,.F.);
#12870=EDGE_LOOP('',(#12865,#12867,#12868,#12869));
#12871=FACE_OUTER_BOUND('',#12870,.F.);
#12873=CARTESIAN_POINT('',(1.8467E2,4.547223972185E1,6.902284929362E1));
#12874=DIRECTION('',(1.E0,0.E0,0.E0));
#12875=DIRECTION('',(0.E0,1.E0,-1.902583850429E-14));
#12876=AXIS2_PLACEMENT_3D('',#12873,#12874,#12875);
#12877=PLANE('',#12876);
#12878=ORIENTED_EDGE('',*,*,#12829,.F.);
#12879=ORIENTED_EDGE('',*,*,#12866,.F.);
#12880=EDGE_LOOP('',(#12878,#12879));
#12881=FACE_OUTER_BOUND('',#12880,.F.);
#12883=CARTESIAN_POINT('',(1.8467E2,5.147223972185E1,6.902284929362E1));
#12884=DIRECTION('',(-1.E0,0.E0,0.E0));
#12885=DIRECTION('',(0.E0,-1.E0,2.775557561563E-14));
#12886=AXIS2_PLACEMENT_3D('',#12883,#12884,#12885);
#12887=CYLINDRICAL_SURFACE('',#12886,5.E-1);
#12889=ORIENTED_EDGE('',*,*,#12888,.F.);
#12890=ORIENTED_EDGE('',*,*,#7487,.T.);
#12892=ORIENTED_EDGE('',*,*,#12891,.T.);
#12894=ORIENTED_EDGE('',*,*,#12893,.T.);
#12895=EDGE_LOOP('',(#12889,#12890,#12892,#12894));
#12896=FACE_OUTER_BOUND('',#12895,.F.);
#12898=CARTESIAN_POINT('',(1.8467E2,5.147223972185E1,6.902284929362E1));
#12899=DIRECTION('',(-1.E0,0.E0,0.E0));
#12900=DIRECTION('',(0.E0,-1.E0,2.775557561563E-14));
#12901=AXIS2_PLACEMENT_3D('',#12898,#12899,#12900);
#12902=CYLINDRICAL_SURFACE('',#12901,5.E-1);
#12904=ORIENTED_EDGE('',*,*,#12903,.T.);
#12905=ORIENTED_EDGE('',*,*,#12891,.F.);
#12906=ORIENTED_EDGE('',*,*,#7489,.T.);
#12907=ORIENTED_EDGE('',*,*,#12888,.T.);
#12908=EDGE_LOOP('',(#12904,#12905,#12906,#12907));
#12909=FACE_OUTER_BOUND('',#12908,.F.);
#12911=CARTESIAN_POINT('',(1.843605767723E2,5.197110534628E1,6.899146332886E1));
#12912=CARTESIAN_POINT('',(1.845451052528E2,5.197689294432E1,6.899109920405E1));
#12913=CARTESIAN_POINT('',(1.846756510092E2,5.184660479017E1,6.899929623992E1));
#12914=CARTESIAN_POINT('',(1.846698519681E2,5.166244043440E1,6.901088287908E1));
#12915=CARTESIAN_POINT('',(1.843605767723E2,5.199042022497E1,6.929846453437E1));
#12916=CARTESIAN_POINT('',(1.845451052528E2,5.199643190491E1,6.930166208928E1));
#12917=CARTESIAN_POINT('',(1.846756510092E2,5.186109930638E1,6.922967997784E1));
#12918=CARTESIAN_POINT('',(1.846698519681E2,5.166980454913E1,6.912793213079E1));
#12919=CARTESIAN_POINT('',(1.843605767723E2,5.177984792188E1,6.952270126173E1));
#12920=CARTESIAN_POINT('',(1.845451052528E2,5.178341664366E1,6.952850030286E1));
#12921=CARTESIAN_POINT('',(1.846756510092E2,5.170307896829E1,6.939795454647E1));
#12922=CARTESIAN_POINT('',(1.846698519681E2,5.158952040019E1,6.921342606590E1));
#12923=CARTESIAN_POINT('',(1.843605767723E2,5.147223972185E1,6.952270126173E1));
#12924=CARTESIAN_POINT('',(1.845451052528E2,5.147223972185E1,6.952850030286E1));
#12925=CARTESIAN_POINT('',(1.846756510092E2,5.147223972185E1,6.939795454647E1));
#12926=CARTESIAN_POINT('',(1.846698519681E2,5.147223972185E1,6.921342606590E1));
#12927=CARTESIAN_POINT('',(1.843605767723E2,5.116463152182E1,6.952270126173E1));
#12928=CARTESIAN_POINT('',(1.845451052528E2,5.116106280005E1,6.952850030286E1));
#12929=CARTESIAN_POINT('',(1.846756510092E2,5.124140047541E1,6.939795454647E1));
#12930=CARTESIAN_POINT('',(1.846698519681E2,5.135495904352E1,6.921342606590E1));
#12931=CARTESIAN_POINT('',(1.843605767723E2,5.095405921873E1,6.929846453437E1));
#12932=CARTESIAN_POINT('',(1.845451052528E2,5.094804753880E1,6.930166208928E1));
#12933=CARTESIAN_POINT('',(1.846756510092E2,5.108338013732E1,6.922967997784E1));
#12934=CARTESIAN_POINT('',(1.846698519681E2,5.127467489458E1,6.912793213079E1));
#12935=CARTESIAN_POINT('',(1.843605767723E2,5.097337409742E1,6.899146332886E1));
#12936=CARTESIAN_POINT('',(1.845451052528E2,5.096758649938E1,6.899109920405E1));
#12937=CARTESIAN_POINT('',(1.846756510092E2,5.109787465354E1,6.899929623992E1));
#12938=CARTESIAN_POINT('',(1.846698519681E2,5.128203900930E1,6.901088287908E1));
#12939=(BOUNDED_SURFACE()B_SPLINE_SURFACE(3,3,((#12911,#12912,#12913,#12914),(
#12915,#12916,#12917,#12918),(#12919,#12920,#12921,#12922),(#12923,#12924,
#12925,#12926),(#12927,#12928,#12929,#12930),(#12931,#12932,#12933,#12934),(
#12935,#12936,#12937,#12938)),.UNSPECIFIED.,.F.,.F.,.F.)B_SPLINE_SURFACE_WITH_KNOTS((4,3,4),(4,4),(0.E0,1.E0,2.E0),(0.E0,1.E0),.UNSPECIFIED.)GEOMETRIC_REPRESENTATION_ITEM()RATIONAL_B_SPLINE_SURFACE(((1.409592795969E0,1.113152711336E0,
1.113152711336E0,1.409592795969E0),(1.113152711336E0,8.790545484463E-1,
8.790545484463E-1,1.113152711336E0),(1.113152711336E0,8.790545484463E-1,
8.790545484463E-1,1.113152711336E0),(1.409592795969E0,1.113152711336E0,
1.113152711336E0,1.409592795969E0),(1.113152711336E0,8.790545484463E-1,
8.790545484463E-1,1.113152711336E0),(1.113152711336E0,8.790545484463E-1,
8.790545484463E-1,1.113152711336E0),(1.409592795969E0,1.113152711336E0,
1.113152711336E0,1.409592795969E0)))REPRESENTATION_ITEM('')SURFACE());
#12940=ORIENTED_EDGE('',*,*,#12903,.F.);
#12942=ORIENTED_EDGE('',*,*,#12941,.F.);
#12944=ORIENTED_EDGE('',*,*,#12943,.T.);
#12946=ORIENTED_EDGE('',*,*,#12945,.T.);
#12947=EDGE_LOOP('',(#12940,#12942,#12944,#12946));
#12948=FACE_OUTER_BOUND('',#12947,.F.);
#12950=CARTESIAN_POINT('',(1.843605767723E2,5.097337409742E1,6.905423525839E1));
#12951=CARTESIAN_POINT('',(1.845451052528E2,5.096758649938E1,6.905459938319E1));
#12952=CARTESIAN_POINT('',(1.846756510092E2,5.109787465354E1,6.904640234733E1));
#12953=CARTESIAN_POINT('',(1.846698519681E2,5.128203900930E1,6.903481570816E1));
#12954=CARTESIAN_POINT('',(1.843605767723E2,5.095405921873E1,6.874723405287E1));
#12955=CARTESIAN_POINT('',(1.845451052528E2,5.094804753880E1,6.874403649796E1));
#12956=CARTESIAN_POINT('',(1.846756510092E2,5.108338013732E1,6.881601860941E1));
#12957=CARTESIAN_POINT('',(1.846698519681E2,5.127467489458E1,6.891776645646E1));
#12958=CARTESIAN_POINT('',(1.843605767723E2,5.116463152182E1,6.852299732551E1));
#12959=CARTESIAN_POINT('',(1.845451052528E2,5.116106280005E1,6.851719828439E1));
#12960=CARTESIAN_POINT('',(1.846756510092E2,5.124140047541E1,6.864774404078E1));
#12961=CARTESIAN_POINT('',(1.846698519681E2,5.135495904352E1,6.883227252135E1));
#12962=CARTESIAN_POINT('',(1.843605767723E2,5.147223972185E1,6.852299732551E1));
#12963=CARTESIAN_POINT('',(1.845451052528E2,5.147223972185E1,6.851719828439E1));
#12964=CARTESIAN_POINT('',(1.846756510092E2,5.147223972185E1,6.864774404078E1));
#12965=CARTESIAN_POINT('',(1.846698519681E2,5.147223972185E1,6.883227252135E1));
#12966=CARTESIAN_POINT('',(1.843605767723E2,5.177984792188E1,6.852299732551E1));
#12967=CARTESIAN_POINT('',(1.845451052528E2,5.178341664366E1,6.851719828439E1));
#12968=CARTESIAN_POINT('',(1.846756510092E2,5.170307896829E1,6.864774404078E1));
#12969=CARTESIAN_POINT('',(1.846698519681E2,5.158952040019E1,6.883227252135E1));
#12970=CARTESIAN_POINT('',(1.843605767723E2,5.199042022497E1,6.874723405287E1));
#12971=CARTESIAN_POINT('',(1.845451052528E2,5.199643190491E1,6.874403649796E1));
#12972=CARTESIAN_POINT('',(1.846756510092E2,5.186109930638E1,6.881601860941E1));
#12973=CARTESIAN_POINT('',(1.846698519681E2,5.166980454913E1,6.891776645646E1));
#12974=CARTESIAN_POINT('',(1.843605767723E2,5.197110534628E1,6.905423525839E1));
#12975=CARTESIAN_POINT('',(1.845451052528E2,5.197689294432E1,6.905459938319E1));
#12976=CARTESIAN_POINT('',(1.846756510092E2,5.184660479017E1,6.904640234733E1));
#12977=CARTESIAN_POINT('',(1.846698519681E2,5.166244043440E1,6.903481570816E1));
#12978=(BOUNDED_SURFACE()B_SPLINE_SURFACE(3,3,((#12950,#12951,#12952,#12953),(
#12954,#12955,#12956,#12957),(#12958,#12959,#12960,#12961),(#12962,#12963,
#12964,#12965),(#12966,#12967,#12968,#12969),(#12970,#12971,#12972,#12973),(
#12974,#12975,#12976,#12977)),.UNSPECIFIED.,.F.,.F.,.F.)B_SPLINE_SURFACE_WITH_KNOTS((4,3,4),(4,4),(0.E0,1.E0,2.E0),(0.E0,1.E0),.UNSPECIFIED.)GEOMETRIC_REPRESENTATION_ITEM()RATIONAL_B_SPLINE_SURFACE(((1.409592795969E0,1.113152711336E0,
1.113152711336E0,1.409592795969E0),(1.113152711336E0,8.790545484463E-1,
8.790545484463E-1,1.113152711336E0),(1.113152711336E0,8.790545484463E-1,
8.790545484463E-1,1.113152711336E0),(1.409592795969E0,1.113152711336E0,
1.113152711336E0,1.409592795969E0),(1.113152711336E0,8.790545484463E-1,
8.790545484463E-1,1.113152711336E0),(1.113152711336E0,8.790545484463E-1,
8.790545484463E-1,1.113152711336E0),(1.409592795969E0,1.113152711336E0,
1.113152711336E0,1.409592795969E0)))REPRESENTATION_ITEM('')SURFACE());
#12979=ORIENTED_EDGE('',*,*,#12945,.F.);
#12981=ORIENTED_EDGE('',*,*,#12980,.T.);
#12982=ORIENTED_EDGE('',*,*,#12941,.T.);
#12983=ORIENTED_EDGE('',*,*,#12893,.F.);
#12984=EDGE_LOOP('',(#12979,#12981,#12982,#12983));
#12985=FACE_OUTER_BOUND('',#12984,.F.);
#12987=CARTESIAN_POINT('',(1.8467E2,5.147223972185E1,6.902284929362E1));
#12988=DIRECTION('',(1.E0,0.E0,0.E0));
#12989=DIRECTION('',(0.E0,1.E0,-1.902583850429E-14));
#12990=AXIS2_PLACEMENT_3D('',#12987,#12988,#12989);
#12991=PLANE('',#12990);
#12992=ORIENTED_EDGE('',*,*,#12943,.F.);
#12993=ORIENTED_EDGE('',*,*,#12980,.F.);
#12994=EDGE_LOOP('',(#12992,#12993));
#12995=FACE_OUTER_BOUND('',#12994,.F.);
#12997=CARTESIAN_POINT('',(1.8467E2,1.997223972185E1,7.242284929362E1));
#12998=DIRECTION('',(-1.E0,0.E0,0.E0));
#12999=DIRECTION('',(0.E0,-1.E0,2.775557561563E-14));
#13000=AXIS2_PLACEMENT_3D('',#12997,#12998,#12999);
#13001=CYLINDRICAL_SURFACE('',#13000,5.E-1);
#13003=ORIENTED_EDGE('',*,*,#13002,.F.);
#13004=ORIENTED_EDGE('',*,*,#7493,.T.);
#13006=ORIENTED_EDGE('',*,*,#13005,.T.);
#13008=ORIENTED_EDGE('',*,*,#13007,.T.);
#13010=ORIENTED_EDGE('',*,*,#13009,.F.);
#13011=EDGE_LOOP('',(#13003,#13004,#13006,#13008,#13010));
#13012=FACE_OUTER_BOUND('',#13011,.F.);
#13014=CARTESIAN_POINT('',(1.8467E2,1.997223972185E1,7.242284929362E1));
#13015=DIRECTION('',(-1.E0,0.E0,0.E0));
#13016=DIRECTION('',(0.E0,-1.E0,2.775557561563E-14));
#13017=AXIS2_PLACEMENT_3D('',#13014,#13015,#13016);
#13018=CYLINDRICAL_SURFACE('',#13017,5.E-1);
#13020=ORIENTED_EDGE('',*,*,#13019,.T.);
#13021=ORIENTED_EDGE('',*,*,#13005,.F.);
#13022=ORIENTED_EDGE('',*,*,#7495,.T.);
#13023=ORIENTED_EDGE('',*,*,#13002,.T.);
#13024=ORIENTED_EDGE('',*,*,#13009,.T.);
#13025=EDGE_LOOP('',(#13020,#13021,#13022,#13023,#13024));
#13026=FACE_OUTER_BOUND('',#13025,.F.);
#13028=CARTESIAN_POINT('',(1.843605767723E2,2.047110534628E1,7.239146332886E1));
#13029=CARTESIAN_POINT('',(1.845451052528E2,2.047689294432E1,7.239109920405E1));
#13030=CARTESIAN_POINT('',(1.846756510092E2,2.034660479017E1,7.239929623992E1));
#13031=CARTESIAN_POINT('',(1.846698519681E2,2.016244043440E1,7.241088287908E1));
#13032=CARTESIAN_POINT('',(1.843605767723E2,2.049042022497E1,7.269846453437E1));
#13033=CARTESIAN_POINT('',(1.845451052528E2,2.049643190491E1,7.270166208929E1));
#13034=CARTESIAN_POINT('',(1.846756510092E2,2.036109930638E1,7.262967997784E1));
#13035=CARTESIAN_POINT('',(1.846698519681E2,2.016980454913E1,7.252793213079E1));
#13036=CARTESIAN_POINT('',(1.843605767723E2,2.027984792188E1,7.292270126173E1));
#13037=CARTESIAN_POINT('',(1.845451052528E2,2.028341664366E1,7.292850030286E1));
#13038=CARTESIAN_POINT('',(1.846756510092E2,2.020307896829E1,7.279795454647E1));
#13039=CARTESIAN_POINT('',(1.846698519681E2,2.008952040019E1,7.261342606590E1));
#13040=CARTESIAN_POINT('',(1.843605767723E2,1.997223972185E1,7.292270126173E1));
#13041=CARTESIAN_POINT('',(1.845451052528E2,1.997223972185E1,7.292850030286E1));
#13042=CARTESIAN_POINT('',(1.846756510092E2,1.997223972185E1,7.279795454647E1));
#13043=CARTESIAN_POINT('',(1.846698519681E2,1.997223972185E1,7.261342606590E1));
#13044=CARTESIAN_POINT('',(1.843605767723E2,1.966463152182E1,7.292270126173E1));
#13045=CARTESIAN_POINT('',(1.845451052528E2,1.966106280005E1,7.292850030286E1));
#13046=CARTESIAN_POINT('',(1.846756510092E2,1.974140047541E1,7.279795454647E1));
#13047=CARTESIAN_POINT('',(1.846698519681E2,1.985495904352E1,7.261342606590E1));
#13048=CARTESIAN_POINT('',(1.843605767723E2,1.945405921873E1,7.269846453437E1));
#13049=CARTESIAN_POINT('',(1.845451052528E2,1.944804753880E1,7.270166208928E1));
#13050=CARTESIAN_POINT('',(1.846756510092E2,1.958338013732E1,7.262967997784E1));
#13051=CARTESIAN_POINT('',(1.846698519681E2,1.977467489458E1,7.252793213079E1));
#13052=CARTESIAN_POINT('',(1.843605767723E2,1.947337409742E1,7.239146332886E1));
#13053=CARTESIAN_POINT('',(1.845451052528E2,1.946758649938E1,7.239109920405E1));
#13054=CARTESIAN_POINT('',(1.846756510092E2,1.959787465354E1,7.239929623992E1));
#13055=CARTESIAN_POINT('',(1.846698519681E2,1.978203900930E1,7.241088287908E1));
#13056=(BOUNDED_SURFACE()B_SPLINE_SURFACE(3,3,((#13028,#13029,#13030,#13031),(
#13032,#13033,#13034,#13035),(#13036,#13037,#13038,#13039),(#13040,#13041,
#13042,#13043),(#13044,#13045,#13046,#13047),(#13048,#13049,#13050,#13051),(
#13052,#13053,#13054,#13055)),.UNSPECIFIED.,.F.,.F.,.F.)B_SPLINE_SURFACE_WITH_KNOTS((4,3,4),(4,4),(0.E0,1.E0,2.E0),(0.E0,1.E0),.UNSPECIFIED.)GEOMETRIC_REPRESENTATION_ITEM()RATIONAL_B_SPLINE_SURFACE(((1.409592795969E0,1.113152711336E0,
1.113152711336E0,1.409592795969E0),(1.113152711336E0,8.790545484463E-1,
8.790545484463E-1,1.113152711336E0),(1.113152711336E0,8.790545484463E-1,
8.790545484463E-1,1.113152711336E0),(1.409592795969E0,1.113152711336E0,
1.113152711336E0,1.409592795969E0),(1.113152711336E0,8.790545484463E-1,
8.790545484463E-1,1.113152711336E0),(1.113152711336E0,8.790545484463E-1,
8.790545484463E-1,1.113152711336E0),(1.409592795969E0,1.113152711336E0,
1.113152711336E0,1.409592795969E0)))REPRESENTATION_ITEM('')SURFACE());
#13057=ORIENTED_EDGE('',*,*,#13019,.F.);
#13059=ORIENTED_EDGE('',*,*,#13058,.F.);
#13061=ORIENTED_EDGE('',*,*,#13060,.T.);
#13063=ORIENTED_EDGE('',*,*,#13062,.T.);
#13064=EDGE_LOOP('',(#13057,#13059,#13061,#13063));
#13065=FACE_OUTER_BOUND('',#13064,.F.);
#13067=CARTESIAN_POINT('',(1.843605767723E2,1.947337409742E1,7.245423525839E1));
#13068=CARTESIAN_POINT('',(1.845451052528E2,1.946758649938E1,7.245459938320E1));
#13069=CARTESIAN_POINT('',(1.846756510092E2,1.959787465354E1,7.244640234733E1));
#13070=CARTESIAN_POINT('',(1.846698519681E2,1.978203900930E1,7.243481570817E1));
#13071=CARTESIAN_POINT('',(1.843605767723E2,1.945405921873E1,7.214723405288E1));
#13072=CARTESIAN_POINT('',(1.845451052528E2,1.944804753880E1,7.214403649796E1));
#13073=CARTESIAN_POINT('',(1.846756510092E2,1.958338013732E1,7.221601860941E1));
#13074=CARTESIAN_POINT('',(1.846698519681E2,1.977467489458E1,7.231776645646E1));
#13075=CARTESIAN_POINT('',(1.843605767723E2,1.966463152182E1,7.192299732552E1));
#13076=CARTESIAN_POINT('',(1.845451052528E2,1.966106280005E1,7.191719828439E1));
#13077=CARTESIAN_POINT('',(1.846756510092E2,1.974140047541E1,7.204774404078E1));
#13078=CARTESIAN_POINT('',(1.846698519681E2,1.985495904352E1,7.223227252135E1));
#13079=CARTESIAN_POINT('',(1.843605767723E2,1.997223972185E1,7.192299732552E1));
#13080=CARTESIAN_POINT('',(1.845451052528E2,1.997223972185E1,7.191719828439E1));
#13081=CARTESIAN_POINT('',(1.846756510092E2,1.997223972185E1,7.204774404078E1));
#13082=CARTESIAN_POINT('',(1.846698519681E2,1.997223972185E1,7.223227252135E1));
#13083=CARTESIAN_POINT('',(1.843605767723E2,2.027984792188E1,7.192299732552E1));
#13084=CARTESIAN_POINT('',(1.845451052528E2,2.028341664366E1,7.191719828439E1));
#13085=CARTESIAN_POINT('',(1.846756510092E2,2.020307896829E1,7.204774404078E1));
#13086=CARTESIAN_POINT('',(1.846698519681E2,2.008952040019E1,7.223227252135E1));
#13087=CARTESIAN_POINT('',(1.843605767723E2,2.049042022497E1,7.214723405288E1));
#13088=CARTESIAN_POINT('',(1.845451052528E2,2.049643190491E1,7.214403649796E1));
#13089=CARTESIAN_POINT('',(1.846756510092E2,2.036109930638E1,7.221601860941E1));
#13090=CARTESIAN_POINT('',(1.846698519681E2,2.016980454913E1,7.231776645646E1));
#13091=CARTESIAN_POINT('',(1.843605767723E2,2.047110534628E1,7.245423525839E1));
#13092=CARTESIAN_POINT('',(1.845451052528E2,2.047689294432E1,7.245459938320E1));
#13093=CARTESIAN_POINT('',(1.846756510092E2,2.034660479017E1,7.244640234733E1));
#13094=CARTESIAN_POINT('',(1.846698519681E2,2.016244043440E1,7.243481570817E1));
#13095=(BOUNDED_SURFACE()B_SPLINE_SURFACE(3,3,((#13067,#13068,#13069,#13070),(
#13071,#13072,#13073,#13074),(#13075,#13076,#13077,#13078),(#13079,#13080,
#13081,#13082),(#13083,#13084,#13085,#13086),(#13087,#13088,#13089,#13090),(
#13091,#13092,#13093,#13094)),.UNSPECIFIED.,.F.,.F.,.F.)B_SPLINE_SURFACE_WITH_KNOTS((4,3,4),(4,4),(0.E0,1.E0,2.E0),(0.E0,1.E0),.UNSPECIFIED.)GEOMETRIC_REPRESENTATION_ITEM()RATIONAL_B_SPLINE_SURFACE(((1.409592795969E0,1.113152711336E0,
1.113152711336E0,1.409592795969E0),(1.113152711336E0,8.790545484463E-1,
8.790545484463E-1,1.113152711336E0),(1.113152711336E0,8.790545484463E-1,
8.790545484463E-1,1.113152711336E0),(1.409592795969E0,1.113152711336E0,
1.113152711336E0,1.409592795969E0),(1.113152711336E0,8.790545484463E-1,
8.790545484463E-1,1.113152711336E0),(1.113152711336E0,8.790545484463E-1,
8.790545484463E-1,1.113152711336E0),(1.409592795969E0,1.113152711336E0,
1.113152711336E0,1.409592795969E0)))REPRESENTATION_ITEM('')SURFACE());
#13096=ORIENTED_EDGE('',*,*,#13062,.F.);
#13098=ORIENTED_EDGE('',*,*,#13097,.T.);
#13099=ORIENTED_EDGE('',*,*,#13058,.T.);
#13100=ORIENTED_EDGE('',*,*,#13007,.F.);
#13101=EDGE_LOOP('',(#13096,#13098,#13099,#13100));
#13102=FACE_OUTER_BOUND('',#13101,.F.);
#13104=CARTESIAN_POINT('',(1.8467E2,1.997223972185E1,7.242284929362E1));
#13105=DIRECTION('',(1.E0,0.E0,0.E0));
#13106=DIRECTION('',(0.E0,1.E0,-1.902583850429E-14));
#13107=AXIS2_PLACEMENT_3D('',#13104,#13105,#13106);
#13108=PLANE('',#13107);
#13109=ORIENTED_EDGE('',*,*,#13060,.F.);
#13110=ORIENTED_EDGE('',*,*,#13097,.F.);
#13111=EDGE_LOOP('',(#13109,#13110));
#13112=FACE_OUTER_BOUND('',#13111,.F.);
#13114=CARTESIAN_POINT('',(1.8467E2,2.297223972185E1,7.242284929362E1));
#13115=DIRECTION('',(-1.E0,0.E0,0.E0));
#13116=DIRECTION('',(0.E0,-1.E0,2.775557561563E-14));
#13117=AXIS2_PLACEMENT_3D('',#13114,#13115,#13116);
#13118=CYLINDRICAL_SURFACE('',#13117,5.E-1);
#13120=ORIENTED_EDGE('',*,*,#13119,.F.);
#13121=ORIENTED_EDGE('',*,*,#7499,.T.);
#13123=ORIENTED_EDGE('',*,*,#13122,.T.);
#13125=ORIENTED_EDGE('',*,*,#13124,.T.);
#13127=ORIENTED_EDGE('',*,*,#13126,.F.);
#13128=EDGE_LOOP('',(#13120,#13121,#13123,#13125,#13127));
#13129=FACE_OUTER_BOUND('',#13128,.F.);
#13131=CARTESIAN_POINT('',(1.8467E2,2.297223972185E1,7.242284929362E1));
#13132=DIRECTION('',(-1.E0,0.E0,0.E0));
#13133=DIRECTION('',(0.E0,-1.E0,2.775557561563E-14));
#13134=AXIS2_PLACEMENT_3D('',#13131,#13132,#13133);
#13135=CYLINDRICAL_SURFACE('',#13134,5.E-1);
#13137=ORIENTED_EDGE('',*,*,#13136,.T.);
#13138=ORIENTED_EDGE('',*,*,#13122,.F.);
#13139=ORIENTED_EDGE('',*,*,#7501,.T.);
#13140=ORIENTED_EDGE('',*,*,#13119,.T.);
#13141=ORIENTED_EDGE('',*,*,#13126,.T.);
#13142=EDGE_LOOP('',(#13137,#13138,#13139,#13140,#13141));
#13143=FACE_OUTER_BOUND('',#13142,.F.);
#13145=CARTESIAN_POINT('',(1.843605767723E2,2.347110534628E1,7.239146332886E1));
#13146=CARTESIAN_POINT('',(1.845451052528E2,2.347689294432E1,7.239109920405E1));
#13147=CARTESIAN_POINT('',(1.846756510092E2,2.334660479017E1,7.239929623992E1));
#13148=CARTESIAN_POINT('',(1.846698519681E2,2.316244043440E1,7.241088287908E1));
#13149=CARTESIAN_POINT('',(1.843605767723E2,2.349042022497E1,7.269846453437E1));
#13150=CARTESIAN_POINT('',(1.845451052528E2,2.349643190491E1,7.270166208928E1));
#13151=CARTESIAN_POINT('',(1.846756510092E2,2.336109930638E1,7.262967997784E1));
#13152=CARTESIAN_POINT('',(1.846698519681E2,2.316980454913E1,7.252793213079E1));
#13153=CARTESIAN_POINT('',(1.843605767723E2,2.327984792188E1,7.292270126173E1));
#13154=CARTESIAN_POINT('',(1.845451052528E2,2.328341664366E1,7.292850030286E1));
#13155=CARTESIAN_POINT('',(1.846756510092E2,2.320307896829E1,7.279795454647E1));
#13156=CARTESIAN_POINT('',(1.846698519681E2,2.308952040019E1,7.261342606590E1));
#13157=CARTESIAN_POINT('',(1.843605767723E2,2.297223972185E1,7.292270126173E1));
#13158=CARTESIAN_POINT('',(1.845451052528E2,2.297223972185E1,7.292850030286E1));
#13159=CARTESIAN_POINT('',(1.846756510092E2,2.297223972185E1,7.279795454647E1));
#13160=CARTESIAN_POINT('',(1.846698519681E2,2.297223972185E1,7.261342606590E1));
#13161=CARTESIAN_POINT('',(1.843605767723E2,2.266463152182E1,7.292270126173E1));
#13162=CARTESIAN_POINT('',(1.845451052528E2,2.266106280005E1,7.292850030286E1));
#13163=CARTESIAN_POINT('',(1.846756510092E2,2.274140047541E1,7.279795454647E1));
#13164=CARTESIAN_POINT('',(1.846698519681E2,2.285495904352E1,7.261342606590E1));
#13165=CARTESIAN_POINT('',(1.843605767723E2,2.245405921873E1,7.269846453437E1));
#13166=CARTESIAN_POINT('',(1.845451052528E2,2.244804753880E1,7.270166208928E1));
#13167=CARTESIAN_POINT('',(1.846756510092E2,2.258338013732E1,7.262967997784E1));
#13168=CARTESIAN_POINT('',(1.846698519681E2,2.277467489458E1,7.252793213079E1));
#13169=CARTESIAN_POINT('',(1.843605767723E2,2.247337409742E1,7.239146332886E1));
#13170=CARTESIAN_POINT('',(1.845451052528E2,2.246758649938E1,7.239109920405E1));
#13171=CARTESIAN_POINT('',(1.846756510092E2,2.259787465354E1,7.239929623992E1));
#13172=CARTESIAN_POINT('',(1.846698519681E2,2.278203900930E1,7.241088287908E1));
#13173=(BOUNDED_SURFACE()B_SPLINE_SURFACE(3,3,((#13145,#13146,#13147,#13148),(
#13149,#13150,#13151,#13152),(#13153,#13154,#13155,#13156),(#13157,#13158,
#13159,#13160),(#13161,#13162,#13163,#13164),(#13165,#13166,#13167,#13168),(
#13169,#13170,#13171,#13172)),.UNSPECIFIED.,.F.,.F.,.F.)B_SPLINE_SURFACE_WITH_KNOTS((4,3,4),(4,4),(0.E0,1.E0,2.E0),(0.E0,1.E0),.UNSPECIFIED.)GEOMETRIC_REPRESENTATION_ITEM()RATIONAL_B_SPLINE_SURFACE(((1.409592795969E0,1.113152711336E0,
1.113152711336E0,1.409592795969E0),(1.113152711336E0,8.790545484463E-1,
8.790545484463E-1,1.113152711336E0),(1.113152711336E0,8.790545484463E-1,
8.790545484463E-1,1.113152711336E0),(1.409592795969E0,1.113152711336E0,
1.113152711336E0,1.409592795969E0),(1.113152711336E0,8.790545484463E-1,
8.790545484463E-1,1.113152711336E0),(1.113152711336E0,8.790545484463E-1,
8.790545484463E-1,1.113152711336E0),(1.409592795969E0,1.113152711336E0,
1.113152711336E0,1.409592795969E0)))REPRESENTATION_ITEM('')SURFACE());
#13174=ORIENTED_EDGE('',*,*,#13136,.F.);
#13176=ORIENTED_EDGE('',*,*,#13175,.F.);
#13178=ORIENTED_EDGE('',*,*,#13177,.T.);
#13180=ORIENTED_EDGE('',*,*,#13179,.T.);
#13181=EDGE_LOOP('',(#13174,#13176,#13178,#13180));
#13182=FACE_OUTER_BOUND('',#13181,.F.);
#13184=CARTESIAN_POINT('',(1.843605767723E2,2.247337409742E1,7.245423525839E1));
#13185=CARTESIAN_POINT('',(1.845451052528E2,2.246758649938E1,7.245459938320E1));
#13186=CARTESIAN_POINT('',(1.846756510092E2,2.259787465354E1,7.244640234733E1));
#13187=CARTESIAN_POINT('',(1.846698519681E2,2.278203900930E1,7.243481570817E1));
#13188=CARTESIAN_POINT('',(1.843605767723E2,2.245405921873E1,7.214723405288E1));
#13189=CARTESIAN_POINT('',(1.845451052528E2,2.244804753880E1,7.214403649796E1));
#13190=CARTESIAN_POINT('',(1.846756510092E2,2.258338013732E1,7.221601860941E1));
#13191=CARTESIAN_POINT('',(1.846698519681E2,2.277467489458E1,7.231776645646E1));
#13192=CARTESIAN_POINT('',(1.843605767723E2,2.266463152182E1,7.192299732552E1));
#13193=CARTESIAN_POINT('',(1.845451052528E2,2.266106280005E1,7.191719828439E1));
#13194=CARTESIAN_POINT('',(1.846756510092E2,2.274140047541E1,7.204774404078E1));
#13195=CARTESIAN_POINT('',(1.846698519681E2,2.285495904352E1,7.223227252135E1));
#13196=CARTESIAN_POINT('',(1.843605767723E2,2.297223972185E1,7.192299732552E1));
#13197=CARTESIAN_POINT('',(1.845451052528E2,2.297223972185E1,7.191719828439E1));
#13198=CARTESIAN_POINT('',(1.846756510092E2,2.297223972185E1,7.204774404078E1));
#13199=CARTESIAN_POINT('',(1.846698519681E2,2.297223972185E1,7.223227252135E1));
#13200=CARTESIAN_POINT('',(1.843605767723E2,2.327984792188E1,7.192299732552E1));
#13201=CARTESIAN_POINT('',(1.845451052528E2,2.328341664366E1,7.191719828439E1));
#13202=CARTESIAN_POINT('',(1.846756510092E2,2.320307896829E1,7.204774404078E1));
#13203=CARTESIAN_POINT('',(1.846698519681E2,2.308952040019E1,7.223227252135E1));
#13204=CARTESIAN_POINT('',(1.843605767723E2,2.349042022497E1,7.214723405288E1));
#13205=CARTESIAN_POINT('',(1.845451052528E2,2.349643190491E1,7.214403649796E1));
#13206=CARTESIAN_POINT('',(1.846756510092E2,2.336109930638E1,7.221601860941E1));
#13207=CARTESIAN_POINT('',(1.846698519681E2,2.316980454913E1,7.231776645646E1));
#13208=CARTESIAN_POINT('',(1.843605767723E2,2.347110534628E1,7.245423525839E1));
#13209=CARTESIAN_POINT('',(1.845451052528E2,2.347689294432E1,7.245459938320E1));
#13210=CARTESIAN_POINT('',(1.846756510092E2,2.334660479017E1,7.244640234733E1));
#13211=CARTESIAN_POINT('',(1.846698519681E2,2.316244043440E1,7.243481570817E1));
#13212=(BOUNDED_SURFACE()B_SPLINE_SURFACE(3,3,((#13184,#13185,#13186,#13187),(
#13188,#13189,#13190,#13191),(#13192,#13193,#13194,#13195),(#13196,#13197,
#13198,#13199),(#13200,#13201,#13202,#13203),(#13204,#13205,#13206,#13207),(
#13208,#13209,#13210,#13211)),.UNSPECIFIED.,.F.,.F.,.F.)B_SPLINE_SURFACE_WITH_KNOTS((4,3,4),(4,4),(0.E0,1.E0,2.E0),(0.E0,1.E0),.UNSPECIFIED.)GEOMETRIC_REPRESENTATION_ITEM()RATIONAL_B_SPLINE_SURFACE(((1.409592795969E0,1.113152711336E0,
1.113152711336E0,1.409592795969E0),(1.113152711336E0,8.790545484463E-1,
8.790545484463E-1,1.113152711336E0),(1.113152711336E0,8.790545484463E-1,
8.790545484463E-1,1.113152711336E0),(1.409592795969E0,1.113152711336E0,
1.113152711336E0,1.409592795969E0),(1.113152711336E0,8.790545484463E-1,
8.790545484463E-1,1.113152711336E0),(1.113152711336E0,8.790545484463E-1,
8.790545484463E-1,1.113152711336E0),(1.409592795969E0,1.113152711336E0,
1.113152711336E0,1.409592795969E0)))REPRESENTATION_ITEM('')SURFACE());
#13213=ORIENTED_EDGE('',*,*,#13179,.F.);
#13215=ORIENTED_EDGE('',*,*,#13214,.T.);
#13216=ORIENTED_EDGE('',*,*,#13175,.T.);
#13217=ORIENTED_EDGE('',*,*,#13124,.F.);
#13218=EDGE_LOOP('',(#13213,#13215,#13216,#13217));
#13219=FACE_OUTER_BOUND('',#13218,.F.);
#13221=CARTESIAN_POINT('',(1.8467E2,2.297223972185E1,7.242284929362E1));
#13222=DIRECTION('',(1.E0,0.E0,0.E0));
#13223=DIRECTION('',(0.E0,1.E0,-1.902583850429E-14));
#13224=AXIS2_PLACEMENT_3D('',#13221,#13222,#13223);
#13225=PLANE('',#13224);
#13226=ORIENTED_EDGE('',*,*,#13177,.F.);
#13227=ORIENTED_EDGE('',*,*,#13214,.F.);
#13228=EDGE_LOOP('',(#13226,#13227));
#13229=FACE_OUTER_BOUND('',#13228,.F.);
#13231=CARTESIAN_POINT('',(1.8467E2,2.597223972185E1,7.242284929362E1));
#13232=DIRECTION('',(-1.E0,0.E0,0.E0));
#13233=DIRECTION('',(0.E0,-1.E0,2.775557561563E-14));
#13234=AXIS2_PLACEMENT_3D('',#13231,#13232,#13233);
#13235=CYLINDRICAL_SURFACE('',#13234,5.E-1);
#13237=ORIENTED_EDGE('',*,*,#13236,.F.);
#13238=ORIENTED_EDGE('',*,*,#7505,.T.);
#13240=ORIENTED_EDGE('',*,*,#13239,.T.);
#13242=ORIENTED_EDGE('',*,*,#13241,.T.);
#13244=ORIENTED_EDGE('',*,*,#13243,.F.);
#13245=EDGE_LOOP('',(#13237,#13238,#13240,#13242,#13244));
#13246=FACE_OUTER_BOUND('',#13245,.F.);
#13248=CARTESIAN_POINT('',(1.8467E2,2.597223972185E1,7.242284929362E1));
#13249=DIRECTION('',(-1.E0,0.E0,0.E0));
#13250=DIRECTION('',(0.E0,-1.E0,2.775557561563E-14));
#13251=AXIS2_PLACEMENT_3D('',#13248,#13249,#13250);
#13252=CYLINDRICAL_SURFACE('',#13251,5.E-1);
#13254=ORIENTED_EDGE('',*,*,#13253,.T.);
#13255=ORIENTED_EDGE('',*,*,#13239,.F.);
#13256=ORIENTED_EDGE('',*,*,#7507,.T.);
#13257=ORIENTED_EDGE('',*,*,#13236,.T.);
#13258=ORIENTED_EDGE('',*,*,#13243,.T.);
#13259=EDGE_LOOP('',(#13254,#13255,#13256,#13257,#13258));
#13260=FACE_OUTER_BOUND('',#13259,.F.);
#13262=CARTESIAN_POINT('',(1.843605767723E2,2.647110534628E1,7.239146332886E1));
#13263=CARTESIAN_POINT('',(1.845451052528E2,2.647689294432E1,7.239109920405E1));
#13264=CARTESIAN_POINT('',(1.846756510092E2,2.634660479017E1,7.239929623992E1));
#13265=CARTESIAN_POINT('',(1.846698519681E2,2.616244043440E1,7.241088287908E1));
#13266=CARTESIAN_POINT('',(1.843605767723E2,2.649042022497E1,7.269846453437E1));
#13267=CARTESIAN_POINT('',(1.845451052528E2,2.649643190491E1,7.270166208928E1));
#13268=CARTESIAN_POINT('',(1.846756510092E2,2.636109930638E1,7.262967997784E1));
#13269=CARTESIAN_POINT('',(1.846698519681E2,2.616980454913E1,7.252793213079E1));
#13270=CARTESIAN_POINT('',(1.843605767723E2,2.627984792188E1,7.292270126173E1));
#13271=CARTESIAN_POINT('',(1.845451052528E2,2.628341664366E1,7.292850030286E1));
#13272=CARTESIAN_POINT('',(1.846756510092E2,2.620307896829E1,7.279795454647E1));
#13273=CARTESIAN_POINT('',(1.846698519681E2,2.608952040019E1,7.261342606590E1));
#13274=CARTESIAN_POINT('',(1.843605767723E2,2.597223972185E1,7.292270126173E1));
#13275=CARTESIAN_POINT('',(1.845451052528E2,2.597223972185E1,7.292850030286E1));
#13276=CARTESIAN_POINT('',(1.846756510092E2,2.597223972185E1,7.279795454647E1));
#13277=CARTESIAN_POINT('',(1.846698519681E2,2.597223972185E1,7.261342606590E1));
#13278=CARTESIAN_POINT('',(1.843605767723E2,2.566463152182E1,7.292270126173E1));
#13279=CARTESIAN_POINT('',(1.845451052528E2,2.566106280005E1,7.292850030286E1));
#13280=CARTESIAN_POINT('',(1.846756510092E2,2.574140047541E1,7.279795454647E1));
#13281=CARTESIAN_POINT('',(1.846698519681E2,2.585495904352E1,7.261342606590E1));
#13282=CARTESIAN_POINT('',(1.843605767723E2,2.545405921873E1,7.269846453437E1));
#13283=CARTESIAN_POINT('',(1.845451052528E2,2.544804753880E1,7.270166208928E1));
#13284=CARTESIAN_POINT('',(1.846756510092E2,2.558338013732E1,7.262967997784E1));
#13285=CARTESIAN_POINT('',(1.846698519681E2,2.577467489458E1,7.252793213079E1));
#13286=CARTESIAN_POINT('',(1.843605767723E2,2.547337409742E1,7.239146332886E1));
#13287=CARTESIAN_POINT('',(1.845451052528E2,2.546758649938E1,7.239109920405E1));
#13288=CARTESIAN_POINT('',(1.846756510092E2,2.559787465354E1,7.239929623992E1));
#13289=CARTESIAN_POINT('',(1.846698519681E2,2.578203900930E1,7.241088287908E1));
#13290=(BOUNDED_SURFACE()B_SPLINE_SURFACE(3,3,((#13262,#13263,#13264,#13265),(
#13266,#13267,#13268,#13269),(#13270,#13271,#13272,#13273),(#13274,#13275,
#13276,#13277),(#13278,#13279,#13280,#13281),(#13282,#13283,#13284,#13285),(
#13286,#13287,#13288,#13289)),.UNSPECIFIED.,.F.,.F.,.F.)B_SPLINE_SURFACE_WITH_KNOTS((4,3,4),(4,4),(0.E0,1.E0,2.E0),(0.E0,1.E0),.UNSPECIFIED.)GEOMETRIC_REPRESENTATION_ITEM()RATIONAL_B_SPLINE_SURFACE(((1.409592795970E0,1.113152711336E0,
1.113152711336E0,1.409592795970E0),(1.113152711336E0,8.790545484462E-1,
8.790545484462E-1,1.113152711336E0),(1.113152711336E0,8.790545484462E-1,
8.790545484462E-1,1.113152711336E0),(1.409592795970E0,1.113152711336E0,
1.113152711336E0,1.409592795970E0),(1.113152711336E0,8.790545484462E-1,
8.790545484462E-1,1.113152711336E0),(1.113152711336E0,8.790545484462E-1,
8.790545484462E-1,1.113152711336E0),(1.409592795970E0,1.113152711336E0,
1.113152711336E0,1.409592795970E0)))REPRESENTATION_ITEM('')SURFACE());
#13291=ORIENTED_EDGE('',*,*,#13253,.F.);
#13293=ORIENTED_EDGE('',*,*,#13292,.F.);
#13295=ORIENTED_EDGE('',*,*,#13294,.T.);
#13297=ORIENTED_EDGE('',*,*,#13296,.T.);
#13298=EDGE_LOOP('',(#13291,#13293,#13295,#13297));
#13299=FACE_OUTER_BOUND('',#13298,.F.);
#13301=CARTESIAN_POINT('',(1.843605767723E2,2.547337409742E1,7.245423525839E1));
#13302=CARTESIAN_POINT('',(1.845451052528E2,2.546758649938E1,7.245459938320E1));
#13303=CARTESIAN_POINT('',(1.846756510092E2,2.559787465354E1,7.244640234733E1));
#13304=CARTESIAN_POINT('',(1.846698519681E2,2.578203900930E1,7.243481570817E1));
#13305=CARTESIAN_POINT('',(1.843605767723E2,2.545405921873E1,7.214723405288E1));
#13306=CARTESIAN_POINT('',(1.845451052528E2,2.544804753880E1,7.214403649796E1));
#13307=CARTESIAN_POINT('',(1.846756510092E2,2.558338013732E1,7.221601860941E1));
#13308=CARTESIAN_POINT('',(1.846698519681E2,2.577467489458E1,7.231776645646E1));
#13309=CARTESIAN_POINT('',(1.843605767723E2,2.566463152182E1,7.192299732552E1));
#13310=CARTESIAN_POINT('',(1.845451052528E2,2.566106280005E1,7.191719828439E1));
#13311=CARTESIAN_POINT('',(1.846756510092E2,2.574140047541E1,7.204774404078E1));
#13312=CARTESIAN_POINT('',(1.846698519681E2,2.585495904352E1,7.223227252135E1));
#13313=CARTESIAN_POINT('',(1.843605767723E2,2.597223972185E1,7.192299732552E1));
#13314=CARTESIAN_POINT('',(1.845451052528E2,2.597223972185E1,7.191719828439E1));
#13315=CARTESIAN_POINT('',(1.846756510092E2,2.597223972185E1,7.204774404078E1));
#13316=CARTESIAN_POINT('',(1.846698519681E2,2.597223972185E1,7.223227252135E1));
#13317=CARTESIAN_POINT('',(1.843605767723E2,2.627984792188E1,7.192299732552E1));
#13318=CARTESIAN_POINT('',(1.845451052528E2,2.628341664366E1,7.191719828439E1));
#13319=CARTESIAN_POINT('',(1.846756510092E2,2.620307896829E1,7.204774404078E1));
#13320=CARTESIAN_POINT('',(1.846698519681E2,2.608952040019E1,7.223227252135E1));
#13321=CARTESIAN_POINT('',(1.843605767723E2,2.649042022497E1,7.214723405288E1));
#13322=CARTESIAN_POINT('',(1.845451052528E2,2.649643190491E1,7.214403649796E1));
#13323=CARTESIAN_POINT('',(1.846756510092E2,2.636109930638E1,7.221601860941E1));
#13324=CARTESIAN_POINT('',(1.846698519681E2,2.616980454913E1,7.231776645646E1));
#13325=CARTESIAN_POINT('',(1.843605767723E2,2.647110534628E1,7.245423525839E1));
#13326=CARTESIAN_POINT('',(1.845451052528E2,2.647689294432E1,7.245459938320E1));
#13327=CARTESIAN_POINT('',(1.846756510092E2,2.634660479017E1,7.244640234733E1));
#13328=CARTESIAN_POINT('',(1.846698519681E2,2.616244043440E1,7.243481570817E1));
#13329=(BOUNDED_SURFACE()B_SPLINE_SURFACE(3,3,((#13301,#13302,#13303,#13304),(
#13305,#13306,#13307,#13308),(#13309,#13310,#13311,#13312),(#13313,#13314,
#13315,#13316),(#13317,#13318,#13319,#13320),(#13321,#13322,#13323,#13324),(
#13325,#13326,#13327,#13328)),.UNSPECIFIED.,.F.,.F.,.F.)B_SPLINE_SURFACE_WITH_KNOTS((4,3,4),(4,4),(0.E0,1.E0,2.E0),(0.E0,1.E0),.UNSPECIFIED.)GEOMETRIC_REPRESENTATION_ITEM()RATIONAL_B_SPLINE_SURFACE(((1.409592795969E0,1.113152711336E0,
1.113152711336E0,1.409592795969E0),(1.113152711336E0,8.790545484463E-1,
8.790545484463E-1,1.113152711336E0),(1.113152711336E0,8.790545484463E-1,
8.790545484463E-1,1.113152711336E0),(1.409592795969E0,1.113152711336E0,
1.113152711336E0,1.409592795969E0),(1.113152711336E0,8.790545484463E-1,
8.790545484463E-1,1.113152711336E0),(1.113152711336E0,8.790545484463E-1,
8.790545484463E-1,1.113152711336E0),(1.409592795969E0,1.113152711336E0,
1.113152711336E0,1.409592795969E0)))REPRESENTATION_ITEM('')SURFACE());
#13330=ORIENTED_EDGE('',*,*,#13296,.F.);
#13332=ORIENTED_EDGE('',*,*,#13331,.T.);
#13333=ORIENTED_EDGE('',*,*,#13292,.T.);
#13334=ORIENTED_EDGE('',*,*,#13241,.F.);
#13335=EDGE_LOOP('',(#13330,#13332,#13333,#13334));
#13336=FACE_OUTER_BOUND('',#13335,.F.);
#13338=CARTESIAN_POINT('',(1.8467E2,2.597223972185E1,7.242284929362E1));
#13339=DIRECTION('',(1.E0,0.E0,0.E0));
#13340=DIRECTION('',(0.E0,1.E0,-1.902583850429E-14));
#13341=AXIS2_PLACEMENT_3D('',#13338,#13339,#13340);
#13342=PLANE('',#13341);
#13343=ORIENTED_EDGE('',*,*,#13294,.F.);
#13344=ORIENTED_EDGE('',*,*,#13331,.F.);
#13345=EDGE_LOOP('',(#13343,#13344));
#13346=FACE_OUTER_BOUND('',#13345,.F.);
#13348=CARTESIAN_POINT('',(1.8467E2,2.897223972185E1,7.242284929362E1));
#13349=DIRECTION('',(-1.E0,0.E0,0.E0));
#13350=DIRECTION('',(0.E0,-1.E0,2.775557561563E-14));
#13351=AXIS2_PLACEMENT_3D('',#13348,#13349,#13350);
#13352=CYLINDRICAL_SURFACE('',#13351,5.E-1);
#13354=ORIENTED_EDGE('',*,*,#13353,.F.);
#13355=ORIENTED_EDGE('',*,*,#7511,.T.);
#13357=ORIENTED_EDGE('',*,*,#13356,.T.);
#13359=ORIENTED_EDGE('',*,*,#13358,.T.);
#13361=ORIENTED_EDGE('',*,*,#13360,.T.);
#13363=ORIENTED_EDGE('',*,*,#13362,.F.);
#13364=EDGE_LOOP('',(#13354,#13355,#13357,#13359,#13361,#13363));
#13365=FACE_OUTER_BOUND('',#13364,.F.);
#13367=CARTESIAN_POINT('',(1.8467E2,2.897223972185E1,7.242284929362E1));
#13368=DIRECTION('',(-1.E0,0.E0,0.E0));
#13369=DIRECTION('',(0.E0,-1.E0,2.775557561563E-14));
#13370=AXIS2_PLACEMENT_3D('',#13367,#13368,#13369);
#13371=CYLINDRICAL_SURFACE('',#13370,5.E-1);
#13373=ORIENTED_EDGE('',*,*,#13372,.T.);
#13374=ORIENTED_EDGE('',*,*,#13358,.F.);
#13375=ORIENTED_EDGE('',*,*,#13356,.F.);
#13376=ORIENTED_EDGE('',*,*,#7513,.T.);
#13377=ORIENTED_EDGE('',*,*,#13353,.T.);
#13378=ORIENTED_EDGE('',*,*,#13362,.T.);
#13379=EDGE_LOOP('',(#13373,#13374,#13375,#13376,#13377,#13378));
#13380=FACE_OUTER_BOUND('',#13379,.F.);
#13382=CARTESIAN_POINT('',(1.843605767723E2,2.947110534628E1,7.239146332886E1));
#13383=CARTESIAN_POINT('',(1.845451052528E2,2.947689294432E1,7.239109920405E1));
#13384=CARTESIAN_POINT('',(1.846756510092E2,2.934660479017E1,7.239929623992E1));
#13385=CARTESIAN_POINT('',(1.846698519681E2,2.916244043440E1,7.241088287908E1));
#13386=CARTESIAN_POINT('',(1.843605767723E2,2.949042022497E1,7.269846453437E1));
#13387=CARTESIAN_POINT('',(1.845451052528E2,2.949643190491E1,7.270166208928E1));
#13388=CARTESIAN_POINT('',(1.846756510092E2,2.936109930638E1,7.262967997784E1));
#13389=CARTESIAN_POINT('',(1.846698519681E2,2.916980454913E1,7.252793213079E1));
#13390=CARTESIAN_POINT('',(1.843605767723E2,2.927984792188E1,7.292270126173E1));
#13391=CARTESIAN_POINT('',(1.845451052528E2,2.928341664366E1,7.292850030286E1));
#13392=CARTESIAN_POINT('',(1.846756510092E2,2.920307896829E1,7.279795454647E1));
#13393=CARTESIAN_POINT('',(1.846698519681E2,2.908952040019E1,7.261342606590E1));
#13394=CARTESIAN_POINT('',(1.843605767723E2,2.897223972185E1,7.292270126173E1));
#13395=CARTESIAN_POINT('',(1.845451052528E2,2.897223972185E1,7.292850030286E1));
#13396=CARTESIAN_POINT('',(1.846756510092E2,2.897223972185E1,7.279795454647E1));
#13397=CARTESIAN_POINT('',(1.846698519681E2,2.897223972185E1,7.261342606590E1));
#13398=CARTESIAN_POINT('',(1.843605767723E2,2.866463152182E1,7.292270126173E1));
#13399=CARTESIAN_POINT('',(1.845451052528E2,2.866106280005E1,7.292850030286E1));
#13400=CARTESIAN_POINT('',(1.846756510092E2,2.874140047541E1,7.279795454647E1));
#13401=CARTESIAN_POINT('',(1.846698519681E2,2.885495904352E1,7.261342606590E1));
#13402=CARTESIAN_POINT('',(1.843605767723E2,2.845405921873E1,7.269846453437E1));
#13403=CARTESIAN_POINT('',(1.845451052528E2,2.844804753880E1,7.270166208928E1));
#13404=CARTESIAN_POINT('',(1.846756510092E2,2.858338013732E1,7.262967997784E1));
#13405=CARTESIAN_POINT('',(1.846698519681E2,2.877467489458E1,7.252793213079E1));
#13406=CARTESIAN_POINT('',(1.843605767723E2,2.847337409742E1,7.239146332886E1));
#13407=CARTESIAN_POINT('',(1.845451052528E2,2.846758649938E1,7.239109920405E1));
#13408=CARTESIAN_POINT('',(1.846756510092E2,2.859787465354E1,7.239929623992E1));
#13409=CARTESIAN_POINT('',(1.846698519681E2,2.878203900930E1,7.241088287908E1));
#13410=(BOUNDED_SURFACE()B_SPLINE_SURFACE(3,3,((#13382,#13383,#13384,#13385),(
#13386,#13387,#13388,#13389),(#13390,#13391,#13392,#13393),(#13394,#13395,
#13396,#13397),(#13398,#13399,#13400,#13401),(#13402,#13403,#13404,#13405),(
#13406,#13407,#13408,#13409)),.UNSPECIFIED.,.F.,.F.,.F.)B_SPLINE_SURFACE_WITH_KNOTS((4,3,4),(4,4),(0.E0,1.E0,2.E0),(0.E0,1.E0),.UNSPECIFIED.)GEOMETRIC_REPRESENTATION_ITEM()RATIONAL_B_SPLINE_SURFACE(((1.409592795969E0,1.113152711336E0,
1.113152711336E0,1.409592795969E0),(1.113152711336E0,8.790545484463E-1,
8.790545484463E-1,1.113152711336E0),(1.113152711336E0,8.790545484463E-1,
8.790545484463E-1,1.113152711336E0),(1.409592795969E0,1.113152711336E0,
1.113152711336E0,1.409592795969E0),(1.113152711336E0,8.790545484463E-1,
8.790545484463E-1,1.113152711336E0),(1.113152711336E0,8.790545484463E-1,
8.790545484463E-1,1.113152711336E0),(1.409592795969E0,1.113152711336E0,
1.113152711336E0,1.409592795969E0)))REPRESENTATION_ITEM('')SURFACE());
#13411=ORIENTED_EDGE('',*,*,#13372,.F.);
#13413=ORIENTED_EDGE('',*,*,#13412,.F.);
#13415=ORIENTED_EDGE('',*,*,#13414,.T.);
#13417=ORIENTED_EDGE('',*,*,#13416,.T.);
#13418=EDGE_LOOP('',(#13411,#13413,#13415,#13417));
#13419=FACE_OUTER_BOUND('',#13418,.F.);
#13421=CARTESIAN_POINT('',(1.843605767723E2,2.847337409742E1,7.245423525839E1));
#13422=CARTESIAN_POINT('',(1.845451052528E2,2.846758649938E1,7.245459938319E1));
#13423=CARTESIAN_POINT('',(1.846756510092E2,2.859787465354E1,7.244640234733E1));
#13424=CARTESIAN_POINT('',(1.846698519681E2,2.878203900930E1,7.243481570817E1));
#13425=CARTESIAN_POINT('',(1.843605767723E2,2.845405921873E1,7.214723405287E1));
#13426=CARTESIAN_POINT('',(1.845451052528E2,2.844804753880E1,7.214403649796E1));
#13427=CARTESIAN_POINT('',(1.846756510092E2,2.858338013732E1,7.221601860941E1));
#13428=CARTESIAN_POINT('',(1.846698519681E2,2.877467489458E1,7.231776645646E1));
#13429=CARTESIAN_POINT('',(1.843605767723E2,2.866463152182E1,7.192299732551E1));
#13430=CARTESIAN_POINT('',(1.845451052528E2,2.866106280005E1,7.191719828439E1));
#13431=CARTESIAN_POINT('',(1.846756510092E2,2.874140047541E1,7.204774404078E1));
#13432=CARTESIAN_POINT('',(1.846698519681E2,2.885495904352E1,7.223227252135E1));
#13433=CARTESIAN_POINT('',(1.843605767723E2,2.897223972185E1,7.192299732551E1));
#13434=CARTESIAN_POINT('',(1.845451052528E2,2.897223972185E1,7.191719828439E1));
#13435=CARTESIAN_POINT('',(1.846756510092E2,2.897223972185E1,7.204774404078E1));
#13436=CARTESIAN_POINT('',(1.846698519681E2,2.897223972185E1,7.223227252135E1));
#13437=CARTESIAN_POINT('',(1.843605767723E2,2.927984792188E1,7.192299732551E1));
#13438=CARTESIAN_POINT('',(1.845451052528E2,2.928341664366E1,7.191719828439E1));
#13439=CARTESIAN_POINT('',(1.846756510092E2,2.920307896829E1,7.204774404078E1));
#13440=CARTESIAN_POINT('',(1.846698519681E2,2.908952040019E1,7.223227252135E1));
#13441=CARTESIAN_POINT('',(1.843605767723E2,2.949042022497E1,7.214723405287E1));
#13442=CARTESIAN_POINT('',(1.845451052528E2,2.949643190491E1,7.214403649796E1));
#13443=CARTESIAN_POINT('',(1.846756510092E2,2.936109930638E1,7.221601860941E1));
#13444=CARTESIAN_POINT('',(1.846698519681E2,2.916980454913E1,7.231776645646E1));
#13445=CARTESIAN_POINT('',(1.843605767723E2,2.947110534628E1,7.245423525839E1));
#13446=CARTESIAN_POINT('',(1.845451052528E2,2.947689294432E1,7.245459938319E1));
#13447=CARTESIAN_POINT('',(1.846756510092E2,2.934660479017E1,7.244640234733E1));
#13448=CARTESIAN_POINT('',(1.846698519681E2,2.916244043440E1,7.243481570817E1));
#13449=(BOUNDED_SURFACE()B_SPLINE_SURFACE(3,3,((#13421,#13422,#13423,#13424),(
#13425,#13426,#13427,#13428),(#13429,#13430,#13431,#13432),(#13433,#13434,
#13435,#13436),(#13437,#13438,#13439,#13440),(#13441,#13442,#13443,#13444),(
#13445,#13446,#13447,#13448)),.UNSPECIFIED.,.F.,.F.,.F.)B_SPLINE_SURFACE_WITH_KNOTS((4,3,4),(4,4),(0.E0,1.E0,2.E0),(0.E0,1.E0),.UNSPECIFIED.)GEOMETRIC_REPRESENTATION_ITEM()RATIONAL_B_SPLINE_SURFACE(((1.409592795969E0,1.113152711336E0,
1.113152711336E0,1.409592795969E0),(1.113152711336E0,8.790545484463E-1,
8.790545484463E-1,1.113152711336E0),(1.113152711336E0,8.790545484463E-1,
8.790545484463E-1,1.113152711336E0),(1.409592795969E0,1.113152711336E0,
1.113152711336E0,1.409592795969E0),(1.113152711336E0,8.790545484463E-1,
8.790545484463E-1,1.113152711336E0),(1.113152711336E0,8.790545484463E-1,
8.790545484463E-1,1.113152711336E0),(1.409592795969E0,1.113152711336E0,
1.113152711336E0,1.409592795969E0)))REPRESENTATION_ITEM('')SURFACE());
#13450=ORIENTED_EDGE('',*,*,#13416,.F.);
#13452=ORIENTED_EDGE('',*,*,#13451,.T.);
#13453=ORIENTED_EDGE('',*,*,#13412,.T.);
#13454=ORIENTED_EDGE('',*,*,#13360,.F.);
#13455=EDGE_LOOP('',(#13450,#13452,#13453,#13454));
#13456=FACE_OUTER_BOUND('',#13455,.F.);
#13458=CARTESIAN_POINT('',(1.8467E2,2.897223972185E1,7.242284929362E1));
#13459=DIRECTION('',(1.E0,0.E0,0.E0));
#13460=DIRECTION('',(0.E0,1.E0,-1.902583850429E-14));
#13461=AXIS2_PLACEMENT_3D('',#13458,#13459,#13460);
#13462=PLANE('',#13461);
#13463=ORIENTED_EDGE('',*,*,#13414,.F.);
#13464=ORIENTED_EDGE('',*,*,#13451,.F.);
#13465=EDGE_LOOP('',(#13463,#13464));
#13466=FACE_OUTER_BOUND('',#13465,.F.);
#13468=CARTESIAN_POINT('',(1.8467E2,3.197223972185E1,7.242284929362E1));
#13469=DIRECTION('',(-1.E0,0.E0,0.E0));
#13470=DIRECTION('',(0.E0,-1.E0,2.775557561563E-14));
#13471=AXIS2_PLACEMENT_3D('',#13468,#13469,#13470);
#13472=CYLINDRICAL_SURFACE('',#13471,5.E-1);
#13474=ORIENTED_EDGE('',*,*,#13473,.F.);
#13475=ORIENTED_EDGE('',*,*,#7517,.T.);
#13477=ORIENTED_EDGE('',*,*,#13476,.T.);
#13479=ORIENTED_EDGE('',*,*,#13478,.T.);
#13480=EDGE_LOOP('',(#13474,#13475,#13477,#13479));
#13481=FACE_OUTER_BOUND('',#13480,.F.);
#13483=CARTESIAN_POINT('',(1.8467E2,3.197223972185E1,7.242284929362E1));
#13484=DIRECTION('',(-1.E0,0.E0,0.E0));
#13485=DIRECTION('',(0.E0,-1.E0,2.775557561563E-14));
#13486=AXIS2_PLACEMENT_3D('',#13483,#13484,#13485);
#13487=CYLINDRICAL_SURFACE('',#13486,5.E-1);
#13489=ORIENTED_EDGE('',*,*,#13488,.T.);
#13490=ORIENTED_EDGE('',*,*,#13476,.F.);
#13491=ORIENTED_EDGE('',*,*,#7519,.T.);
#13492=ORIENTED_EDGE('',*,*,#13473,.T.);
#13493=EDGE_LOOP('',(#13489,#13490,#13491,#13492));
#13494=FACE_OUTER_BOUND('',#13493,.F.);
#13496=CARTESIAN_POINT('',(1.843605767723E2,3.247110534628E1,7.239146332886E1));
#13497=CARTESIAN_POINT('',(1.845451052528E2,3.247689294432E1,7.239109920405E1));
#13498=CARTESIAN_POINT('',(1.846756510092E2,3.234660479017E1,7.239929623992E1));
#13499=CARTESIAN_POINT('',(1.846698519681E2,3.216244043440E1,7.241088287908E1));
#13500=CARTESIAN_POINT('',(1.843605767723E2,3.249042022497E1,7.269846453437E1));
#13501=CARTESIAN_POINT('',(1.845451052528E2,3.249643190491E1,7.270166208928E1));
#13502=CARTESIAN_POINT('',(1.846756510092E2,3.236109930638E1,7.262967997784E1));
#13503=CARTESIAN_POINT('',(1.846698519681E2,3.216980454913E1,7.252793213079E1));
#13504=CARTESIAN_POINT('',(1.843605767723E2,3.227984792188E1,7.292270126173E1));
#13505=CARTESIAN_POINT('',(1.845451052528E2,3.228341664366E1,7.292850030286E1));
#13506=CARTESIAN_POINT('',(1.846756510092E2,3.220307896829E1,7.279795454647E1));
#13507=CARTESIAN_POINT('',(1.846698519681E2,3.208952040019E1,7.261342606590E1));
#13508=CARTESIAN_POINT('',(1.843605767723E2,3.197223972185E1,7.292270126173E1));
#13509=CARTESIAN_POINT('',(1.845451052528E2,3.197223972185E1,7.292850030286E1));
#13510=CARTESIAN_POINT('',(1.846756510092E2,3.197223972185E1,7.279795454647E1));
#13511=CARTESIAN_POINT('',(1.846698519681E2,3.197223972185E1,7.261342606590E1));
#13512=CARTESIAN_POINT('',(1.843605767723E2,3.166463152182E1,7.292270126173E1));
#13513=CARTESIAN_POINT('',(1.845451052528E2,3.166106280005E1,7.292850030286E1));
#13514=CARTESIAN_POINT('',(1.846756510092E2,3.174140047541E1,7.279795454647E1));
#13515=CARTESIAN_POINT('',(1.846698519681E2,3.185495904352E1,7.261342606590E1));
#13516=CARTESIAN_POINT('',(1.843605767723E2,3.145405921873E1,7.269846453437E1));
#13517=CARTESIAN_POINT('',(1.845451052528E2,3.144804753880E1,7.270166208928E1));
#13518=CARTESIAN_POINT('',(1.846756510092E2,3.158338013732E1,7.262967997784E1));
#13519=CARTESIAN_POINT('',(1.846698519681E2,3.177467489458E1,7.252793213079E1));
#13520=CARTESIAN_POINT('',(1.843605767723E2,3.147337409742E1,7.239146332886E1));
#13521=CARTESIAN_POINT('',(1.845451052528E2,3.146758649938E1,7.239109920405E1));
#13522=CARTESIAN_POINT('',(1.846756510092E2,3.159787465354E1,7.239929623992E1));
#13523=CARTESIAN_POINT('',(1.846698519681E2,3.178203900930E1,7.241088287908E1));
#13524=(BOUNDED_SURFACE()B_SPLINE_SURFACE(3,3,((#13496,#13497,#13498,#13499),(
#13500,#13501,#13502,#13503),(#13504,#13505,#13506,#13507),(#13508,#13509,
#13510,#13511),(#13512,#13513,#13514,#13515),(#13516,#13517,#13518,#13519),(
#13520,#13521,#13522,#13523)),.UNSPECIFIED.,.F.,.F.,.F.)B_SPLINE_SURFACE_WITH_KNOTS((4,3,4),(4,4),(0.E0,1.E0,2.E0),(0.E0,1.E0),.UNSPECIFIED.)GEOMETRIC_REPRESENTATION_ITEM()RATIONAL_B_SPLINE_SURFACE(((1.409592795969E0,1.113152711336E0,
1.113152711336E0,1.409592795969E0),(1.113152711336E0,8.790545484463E-1,
8.790545484463E-1,1.113152711336E0),(1.113152711336E0,8.790545484463E-1,
8.790545484463E-1,1.113152711336E0),(1.409592795969E0,1.113152711336E0,
1.113152711336E0,1.409592795969E0),(1.113152711336E0,8.790545484463E-1,
8.790545484463E-1,1.113152711336E0),(1.113152711336E0,8.790545484463E-1,
8.790545484463E-1,1.113152711336E0),(1.409592795969E0,1.113152711336E0,
1.113152711336E0,1.409592795969E0)))REPRESENTATION_ITEM('')SURFACE());
#13525=ORIENTED_EDGE('',*,*,#13488,.F.);
#13527=ORIENTED_EDGE('',*,*,#13526,.F.);
#13529=ORIENTED_EDGE('',*,*,#13528,.T.);
#13531=ORIENTED_EDGE('',*,*,#13530,.T.);
#13532=EDGE_LOOP('',(#13525,#13527,#13529,#13531));
#13533=FACE_OUTER_BOUND('',#13532,.F.);
#13535=CARTESIAN_POINT('',(1.843605767723E2,3.147337409742E1,7.245423525839E1));
#13536=CARTESIAN_POINT('',(1.845451052528E2,3.146758649938E1,7.245459938319E1));
#13537=CARTESIAN_POINT('',(1.846756510092E2,3.159787465354E1,7.244640234733E1));
#13538=CARTESIAN_POINT('',(1.846698519681E2,3.178203900930E1,7.243481570817E1));
#13539=CARTESIAN_POINT('',(1.843605767723E2,3.145405921873E1,7.214723405287E1));
#13540=CARTESIAN_POINT('',(1.845451052528E2,3.144804753880E1,7.214403649796E1));
#13541=CARTESIAN_POINT('',(1.846756510092E2,3.158338013732E1,7.221601860941E1));
#13542=CARTESIAN_POINT('',(1.846698519681E2,3.177467489458E1,7.231776645646E1));
#13543=CARTESIAN_POINT('',(1.843605767723E2,3.166463152182E1,7.192299732551E1));
#13544=CARTESIAN_POINT('',(1.845451052528E2,3.166106280005E1,7.191719828439E1));
#13545=CARTESIAN_POINT('',(1.846756510092E2,3.174140047541E1,7.204774404078E1));
#13546=CARTESIAN_POINT('',(1.846698519681E2,3.185495904352E1,7.223227252135E1));
#13547=CARTESIAN_POINT('',(1.843605767723E2,3.197223972185E1,7.192299732551E1));
#13548=CARTESIAN_POINT('',(1.845451052528E2,3.197223972185E1,7.191719828439E1));
#13549=CARTESIAN_POINT('',(1.846756510092E2,3.197223972185E1,7.204774404078E1));
#13550=CARTESIAN_POINT('',(1.846698519681E2,3.197223972185E1,7.223227252135E1));
#13551=CARTESIAN_POINT('',(1.843605767723E2,3.227984792188E1,7.192299732551E1));
#13552=CARTESIAN_POINT('',(1.845451052528E2,3.228341664366E1,7.191719828439E1));
#13553=CARTESIAN_POINT('',(1.846756510092E2,3.220307896829E1,7.204774404078E1));
#13554=CARTESIAN_POINT('',(1.846698519681E2,3.208952040019E1,7.223227252135E1));
#13555=CARTESIAN_POINT('',(1.843605767723E2,3.249042022497E1,7.214723405287E1));
#13556=CARTESIAN_POINT('',(1.845451052528E2,3.249643190491E1,7.214403649796E1));
#13557=CARTESIAN_POINT('',(1.846756510092E2,3.236109930638E1,7.221601860941E1));
#13558=CARTESIAN_POINT('',(1.846698519681E2,3.216980454913E1,7.231776645646E1));
#13559=CARTESIAN_POINT('',(1.843605767723E2,3.247110534628E1,7.245423525839E1));
#13560=CARTESIAN_POINT('',(1.845451052528E2,3.247689294432E1,7.245459938319E1));
#13561=CARTESIAN_POINT('',(1.846756510092E2,3.234660479017E1,7.244640234733E1));
#13562=CARTESIAN_POINT('',(1.846698519681E2,3.216244043440E1,7.243481570817E1));
#13563=(BOUNDED_SURFACE()B_SPLINE_SURFACE(3,3,((#13535,#13536,#13537,#13538),(
#13539,#13540,#13541,#13542),(#13543,#13544,#13545,#13546),(#13547,#13548,
#13549,#13550),(#13551,#13552,#13553,#13554),(#13555,#13556,#13557,#13558),(
#13559,#13560,#13561,#13562)),.UNSPECIFIED.,.F.,.F.,.F.)B_SPLINE_SURFACE_WITH_KNOTS((4,3,4),(4,4),(0.E0,1.E0,2.E0),(0.E0,1.E0),.UNSPECIFIED.)GEOMETRIC_REPRESENTATION_ITEM()RATIONAL_B_SPLINE_SURFACE(((1.409592795969E0,1.113152711336E0,
1.113152711336E0,1.409592795969E0),(1.113152711336E0,8.790545484463E-1,
8.790545484463E-1,1.113152711336E0),(1.113152711336E0,8.790545484463E-1,
8.790545484463E-1,1.113152711336E0),(1.409592795969E0,1.113152711336E0,
1.113152711336E0,1.409592795969E0),(1.113152711336E0,8.790545484463E-1,
8.790545484463E-1,1.113152711336E0),(1.113152711336E0,8.790545484463E-1,
8.790545484463E-1,1.113152711336E0),(1.409592795969E0,1.113152711336E0,
1.113152711336E0,1.409592795969E0)))REPRESENTATION_ITEM('')SURFACE());
#13564=ORIENTED_EDGE('',*,*,#13530,.F.);
#13566=ORIENTED_EDGE('',*,*,#13565,.T.);
#13567=ORIENTED_EDGE('',*,*,#13526,.T.);
#13568=ORIENTED_EDGE('',*,*,#13478,.F.);
#13569=EDGE_LOOP('',(#13564,#13566,#13567,#13568));
#13570=FACE_OUTER_BOUND('',#13569,.F.);
#13572=CARTESIAN_POINT('',(1.8467E2,3.197223972185E1,7.242284929362E1));
#13573=DIRECTION('',(1.E0,0.E0,0.E0));
#13574=DIRECTION('',(0.E0,1.E0,-1.902583850429E-14));
#13575=AXIS2_PLACEMENT_3D('',#13572,#13573,#13574);
#13576=PLANE('',#13575);
#13577=ORIENTED_EDGE('',*,*,#13528,.F.);
#13578=ORIENTED_EDGE('',*,*,#13565,.F.);
#13579=EDGE_LOOP('',(#13577,#13578));
#13580=FACE_OUTER_BOUND('',#13579,.F.);
#13582=CARTESIAN_POINT('',(1.8467E2,3.497223972185E1,7.242284929362E1));
#13583=DIRECTION('',(-1.E0,0.E0,0.E0));
#13584=DIRECTION('',(0.E0,-1.E0,2.775557561563E-14));
#13585=AXIS2_PLACEMENT_3D('',#13582,#13583,#13584);
#13586=CYLINDRICAL_SURFACE('',#13585,5.E-1);
#13588=ORIENTED_EDGE('',*,*,#13587,.F.);
#13589=ORIENTED_EDGE('',*,*,#7523,.T.);
#13591=ORIENTED_EDGE('',*,*,#13590,.T.);
#13593=ORIENTED_EDGE('',*,*,#13592,.T.);
#13594=EDGE_LOOP('',(#13588,#13589,#13591,#13593));
#13595=FACE_OUTER_BOUND('',#13594,.F.);
#13597=CARTESIAN_POINT('',(1.8467E2,3.497223972185E1,7.242284929362E1));
#13598=DIRECTION('',(-1.E0,0.E0,0.E0));
#13599=DIRECTION('',(0.E0,-1.E0,2.775557561563E-14));
#13600=AXIS2_PLACEMENT_3D('',#13597,#13598,#13599);
#13601=CYLINDRICAL_SURFACE('',#13600,5.E-1);
#13603=ORIENTED_EDGE('',*,*,#13602,.T.);
#13604=ORIENTED_EDGE('',*,*,#13590,.F.);
#13605=ORIENTED_EDGE('',*,*,#7525,.T.);
#13606=ORIENTED_EDGE('',*,*,#13587,.T.);
#13607=EDGE_LOOP('',(#13603,#13604,#13605,#13606));
#13608=FACE_OUTER_BOUND('',#13607,.F.);
#13610=CARTESIAN_POINT('',(1.843605767723E2,3.547110534628E1,7.239146332886E1));
#13611=CARTESIAN_POINT('',(1.845451052528E2,3.547689294432E1,7.239109920405E1));
#13612=CARTESIAN_POINT('',(1.846756510092E2,3.534660479017E1,7.239929623992E1));
#13613=CARTESIAN_POINT('',(1.846698519681E2,3.516244043440E1,7.241088287908E1));
#13614=CARTESIAN_POINT('',(1.843605767723E2,3.549042022497E1,7.269846453437E1));
#13615=CARTESIAN_POINT('',(1.845451052528E2,3.549643190491E1,7.270166208928E1));
#13616=CARTESIAN_POINT('',(1.846756510092E2,3.536109930638E1,7.262967997784E1));
#13617=CARTESIAN_POINT('',(1.846698519681E2,3.516980454913E1,7.252793213079E1));
#13618=CARTESIAN_POINT('',(1.843605767723E2,3.527984792188E1,7.292270126173E1));
#13619=CARTESIAN_POINT('',(1.845451052528E2,3.528341664366E1,7.292850030286E1));
#13620=CARTESIAN_POINT('',(1.846756510092E2,3.520307896829E1,7.279795454647E1));
#13621=CARTESIAN_POINT('',(1.846698519681E2,3.508952040019E1,7.261342606590E1));
#13622=CARTESIAN_POINT('',(1.843605767723E2,3.497223972185E1,7.292270126173E1));
#13623=CARTESIAN_POINT('',(1.845451052528E2,3.497223972185E1,7.292850030286E1));
#13624=CARTESIAN_POINT('',(1.846756510092E2,3.497223972185E1,7.279795454647E1));
#13625=CARTESIAN_POINT('',(1.846698519681E2,3.497223972185E1,7.261342606590E1));
#13626=CARTESIAN_POINT('',(1.843605767723E2,3.466463152182E1,7.292270126173E1));
#13627=CARTESIAN_POINT('',(1.845451052528E2,3.466106280005E1,7.292850030286E1));
#13628=CARTESIAN_POINT('',(1.846756510092E2,3.474140047541E1,7.279795454647E1));
#13629=CARTESIAN_POINT('',(1.846698519681E2,3.485495904352E1,7.261342606590E1));
#13630=CARTESIAN_POINT('',(1.843605767723E2,3.445405921873E1,7.269846453437E1));
#13631=CARTESIAN_POINT('',(1.845451052528E2,3.444804753880E1,7.270166208928E1));
#13632=CARTESIAN_POINT('',(1.846756510092E2,3.458338013732E1,7.262967997784E1));
#13633=CARTESIAN_POINT('',(1.846698519681E2,3.477467489458E1,7.252793213079E1));
#13634=CARTESIAN_POINT('',(1.843605767723E2,3.447337409742E1,7.239146332886E1));
#13635=CARTESIAN_POINT('',(1.845451052528E2,3.446758649938E1,7.239109920405E1));
#13636=CARTESIAN_POINT('',(1.846756510092E2,3.459787465354E1,7.239929623992E1));
#13637=CARTESIAN_POINT('',(1.846698519681E2,3.478203900930E1,7.241088287908E1));
#13638=(BOUNDED_SURFACE()B_SPLINE_SURFACE(3,3,((#13610,#13611,#13612,#13613),(
#13614,#13615,#13616,#13617),(#13618,#13619,#13620,#13621),(#13622,#13623,
#13624,#13625),(#13626,#13627,#13628,#13629),(#13630,#13631,#13632,#13633),(
#13634,#13635,#13636,#13637)),.UNSPECIFIED.,.F.,.F.,.F.)B_SPLINE_SURFACE_WITH_KNOTS((4,3,4),(4,4),(0.E0,1.E0,2.E0),(0.E0,1.E0),.UNSPECIFIED.)GEOMETRIC_REPRESENTATION_ITEM()RATIONAL_B_SPLINE_SURFACE(((1.409592795969E0,1.113152711336E0,
1.113152711336E0,1.409592795969E0),(1.113152711336E0,8.790545484463E-1,
8.790545484463E-1,1.113152711336E0),(1.113152711336E0,8.790545484463E-1,
8.790545484463E-1,1.113152711336E0),(1.409592795969E0,1.113152711336E0,
1.113152711336E0,1.409592795969E0),(1.113152711336E0,8.790545484463E-1,
8.790545484463E-1,1.113152711336E0),(1.113152711336E0,8.790545484463E-1,
8.790545484463E-1,1.113152711336E0),(1.409592795969E0,1.113152711336E0,
1.113152711336E0,1.409592795969E0)))REPRESENTATION_ITEM('')SURFACE());
#13639=ORIENTED_EDGE('',*,*,#13602,.F.);
#13641=ORIENTED_EDGE('',*,*,#13640,.F.);
#13643=ORIENTED_EDGE('',*,*,#13642,.T.);
#13645=ORIENTED_EDGE('',*,*,#13644,.T.);
#13646=EDGE_LOOP('',(#13639,#13641,#13643,#13645));
#13647=FACE_OUTER_BOUND('',#13646,.F.);
#13649=CARTESIAN_POINT('',(1.843605767723E2,3.447337409742E1,7.245423525839E1));
#13650=CARTESIAN_POINT('',(1.845451052528E2,3.446758649938E1,7.245459938319E1));
#13651=CARTESIAN_POINT('',(1.846756510092E2,3.459787465354E1,7.244640234733E1));
#13652=CARTESIAN_POINT('',(1.846698519681E2,3.478203900930E1,7.243481570817E1));
#13653=CARTESIAN_POINT('',(1.843605767723E2,3.445405921873E1,7.214723405287E1));
#13654=CARTESIAN_POINT('',(1.845451052528E2,3.444804753880E1,7.214403649796E1));
#13655=CARTESIAN_POINT('',(1.846756510092E2,3.458338013732E1,7.221601860941E1));
#13656=CARTESIAN_POINT('',(1.846698519681E2,3.477467489458E1,7.231776645646E1));
#13657=CARTESIAN_POINT('',(1.843605767723E2,3.466463152182E1,7.192299732551E1));
#13658=CARTESIAN_POINT('',(1.845451052528E2,3.466106280005E1,7.191719828439E1));
#13659=CARTESIAN_POINT('',(1.846756510092E2,3.474140047541E1,7.204774404078E1));
#13660=CARTESIAN_POINT('',(1.846698519681E2,3.485495904352E1,7.223227252135E1));
#13661=CARTESIAN_POINT('',(1.843605767723E2,3.497223972185E1,7.192299732551E1));
#13662=CARTESIAN_POINT('',(1.845451052528E2,3.497223972185E1,7.191719828439E1));
#13663=CARTESIAN_POINT('',(1.846756510092E2,3.497223972185E1,7.204774404078E1));
#13664=CARTESIAN_POINT('',(1.846698519681E2,3.497223972185E1,7.223227252135E1));
#13665=CARTESIAN_POINT('',(1.843605767723E2,3.527984792188E1,7.192299732551E1));
#13666=CARTESIAN_POINT('',(1.845451052528E2,3.528341664366E1,7.191719828439E1));
#13667=CARTESIAN_POINT('',(1.846756510092E2,3.520307896829E1,7.204774404078E1));
#13668=CARTESIAN_POINT('',(1.846698519681E2,3.508952040019E1,7.223227252135E1));
#13669=CARTESIAN_POINT('',(1.843605767723E2,3.549042022497E1,7.214723405287E1));
#13670=CARTESIAN_POINT('',(1.845451052528E2,3.549643190491E1,7.214403649796E1));
#13671=CARTESIAN_POINT('',(1.846756510092E2,3.536109930638E1,7.221601860941E1));
#13672=CARTESIAN_POINT('',(1.846698519681E2,3.516980454913E1,7.231776645646E1));
#13673=CARTESIAN_POINT('',(1.843605767723E2,3.547110534628E1,7.245423525839E1));
#13674=CARTESIAN_POINT('',(1.845451052528E2,3.547689294432E1,7.245459938319E1));
#13675=CARTESIAN_POINT('',(1.846756510092E2,3.534660479017E1,7.244640234733E1));
#13676=CARTESIAN_POINT('',(1.846698519681E2,3.516244043440E1,7.243481570817E1));
#13677=(BOUNDED_SURFACE()B_SPLINE_SURFACE(3,3,((#13649,#13650,#13651,#13652),(
#13653,#13654,#13655,#13656),(#13657,#13658,#13659,#13660),(#13661,#13662,
#13663,#13664),(#13665,#13666,#13667,#13668),(#13669,#13670,#13671,#13672),(
#13673,#13674,#13675,#13676)),.UNSPECIFIED.,.F.,.F.,.F.)B_SPLINE_SURFACE_WITH_KNOTS((4,3,4),(4,4),(0.E0,1.E0,2.E0),(0.E0,1.E0),.UNSPECIFIED.)GEOMETRIC_REPRESENTATION_ITEM()RATIONAL_B_SPLINE_SURFACE(((1.409592795969E0,1.113152711336E0,
1.113152711336E0,1.409592795969E0),(1.113152711336E0,8.790545484463E-1,
8.790545484463E-1,1.113152711336E0),(1.113152711336E0,8.790545484463E-1,
8.790545484463E-1,1.113152711336E0),(1.409592795969E0,1.113152711336E0,
1.113152711336E0,1.409592795969E0),(1.113152711336E0,8.790545484463E-1,
8.790545484463E-1,1.113152711336E0),(1.113152711336E0,8.790545484463E-1,
8.790545484463E-1,1.113152711336E0),(1.409592795969E0,1.113152711336E0,
1.113152711336E0,1.409592795969E0)))REPRESENTATION_ITEM('')SURFACE());
#13678=ORIENTED_EDGE('',*,*,#13644,.F.);
#13680=ORIENTED_EDGE('',*,*,#13679,.T.);
#13681=ORIENTED_EDGE('',*,*,#13640,.T.);
#13682=ORIENTED_EDGE('',*,*,#13592,.F.);
#13683=EDGE_LOOP('',(#13678,#13680,#13681,#13682));
#13684=FACE_OUTER_BOUND('',#13683,.F.);
#13686=CARTESIAN_POINT('',(1.8467E2,3.497223972185E1,7.242284929362E1));
#13687=DIRECTION('',(1.E0,0.E0,0.E0));
#13688=DIRECTION('',(0.E0,1.E0,-1.902583850429E-14));
#13689=AXIS2_PLACEMENT_3D('',#13686,#13687,#13688);
#13690=PLANE('',#13689);
#13691=ORIENTED_EDGE('',*,*,#13642,.F.);
#13692=ORIENTED_EDGE('',*,*,#13679,.F.);
#13693=EDGE_LOOP('',(#13691,#13692));
#13694=FACE_OUTER_BOUND('',#13693,.F.);
#13696=CARTESIAN_POINT('',(1.8467E2,3.797223972185E1,7.242284929362E1));
#13697=DIRECTION('',(-1.E0,0.E0,0.E0));
#13698=DIRECTION('',(0.E0,-1.E0,2.775557561563E-14));
#13699=AXIS2_PLACEMENT_3D('',#13696,#13697,#13698);
#13700=CYLINDRICAL_SURFACE('',#13699,5.E-1);
#13702=ORIENTED_EDGE('',*,*,#13701,.F.);
#13703=ORIENTED_EDGE('',*,*,#7529,.T.);
#13705=ORIENTED_EDGE('',*,*,#13704,.T.);
#13707=ORIENTED_EDGE('',*,*,#13706,.T.);
#13708=EDGE_LOOP('',(#13702,#13703,#13705,#13707));
#13709=FACE_OUTER_BOUND('',#13708,.F.);
#13711=CARTESIAN_POINT('',(1.8467E2,3.797223972185E1,7.242284929362E1));
#13712=DIRECTION('',(-1.E0,0.E0,0.E0));
#13713=DIRECTION('',(0.E0,-1.E0,2.775557561563E-14));
#13714=AXIS2_PLACEMENT_3D('',#13711,#13712,#13713);
#13715=CYLINDRICAL_SURFACE('',#13714,5.E-1);
#13717=ORIENTED_EDGE('',*,*,#13716,.T.);
#13718=ORIENTED_EDGE('',*,*,#13704,.F.);
#13719=ORIENTED_EDGE('',*,*,#7531,.T.);
#13720=ORIENTED_EDGE('',*,*,#13701,.T.);
#13721=EDGE_LOOP('',(#13717,#13718,#13719,#13720));
#13722=FACE_OUTER_BOUND('',#13721,.F.);
#13724=CARTESIAN_POINT('',(1.843605767723E2,3.847110534628E1,7.239146332886E1));
#13725=CARTESIAN_POINT('',(1.845451052528E2,3.847689294432E1,7.239109920405E1));
#13726=CARTESIAN_POINT('',(1.846756510092E2,3.834660479017E1,7.239929623992E1));
#13727=CARTESIAN_POINT('',(1.846698519681E2,3.816244043440E1,7.241088287908E1));
#13728=CARTESIAN_POINT('',(1.843605767723E2,3.849042022497E1,7.269846453437E1));
#13729=CARTESIAN_POINT('',(1.845451052528E2,3.849643190491E1,7.270166208928E1));
#13730=CARTESIAN_POINT('',(1.846756510092E2,3.836109930638E1,7.262967997784E1));
#13731=CARTESIAN_POINT('',(1.846698519681E2,3.816980454913E1,7.252793213079E1));
#13732=CARTESIAN_POINT('',(1.843605767723E2,3.827984792188E1,7.292270126173E1));
#13733=CARTESIAN_POINT('',(1.845451052528E2,3.828341664366E1,7.292850030286E1));
#13734=CARTESIAN_POINT('',(1.846756510092E2,3.820307896829E1,7.279795454647E1));
#13735=CARTESIAN_POINT('',(1.846698519681E2,3.808952040019E1,7.261342606590E1));
#13736=CARTESIAN_POINT('',(1.843605767723E2,3.797223972185E1,7.292270126173E1));
#13737=CARTESIAN_POINT('',(1.845451052528E2,3.797223972185E1,7.292850030286E1));
#13738=CARTESIAN_POINT('',(1.846756510092E2,3.797223972185E1,7.279795454647E1));
#13739=CARTESIAN_POINT('',(1.846698519681E2,3.797223972185E1,7.261342606590E1));
#13740=CARTESIAN_POINT('',(1.843605767723E2,3.766463152182E1,7.292270126173E1));
#13741=CARTESIAN_POINT('',(1.845451052528E2,3.766106280005E1,7.292850030286E1));
#13742=CARTESIAN_POINT('',(1.846756510092E2,3.774140047541E1,7.279795454647E1));
#13743=CARTESIAN_POINT('',(1.846698519681E2,3.785495904352E1,7.261342606590E1));
#13744=CARTESIAN_POINT('',(1.843605767723E2,3.745405921873E1,7.269846453437E1));
#13745=CARTESIAN_POINT('',(1.845451052528E2,3.744804753880E1,7.270166208928E1));
#13746=CARTESIAN_POINT('',(1.846756510092E2,3.758338013732E1,7.262967997784E1));
#13747=CARTESIAN_POINT('',(1.846698519681E2,3.777467489458E1,7.252793213079E1));
#13748=CARTESIAN_POINT('',(1.843605767723E2,3.747337409742E1,7.239146332886E1));
#13749=CARTESIAN_POINT('',(1.845451052528E2,3.746758649938E1,7.239109920405E1));
#13750=CARTESIAN_POINT('',(1.846756510092E2,3.759787465354E1,7.239929623992E1));
#13751=CARTESIAN_POINT('',(1.846698519681E2,3.778203900930E1,7.241088287908E1));
#13752=(BOUNDED_SURFACE()B_SPLINE_SURFACE(3,3,((#13724,#13725,#13726,#13727),(
#13728,#13729,#13730,#13731),(#13732,#13733,#13734,#13735),(#13736,#13737,
#13738,#13739),(#13740,#13741,#13742,#13743),(#13744,#13745,#13746,#13747),(
#13748,#13749,#13750,#13751)),.UNSPECIFIED.,.F.,.F.,.F.)B_SPLINE_SURFACE_WITH_KNOTS((4,3,4),(4,4),(0.E0,1.E0,2.E0),(0.E0,1.E0),.UNSPECIFIED.)GEOMETRIC_REPRESENTATION_ITEM()RATIONAL_B_SPLINE_SURFACE(((1.409592795969E0,1.113152711336E0,
1.113152711336E0,1.409592795969E0),(1.113152711336E0,8.790545484463E-1,
8.790545484463E-1,1.113152711336E0),(1.113152711336E0,8.790545484463E-1,
8.790545484463E-1,1.113152711336E0),(1.409592795969E0,1.113152711336E0,
1.113152711336E0,1.409592795969E0),(1.113152711336E0,8.790545484463E-1,
8.790545484463E-1,1.113152711336E0),(1.113152711336E0,8.790545484463E-1,
8.790545484463E-1,1.113152711336E0),(1.409592795969E0,1.113152711336E0,
1.113152711336E0,1.409592795969E0)))REPRESENTATION_ITEM('')SURFACE());
#13753=ORIENTED_EDGE('',*,*,#13716,.F.);
#13755=ORIENTED_EDGE('',*,*,#13754,.F.);
#13757=ORIENTED_EDGE('',*,*,#13756,.T.);
#13759=ORIENTED_EDGE('',*,*,#13758,.T.);
#13760=EDGE_LOOP('',(#13753,#13755,#13757,#13759));
#13761=FACE_OUTER_BOUND('',#13760,.F.);
#13763=CARTESIAN_POINT('',(1.843605767723E2,3.747337409742E1,7.245423525839E1));
#13764=CARTESIAN_POINT('',(1.845451052528E2,3.746758649938E1,7.245459938319E1));
#13765=CARTESIAN_POINT('',(1.846756510092E2,3.759787465354E1,7.244640234733E1));
#13766=CARTESIAN_POINT('',(1.846698519681E2,3.778203900930E1,7.243481570817E1));
#13767=CARTESIAN_POINT('',(1.843605767723E2,3.745405921873E1,7.214723405287E1));
#13768=CARTESIAN_POINT('',(1.845451052528E2,3.744804753880E1,7.214403649796E1));
#13769=CARTESIAN_POINT('',(1.846756510092E2,3.758338013732E1,7.221601860941E1));
#13770=CARTESIAN_POINT('',(1.846698519681E2,3.777467489458E1,7.231776645646E1));
#13771=CARTESIAN_POINT('',(1.843605767723E2,3.766463152182E1,7.192299732551E1));
#13772=CARTESIAN_POINT('',(1.845451052528E2,3.766106280005E1,7.191719828439E1));
#13773=CARTESIAN_POINT('',(1.846756510092E2,3.774140047541E1,7.204774404078E1));
#13774=CARTESIAN_POINT('',(1.846698519681E2,3.785495904352E1,7.223227252135E1));
#13775=CARTESIAN_POINT('',(1.843605767723E2,3.797223972185E1,7.192299732551E1));
#13776=CARTESIAN_POINT('',(1.845451052528E2,3.797223972185E1,7.191719828439E1));
#13777=CARTESIAN_POINT('',(1.846756510092E2,3.797223972185E1,7.204774404078E1));
#13778=CARTESIAN_POINT('',(1.846698519681E2,3.797223972185E1,7.223227252135E1));
#13779=CARTESIAN_POINT('',(1.843605767723E2,3.827984792188E1,7.192299732551E1));
#13780=CARTESIAN_POINT('',(1.845451052528E2,3.828341664366E1,7.191719828439E1));
#13781=CARTESIAN_POINT('',(1.846756510092E2,3.820307896829E1,7.204774404078E1));
#13782=CARTESIAN_POINT('',(1.846698519681E2,3.808952040019E1,7.223227252135E1));
#13783=CARTESIAN_POINT('',(1.843605767723E2,3.849042022497E1,7.214723405287E1));
#13784=CARTESIAN_POINT('',(1.845451052528E2,3.849643190491E1,7.214403649796E1));
#13785=CARTESIAN_POINT('',(1.846756510092E2,3.836109930638E1,7.221601860941E1));
#13786=CARTESIAN_POINT('',(1.846698519681E2,3.816980454913E1,7.231776645646E1));
#13787=CARTESIAN_POINT('',(1.843605767723E2,3.847110534628E1,7.245423525839E1));
#13788=CARTESIAN_POINT('',(1.845451052528E2,3.847689294432E1,7.245459938319E1));
#13789=CARTESIAN_POINT('',(1.846756510092E2,3.834660479017E1,7.244640234733E1));
#13790=CARTESIAN_POINT('',(1.846698519681E2,3.816244043440E1,7.243481570817E1));
#13791=(BOUNDED_SURFACE()B_SPLINE_SURFACE(3,3,((#13763,#13764,#13765,#13766),(
#13767,#13768,#13769,#13770),(#13771,#13772,#13773,#13774),(#13775,#13776,
#13777,#13778),(#13779,#13780,#13781,#13782),(#13783,#13784,#13785,#13786),(
#13787,#13788,#13789,#13790)),.UNSPECIFIED.,.F.,.F.,.F.)B_SPLINE_SURFACE_WITH_KNOTS((4,3,4),(4,4),(0.E0,1.E0,2.E0),(0.E0,1.E0),.UNSPECIFIED.)GEOMETRIC_REPRESENTATION_ITEM()RATIONAL_B_SPLINE_SURFACE(((1.409592795969E0,1.113152711336E0,
1.113152711336E0,1.409592795969E0),(1.113152711336E0,8.790545484463E-1,
8.790545484463E-1,1.113152711336E0),(1.113152711336E0,8.790545484463E-1,
8.790545484463E-1,1.113152711336E0),(1.409592795969E0,1.113152711336E0,
1.113152711336E0,1.409592795969E0),(1.113152711336E0,8.790545484463E-1,
8.790545484463E-1,1.113152711336E0),(1.113152711336E0,8.790545484463E-1,
8.790545484463E-1,1.113152711336E0),(1.409592795969E0,1.113152711336E0,
1.113152711336E0,1.409592795969E0)))REPRESENTATION_ITEM('')SURFACE());
#13792=ORIENTED_EDGE('',*,*,#13758,.F.);
#13794=ORIENTED_EDGE('',*,*,#13793,.T.);
#13795=ORIENTED_EDGE('',*,*,#13754,.T.);
#13796=ORIENTED_EDGE('',*,*,#13706,.F.);
#13797=EDGE_LOOP('',(#13792,#13794,#13795,#13796));
#13798=FACE_OUTER_BOUND('',#13797,.F.);
#13800=CARTESIAN_POINT('',(1.8467E2,3.797223972185E1,7.242284929362E1));
#13801=DIRECTION('',(1.E0,0.E0,0.E0));
#13802=DIRECTION('',(0.E0,1.E0,-1.902583850429E-14));
#13803=AXIS2_PLACEMENT_3D('',#13800,#13801,#13802);
#13804=PLANE('',#13803);
#13805=ORIENTED_EDGE('',*,*,#13756,.F.);
#13806=ORIENTED_EDGE('',*,*,#13793,.F.);
#13807=EDGE_LOOP('',(#13805,#13806));
#13808=FACE_OUTER_BOUND('',#13807,.F.);
#13810=CARTESIAN_POINT('',(1.8467E2,4.097223972185E1,7.242284929362E1));
#13811=DIRECTION('',(-1.E0,0.E0,0.E0));
#13812=DIRECTION('',(0.E0,-1.E0,2.775557561563E-14));
#13813=AXIS2_PLACEMENT_3D('',#13810,#13811,#13812);
#13814=CYLINDRICAL_SURFACE('',#13813,5.E-1);
#13816=ORIENTED_EDGE('',*,*,#13815,.F.);
#13817=ORIENTED_EDGE('',*,*,#7535,.T.);
#13819=ORIENTED_EDGE('',*,*,#13818,.T.);
#13821=ORIENTED_EDGE('',*,*,#13820,.T.);
#13822=EDGE_LOOP('',(#13816,#13817,#13819,#13821));
#13823=FACE_OUTER_BOUND('',#13822,.F.);
#13825=CARTESIAN_POINT('',(1.8467E2,4.097223972185E1,7.242284929362E1));
#13826=DIRECTION('',(-1.E0,0.E0,0.E0));
#13827=DIRECTION('',(0.E0,-1.E0,2.775557561563E-14));
#13828=AXIS2_PLACEMENT_3D('',#13825,#13826,#13827);
#13829=CYLINDRICAL_SURFACE('',#13828,5.E-1);
#13831=ORIENTED_EDGE('',*,*,#13830,.T.);
#13832=ORIENTED_EDGE('',*,*,#13818,.F.);
#13833=ORIENTED_EDGE('',*,*,#7537,.T.);
#13834=ORIENTED_EDGE('',*,*,#13815,.T.);
#13835=EDGE_LOOP('',(#13831,#13832,#13833,#13834));
#13836=FACE_OUTER_BOUND('',#13835,.F.);
#13838=CARTESIAN_POINT('',(1.843605767723E2,4.147110534628E1,7.239146332886E1));
#13839=CARTESIAN_POINT('',(1.845451052528E2,4.147689294432E1,7.239109920405E1));
#13840=CARTESIAN_POINT('',(1.846756510092E2,4.134660479017E1,7.239929623992E1));
#13841=CARTESIAN_POINT('',(1.846698519681E2,4.116244043440E1,7.241088287908E1));
#13842=CARTESIAN_POINT('',(1.843605767723E2,4.149042022497E1,7.269846453437E1));
#13843=CARTESIAN_POINT('',(1.845451052528E2,4.149643190491E1,7.270166208928E1));
#13844=CARTESIAN_POINT('',(1.846756510092E2,4.136109930638E1,7.262967997784E1));
#13845=CARTESIAN_POINT('',(1.846698519681E2,4.116980454913E1,7.252793213079E1));
#13846=CARTESIAN_POINT('',(1.843605767723E2,4.127984792188E1,7.292270126173E1));
#13847=CARTESIAN_POINT('',(1.845451052528E2,4.128341664366E1,7.292850030286E1));
#13848=CARTESIAN_POINT('',(1.846756510092E2,4.120307896829E1,7.279795454647E1));
#13849=CARTESIAN_POINT('',(1.846698519681E2,4.108952040019E1,7.261342606590E1));
#13850=CARTESIAN_POINT('',(1.843605767723E2,4.097223972185E1,7.292270126173E1));
#13851=CARTESIAN_POINT('',(1.845451052528E2,4.097223972185E1,7.292850030286E1));
#13852=CARTESIAN_POINT('',(1.846756510092E2,4.097223972185E1,7.279795454647E1));
#13853=CARTESIAN_POINT('',(1.846698519681E2,4.097223972185E1,7.261342606590E1));
#13854=CARTESIAN_POINT('',(1.843605767723E2,4.066463152182E1,7.292270126173E1));
#13855=CARTESIAN_POINT('',(1.845451052528E2,4.066106280005E1,7.292850030286E1));
#13856=CARTESIAN_POINT('',(1.846756510092E2,4.074140047541E1,7.279795454647E1));
#13857=CARTESIAN_POINT('',(1.846698519681E2,4.085495904352E1,7.261342606590E1));
#13858=CARTESIAN_POINT('',(1.843605767723E2,4.045405921873E1,7.269846453437E1));
#13859=CARTESIAN_POINT('',(1.845451052528E2,4.044804753880E1,7.270166208928E1));
#13860=CARTESIAN_POINT('',(1.846756510092E2,4.058338013732E1,7.262967997784E1));
#13861=CARTESIAN_POINT('',(1.846698519681E2,4.077467489458E1,7.252793213079E1));
#13862=CARTESIAN_POINT('',(1.843605767723E2,4.047337409742E1,7.239146332886E1));
#13863=CARTESIAN_POINT('',(1.845451052528E2,4.046758649938E1,7.239109920405E1));
#13864=CARTESIAN_POINT('',(1.846756510092E2,4.059787465354E1,7.239929623992E1));
#13865=CARTESIAN_POINT('',(1.846698519681E2,4.078203900930E1,7.241088287908E1));
#13866=(BOUNDED_SURFACE()B_SPLINE_SURFACE(3,3,((#13838,#13839,#13840,#13841),(
#13842,#13843,#13844,#13845),(#13846,#13847,#13848,#13849),(#13850,#13851,
#13852,#13853),(#13854,#13855,#13856,#13857),(#13858,#13859,#13860,#13861),(
#13862,#13863,#13864,#13865)),.UNSPECIFIED.,.F.,.F.,.F.)B_SPLINE_SURFACE_WITH_KNOTS((4,3,4),(4,4),(0.E0,1.E0,2.E0),(0.E0,1.E0),.UNSPECIFIED.)GEOMETRIC_REPRESENTATION_ITEM()RATIONAL_B_SPLINE_SURFACE(((1.409592795969E0,1.113152711336E0,
1.113152711336E0,1.409592795969E0),(1.113152711336E0,8.790545484463E-1,
8.790545484463E-1,1.113152711336E0),(1.113152711336E0,8.790545484463E-1,
8.790545484463E-1,1.113152711336E0),(1.409592795969E0,1.113152711336E0,
1.113152711336E0,1.409592795969E0),(1.113152711336E0,8.790545484463E-1,
8.790545484463E-1,1.113152711336E0),(1.113152711336E0,8.790545484463E-1,
8.790545484463E-1,1.113152711336E0),(1.409592795969E0,1.113152711336E0,
1.113152711336E0,1.409592795969E0)))REPRESENTATION_ITEM('')SURFACE());
#13867=ORIENTED_EDGE('',*,*,#13830,.F.);
#13869=ORIENTED_EDGE('',*,*,#13868,.F.);
#13871=ORIENTED_EDGE('',*,*,#13870,.T.);
#13873=ORIENTED_EDGE('',*,*,#13872,.T.);
#13874=EDGE_LOOP('',(#13867,#13869,#13871,#13873));
#13875=FACE_OUTER_BOUND('',#13874,.F.);
#13877=CARTESIAN_POINT('',(1.843605767723E2,4.047337409742E1,7.245423525839E1));
#13878=CARTESIAN_POINT('',(1.845451052528E2,4.046758649938E1,7.245459938319E1));
#13879=CARTESIAN_POINT('',(1.846756510092E2,4.059787465354E1,7.244640234733E1));
#13880=CARTESIAN_POINT('',(1.846698519681E2,4.078203900930E1,7.243481570817E1));
#13881=CARTESIAN_POINT('',(1.843605767723E2,4.045405921873E1,7.214723405287E1));
#13882=CARTESIAN_POINT('',(1.845451052528E2,4.044804753880E1,7.214403649796E1));
#13883=CARTESIAN_POINT('',(1.846756510092E2,4.058338013732E1,7.221601860941E1));
#13884=CARTESIAN_POINT('',(1.846698519681E2,4.077467489458E1,7.231776645646E1));
#13885=CARTESIAN_POINT('',(1.843605767723E2,4.066463152182E1,7.192299732551E1));
#13886=CARTESIAN_POINT('',(1.845451052528E2,4.066106280005E1,7.191719828439E1));
#13887=CARTESIAN_POINT('',(1.846756510092E2,4.074140047541E1,7.204774404078E1));
#13888=CARTESIAN_POINT('',(1.846698519681E2,4.085495904352E1,7.223227252135E1));
#13889=CARTESIAN_POINT('',(1.843605767723E2,4.097223972185E1,7.192299732551E1));
#13890=CARTESIAN_POINT('',(1.845451052528E2,4.097223972185E1,7.191719828439E1));
#13891=CARTESIAN_POINT('',(1.846756510092E2,4.097223972185E1,7.204774404078E1));
#13892=CARTESIAN_POINT('',(1.846698519681E2,4.097223972185E1,7.223227252135E1));
#13893=CARTESIAN_POINT('',(1.843605767723E2,4.127984792188E1,7.192299732551E1));
#13894=CARTESIAN_POINT('',(1.845451052528E2,4.128341664366E1,7.191719828439E1));
#13895=CARTESIAN_POINT('',(1.846756510092E2,4.120307896829E1,7.204774404078E1));
#13896=CARTESIAN_POINT('',(1.846698519681E2,4.108952040019E1,7.223227252135E1));
#13897=CARTESIAN_POINT('',(1.843605767723E2,4.149042022497E1,7.214723405287E1));
#13898=CARTESIAN_POINT('',(1.845451052528E2,4.149643190491E1,7.214403649796E1));
#13899=CARTESIAN_POINT('',(1.846756510092E2,4.136109930638E1,7.221601860941E1));
#13900=CARTESIAN_POINT('',(1.846698519681E2,4.116980454913E1,7.231776645646E1));
#13901=CARTESIAN_POINT('',(1.843605767723E2,4.147110534628E1,7.245423525839E1));
#13902=CARTESIAN_POINT('',(1.845451052528E2,4.147689294432E1,7.245459938319E1));
#13903=CARTESIAN_POINT('',(1.846756510092E2,4.134660479017E1,7.244640234733E1));
#13904=CARTESIAN_POINT('',(1.846698519681E2,4.116244043440E1,7.243481570817E1));
#13905=(BOUNDED_SURFACE()B_SPLINE_SURFACE(3,3,((#13877,#13878,#13879,#13880),(
#13881,#13882,#13883,#13884),(#13885,#13886,#13887,#13888),(#13889,#13890,
#13891,#13892),(#13893,#13894,#13895,#13896),(#13897,#13898,#13899,#13900),(
#13901,#13902,#13903,#13904)),.UNSPECIFIED.,.F.,.F.,.F.)B_SPLINE_SURFACE_WITH_KNOTS((4,3,4),(4,4),(0.E0,1.E0,2.E0),(0.E0,1.E0),.UNSPECIFIED.)GEOMETRIC_REPRESENTATION_ITEM()RATIONAL_B_SPLINE_SURFACE(((1.409592795970E0,1.113152711336E0,
1.113152711336E0,1.409592795970E0),(1.113152711336E0,8.790545484462E-1,
8.790545484462E-1,1.113152711336E0),(1.113152711336E0,8.790545484462E-1,
8.790545484462E-1,1.113152711336E0),(1.409592795970E0,1.113152711336E0,
1.113152711336E0,1.409592795970E0),(1.113152711336E0,8.790545484462E-1,
8.790545484462E-1,1.113152711336E0),(1.113152711336E0,8.790545484462E-1,
8.790545484462E-1,1.113152711336E0),(1.409592795970E0,1.113152711336E0,
1.113152711336E0,1.409592795970E0)))REPRESENTATION_ITEM('')SURFACE());
#13906=ORIENTED_EDGE('',*,*,#13872,.F.);
#13908=ORIENTED_EDGE('',*,*,#13907,.T.);
#13909=ORIENTED_EDGE('',*,*,#13868,.T.);
#13910=ORIENTED_EDGE('',*,*,#13820,.F.);
#13911=EDGE_LOOP('',(#13906,#13908,#13909,#13910));
#13912=FACE_OUTER_BOUND('',#13911,.F.);
#13914=CARTESIAN_POINT('',(1.8467E2,4.097223972185E1,7.242284929362E1));
#13915=DIRECTION('',(1.E0,0.E0,0.E0));
#13916=DIRECTION('',(0.E0,1.E0,-1.902583850429E-14));
#13917=AXIS2_PLACEMENT_3D('',#13914,#13915,#13916);
#13918=PLANE('',#13917);
#13919=ORIENTED_EDGE('',*,*,#13870,.F.);
#13920=ORIENTED_EDGE('',*,*,#13907,.F.);
#13921=EDGE_LOOP('',(#13919,#13920));
#13922=FACE_OUTER_BOUND('',#13921,.F.);
#13924=CARTESIAN_POINT('',(1.8467E2,4.397223972185E1,7.242284929362E1));
#13925=DIRECTION('',(-1.E0,0.E0,0.E0));
#13926=DIRECTION('',(0.E0,-1.E0,2.775557561563E-14));
#13927=AXIS2_PLACEMENT_3D('',#13924,#13925,#13926);
#13928=CYLINDRICAL_SURFACE('',#13927,5.E-1);
#13930=ORIENTED_EDGE('',*,*,#13929,.F.);
#13931=ORIENTED_EDGE('',*,*,#7541,.T.);
#13933=ORIENTED_EDGE('',*,*,#13932,.T.);
#13935=ORIENTED_EDGE('',*,*,#13934,.T.);
#13936=EDGE_LOOP('',(#13930,#13931,#13933,#13935));
#13937=FACE_OUTER_BOUND('',#13936,.F.);
#13939=CARTESIAN_POINT('',(1.8467E2,4.397223972185E1,7.242284929362E1));
#13940=DIRECTION('',(-1.E0,0.E0,0.E0));
#13941=DIRECTION('',(0.E0,-1.E0,2.775557561563E-14));
#13942=AXIS2_PLACEMENT_3D('',#13939,#13940,#13941);
#13943=CYLINDRICAL_SURFACE('',#13942,5.E-1);
#13945=ORIENTED_EDGE('',*,*,#13944,.T.);
#13946=ORIENTED_EDGE('',*,*,#13932,.F.);
#13947=ORIENTED_EDGE('',*,*,#7543,.T.);
#13948=ORIENTED_EDGE('',*,*,#13929,.T.);
#13949=EDGE_LOOP('',(#13945,#13946,#13947,#13948));
#13950=FACE_OUTER_BOUND('',#13949,.F.);
#13952=CARTESIAN_POINT('',(1.843605767723E2,4.447110534628E1,7.239146332886E1));
#13953=CARTESIAN_POINT('',(1.845451052528E2,4.447689294432E1,7.239109920405E1));
#13954=CARTESIAN_POINT('',(1.846756510092E2,4.434660479017E1,7.239929623992E1));
#13955=CARTESIAN_POINT('',(1.846698519681E2,4.416244043440E1,7.241088287908E1));
#13956=CARTESIAN_POINT('',(1.843605767723E2,4.449042022497E1,7.269846453437E1));
#13957=CARTESIAN_POINT('',(1.845451052528E2,4.449643190491E1,7.270166208928E1));
#13958=CARTESIAN_POINT('',(1.846756510092E2,4.436109930638E1,7.262967997784E1));
#13959=CARTESIAN_POINT('',(1.846698519681E2,4.416980454913E1,7.252793213079E1));
#13960=CARTESIAN_POINT('',(1.843605767723E2,4.427984792188E1,7.292270126173E1));
#13961=CARTESIAN_POINT('',(1.845451052528E2,4.428341664366E1,7.292850030286E1));
#13962=CARTESIAN_POINT('',(1.846756510092E2,4.420307896829E1,7.279795454647E1));
#13963=CARTESIAN_POINT('',(1.846698519681E2,4.408952040019E1,7.261342606590E1));
#13964=CARTESIAN_POINT('',(1.843605767723E2,4.397223972185E1,7.292270126173E1));
#13965=CARTESIAN_POINT('',(1.845451052528E2,4.397223972185E1,7.292850030286E1));
#13966=CARTESIAN_POINT('',(1.846756510092E2,4.397223972185E1,7.279795454647E1));
#13967=CARTESIAN_POINT('',(1.846698519681E2,4.397223972185E1,7.261342606590E1));
#13968=CARTESIAN_POINT('',(1.843605767723E2,4.366463152182E1,7.292270126173E1));
#13969=CARTESIAN_POINT('',(1.845451052528E2,4.366106280005E1,7.292850030286E1));
#13970=CARTESIAN_POINT('',(1.846756510092E2,4.374140047541E1,7.279795454647E1));
#13971=CARTESIAN_POINT('',(1.846698519681E2,4.385495904352E1,7.261342606590E1));
#13972=CARTESIAN_POINT('',(1.843605767723E2,4.345405921873E1,7.269846453437E1));
#13973=CARTESIAN_POINT('',(1.845451052528E2,4.344804753880E1,7.270166208928E1));
#13974=CARTESIAN_POINT('',(1.846756510092E2,4.358338013732E1,7.262967997784E1));
#13975=CARTESIAN_POINT('',(1.846698519681E2,4.377467489458E1,7.252793213079E1));
#13976=CARTESIAN_POINT('',(1.843605767723E2,4.347337409742E1,7.239146332886E1));
#13977=CARTESIAN_POINT('',(1.845451052528E2,4.346758649938E1,7.239109920405E1));
#13978=CARTESIAN_POINT('',(1.846756510092E2,4.359787465354E1,7.239929623992E1));
#13979=CARTESIAN_POINT('',(1.846698519681E2,4.378203900930E1,7.241088287908E1));
#13980=(BOUNDED_SURFACE()B_SPLINE_SURFACE(3,3,((#13952,#13953,#13954,#13955),(
#13956,#13957,#13958,#13959),(#13960,#13961,#13962,#13963),(#13964,#13965,
#13966,#13967),(#13968,#13969,#13970,#13971),(#13972,#13973,#13974,#13975),(
#13976,#13977,#13978,#13979)),.UNSPECIFIED.,.F.,.F.,.F.)B_SPLINE_SURFACE_WITH_KNOTS((4,3,4),(4,4),(0.E0,1.E0,2.E0),(0.E0,1.E0),.UNSPECIFIED.)GEOMETRIC_REPRESENTATION_ITEM()RATIONAL_B_SPLINE_SURFACE(((1.409592795969E0,1.113152711336E0,
1.113152711336E0,1.409592795969E0),(1.113152711336E0,8.790545484463E-1,
8.790545484463E-1,1.113152711336E0),(1.113152711336E0,8.790545484463E-1,
8.790545484463E-1,1.113152711336E0),(1.409592795969E0,1.113152711336E0,
1.113152711336E0,1.409592795969E0),(1.113152711336E0,8.790545484463E-1,
8.790545484463E-1,1.113152711336E0),(1.113152711336E0,8.790545484463E-1,
8.790545484463E-1,1.113152711336E0),(1.409592795969E0,1.113152711336E0,
1.113152711336E0,1.409592795969E0)))REPRESENTATION_ITEM('')SURFACE());
#13981=ORIENTED_EDGE('',*,*,#13944,.F.);
#13983=ORIENTED_EDGE('',*,*,#13982,.F.);
#13985=ORIENTED_EDGE('',*,*,#13984,.T.);
#13987=ORIENTED_EDGE('',*,*,#13986,.T.);
#13988=EDGE_LOOP('',(#13981,#13983,#13985,#13987));
#13989=FACE_OUTER_BOUND('',#13988,.F.);
#13991=CARTESIAN_POINT('',(1.843605767723E2,4.347337409742E1,7.245423525839E1));
#13992=CARTESIAN_POINT('',(1.845451052528E2,4.346758649938E1,7.245459938319E1));
#13993=CARTESIAN_POINT('',(1.846756510092E2,4.359787465354E1,7.244640234733E1));
#13994=CARTESIAN_POINT('',(1.846698519681E2,4.378203900930E1,7.243481570817E1));
#13995=CARTESIAN_POINT('',(1.843605767723E2,4.345405921873E1,7.214723405287E1));
#13996=CARTESIAN_POINT('',(1.845451052528E2,4.344804753880E1,7.214403649796E1));
#13997=CARTESIAN_POINT('',(1.846756510092E2,4.358338013732E1,7.221601860941E1));
#13998=CARTESIAN_POINT('',(1.846698519681E2,4.377467489458E1,7.231776645646E1));
#13999=CARTESIAN_POINT('',(1.843605767723E2,4.366463152182E1,7.192299732551E1));
#14000=CARTESIAN_POINT('',(1.845451052528E2,4.366106280005E1,7.191719828439E1));
#14001=CARTESIAN_POINT('',(1.846756510092E2,4.374140047541E1,7.204774404078E1));
#14002=CARTESIAN_POINT('',(1.846698519681E2,4.385495904352E1,7.223227252135E1));
#14003=CARTESIAN_POINT('',(1.843605767723E2,4.397223972185E1,7.192299732551E1));
#14004=CARTESIAN_POINT('',(1.845451052528E2,4.397223972185E1,7.191719828439E1));
#14005=CARTESIAN_POINT('',(1.846756510092E2,4.397223972185E1,7.204774404078E1));
#14006=CARTESIAN_POINT('',(1.846698519681E2,4.397223972185E1,7.223227252135E1));
#14007=CARTESIAN_POINT('',(1.843605767723E2,4.427984792188E1,7.192299732551E1));
#14008=CARTESIAN_POINT('',(1.845451052528E2,4.428341664366E1,7.191719828439E1));
#14009=CARTESIAN_POINT('',(1.846756510092E2,4.420307896829E1,7.204774404078E1));
#14010=CARTESIAN_POINT('',(1.846698519681E2,4.408952040019E1,7.223227252135E1));
#14011=CARTESIAN_POINT('',(1.843605767723E2,4.449042022497E1,7.214723405287E1));
#14012=CARTESIAN_POINT('',(1.845451052528E2,4.449643190491E1,7.214403649796E1));
#14013=CARTESIAN_POINT('',(1.846756510092E2,4.436109930638E1,7.221601860941E1));
#14014=CARTESIAN_POINT('',(1.846698519681E2,4.416980454913E1,7.231776645646E1));
#14015=CARTESIAN_POINT('',(1.843605767723E2,4.447110534628E1,7.245423525839E1));
#14016=CARTESIAN_POINT('',(1.845451052528E2,4.447689294432E1,7.245459938319E1));
#14017=CARTESIAN_POINT('',(1.846756510092E2,4.434660479017E1,7.244640234733E1));
#14018=CARTESIAN_POINT('',(1.846698519681E2,4.416244043440E1,7.243481570817E1));
#14019=(BOUNDED_SURFACE()B_SPLINE_SURFACE(3,3,((#13991,#13992,#13993,#13994),(
#13995,#13996,#13997,#13998),(#13999,#14000,#14001,#14002),(#14003,#14004,
#14005,#14006),(#14007,#14008,#14009,#14010),(#14011,#14012,#14013,#14014),(
#14015,#14016,#14017,#14018)),.UNSPECIFIED.,.F.,.F.,.F.)B_SPLINE_SURFACE_WITH_KNOTS((4,3,4),(4,4),(0.E0,1.E0,2.E0),(0.E0,1.E0),.UNSPECIFIED.)GEOMETRIC_REPRESENTATION_ITEM()RATIONAL_B_SPLINE_SURFACE(((1.409592795970E0,1.113152711336E0,
1.113152711336E0,1.409592795970E0),(1.113152711336E0,8.790545484462E-1,
8.790545484462E-1,1.113152711336E0),(1.113152711336E0,8.790545484462E-1,
8.790545484462E-1,1.113152711336E0),(1.409592795970E0,1.113152711336E0,
1.113152711336E0,1.409592795970E0),(1.113152711336E0,8.790545484462E-1,
8.790545484462E-1,1.113152711336E0),(1.113152711336E0,8.790545484462E-1,
8.790545484462E-1,1.113152711336E0),(1.409592795970E0,1.113152711336E0,
1.113152711336E0,1.409592795970E0)))REPRESENTATION_ITEM('')SURFACE());
#14020=ORIENTED_EDGE('',*,*,#13986,.F.);
#14022=ORIENTED_EDGE('',*,*,#14021,.T.);
#14023=ORIENTED_EDGE('',*,*,#13982,.T.);
#14024=ORIENTED_EDGE('',*,*,#13934,.F.);
#14025=EDGE_LOOP('',(#14020,#14022,#14023,#14024));
#14026=FACE_OUTER_BOUND('',#14025,.F.);
#14028=CARTESIAN_POINT('',(1.8467E2,4.397223972185E1,7.242284929362E1));
#14029=DIRECTION('',(1.E0,0.E0,0.E0));
#14030=DIRECTION('',(0.E0,1.E0,-1.902583850429E-14));
#14031=AXIS2_PLACEMENT_3D('',#14028,#14029,#14030);
#14032=PLANE('',#14031);
#14033=ORIENTED_EDGE('',*,*,#13984,.F.);
#14034=ORIENTED_EDGE('',*,*,#14021,.F.);
#14035=EDGE_LOOP('',(#14033,#14034));
#14036=FACE_OUTER_BOUND('',#14035,.F.);
#14038=CARTESIAN_POINT('',(1.8467E2,4.697223972185E1,7.242284929362E1));
#14039=DIRECTION('',(-1.E0,0.E0,0.E0));
#14040=DIRECTION('',(0.E0,-1.E0,2.775557561563E-14));
#14041=AXIS2_PLACEMENT_3D('',#14038,#14039,#14040);
#14042=CYLINDRICAL_SURFACE('',#14041,5.E-1);
#14044=ORIENTED_EDGE('',*,*,#14043,.F.);
#14045=ORIENTED_EDGE('',*,*,#7547,.T.);
#14047=ORIENTED_EDGE('',*,*,#14046,.T.);
#14049=ORIENTED_EDGE('',*,*,#14048,.T.);
#14050=EDGE_LOOP('',(#14044,#14045,#14047,#14049));
#14051=FACE_OUTER_BOUND('',#14050,.F.);
#14053=CARTESIAN_POINT('',(1.8467E2,4.697223972185E1,7.242284929362E1));
#14054=DIRECTION('',(-1.E0,0.E0,0.E0));
#14055=DIRECTION('',(0.E0,-1.E0,2.775557561563E-14));
#14056=AXIS2_PLACEMENT_3D('',#14053,#14054,#14055);
#14057=CYLINDRICAL_SURFACE('',#14056,5.E-1);
#14059=ORIENTED_EDGE('',*,*,#14058,.T.);
#14060=ORIENTED_EDGE('',*,*,#14046,.F.);
#14061=ORIENTED_EDGE('',*,*,#7549,.T.);
#14062=ORIENTED_EDGE('',*,*,#14043,.T.);
#14063=EDGE_LOOP('',(#14059,#14060,#14061,#14062));
#14064=FACE_OUTER_BOUND('',#14063,.F.);
#14066=CARTESIAN_POINT('',(1.843605767723E2,4.747110534628E1,7.239146332886E1));
#14067=CARTESIAN_POINT('',(1.845451052528E2,4.747689294432E1,7.239109920405E1));
#14068=CARTESIAN_POINT('',(1.846756510092E2,4.734660479017E1,7.239929623992E1));
#14069=CARTESIAN_POINT('',(1.846698519681E2,4.716244043440E1,7.241088287908E1));
#14070=CARTESIAN_POINT('',(1.843605767723E2,4.749042022497E1,7.269846453437E1));
#14071=CARTESIAN_POINT('',(1.845451052528E2,4.749643190491E1,7.270166208928E1));
#14072=CARTESIAN_POINT('',(1.846756510092E2,4.736109930638E1,7.262967997784E1));
#14073=CARTESIAN_POINT('',(1.846698519681E2,4.716980454913E1,7.252793213079E1));
#14074=CARTESIAN_POINT('',(1.843605767723E2,4.727984792188E1,7.292270126173E1));
#14075=CARTESIAN_POINT('',(1.845451052528E2,4.728341664366E1,7.292850030286E1));
#14076=CARTESIAN_POINT('',(1.846756510092E2,4.720307896829E1,7.279795454647E1));
#14077=CARTESIAN_POINT('',(1.846698519681E2,4.708952040019E1,7.261342606590E1));
#14078=CARTESIAN_POINT('',(1.843605767723E2,4.697223972185E1,7.292270126173E1));
#14079=CARTESIAN_POINT('',(1.845451052528E2,4.697223972185E1,7.292850030286E1));
#14080=CARTESIAN_POINT('',(1.846756510092E2,4.697223972185E1,7.279795454647E1));
#14081=CARTESIAN_POINT('',(1.846698519681E2,4.697223972185E1,7.261342606590E1));
#14082=CARTESIAN_POINT('',(1.843605767723E2,4.666463152182E1,7.292270126173E1));
#14083=CARTESIAN_POINT('',(1.845451052528E2,4.666106280005E1,7.292850030286E1));
#14084=CARTESIAN_POINT('',(1.846756510092E2,4.674140047541E1,7.279795454647E1));
#14085=CARTESIAN_POINT('',(1.846698519681E2,4.685495904352E1,7.261342606590E1));
#14086=CARTESIAN_POINT('',(1.843605767723E2,4.645405921873E1,7.269846453437E1));
#14087=CARTESIAN_POINT('',(1.845451052528E2,4.644804753880E1,7.270166208928E1));
#14088=CARTESIAN_POINT('',(1.846756510092E2,4.658338013732E1,7.262967997784E1));
#14089=CARTESIAN_POINT('',(1.846698519681E2,4.677467489458E1,7.252793213079E1));
#14090=CARTESIAN_POINT('',(1.843605767723E2,4.647337409742E1,7.239146332886E1));
#14091=CARTESIAN_POINT('',(1.845451052528E2,4.646758649938E1,7.239109920405E1));
#14092=CARTESIAN_POINT('',(1.846756510092E2,4.659787465354E1,7.239929623992E1));
#14093=CARTESIAN_POINT('',(1.846698519681E2,4.678203900930E1,7.241088287908E1));
#14094=(BOUNDED_SURFACE()B_SPLINE_SURFACE(3,3,((#14066,#14067,#14068,#14069),(
#14070,#14071,#14072,#14073),(#14074,#14075,#14076,#14077),(#14078,#14079,
#14080,#14081),(#14082,#14083,#14084,#14085),(#14086,#14087,#14088,#14089),(
#14090,#14091,#14092,#14093)),.UNSPECIFIED.,.F.,.F.,.F.)B_SPLINE_SURFACE_WITH_KNOTS((4,3,4),(4,4),(0.E0,1.E0,2.E0),(0.E0,1.E0),.UNSPECIFIED.)GEOMETRIC_REPRESENTATION_ITEM()RATIONAL_B_SPLINE_SURFACE(((1.409592795969E0,1.113152711336E0,
1.113152711336E0,1.409592795969E0),(1.113152711336E0,8.790545484463E-1,
8.790545484463E-1,1.113152711336E0),(1.113152711336E0,8.790545484463E-1,
8.790545484463E-1,1.113152711336E0),(1.409592795969E0,1.113152711336E0,
1.113152711336E0,1.409592795969E0),(1.113152711336E0,8.790545484463E-1,
8.790545484463E-1,1.113152711336E0),(1.113152711336E0,8.790545484463E-1,
8.790545484463E-1,1.113152711336E0),(1.409592795969E0,1.113152711336E0,
1.113152711336E0,1.409592795969E0)))REPRESENTATION_ITEM('')SURFACE());
#14095=ORIENTED_EDGE('',*,*,#14058,.F.);
#14097=ORIENTED_EDGE('',*,*,#14096,.F.);
#14099=ORIENTED_EDGE('',*,*,#14098,.T.);
#14101=ORIENTED_EDGE('',*,*,#14100,.T.);
#14102=EDGE_LOOP('',(#14095,#14097,#14099,#14101));
#14103=FACE_OUTER_BOUND('',#14102,.F.);
#14105=CARTESIAN_POINT('',(1.843605767723E2,4.647337409742E1,7.245423525839E1));
#14106=CARTESIAN_POINT('',(1.845451052528E2,4.646758649938E1,7.245459938319E1));
#14107=CARTESIAN_POINT('',(1.846756510092E2,4.659787465354E1,7.244640234733E1));
#14108=CARTESIAN_POINT('',(1.846698519681E2,4.678203900930E1,7.243481570817E1));
#14109=CARTESIAN_POINT('',(1.843605767723E2,4.645405921873E1,7.214723405287E1));
#14110=CARTESIAN_POINT('',(1.845451052528E2,4.644804753880E1,7.214403649796E1));
#14111=CARTESIAN_POINT('',(1.846756510092E2,4.658338013732E1,7.221601860941E1));
#14112=CARTESIAN_POINT('',(1.846698519681E2,4.677467489458E1,7.231776645646E1));
#14113=CARTESIAN_POINT('',(1.843605767723E2,4.666463152182E1,7.192299732551E1));
#14114=CARTESIAN_POINT('',(1.845451052528E2,4.666106280005E1,7.191719828439E1));
#14115=CARTESIAN_POINT('',(1.846756510092E2,4.674140047541E1,7.204774404078E1));
#14116=CARTESIAN_POINT('',(1.846698519681E2,4.685495904352E1,7.223227252135E1));
#14117=CARTESIAN_POINT('',(1.843605767723E2,4.697223972185E1,7.192299732551E1));
#14118=CARTESIAN_POINT('',(1.845451052528E2,4.697223972185E1,7.191719828439E1));
#14119=CARTESIAN_POINT('',(1.846756510092E2,4.697223972185E1,7.204774404078E1));
#14120=CARTESIAN_POINT('',(1.846698519681E2,4.697223972185E1,7.223227252135E1));
#14121=CARTESIAN_POINT('',(1.843605767723E2,4.727984792188E1,7.192299732551E1));
#14122=CARTESIAN_POINT('',(1.845451052528E2,4.728341664366E1,7.191719828439E1));
#14123=CARTESIAN_POINT('',(1.846756510092E2,4.720307896829E1,7.204774404078E1));
#14124=CARTESIAN_POINT('',(1.846698519681E2,4.708952040019E1,7.223227252135E1));
#14125=CARTESIAN_POINT('',(1.843605767723E2,4.749042022497E1,7.214723405287E1));
#14126=CARTESIAN_POINT('',(1.845451052528E2,4.749643190491E1,7.214403649796E1));
#14127=CARTESIAN_POINT('',(1.846756510092E2,4.736109930638E1,7.221601860941E1));
#14128=CARTESIAN_POINT('',(1.846698519681E2,4.716980454913E1,7.231776645646E1));
#14129=CARTESIAN_POINT('',(1.843605767723E2,4.747110534628E1,7.245423525839E1));
#14130=CARTESIAN_POINT('',(1.845451052528E2,4.747689294432E1,7.245459938319E1));
#14131=CARTESIAN_POINT('',(1.846756510092E2,4.734660479017E1,7.244640234733E1));
#14132=CARTESIAN_POINT('',(1.846698519681E2,4.716244043440E1,7.243481570817E1));
#14133=(BOUNDED_SURFACE()B_SPLINE_SURFACE(3,3,((#14105,#14106,#14107,#14108),(
#14109,#14110,#14111,#14112),(#14113,#14114,#14115,#14116),(#14117,#14118,
#14119,#14120),(#14121,#14122,#14123,#14124),(#14125,#14126,#14127,#14128),(
#14129,#14130,#14131,#14132)),.UNSPECIFIED.,.F.,.F.,.F.)B_SPLINE_SURFACE_WITH_KNOTS((4,3,4),(4,4),(0.E0,1.E0,2.E0),(0.E0,1.E0),.UNSPECIFIED.)GEOMETRIC_REPRESENTATION_ITEM()RATIONAL_B_SPLINE_SURFACE(((1.409592795969E0,1.113152711336E0,
1.113152711336E0,1.409592795969E0),(1.113152711336E0,8.790545484463E-1,
8.790545484463E-1,1.113152711336E0),(1.113152711336E0,8.790545484463E-1,
8.790545484463E-1,1.113152711336E0),(1.409592795969E0,1.113152711336E0,
1.113152711336E0,1.409592795969E0),(1.113152711336E0,8.790545484463E-1,
8.790545484463E-1,1.113152711336E0),(1.113152711336E0,8.790545484463E-1,
8.790545484463E-1,1.113152711336E0),(1.409592795969E0,1.113152711336E0,
1.113152711336E0,1.409592795969E0)))REPRESENTATION_ITEM('')SURFACE());
#14134=ORIENTED_EDGE('',*,*,#14100,.F.);
#14136=ORIENTED_EDGE('',*,*,#14135,.T.);
#14137=ORIENTED_EDGE('',*,*,#14096,.T.);
#14138=ORIENTED_EDGE('',*,*,#14048,.F.);
#14139=EDGE_LOOP('',(#14134,#14136,#14137,#14138));
#14140=FACE_OUTER_BOUND('',#14139,.F.);
#14142=CARTESIAN_POINT('',(1.8467E2,4.697223972185E1,7.242284929362E1));
#14143=DIRECTION('',(1.E0,0.E0,0.E0));
#14144=DIRECTION('',(0.E0,1.E0,-1.902583850429E-14));
#14145=AXIS2_PLACEMENT_3D('',#14142,#14143,#14144);
#14146=PLANE('',#14145);
#14147=ORIENTED_EDGE('',*,*,#14098,.F.);
#14148=ORIENTED_EDGE('',*,*,#14135,.F.);
#14149=EDGE_LOOP('',(#14147,#14148));
#14150=FACE_OUTER_BOUND('',#14149,.F.);
#14152=CARTESIAN_POINT('',(1.8467E2,4.997223972185E1,7.242284929362E1));
#14153=DIRECTION('',(-1.E0,0.E0,0.E0));
#14154=DIRECTION('',(0.E0,-1.E0,2.775557561563E-14));
#14155=AXIS2_PLACEMENT_3D('',#14152,#14153,#14154);
#14156=CYLINDRICAL_SURFACE('',#14155,5.E-1);
#14158=ORIENTED_EDGE('',*,*,#14157,.F.);
#14159=ORIENTED_EDGE('',*,*,#7553,.T.);
#14161=ORIENTED_EDGE('',*,*,#14160,.T.);
#14163=ORIENTED_EDGE('',*,*,#14162,.T.);
#14164=EDGE_LOOP('',(#14158,#14159,#14161,#14163));
#14165=FACE_OUTER_BOUND('',#14164,.F.);
#14167=CARTESIAN_POINT('',(1.8467E2,4.997223972185E1,7.242284929362E1));
#14168=DIRECTION('',(-1.E0,0.E0,0.E0));
#14169=DIRECTION('',(0.E0,-1.E0,2.775557561563E-14));
#14170=AXIS2_PLACEMENT_3D('',#14167,#14168,#14169);
#14171=CYLINDRICAL_SURFACE('',#14170,5.E-1);
#14173=ORIENTED_EDGE('',*,*,#14172,.T.);
#14174=ORIENTED_EDGE('',*,*,#14160,.F.);
#14175=ORIENTED_EDGE('',*,*,#7555,.T.);
#14176=ORIENTED_EDGE('',*,*,#14157,.T.);
#14177=EDGE_LOOP('',(#14173,#14174,#14175,#14176));
#14178=FACE_OUTER_BOUND('',#14177,.F.);
#14180=CARTESIAN_POINT('',(1.843605767723E2,5.047110534628E1,7.239146332886E1));
#14181=CARTESIAN_POINT('',(1.845451052528E2,5.047689294432E1,7.239109920405E1));
#14182=CARTESIAN_POINT('',(1.846756510092E2,5.034660479017E1,7.239929623992E1));
#14183=CARTESIAN_POINT('',(1.846698519681E2,5.016244043440E1,7.241088287908E1));
#14184=CARTESIAN_POINT('',(1.843605767723E2,5.049042022497E1,7.269846453437E1));
#14185=CARTESIAN_POINT('',(1.845451052528E2,5.049643190491E1,7.270166208928E1));
#14186=CARTESIAN_POINT('',(1.846756510092E2,5.036109930638E1,7.262967997784E1));
#14187=CARTESIAN_POINT('',(1.846698519681E2,5.016980454913E1,7.252793213079E1));
#14188=CARTESIAN_POINT('',(1.843605767723E2,5.027984792188E1,7.292270126173E1));
#14189=CARTESIAN_POINT('',(1.845451052528E2,5.028341664366E1,7.292850030286E1));
#14190=CARTESIAN_POINT('',(1.846756510092E2,5.020307896829E1,7.279795454647E1));
#14191=CARTESIAN_POINT('',(1.846698519681E2,5.008952040019E1,7.261342606590E1));
#14192=CARTESIAN_POINT('',(1.843605767723E2,4.997223972185E1,7.292270126173E1));
#14193=CARTESIAN_POINT('',(1.845451052528E2,4.997223972185E1,7.292850030286E1));
#14194=CARTESIAN_POINT('',(1.846756510092E2,4.997223972185E1,7.279795454647E1));
#14195=CARTESIAN_POINT('',(1.846698519681E2,4.997223972185E1,7.261342606590E1));
#14196=CARTESIAN_POINT('',(1.843605767723E2,4.966463152182E1,7.292270126173E1));
#14197=CARTESIAN_POINT('',(1.845451052528E2,4.966106280005E1,7.292850030286E1));
#14198=CARTESIAN_POINT('',(1.846756510092E2,4.974140047541E1,7.279795454647E1));
#14199=CARTESIAN_POINT('',(1.846698519681E2,4.985495904352E1,7.261342606590E1));
#14200=CARTESIAN_POINT('',(1.843605767723E2,4.945405921873E1,7.269846453437E1));
#14201=CARTESIAN_POINT('',(1.845451052528E2,4.944804753880E1,7.270166208928E1));
#14202=CARTESIAN_POINT('',(1.846756510092E2,4.958338013732E1,7.262967997784E1));
#14203=CARTESIAN_POINT('',(1.846698519681E2,4.977467489458E1,7.252793213079E1));
#14204=CARTESIAN_POINT('',(1.843605767723E2,4.947337409742E1,7.239146332886E1));
#14205=CARTESIAN_POINT('',(1.845451052528E2,4.946758649938E1,7.239109920405E1));
#14206=CARTESIAN_POINT('',(1.846756510092E2,4.959787465354E1,7.239929623992E1));
#14207=CARTESIAN_POINT('',(1.846698519681E2,4.978203900930E1,7.241088287908E1));
#14208=(BOUNDED_SURFACE()B_SPLINE_SURFACE(3,3,((#14180,#14181,#14182,#14183),(
#14184,#14185,#14186,#14187),(#14188,#14189,#14190,#14191),(#14192,#14193,
#14194,#14195),(#14196,#14197,#14198,#14199),(#14200,#14201,#14202,#14203),(
#14204,#14205,#14206,#14207)),.UNSPECIFIED.,.F.,.F.,.F.)B_SPLINE_SURFACE_WITH_KNOTS((4,3,4),(4,4),(0.E0,1.E0,2.E0),(0.E0,1.E0),.UNSPECIFIED.)GEOMETRIC_REPRESENTATION_ITEM()RATIONAL_B_SPLINE_SURFACE(((1.409592795969E0,1.113152711336E0,
1.113152711336E0,1.409592795969E0),(1.113152711336E0,8.790545484463E-1,
8.790545484463E-1,1.113152711336E0),(1.113152711336E0,8.790545484463E-1,
8.790545484463E-1,1.113152711336E0),(1.409592795969E0,1.113152711336E0,
1.113152711336E0,1.409592795969E0),(1.113152711336E0,8.790545484463E-1,
8.790545484463E-1,1.113152711336E0),(1.113152711336E0,8.790545484463E-1,
8.790545484463E-1,1.113152711336E0),(1.409592795969E0,1.113152711336E0,
1.113152711336E0,1.409592795969E0)))REPRESENTATION_ITEM('')SURFACE());
#14209=ORIENTED_EDGE('',*,*,#14172,.F.);
#14211=ORIENTED_EDGE('',*,*,#14210,.F.);
#14213=ORIENTED_EDGE('',*,*,#14212,.T.);
#14215=ORIENTED_EDGE('',*,*,#14214,.T.);
#14216=EDGE_LOOP('',(#14209,#14211,#14213,#14215));
#14217=FACE_OUTER_BOUND('',#14216,.F.);
#14219=CARTESIAN_POINT('',(1.843605767723E2,4.947337409742E1,7.245423525839E1));
#14220=CARTESIAN_POINT('',(1.845451052528E2,4.946758649938E1,7.245459938319E1));
#14221=CARTESIAN_POINT('',(1.846756510092E2,4.959787465354E1,7.244640234733E1));
#14222=CARTESIAN_POINT('',(1.846698519681E2,4.978203900930E1,7.243481570816E1));
#14223=CARTESIAN_POINT('',(1.843605767723E2,4.945405921873E1,7.214723405287E1));
#14224=CARTESIAN_POINT('',(1.845451052528E2,4.944804753880E1,7.214403649796E1));
#14225=CARTESIAN_POINT('',(1.846756510092E2,4.958338013732E1,7.221601860941E1));
#14226=CARTESIAN_POINT('',(1.846698519681E2,4.977467489458E1,7.231776645646E1));
#14227=CARTESIAN_POINT('',(1.843605767723E2,4.966463152182E1,7.192299732551E1));
#14228=CARTESIAN_POINT('',(1.845451052528E2,4.966106280005E1,7.191719828439E1));
#14229=CARTESIAN_POINT('',(1.846756510092E2,4.974140047541E1,7.204774404078E1));
#14230=CARTESIAN_POINT('',(1.846698519681E2,4.985495904352E1,7.223227252135E1));
#14231=CARTESIAN_POINT('',(1.843605767723E2,4.997223972185E1,7.192299732551E1));
#14232=CARTESIAN_POINT('',(1.845451052528E2,4.997223972185E1,7.191719828439E1));
#14233=CARTESIAN_POINT('',(1.846756510092E2,4.997223972185E1,7.204774404078E1));
#14234=CARTESIAN_POINT('',(1.846698519681E2,4.997223972185E1,7.223227252135E1));
#14235=CARTESIAN_POINT('',(1.843605767723E2,5.027984792188E1,7.192299732551E1));
#14236=CARTESIAN_POINT('',(1.845451052528E2,5.028341664366E1,7.191719828439E1));
#14237=CARTESIAN_POINT('',(1.846756510092E2,5.020307896829E1,7.204774404078E1));
#14238=CARTESIAN_POINT('',(1.846698519681E2,5.008952040019E1,7.223227252135E1));
#14239=CARTESIAN_POINT('',(1.843605767723E2,5.049042022497E1,7.214723405287E1));
#14240=CARTESIAN_POINT('',(1.845451052528E2,5.049643190491E1,7.214403649796E1));
#14241=CARTESIAN_POINT('',(1.846756510092E2,5.036109930638E1,7.221601860941E1));
#14242=CARTESIAN_POINT('',(1.846698519681E2,5.016980454913E1,7.231776645646E1));
#14243=CARTESIAN_POINT('',(1.843605767723E2,5.047110534628E1,7.245423525839E1));
#14244=CARTESIAN_POINT('',(1.845451052528E2,5.047689294432E1,7.245459938319E1));
#14245=CARTESIAN_POINT('',(1.846756510092E2,5.034660479017E1,7.244640234733E1));
#14246=CARTESIAN_POINT('',(1.846698519681E2,5.016244043440E1,7.243481570816E1));
#14247=(BOUNDED_SURFACE()B_SPLINE_SURFACE(3,3,((#14219,#14220,#14221,#14222),(
#14223,#14224,#14225,#14226),(#14227,#14228,#14229,#14230),(#14231,#14232,
#14233,#14234),(#14235,#14236,#14237,#14238),(#14239,#14240,#14241,#14242),(
#14243,#14244,#14245,#14246)),.UNSPECIFIED.,.F.,.F.,.F.)B_SPLINE_SURFACE_WITH_KNOTS((4,3,4),(4,4),(0.E0,1.E0,2.E0),(0.E0,1.E0),.UNSPECIFIED.)GEOMETRIC_REPRESENTATION_ITEM()RATIONAL_B_SPLINE_SURFACE(((1.409592795969E0,1.113152711336E0,
1.113152711336E0,1.409592795969E0),(1.113152711336E0,8.790545484463E-1,
8.790545484463E-1,1.113152711336E0),(1.113152711336E0,8.790545484463E-1,
8.790545484463E-1,1.113152711336E0),(1.409592795969E0,1.113152711336E0,
1.113152711336E0,1.409592795969E0),(1.113152711336E0,8.790545484463E-1,
8.790545484463E-1,1.113152711336E0),(1.113152711336E0,8.790545484463E-1,
8.790545484463E-1,1.113152711336E0),(1.409592795969E0,1.113152711336E0,
1.113152711336E0,1.409592795969E0)))REPRESENTATION_ITEM('')SURFACE());
#14248=ORIENTED_EDGE('',*,*,#14214,.F.);
#14250=ORIENTED_EDGE('',*,*,#14249,.T.);
#14251=ORIENTED_EDGE('',*,*,#14210,.T.);
#14252=ORIENTED_EDGE('',*,*,#14162,.F.);
#14253=EDGE_LOOP('',(#14248,#14250,#14251,#14252));
#14254=FACE_OUTER_BOUND('',#14253,.F.);
#14256=CARTESIAN_POINT('',(1.8467E2,4.997223972185E1,7.242284929362E1));
#14257=DIRECTION('',(1.E0,0.E0,0.E0));
#14258=DIRECTION('',(0.E0,1.E0,-1.902583850429E-14));
#14259=AXIS2_PLACEMENT_3D('',#14256,#14257,#14258);
#14260=PLANE('',#14259);
#14261=ORIENTED_EDGE('',*,*,#14212,.F.);
#14262=ORIENTED_EDGE('',*,*,#14249,.F.);
#14263=EDGE_LOOP('',(#14261,#14262));
#14264=FACE_OUTER_BOUND('',#14263,.F.);
#14266=CLOSED_SHELL('',(#7282,#7297,#7336,#7373,#7383,#7559,#7574,#7588,#7602,
#7649,#7664,#7678,#7692,#7747,#7762,#7776,#7790,#7804,#7818,#7832,#7846,#7859,
#7885,#7930,#7951,#7981,#8030,#8045,#8059,#8082,#8095,#8110,#8126,#8149,#8170,
#8187,#8203,#8218,#8259,#8271,#8286,#8299,#8312,#8323,#8338,#8351,#8364,#8375,
#8390,#8403,#8443,#8458,#8473,#8487,#8499,#8515,#8530,#8547,#8559,#8574,#8591,
#8606,#8619,#8677,#8694,#8714,#8726,#8740,#8792,#8805,#8826,#8839,#8853,#8867,
#8881,#8924,#8938,#8951,#8963,#8976,#8989,#9002,#9015,#9028,#9041,#9053,#9066,
#9079,#9092,#9105,#9117,#9129,#9144,#9157,#9172,#9183,#9195,#9210,#9223,#9239,
#9253,#9265,#9280,#9293,#9309,#9323,#9335,#9350,#9363,#9379,#9393,#9405,#9420,
#9433,#9449,#9463,#9475,#9490,#9503,#9519,#9533,#9545,#9560,#9573,#9589,#9603,
#9615,#9630,#9643,#9656,#9667,#9679,#9696,#9709,#9726,#9741,#9754,#9767,#9778,
#9793,#9806,#9822,#9837,#9850,#9863,#9874,#9889,#9904,#9921,#9936,#9949,#9962,
#9973,#9988,#10001,#10017,#10032,#10045,#10058,#10069,#10084,#10097,#10110,
#10121,#10136,#10149,#10162,#10173,#10212,#10249,#10259,#10298,#10335,#10345,
#10384,#10421,#10431,#10470,#10507,#10517,#10531,#10545,#10559,#10573,#10587,
#10600,#10640,#10679,#10716,#10726,#10765,#10802,#10812,#10851,#10888,#10898,
#10937,#10974,#10984,#10999,#11012,#11025,#11038,#11051,#11063,#11078,#11091,
#11107,#11124,#11138,#11153,#11170,#11182,#11197,#11210,#11225,#11237,#11252,
#11265,#11281,#11298,#11312,#11327,#11344,#11356,#11373,#11387,#11404,#11417,
#11430,#11443,#11456,#11469,#11484,#11496,#11511,#11524,#11563,#11600,#11610,
#11625,#11638,#11677,#11714,#11724,#11739,#11752,#11791,#11828,#11838,#11855,
#11869,#11908,#11945,#11955,#11972,#11986,#12025,#12062,#12072,#12091,#12106,
#12145,#12182,#12192,#12207,#12220,#12259,#12296,#12306,#12323,#12337,#12376,
#12413,#12423,#12440,#12454,#12493,#12530,#12540,#12555,#12568,#12607,#12644,
#12654,#12669,#12682,#12721,#12758,#12768,#12783,#12796,#12835,#12872,#12882,
#12897,#12910,#12949,#12986,#12996,#13013,#13027,#13066,#13103,#13113,#13130,
#13144,#13183,#13220,#13230,#13247,#13261,#13300,#13337,#13347,#13366,#13381,
#13420,#13457,#13467,#13482,#13495,#13534,#13571,#13581,#13596,#13609,#13648,
#13685,#13695,#13710,#13723,#13762,#13799,#13809,#13824,#13837,#13876,#13913,
#13923,#13938,#13951,#13990,#14027,#14037,#14052,#14065,#14104,#14141,#14151,
#14166,#14179,#14218,#14255,#14265));
#14267=CARTESIAN_POINT('',(1.78E2,9.952239721853E0,7.072284929362E1));
#14268=DIRECTION('',(-1.E0,0.E0,0.E0));
#14269=DIRECTION('',(0.E0,0.E0,1.E0));
#14270=AXIS2_PLACEMENT_3D('',#14267,#14268,#14269);
#14272=CURVE_STYLE('',#124,POSITIVE_LENGTH_MEASURE(2.E-2),#69);
#14273=PRESENTATION_STYLE_ASSIGNMENT((#14272));
#14274=STYLED_ITEM('',(#14273),#14271);
#14275=CARTESIAN_POINT('',(1.78E2,9.952239721853E0,7.072284929362E1));
#14276=DIRECTION('',(-1.E0,0.E0,0.E0));
#14277=DIRECTION('',(0.E0,0.E0,-1.E0));
#14278=AXIS2_PLACEMENT_3D('',#14275,#14276,#14277);
#14280=CURVE_STYLE('',#124,POSITIVE_LENGTH_MEASURE(2.E-2),#69);
#14281=PRESENTATION_STYLE_ASSIGNMENT((#14280));
#14282=STYLED_ITEM('',(#14281),#14279);
#14283=DIRECTION('',(-1.E0,0.E0,0.E0));
#14284=VECTOR('',#14283,2.E0);
#14285=CARTESIAN_POINT('',(1.78E2,9.952239721853E0,7.297284929362E1));
#14286=LINE('',#14285,#14284);
#14287=CURVE_STYLE('',#124,POSITIVE_LENGTH_MEASURE(2.E-2),#69);
#14288=PRESENTATION_STYLE_ASSIGNMENT((#14287));
#14289=STYLED_ITEM('',(#14288),#14286);
#14290=DIRECTION('',(-1.E0,0.E0,0.E0));
#14291=VECTOR('',#14290,2.E0);
#14292=CARTESIAN_POINT('',(1.78E2,9.952239721853E0,6.847284929362E1));
#14293=LINE('',#14292,#14291);
#14294=CURVE_STYLE('',#124,POSITIVE_LENGTH_MEASURE(2.E-2),#69);
#14295=PRESENTATION_STYLE_ASSIGNMENT((#14294));
#14296=STYLED_ITEM('',(#14295),#14293);
#14297=DIRECTION('',(0.E0,0.E0,1.E0));
#14298=VECTOR('',#14297,1.441424646811E1);
#14299=CARTESIAN_POINT('',(1.76E2,2.75E0,6.43E1));
#14300=LINE('',#14299,#14298);
#14301=CURVE_STYLE('',#124,POSITIVE_LENGTH_MEASURE(2.E-2),#69);
#14302=PRESENTATION_STYLE_ASSIGNMENT((#14301));
#14303=STYLED_ITEM('',(#14302),#14300);
#14304=CARTESIAN_POINT('',(1.76E2,9.952239721853E0,7.072284929362E1));
#14305=DIRECTION('',(1.E0,0.E0,0.E0));
#14306=DIRECTION('',(0.E0,0.E0,1.E0));
#14307=AXIS2_PLACEMENT_3D('',#14304,#14305,#14306);
#14309=CURVE_STYLE('',#124,POSITIVE_LENGTH_MEASURE(2.E-2),#69);
#14310=PRESENTATION_STYLE_ASSIGNMENT((#14309));
#14311=STYLED_ITEM('',(#14310),#14308);
#14312=CARTESIAN_POINT('',(1.76E2,9.952239721853E0,7.072284929362E1));
#14313=DIRECTION('',(1.E0,0.E0,0.E0));
#14314=DIRECTION('',(0.E0,0.E0,-1.E0));
#14315=AXIS2_PLACEMENT_3D('',#14312,#14313,#14314);
#14317=CURVE_STYLE('',#124,POSITIVE_LENGTH_MEASURE(2.E-2),#69);
#14318=PRESENTATION_STYLE_ASSIGNMENT((#14317));
#14319=STYLED_ITEM('',(#14318),#14316);
#14320=CARTESIAN_POINT('',(1.76E2,5.699223972185E1,7.072284929362E1));
#14321=DIRECTION('',(1.E0,0.E0,0.E0));
#14322=DIRECTION('',(0.E0,0.E0,1.E0));
#14323=AXIS2_PLACEMENT_3D('',#14320,#14321,#14322);
#14325=CURVE_STYLE('',#124,POSITIVE_LENGTH_MEASURE(2.E-2),#69);
#14326=PRESENTATION_STYLE_ASSIGNMENT((#14325));
#14327=STYLED_ITEM('',(#14326),#14324);
#14328=CARTESIAN_POINT('',(1.76E2,5.699223972185E1,7.072284929362E1));
#14329=DIRECTION('',(1.E0,0.E0,0.E0));
#14330=DIRECTION('',(0.E0,0.E0,-1.E0));
#14331=AXIS2_PLACEMENT_3D('',#14328,#14329,#14330);
#14333=CURVE_STYLE('',#124,POSITIVE_LENGTH_MEASURE(2.E-2),#69);
#14334=PRESENTATION_STYLE_ASSIGNMENT((#14333));
#14335=STYLED_ITEM('',(#14334),#14332);
#14336=DIRECTION('',(0.E0,1.E0,0.E0));
#14337=VECTOR('',#14336,3.515772485184E1);
#14338=CARTESIAN_POINT('',(1.76E2,1.589337729593E1,6.472284929362E1));
#14339=LINE('',#14338,#14337);
#14340=CURVE_STYLE('',#124,POSITIVE_LENGTH_MEASURE(2.E-2),#69);
#14341=PRESENTATION_STYLE_ASSIGNMENT((#14340));
#14342=STYLED_ITEM('',(#14341),#14339);
#14343=CARTESIAN_POINT('',(1.76E2,5.105110214777E1,6.822284929362E1));
#14344=DIRECTION('',(1.E0,0.E0,0.E0));
#14345=DIRECTION('',(0.E0,-2.436146522606E-14,-1.E0));
#14346=AXIS2_PLACEMENT_3D('',#14343,#14344,#14345);
#14348=CURVE_STYLE('',#124,POSITIVE_LENGTH_MEASURE(2.E-2),#69);
#14349=PRESENTATION_STYLE_ASSIGNMENT((#14348));
#14350=STYLED_ITEM('',(#14349),#14347);
#14351=DIRECTION('',(0.E0,-1.736481776669E-1,9.848077530122E-1));
#14352=VECTOR('',#14351,4.569419753486E0);
#14353=CARTESIAN_POINT('',(1.76E2,5.449792928332E1,6.883061791546E1));
#14354=LINE('',#14353,#14352);
#14355=CURVE_STYLE('',#124,POSITIVE_LENGTH_MEASURE(2.E-2),#69);
#14356=PRESENTATION_STYLE_ASSIGNMENT((#14355));
#14357=STYLED_ITEM('',(#14356),#14354);
#14358=CARTESIAN_POINT('',(1.76E2,5.025763073458E1,7.272284929362E1));
#14359=DIRECTION('',(1.E0,0.E0,0.E0));
#14360=DIRECTION('',(0.E0,9.848077530122E-1,1.736481776668E-1));
#14361=AXIS2_PLACEMENT_3D('',#14358,#14359,#14360);
#14363=CURVE_STYLE('',#124,POSITIVE_LENGTH_MEASURE(2.E-2),#69);
#14364=PRESENTATION_STYLE_ASSIGNMENT((#14363));
#14365=STYLED_ITEM('',(#14364),#14362);
#14366=DIRECTION('',(0.E0,-1.E0,0.E0));
#14367=VECTOR('',#14366,3.357078202546E1);
#14368=CARTESIAN_POINT('',(1.76E2,5.025763073458E1,7.622284929362E1));
#14369=LINE('',#14368,#14367);
#14370=CURVE_STYLE('',#124,POSITIVE_LENGTH_MEASURE(2.E-2),#69);
#14371=PRESENTATION_STYLE_ASSIGNMENT((#14370));
#14372=STYLED_ITEM('',(#14371),#14369);
#14373=CARTESIAN_POINT('',(1.76E2,1.668684870912E1,7.272284929362E1));
#14374=DIRECTION('',(1.E0,0.E0,0.E0));
#14375=DIRECTION('',(0.E0,0.E0,1.E0));
#14376=AXIS2_PLACEMENT_3D('',#14373,#14374,#14375);
#14378=CURVE_STYLE('',#124,POSITIVE_LENGTH_MEASURE(2.E-2),#69);
#14379=PRESENTATION_STYLE_ASSIGNMENT((#14378));
#14380=STYLED_ITEM('',(#14379),#14377);
#14381=DIRECTION('',(0.E0,-1.736481776669E-1,-9.848077530122E-1));
#14382=VECTOR('',#14381,4.569419753486E0);
#14383=CARTESIAN_POINT('',(1.76E2,1.324002157358E1,7.333061791546E1));
#14384=LINE('',#14383,#14382);
#14385=CURVE_STYLE('',#124,POSITIVE_LENGTH_MEASURE(2.E-2),#69);
#14386=PRESENTATION_STYLE_ASSIGNMENT((#14385));
#14387=STYLED_ITEM('',(#14386),#14384);
#14388=CARTESIAN_POINT('',(1.76E2,1.589337729593E1,6.822284929362E1));
#14389=DIRECTION('',(1.E0,0.E0,0.E0));
#14390=DIRECTION('',(0.E0,-9.848077530122E-1,1.736481776669E-1));
#14391=AXIS2_PLACEMENT_3D('',#14388,#14389,#14390);
#14393=CURVE_STYLE('',#124,POSITIVE_LENGTH_MEASURE(2.E-2),#69);
#14394=PRESENTATION_STYLE_ASSIGNMENT((#14393));
#14395=STYLED_ITEM('',(#14394),#14392);
#14396=DIRECTION('',(0.E0,0.E0,-1.E0));
#14397=VECTOR('',#14396,1.118E2);
#14398=CARTESIAN_POINT('',(1.165E2,6.555E1,9.41E1));
#14399=LINE('',#14398,#14397);
#14400=CURVE_STYLE('',#124,POSITIVE_LENGTH_MEASURE(2.E-2),#69);
#14401=PRESENTATION_STYLE_ASSIGNMENT((#14400));
#14402=STYLED_ITEM('',(#14401),#14399);
#14403=DIRECTION('',(1.E0,0.E0,0.E0));
#14404=VECTOR('',#14403,1.325E2);
#14405=CARTESIAN_POINT('',(1.165E2,6.555E1,-1.77E1));
#14406=LINE('',#14405,#14404);
#14407=CURVE_STYLE('',#124,POSITIVE_LENGTH_MEASURE(2.E-2),#69);
#14408=PRESENTATION_STYLE_ASSIGNMENT((#14407));
#14409=STYLED_ITEM('',(#14408),#14406);
#14410=DIRECTION('',(0.E0,0.E0,1.E0));
#14411=VECTOR('',#14410,7.35E1);
#14412=CARTESIAN_POINT('',(2.49E2,6.555E1,-1.77E1));
#14413=LINE('',#14412,#14411);
#14414=CURVE_STYLE('',#124,POSITIVE_LENGTH_MEASURE(2.E-2),#69);
#14415=PRESENTATION_STYLE_ASSIGNMENT((#14414));
#14416=STYLED_ITEM('',(#14415),#14413);
#14417=DIRECTION('',(-1.E0,0.E0,0.E0));
#14418=VECTOR('',#14417,6.45E1);
#14419=CARTESIAN_POINT('',(2.49E2,6.555E1,5.58E1));
#14420=LINE('',#14419,#14418);
#14421=CURVE_STYLE('',#124,POSITIVE_LENGTH_MEASURE(2.E-2),#69);
#14422=PRESENTATION_STYLE_ASSIGNMENT((#14421));
#14423=STYLED_ITEM('',(#14422),#14420);
#14424=CARTESIAN_POINT('',(1.845E2,6.555E1,6.43E1));
#14425=DIRECTION('',(0.E0,1.E0,0.E0));
#14426=DIRECTION('',(0.E0,0.E0,-1.E0));
#14427=AXIS2_PLACEMENT_3D('',#14424,#14425,#14426);
#14429=CURVE_STYLE('',#124,POSITIVE_LENGTH_MEASURE(2.E-2),#69);
#14430=PRESENTATION_STYLE_ASSIGNMENT((#14429));
#14431=STYLED_ITEM('',(#14430),#14428);
#14432=DIRECTION('',(0.E0,0.E0,1.E0));
#14433=VECTOR('',#14432,1.441424646811E1);
#14434=CARTESIAN_POINT('',(1.76E2,6.555E1,6.43E1));
#14435=LINE('',#14434,#14433);
#14436=CURVE_STYLE('',#124,POSITIVE_LENGTH_MEASURE(2.E-2),#69);
#14437=PRESENTATION_STYLE_ASSIGNMENT((#14436));
#14438=STYLED_ITEM('',(#14437),#14435);
#14439=DIRECTION('',(-9.615239476408E-1,0.E0,2.747211278974E-1));
#14440=VECTOR('',#14439,5.600498822076E1);
#14441=CARTESIAN_POINT('',(1.76E2,6.555E1,7.871424646811E1));
#14442=LINE('',#14441,#14440);
#14443=CURVE_STYLE('',#124,POSITIVE_LENGTH_MEASURE(2.E-2),#69);
#14444=PRESENTATION_STYLE_ASSIGNMENT((#14443));
#14445=STYLED_ITEM('',(#14444),#14442);
#14446=DIRECTION('',(-1.E0,0.E0,0.E0));
#14447=VECTOR('',#14446,5.649862638399E0);
#14448=CARTESIAN_POINT('',(1.221498626384E2,6.555E1,9.41E1));
#14449=LINE('',#14448,#14447);
#14450=CURVE_STYLE('',#124,POSITIVE_LENGTH_MEASURE(2.E-2),#69);
#14451=PRESENTATION_STYLE_ASSIGNMENT((#14450));
#14452=STYLED_ITEM('',(#14451),#14449);
#14453=DIRECTION('',(0.E0,-1.E0,0.E0));
#14454=VECTOR('',#14453,6.28E1);
#14455=CARTESIAN_POINT('',(1.165E2,6.555E1,9.41E1));
#14456=LINE('',#14455,#14454);
#14457=CURVE_STYLE('',#124,POSITIVE_LENGTH_MEASURE(2.E-2),#69);
#14458=PRESENTATION_STYLE_ASSIGNMENT((#14457));
#14459=STYLED_ITEM('',(#14458),#14456);
#14460=DIRECTION('',(0.E0,0.E0,-1.E0));
#14461=VECTOR('',#14460,1.118E2);
#14462=CARTESIAN_POINT('',(1.165E2,2.75E0,9.41E1));
#14463=LINE('',#14462,#14461);
#14464=CURVE_STYLE('',#124,POSITIVE_LENGTH_MEASURE(2.E-2),#69);
#14465=PRESENTATION_STYLE_ASSIGNMENT((#14464));
#14466=STYLED_ITEM('',(#14465),#14463);
#14467=CARTESIAN_POINT('',(1.165E2,3.4E1,6.3E1));
#14468=DIRECTION('',(-1.E0,0.E0,0.E0));
#14469=DIRECTION('',(0.E0,0.E0,-1.E0));
#14470=AXIS2_PLACEMENT_3D('',#14467,#14468,#14469);
#14472=CURVE_STYLE('',#124,POSITIVE_LENGTH_MEASURE(2.E-2),#69);
#14473=PRESENTATION_STYLE_ASSIGNMENT((#14472));
#14474=STYLED_ITEM('',(#14473),#14471);
#14475=CARTESIAN_POINT('',(1.165E2,3.4E1,6.3E1));
#14476=DIRECTION('',(-1.E0,0.E0,0.E0));
#14477=DIRECTION('',(0.E0,0.E0,1.E0));
#14478=AXIS2_PLACEMENT_3D('',#14475,#14476,#14477);
#14480=CURVE_STYLE('',#124,POSITIVE_LENGTH_MEASURE(2.E-2),#69);
#14481=PRESENTATION_STYLE_ASSIGNMENT((#14480));
#14482=STYLED_ITEM('',(#14481),#14479);
#14483=DIRECTION('',(0.E0,-1.E0,0.E0));
#14484=VECTOR('',#14483,6.28E1);
#14485=CARTESIAN_POINT('',(1.221498626384E2,6.555E1,9.41E1));
#14486=LINE('',#14485,#14484);
#14487=CURVE_STYLE('',#124,POSITIVE_LENGTH_MEASURE(2.E-2),#69);
#14488=PRESENTATION_STYLE_ASSIGNMENT((#14487));
#14489=STYLED_ITEM('',(#14488),#14486);
#14490=DIRECTION('',(-1.E0,0.E0,0.E0));
#14491=VECTOR('',#14490,5.649862638399E0);
#14492=CARTESIAN_POINT('',(1.221498626384E2,2.75E0,9.41E1));
#14493=LINE('',#14492,#14491);
#14494=CURVE_STYLE('',#124,POSITIVE_LENGTH_MEASURE(2.E-2),#69);
#14495=PRESENTATION_STYLE_ASSIGNMENT((#14494));
#14496=STYLED_ITEM('',(#14495),#14493);
#14497=DIRECTION('',(0.E0,-1.E0,0.E0));
#14498=VECTOR('',#14497,6.28E1);
#14499=CARTESIAN_POINT('',(1.76E2,6.555E1,7.871424646811E1));
#14500=LINE('',#14499,#14498);
#14501=CURVE_STYLE('',#124,POSITIVE_LENGTH_MEASURE(2.E-2),#69);
#14502=PRESENTATION_STYLE_ASSIGNMENT((#14501));
#14503=STYLED_ITEM('',(#14502),#14500);
#14504=DIRECTION('',(9.615239476408E-1,0.E0,-2.747211278974E-1));
#14505=VECTOR('',#14504,5.600498822076E1);
#14506=CARTESIAN_POINT('',(1.221498626384E2,2.75E0,9.41E1));
#14507=LINE('',#14506,#14505);
#14508=CURVE_STYLE('',#124,POSITIVE_LENGTH_MEASURE(2.E-2),#69);
#14509=PRESENTATION_STYLE_ASSIGNMENT((#14508));
#14510=STYLED_ITEM('',(#14509),#14507);
#14511=CARTESIAN_POINT('',(1.845E2,2.75E0,6.43E1));
#14512=DIRECTION('',(0.E0,-1.E0,0.E0));
#14513=DIRECTION('',(-1.E0,0.E0,0.E0));
#14514=AXIS2_PLACEMENT_3D('',#14511,#14512,#14513);
#14516=CURVE_STYLE('',#124,POSITIVE_LENGTH_MEASURE(2.E-2),#69);
#14517=PRESENTATION_STYLE_ASSIGNMENT((#14516));
#14518=STYLED_ITEM('',(#14517),#14515);
#14519=DIRECTION('',(0.E0,-1.E0,0.E0));
#14520=VECTOR('',#14519,6.28E1);
#14521=CARTESIAN_POINT('',(1.845E2,6.555E1,5.58E1));
#14522=LINE('',#14521,#14520);
#14523=CURVE_STYLE('',#124,POSITIVE_LENGTH_MEASURE(2.E-2),#69);
#14524=PRESENTATION_STYLE_ASSIGNMENT((#14523));
#14525=STYLED_ITEM('',(#14524),#14522);
#14526=DIRECTION('',(0.E0,1.E0,0.E0));
#14527=VECTOR('',#14526,6.28E1);
#14528=CARTESIAN_POINT('',(1.76E2,2.75E0,6.43E1));
#14529=LINE('',#14528,#14527);
#14530=CURVE_STYLE('',#124,POSITIVE_LENGTH_MEASURE(2.E-2),#69);
#14531=PRESENTATION_STYLE_ASSIGNMENT((#14530));
#14532=STYLED_ITEM('',(#14531),#14529);
#14533=DIRECTION('',(0.E0,-1.E0,0.E0));
#14534=VECTOR('',#14533,6.28E1);
#14535=CARTESIAN_POINT('',(2.49E2,6.555E1,5.58E1));
#14536=LINE('',#14535,#14534);
#14537=CURVE_STYLE('',#124,POSITIVE_LENGTH_MEASURE(2.E-2),#69);
#14538=PRESENTATION_STYLE_ASSIGNMENT((#14537));
#14539=STYLED_ITEM('',(#14538),#14536);
#14540=DIRECTION('',(-1.E0,0.E0,0.E0));
#14541=VECTOR('',#14540,6.45E1);
#14542=CARTESIAN_POINT('',(2.49E2,2.75E0,5.58E1));
#14543=LINE('',#14542,#14541);
#14544=CURVE_STYLE('',#124,POSITIVE_LENGTH_MEASURE(2.E-2),#69);
#14545=PRESENTATION_STYLE_ASSIGNMENT((#14544));
#14546=STYLED_ITEM('',(#14545),#14543);
#14547=DIRECTION('',(0.E0,-1.E0,0.E0));
#14548=VECTOR('',#14547,6.28E1);
#14549=CARTESIAN_POINT('',(2.49E2,6.555E1,-1.77E1));
#14550=LINE('',#14549,#14548);
#14551=CURVE_STYLE('',#124,POSITIVE_LENGTH_MEASURE(2.E-2),#69);
#14552=PRESENTATION_STYLE_ASSIGNMENT((#14551));
#14553=STYLED_ITEM('',(#14552),#14550);
#14554=DIRECTION('',(0.E0,0.E0,1.E0));
#14555=VECTOR('',#14554,7.35E1);
#14556=CARTESIAN_POINT('',(2.49E2,2.75E0,-1.77E1));
#14557=LINE('',#14556,#14555);
#14558=CURVE_STYLE('',#124,POSITIVE_LENGTH_MEASURE(2.E-2),#69);
#14559=PRESENTATION_STYLE_ASSIGNMENT((#14558));
#14560=STYLED_ITEM('',(#14559),#14557);
#14561=DIRECTION('',(0.E0,-1.E0,0.E0));
#14562=VECTOR('',#14561,6.28E1);
#14563=CARTESIAN_POINT('',(1.165E2,6.555E1,-1.77E1));
#14564=LINE('',#14563,#14562);
#14565=CURVE_STYLE('',#124,POSITIVE_LENGTH_MEASURE(2.E-2),#69);
#14566=PRESENTATION_STYLE_ASSIGNMENT((#14565));
#14567=STYLED_ITEM('',(#14566),#14564);
#14568=DIRECTION('',(1.E0,0.E0,0.E0));
#14569=VECTOR('',#14568,1.325E2);
#14570=CARTESIAN_POINT('',(1.165E2,2.75E0,-1.77E1));
#14571=LINE('',#14570,#14569);
#14572=CURVE_STYLE('',#124,POSITIVE_LENGTH_MEASURE(2.E-2),#69);
#14573=PRESENTATION_STYLE_ASSIGNMENT((#14572));
#14574=STYLED_ITEM('',(#14573),#14571);
#14575=DIRECTION('',(1.E0,0.E0,0.E0));
#14576=VECTOR('',#14575,8.E0);
#14577=CARTESIAN_POINT('',(1.085E2,3.4E1,7.8E1));
#14578=LINE('',#14577,#14576);
#14579=CURVE_STYLE('',#124,POSITIVE_LENGTH_MEASURE(2.E-2),#69);
#14580=PRESENTATION_STYLE_ASSIGNMENT((#14579));
#14581=STYLED_ITEM('',(#14580),#14578);
#14582=DIRECTION('',(1.E0,0.E0,0.E0));
#14583=VECTOR('',#14582,8.E0);
#14584=CARTESIAN_POINT('',(1.085E2,3.4E1,4.8E1));
#14585=LINE('',#14584,#14583);
#14586=CURVE_STYLE('',#124,POSITIVE_LENGTH_MEASURE(2.E-2),#69);
#14587=PRESENTATION_STYLE_ASSIGNMENT((#14586));
#14588=STYLED_ITEM('',(#14587),#14585);
#14589=DIRECTION('',(0.E0,0.E0,1.E0));
#14590=VECTOR('',#14589,9.176945335604E1);
#14591=CARTESIAN_POINT('',(1.085E2,9.E0,-7.769453356036E0));
#14592=LINE('',#14591,#14590);
#14593=CURVE_STYLE('',#124,POSITIVE_LENGTH_MEASURE(2.E-2),#69);
#14594=PRESENTATION_STYLE_ASSIGNMENT((#14593));
#14595=STYLED_ITEM('',(#14594),#14592);
#14596=DIRECTION('',(0.E0,1.E0,0.E0));
#14597=VECTOR('',#14596,5.E1);
#14598=CARTESIAN_POINT('',(1.085E2,9.E0,8.4E1));
#14599=LINE('',#14598,#14597);
#14600=CURVE_STYLE('',#124,POSITIVE_LENGTH_MEASURE(2.E-2),#69);
#14601=PRESENTATION_STYLE_ASSIGNMENT((#14600));
#14602=STYLED_ITEM('',(#14601),#14599);
#14603=CARTESIAN_POINT('',(1.085E2,3.4E1,6.3E1));
#14604=DIRECTION('',(1.E0,0.E0,0.E0));
#14605=DIRECTION('',(0.E0,0.E0,-1.E0));
#14606=AXIS2_PLACEMENT_3D('',#14603,#14604,#14605);
#14608=CURVE_STYLE('',#124,POSITIVE_LENGTH_MEASURE(2.E-2),#69);
#14609=PRESENTATION_STYLE_ASSIGNMENT((#14608));
#14610=STYLED_ITEM('',(#14609),#14607);
#14611=CARTESIAN_POINT('',(1.085E2,3.4E1,6.3E1));
#14612=DIRECTION('',(1.E0,0.E0,0.E0));
#14613=DIRECTION('',(0.E0,0.E0,1.E0));
#14614=AXIS2_PLACEMENT_3D('',#14611,#14612,#14613);
#14616=CURVE_STYLE('',#124,POSITIVE_LENGTH_MEASURE(2.E-2),#69);
#14617=PRESENTATION_STYLE_ASSIGNMENT((#14616));
#14618=STYLED_ITEM('',(#14617),#14615);
#14619=CARTESIAN_POINT('',(5.359964166221E0,9.E0,-5.863332076903E1));
#14620=DIRECTION('',(0.E0,-1.E0,0.E0));
#14621=DIRECTION('',(8.968698768155E-1,0.E0,4.422944992434E-1));
#14622=AXIS2_PLACEMENT_3D('',#14619,#14620,#14621);
#14624=CURVE_STYLE('',#124,POSITIVE_LENGTH_MEASURE(2.E-2),#69);
#14625=PRESENTATION_STYLE_ASSIGNMENT((#14624));
#14626=STYLED_ITEM('',(#14625),#14623);
#14627=DIRECTION('',(-1.E0,0.E0,0.E0));
#14628=VECTOR('',#14627,3.E1);
#14629=CARTESIAN_POINT('',(1.085E2,9.E0,8.4E1));
#14630=LINE('',#14629,#14628);
#14631=CURVE_STYLE('',#124,POSITIVE_LENGTH_MEASURE(2.E-2),#69);
#14632=PRESENTATION_STYLE_ASSIGNMENT((#14631));
#14633=STYLED_ITEM('',(#14632),#14630);
#14634=DIRECTION('',(0.E0,1.E0,0.E0));
#14635=VECTOR('',#14634,5.E1);
#14636=CARTESIAN_POINT('',(7.85E1,9.E0,8.4E1));
#14637=LINE('',#14636,#14635);
#14638=CURVE_STYLE('',#124,POSITIVE_LENGTH_MEASURE(2.E-2),#69);
#14639=PRESENTATION_STYLE_ASSIGNMENT((#14638));
#14640=STYLED_ITEM('',(#14639),#14637);
#14641=DIRECTION('',(0.E0,0.E0,-1.E0));
#14642=VECTOR('',#14641,5.388910879871E1);
#14643=CARTESIAN_POINT('',(7.85E1,9.E0,8.4E1));
#14644=LINE('',#14643,#14642);
#14645=CURVE_STYLE('',#124,POSITIVE_LENGTH_MEASURE(2.E-2),#69);
#14646=PRESENTATION_STYLE_ASSIGNMENT((#14645));
#14647=STYLED_ITEM('',(#14646),#14644);
#14648=CARTESIAN_POINT('',(7.85E1,3.4E1,6.3E1));
#14649=DIRECTION('',(-1.E0,0.E0,0.E0));
#14650=DIRECTION('',(0.E0,0.E0,1.E0));
#14651=AXIS2_PLACEMENT_3D('',#14648,#14649,#14650);
#14653=CURVE_STYLE('',#124,POSITIVE_LENGTH_MEASURE(2.E-2),#69);
#14654=PRESENTATION_STYLE_ASSIGNMENT((#14653));
#14655=STYLED_ITEM('',(#14654),#14652);
#14656=CARTESIAN_POINT('',(7.85E1,3.4E1,6.3E1));
#14657=DIRECTION('',(-1.E0,0.E0,0.E0));
#14658=DIRECTION('',(0.E0,0.E0,-1.E0));
#14659=AXIS2_PLACEMENT_3D('',#14656,#14657,#14658);
#14661=CURVE_STYLE('',#124,POSITIVE_LENGTH_MEASURE(2.E-2),#69);
#14662=PRESENTATION_STYLE_ASSIGNMENT((#14661));
#14663=STYLED_ITEM('',(#14662),#14660);
#14664=DIRECTION('',(0.E0,1.E0,0.E0));
#14665=VECTOR('',#14664,5.E1);
#14666=CARTESIAN_POINT('',(1.085E2,9.E0,-7.769453356036E0));
#14667=LINE('',#14666,#14665);
#14668=CURVE_STYLE('',#124,POSITIVE_LENGTH_MEASURE(2.E-2),#69);
#14669=PRESENTATION_STYLE_ASSIGNMENT((#14668));
#14670=STYLED_ITEM('',(#14669),#14667);
#14671=DIRECTION('',(0.E0,-1.E0,0.E0));
#14672=VECTOR('',#14671,5.E1);
#14673=CARTESIAN_POINT('',(7.85E1,5.9E1,3.011089120129E1));
#14674=LINE('',#14673,#14672);
#14675=CURVE_STYLE('',#124,POSITIVE_LENGTH_MEASURE(2.E-2),#69);
#14676=PRESENTATION_STYLE_ASSIGNMENT((#14675));
#14677=STYLED_ITEM('',(#14676),#14674);
#14678=DIRECTION('',(-1.E0,0.E0,0.E0));
#14679=VECTOR('',#14678,3.E1);
#14680=CARTESIAN_POINT('',(1.085E2,5.9E1,8.4E1));
#14681=LINE('',#14680,#14679);
#14682=CURVE_STYLE('',#124,POSITIVE_LENGTH_MEASURE(2.E-2),#69);
#14683=PRESENTATION_STYLE_ASSIGNMENT((#14682));
#14684=STYLED_ITEM('',(#14683),#14681);
#14685=DIRECTION('',(0.E0,0.E0,-1.E0));
#14686=VECTOR('',#14685,5.388910879871E1);
#14687=CARTESIAN_POINT('',(7.85E1,5.9E1,8.4E1));
#14688=LINE('',#14687,#14686);
#14689=CURVE_STYLE('',#124,POSITIVE_LENGTH_MEASURE(2.E-2),#69);
#14690=PRESENTATION_STYLE_ASSIGNMENT((#14689));
#14691=STYLED_ITEM('',(#14690),#14688);
#14692=CARTESIAN_POINT('',(5.359964166221E0,5.9E1,-5.863332076903E1));
#14693=DIRECTION('',(0.E0,1.E0,0.E0));
#14694=DIRECTION('',(6.360003115981E-1,0.E0,7.716887997419E-1));
#14695=AXIS2_PLACEMENT_3D('',#14692,#14693,#14694);
#14697=CURVE_STYLE('',#124,POSITIVE_LENGTH_MEASURE(2.E-2),#69);
#14698=PRESENTATION_STYLE_ASSIGNMENT((#14697));
#14699=STYLED_ITEM('',(#14698),#14696);
#14700=DIRECTION('',(0.E0,0.E0,1.E0));
#14701=VECTOR('',#14700,9.176945335604E1);
#14702=CARTESIAN_POINT('',(1.085E2,5.9E1,-7.769453356036E0));
#14703=LINE('',#14702,#14701);
#14704=CURVE_STYLE('',#124,POSITIVE_LENGTH_MEASURE(2.E-2),#69);
#14705=PRESENTATION_STYLE_ASSIGNMENT((#14704));
#14706=STYLED_ITEM('',(#14705),#14703);
#14707=DIRECTION('',(-1.E0,0.E0,0.E0));
#14708=VECTOR('',#14707,1.2E2);
#14709=CARTESIAN_POINT('',(7.85E1,3.4E1,8.25E1));
#14710=LINE('',#14709,#14708);
#14711=CURVE_STYLE('',#124,POSITIVE_LENGTH_MEASURE(2.E-2),#69);
#14712=PRESENTATION_STYLE_ASSIGNMENT((#14711));
#14713=STYLED_ITEM('',(#14712),#14710);
#14714=CARTESIAN_POINT('',(-3.821147335535E1,3.4E1,4.35E1));
#14715=CARTESIAN_POINT('',(-3.821147335535E1,3.501256752105E1,4.35E1));
#14716=CARTESIAN_POINT('',(-3.803217546094E1,3.706843373458E1,
4.365853569829E1));
#14717=CARTESIAN_POINT('',(-3.716801426443E1,4.015975411509E1,
4.440390847971E1));
#14718=CARTESIAN_POINT('',(-3.558863108260E1,4.318126723256E1,
4.569330124590E1));
#14719=CARTESIAN_POINT('',(-3.324884612346E1,4.589476746333E1,
4.743915249840E1));
#14720=CARTESIAN_POINT('',(-3.007342081323E1,4.821670572691E1,
4.953794227656E1));
#14721=CARTESIAN_POINT('',(-2.600084428767E1,5.005282054884E1,
5.181431615659E1));
#14722=CARTESIAN_POINT('',(-2.103690080325E1,5.138068124787E1,
5.405050126216E1));
#14723=CARTESIAN_POINT('',(-1.503682039539E1,5.224965092945E1,
5.604548659281E1));
#14724=CARTESIAN_POINT('',(-8.128736919564E0,5.271466295972E1,
5.748859156984E1));
#14725=CARTESIAN_POINT('',(-2.821547477289E0,5.282116323463E1,
5.789962604358E1));
#14726=CARTESIAN_POINT('',(0.E0,5.282116323463E1,5.789962604358E1));
#14728=CURVE_STYLE('',#124,POSITIVE_LENGTH_MEASURE(2.E-2),#69);
#14729=PRESENTATION_STYLE_ASSIGNMENT((#14728));
#14730=STYLED_ITEM('',(#14729),#14727);
#14731=CARTESIAN_POINT('',(0.E0,5.282116323463E1,5.789962604358E1));
#14732=CARTESIAN_POINT('',(2.840300806627E0,5.282116323463E1,5.789962604358E1));
#14733=CARTESIAN_POINT('',(8.177342940912E0,5.271301666612E1,5.748272692885E1));
#14734=CARTESIAN_POINT('',(1.509333502681E1,5.224479994957E1,5.603096923327E1));
#14735=CARTESIAN_POINT('',(2.110677918700E1,5.136592219976E1,5.402215127664E1));
#14736=CARTESIAN_POINT('',(2.603486854037E1,5.004117990718E1,5.179709871172E1));
#14737=CARTESIAN_POINT('',(3.010764762435E1,4.819436552902E1,4.951596008877E1));
#14738=CARTESIAN_POINT('',(3.323252310073E1,4.590673482644E1,4.745070664538E1));
#14739=CARTESIAN_POINT('',(3.556766332260E1,4.320863944354E1,4.570945946963E1));
#14740=CARTESIAN_POINT('',(3.714066800167E1,4.022459380085E1,4.442664859675E1));
#14741=CARTESIAN_POINT('',(3.802461263730E1,3.712264696026E1,4.366527189681E1));
#14742=CARTESIAN_POINT('',(3.821147335535E1,3.503500521620E1,4.35E1));
#14743=CARTESIAN_POINT('',(3.821147335535E1,3.4E1,4.35E1));
#14745=CURVE_STYLE('',#124,POSITIVE_LENGTH_MEASURE(2.E-2),#69);
#14746=PRESENTATION_STYLE_ASSIGNMENT((#14745));
#14747=STYLED_ITEM('',(#14746),#14744);
#14748=DIRECTION('',(-1.E0,0.E0,0.E0));
#14749=VECTOR('',#14748,4.028852664465E1);
#14750=CARTESIAN_POINT('',(7.85E1,3.4E1,4.35E1));
#14751=LINE('',#14750,#14749);
#14752=CURVE_STYLE('',#124,POSITIVE_LENGTH_MEASURE(2.E-2),#69);
#14753=PRESENTATION_STYLE_ASSIGNMENT((#14752));
#14754=STYLED_ITEM('',(#14753),#14751);
#14755=CARTESIAN_POINT('',(3.821147335535E1,3.4E1,4.35E1));
#14756=CARTESIAN_POINT('',(3.821147335535E1,3.315199007905E1,4.35E1));
#14757=CARTESIAN_POINT('',(3.808663126168E1,3.141435329022E1,4.361038697778E1));
#14758=CARTESIAN_POINT('',(3.745381424294E1,2.871882246755E1,4.415870705750E1));
#14759=CARTESIAN_POINT('',(3.629643256518E1,2.603912897654E1,4.512293616293E1));
#14760=CARTESIAN_POINT('',(3.458933688969E1,2.356152355299E1,4.645358065577E1));
#14761=CARTESIAN_POINT('',(3.312439030869E1,2.213856804414E1,4.749860225734E1));
#14762=CARTESIAN_POINT('',(3.230463283769E1,2.148042778973E1,4.804973874236E1));
#14764=CURVE_STYLE('',#124,POSITIVE_LENGTH_MEASURE(2.E-2),#69);
#14765=PRESENTATION_STYLE_ASSIGNMENT((#14764));
#14766=STYLED_ITEM('',(#14765),#14763);
#14767=DIRECTION('',(-1.E0,0.E0,0.E0));
#14768=VECTOR('',#14767,4.791786747314E0);
#14769=CARTESIAN_POINT('',(3.230463283769E1,2.148042778973E1,4.804973874236E1));
#14770=LINE('',#14769,#14768);
#14771=CURVE_STYLE('',#124,POSITIVE_LENGTH_MEASURE(2.E-2),#69);
#14772=PRESENTATION_STYLE_ASSIGNMENT((#14771));
#14773=STYLED_ITEM('',(#14772),#14770);
#14774=CARTESIAN_POINT('',(2.751284609038E1,2.148042778973E1,4.804973874236E1));
#14775=CARTESIAN_POINT('',(2.471892935775E1,2.050894178173E1,4.886327564441E1));
#14776=CARTESIAN_POINT('',(1.896905453596E1,1.900252170133E1,5.044142532230E1));
#14777=CARTESIAN_POINT('',(9.640928364183E0,1.776798331455E1,5.216563831892E1));
#14778=CARTESIAN_POINT('',(3.257973804939E0,1.751494437676E1,5.258400551562E1));
#14779=CARTESIAN_POINT('',(0.E0,1.751494437676E1,5.258400551562E1));
#14781=CURVE_STYLE('',#124,POSITIVE_LENGTH_MEASURE(2.E-2),#69);
#14782=PRESENTATION_STYLE_ASSIGNMENT((#14781));
#14783=STYLED_ITEM('',(#14782),#14780);
#14784=CARTESIAN_POINT('',(0.E0,1.751494437676E1,5.258400551562E1));
#14785=CARTESIAN_POINT('',(-3.270890286859E0,1.751494437676E1,
5.258400551562E1));
#14786=CARTESIAN_POINT('',(-9.670418078988E0,1.777180476059E1,
5.216022616069E1));
#14787=CARTESIAN_POINT('',(-1.893349665325E1,1.899710024757E1,
5.044875386121E1));
#14788=CARTESIAN_POINT('',(-2.470459693889E1,2.050395818854E1,
4.886744897983E1));
#14789=CARTESIAN_POINT('',(-2.751284609038E1,2.148042778973E1,
4.804973874236E1));
#14791=CURVE_STYLE('',#124,POSITIVE_LENGTH_MEASURE(2.E-2),#69);
#14792=PRESENTATION_STYLE_ASSIGNMENT((#14791));
#14793=STYLED_ITEM('',(#14792),#14790);
#14794=DIRECTION('',(-1.E0,0.E0,0.E0));
#14795=VECTOR('',#14794,4.791786747314E0);
#14796=CARTESIAN_POINT('',(-2.751284609038E1,2.148042778973E1,
4.804973874236E1));
#14797=LINE('',#14796,#14795);
#14798=CURVE_STYLE('',#124,POSITIVE_LENGTH_MEASURE(2.E-2),#69);
#14799=PRESENTATION_STYLE_ASSIGNMENT((#14798));
#14800=STYLED_ITEM('',(#14799),#14797);
#14801=CARTESIAN_POINT('',(-3.230463283769E1,2.148042778973E1,
4.804973874236E1));
#14802=CARTESIAN_POINT('',(-3.312068017836E1,2.213558937520E1,
4.750109663923E1));
#14803=CARTESIAN_POINT('',(-3.458022416728E1,2.355175361110E1,
4.646023997351E1));
#14804=CARTESIAN_POINT('',(-3.628403615149E1,2.601943986313E1,
4.513260873307E1));
#14805=CARTESIAN_POINT('',(-3.744315447491E1,2.868624652760E1,
4.416732391193E1));
#14806=CARTESIAN_POINT('',(-3.808881886017E1,3.140944632070E1,
4.360991864110E1));
#14807=CARTESIAN_POINT('',(-3.821147335535E1,3.315064505854E1,4.35E1));
#14808=CARTESIAN_POINT('',(-3.821147335535E1,3.4E1,4.35E1));
#14810=CURVE_STYLE('',#124,POSITIVE_LENGTH_MEASURE(2.E-2),#69);
#14811=PRESENTATION_STYLE_ASSIGNMENT((#14810));
#14812=STYLED_ITEM('',(#14811),#14809);
#14813=DIRECTION('',(-1.E0,0.E0,0.E0));
#14814=VECTOR('',#14813,3.288526644645E0);
#14815=CARTESIAN_POINT('',(-3.821147335535E1,3.4E1,4.35E1));
#14816=LINE('',#14815,#14814);
#14817=CURVE_STYLE('',#124,POSITIVE_LENGTH_MEASURE(2.E-2),#69);
#14818=PRESENTATION_STYLE_ASSIGNMENT((#14817));
#14819=STYLED_ITEM('',(#14818),#14816);
#14820=CARTESIAN_POINT('',(-4.15E1,3.4E1,6.3E1));
#14821=DIRECTION('',(1.E0,0.E0,0.E0));
#14822=DIRECTION('',(0.E0,0.E0,-1.E0));
#14823=AXIS2_PLACEMENT_3D('',#14820,#14821,#14822);
#14825=CURVE_STYLE('',#124,POSITIVE_LENGTH_MEASURE(2.E-2),#69);
#14826=PRESENTATION_STYLE_ASSIGNMENT((#14825));
#14827=STYLED_ITEM('',(#14826),#14824);
#14828=CARTESIAN_POINT('',(-4.15E1,3.4E1,6.3E1));
#14829=DIRECTION('',(1.E0,0.E0,0.E0));
#14830=DIRECTION('',(0.E0,0.E0,1.E0));
#14831=AXIS2_PLACEMENT_3D('',#14828,#14829,#14830);
#14833=CURVE_STYLE('',#124,POSITIVE_LENGTH_MEASURE(2.E-2),#69);
#14834=PRESENTATION_STYLE_ASSIGNMENT((#14833));
#14835=STYLED_ITEM('',(#14834),#14832);
#14836=CARTESIAN_POINT('',(-4.15E1,3.4E1,6.3E1));
#14837=DIRECTION('',(-1.E0,0.E0,0.E0));
#14838=DIRECTION('',(0.E0,0.E0,-1.E0));
#14839=AXIS2_PLACEMENT_3D('',#14836,#14837,#14838);
#14841=CURVE_STYLE('',#124,POSITIVE_LENGTH_MEASURE(2.E-2),#69);
#14842=PRESENTATION_STYLE_ASSIGNMENT((#14841));
#14843=STYLED_ITEM('',(#14842),#14840);
#14844=CARTESIAN_POINT('',(-4.15E1,3.4E1,6.3E1));
#14845=DIRECTION('',(-1.E0,0.E0,0.E0));
#14846=DIRECTION('',(0.E0,0.E0,1.E0));
#14847=AXIS2_PLACEMENT_3D('',#14844,#14845,#14846);
#14849=CURVE_STYLE('',#124,POSITIVE_LENGTH_MEASURE(2.E-2),#69);
#14850=PRESENTATION_STYLE_ASSIGNMENT((#14849));
#14851=STYLED_ITEM('',(#14850),#14848);
#14852=DIRECTION('',(1.E0,0.E0,0.E0));
#14853=VECTOR('',#14852,6.5E0);
#14854=CARTESIAN_POINT('',(-4.15E1,3.4E1,6.006555129001E1));
#14855=LINE('',#14854,#14853);
#14856=CURVE_STYLE('',#124,POSITIVE_LENGTH_MEASURE(2.E-2),#69);
#14857=PRESENTATION_STYLE_ASSIGNMENT((#14856));
#14858=STYLED_ITEM('',(#14857),#14855);
#14859=DIRECTION('',(1.E0,0.E0,0.E0));
#14860=VECTOR('',#14859,6.5E0);
#14861=CARTESIAN_POINT('',(-4.15E1,3.4E1,6.593444870999E1));
#14862=LINE('',#14861,#14860);
#14863=CURVE_STYLE('',#124,POSITIVE_LENGTH_MEASURE(2.E-2),#69);
#14864=PRESENTATION_STYLE_ASSIGNMENT((#14863));
#14865=STYLED_ITEM('',(#14864),#14862);
#14866=CARTESIAN_POINT('',(-3.5E1,3.4E1,6.3E1));
#14867=DIRECTION('',(-1.E0,0.E0,0.E0));
#14868=DIRECTION('',(0.E0,0.E0,-1.E0));
#14869=AXIS2_PLACEMENT_3D('',#14866,#14867,#14868);
#14871=CURVE_STYLE('',#124,POSITIVE_LENGTH_MEASURE(2.E-2),#69);
#14872=PRESENTATION_STYLE_ASSIGNMENT((#14871));
#14873=STYLED_ITEM('',(#14872),#14870);
#14874=CARTESIAN_POINT('',(-3.5E1,3.4E1,6.3E1));
#14875=DIRECTION('',(-1.E0,0.E0,0.E0));
#14876=DIRECTION('',(0.E0,0.E0,1.E0));
#14877=AXIS2_PLACEMENT_3D('',#14874,#14875,#14876);
#14879=CURVE_STYLE('',#124,POSITIVE_LENGTH_MEASURE(2.E-2),#69);
#14880=PRESENTATION_STYLE_ASSIGNMENT((#14879));
#14881=STYLED_ITEM('',(#14880),#14878);
#14882=CARTESIAN_POINT('',(-3.5E1,3.4E1,6.3E1));
#14883=DIRECTION('',(1.E0,0.E0,0.E0));
#14884=DIRECTION('',(0.E0,0.E0,1.E0));
#14885=AXIS2_PLACEMENT_3D('',#14882,#14883,#14884);
#14887=CURVE_STYLE('',#124,POSITIVE_LENGTH_MEASURE(2.E-2),#69);
#14888=PRESENTATION_STYLE_ASSIGNMENT((#14887));
#14889=STYLED_ITEM('',(#14888),#14886);
#14890=CARTESIAN_POINT('',(-3.5E1,3.4E1,6.3E1));
#14891=DIRECTION('',(1.E0,0.E0,0.E0));
#14892=DIRECTION('',(0.E0,0.E0,-1.E0));
#14893=AXIS2_PLACEMENT_3D('',#14890,#14891,#14892);
#14895=CURVE_STYLE('',#124,POSITIVE_LENGTH_MEASURE(2.E-2),#69);
#14896=PRESENTATION_STYLE_ASSIGNMENT((#14895));
#14897=STYLED_ITEM('',(#14896),#14894);
#14898=DIRECTION('',(1.E0,0.E0,0.E0));
#14899=VECTOR('',#14898,7.8E1);
#14900=CARTESIAN_POINT('',(-3.5E1,3.4E1,5.483558943050E1));
#14901=LINE('',#14900,#14899);
#14902=CURVE_STYLE('',#124,POSITIVE_LENGTH_MEASURE(2.E-2),#69);
#14903=PRESENTATION_STYLE_ASSIGNMENT((#14902));
#14904=STYLED_ITEM('',(#14903),#14901);
#14905=DIRECTION('',(1.E0,0.E0,0.E0));
#14906=VECTOR('',#14905,7.8E1);
#14907=CARTESIAN_POINT('',(-3.5E1,3.4E1,7.116441056950E1));
#14908=LINE('',#14907,#14906);
#14909=CURVE_STYLE('',#124,POSITIVE_LENGTH_MEASURE(2.E-2),#69);
#14910=PRESENTATION_STYLE_ASSIGNMENT((#14909));
#14911=STYLED_ITEM('',(#14910),#14908);
#14912=CARTESIAN_POINT('',(4.3E1,3.4E1,6.3E1));
#14913=DIRECTION('',(1.E0,0.E0,0.E0));
#14914=DIRECTION('',(0.E0,0.E0,1.E0));
#14915=AXIS2_PLACEMENT_3D('',#14912,#14913,#14914);
#14917=CURVE_STYLE('',#124,POSITIVE_LENGTH_MEASURE(2.E-2),#69);
#14918=PRESENTATION_STYLE_ASSIGNMENT((#14917));
#14919=STYLED_ITEM('',(#14918),#14916);
#14920=CARTESIAN_POINT('',(4.3E1,3.4E1,6.3E1));
#14921=DIRECTION('',(1.E0,0.E0,0.E0));
#14922=DIRECTION('',(0.E0,0.E0,-1.E0));
#14923=AXIS2_PLACEMENT_3D('',#14920,#14921,#14922);
#14925=CURVE_STYLE('',#124,POSITIVE_LENGTH_MEASURE(2.E-2),#69);
#14926=PRESENTATION_STYLE_ASSIGNMENT((#14925));
#14927=STYLED_ITEM('',(#14926),#14924);
#14928=CARTESIAN_POINT('',(4.3E1,3.4E1,6.3E1));
#14929=DIRECTION('',(-1.E0,0.E0,0.E0));
#14930=DIRECTION('',(0.E0,0.E0,-1.E0));
#14931=AXIS2_PLACEMENT_3D('',#14928,#14929,#14930);
#14933=CURVE_STYLE('',#124,POSITIVE_LENGTH_MEASURE(2.E-2),#69);
#14934=PRESENTATION_STYLE_ASSIGNMENT((#14933));
#14935=STYLED_ITEM('',(#14934),#14932);
#14936=CARTESIAN_POINT('',(4.3E1,3.4E1,6.3E1));
#14937=DIRECTION('',(-1.E0,0.E0,0.E0));
#14938=DIRECTION('',(0.E0,0.E0,1.E0));
#14939=AXIS2_PLACEMENT_3D('',#14936,#14937,#14938);
#14941=CURVE_STYLE('',#124,POSITIVE_LENGTH_MEASURE(2.E-2),#69);
#14942=PRESENTATION_STYLE_ASSIGNMENT((#14941));
#14943=STYLED_ITEM('',(#14942),#14940);
#14944=DIRECTION('',(1.E0,0.E0,0.E0));
#14945=VECTOR('',#14944,3.55E1);
#14946=CARTESIAN_POINT('',(4.3E1,3.4E1,5.852138048323E1));
#14947=LINE('',#14946,#14945);
#14948=CURVE_STYLE('',#124,POSITIVE_LENGTH_MEASURE(2.E-2),#69);
#14949=PRESENTATION_STYLE_ASSIGNMENT((#14948));
#14950=STYLED_ITEM('',(#14949),#14947);
#14951=DIRECTION('',(1.E0,0.E0,0.E0));
#14952=VECTOR('',#14951,3.55E1);
#14953=CARTESIAN_POINT('',(4.3E1,3.4E1,6.747861951677E1));
#14954=LINE('',#14953,#14952);
#14955=CURVE_STYLE('',#124,POSITIVE_LENGTH_MEASURE(2.E-2),#69);
#14956=PRESENTATION_STYLE_ASSIGNMENT((#14955));
#14957=STYLED_ITEM('',(#14956),#14954);
#14958=CARTESIAN_POINT('',(7.85E1,3.4E1,6.3E1));
#14959=DIRECTION('',(1.E0,0.E0,0.E0));
#14960=DIRECTION('',(0.E0,0.E0,1.E0));
#14961=AXIS2_PLACEMENT_3D('',#14958,#14959,#14960);
#14963=CURVE_STYLE('',#124,POSITIVE_LENGTH_MEASURE(2.E-2),#69);
#14964=PRESENTATION_STYLE_ASSIGNMENT((#14963));
#14965=STYLED_ITEM('',(#14964),#14962);
#14966=CARTESIAN_POINT('',(7.85E1,3.4E1,6.3E1));
#14967=DIRECTION('',(1.E0,0.E0,0.E0));
#14968=DIRECTION('',(0.E0,0.E0,-1.E0));
#14969=AXIS2_PLACEMENT_3D('',#14966,#14967,#14968);
#14971=CURVE_STYLE('',#124,POSITIVE_LENGTH_MEASURE(2.E-2),#69);
#14972=PRESENTATION_STYLE_ASSIGNMENT((#14971));
#14973=STYLED_ITEM('',(#14972),#14970);
#14974=DIRECTION('',(0.E0,1.E0,0.E0));
#14975=VECTOR('',#14974,9.484553923132E0);
#14976=CARTESIAN_POINT('',(0.E0,5.282116323463E1,5.789962604358E1));
#14977=LINE('',#14976,#14975);
#14978=CURVE_STYLE('',#124,POSITIVE_LENGTH_MEASURE(2.E-2),#69);
#14979=PRESENTATION_STYLE_ASSIGNMENT((#14978));
#14980=STYLED_ITEM('',(#14979),#14977);
#14981=DIRECTION('',(0.E0,1.E0,0.E0));
#14982=VECTOR('',#14981,4.082528936804E1);
#14983=CARTESIAN_POINT('',(0.E0,2.148042778973E1,-5.789962604359E1));
#14984=LINE('',#14983,#14982);
#14985=CURVE_STYLE('',#124,POSITIVE_LENGTH_MEASURE(2.E-2),#69);
#14986=PRESENTATION_STYLE_ASSIGNMENT((#14985));
#14987=STYLED_ITEM('',(#14986),#14984);
#14988=CARTESIAN_POINT('',(0.E0,6.230571715777E1,0.E0));
#14989=DIRECTION('',(0.E0,-1.E0,0.E0));
#14990=DIRECTION('',(0.E0,0.E0,-1.E0));
#14991=AXIS2_PLACEMENT_3D('',#14988,#14989,#14990);
#14993=CURVE_STYLE('',#124,POSITIVE_LENGTH_MEASURE(2.E-2),#69);
#14994=PRESENTATION_STYLE_ASSIGNMENT((#14993));
#14995=STYLED_ITEM('',(#14994),#14992);
#14996=CARTESIAN_POINT('',(0.E0,6.230571715777E1,0.E0));
#14997=DIRECTION('',(0.E0,-1.E0,0.E0));
#14998=DIRECTION('',(0.E0,0.E0,1.E0));
#14999=AXIS2_PLACEMENT_3D('',#14996,#14997,#14998);
#15001=CURVE_STYLE('',#124,POSITIVE_LENGTH_MEASURE(2.E-2),#69);
#15002=PRESENTATION_STYLE_ASSIGNMENT((#15001));
#15003=STYLED_ITEM('',(#15002),#15000);
#15004=CARTESIAN_POINT('',(0.E0,6.230571715777E1,0.E0));
#15005=DIRECTION('',(0.E0,1.E0,0.E0));
#15006=DIRECTION('',(0.E0,0.E0,1.E0));
#15007=AXIS2_PLACEMENT_3D('',#15004,#15005,#15006);
#15009=CURVE_STYLE('',#124,POSITIVE_LENGTH_MEASURE(2.E-2),#69);
#15010=PRESENTATION_STYLE_ASSIGNMENT((#15009));
#15011=STYLED_ITEM('',(#15010),#15008);
#15012=CARTESIAN_POINT('',(0.E0,6.230571715777E1,0.E0));
#15013=DIRECTION('',(0.E0,1.E0,0.E0));
#15014=DIRECTION('',(0.E0,0.E0,-1.E0));
#15015=AXIS2_PLACEMENT_3D('',#15012,#15013,#15014);
#15017=CURVE_STYLE('',#124,POSITIVE_LENGTH_MEASURE(2.E-2),#69);
#15018=PRESENTATION_STYLE_ASSIGNMENT((#15017));
#15019=STYLED_ITEM('',(#15018),#15016);
#15020=DIRECTION('',(0.E0,1.E0,0.E0));
#15021=VECTOR('',#15020,3.774651371060E1);
#15022=CARTESIAN_POINT('',(0.E0,2.455920344717E1,-4.657733918048E1));
#15023=LINE('',#15022,#15021);
#15024=CURVE_STYLE('',#124,POSITIVE_LENGTH_MEASURE(2.E-2),#69);
#15025=PRESENTATION_STYLE_ASSIGNMENT((#15024));
#15026=STYLED_ITEM('',(#15025),#15023);
#15027=DIRECTION('',(0.E0,1.E0,0.E0));
#15028=VECTOR('',#15027,1.779162130472E1);
#15029=CARTESIAN_POINT('',(0.E0,4.451409585304E1,4.657733918048E1));
#15030=LINE('',#15029,#15028);
#15031=CURVE_STYLE('',#124,POSITIVE_LENGTH_MEASURE(2.E-2),#69);
#15032=PRESENTATION_STYLE_ASSIGNMENT((#15031));
#15033=STYLED_ITEM('',(#15032),#15030);
#15034=CARTESIAN_POINT('',(0.E0,2.455920344717E1,0.E0));
#15035=DIRECTION('',(0.E0,1.E0,0.E0));
#15036=DIRECTION('',(0.E0,0.E0,-1.E0));
#15037=AXIS2_PLACEMENT_3D('',#15034,#15035,#15036);
#15039=CURVE_STYLE('',#124,POSITIVE_LENGTH_MEASURE(2.E-2),#69);
#15040=PRESENTATION_STYLE_ASSIGNMENT((#15039));
#15041=STYLED_ITEM('',(#15040),#15038);
#15042=CARTESIAN_POINT('',(0.E0,2.455920344717E1,0.E0));
#15043=DIRECTION('',(0.E0,-1.E0,0.E0));
#15044=DIRECTION('',(-1.651550663870E-1,0.E0,9.862676127942E-1));
#15045=AXIS2_PLACEMENT_3D('',#15042,#15043,#15044);
#15047=CURVE_STYLE('',#124,POSITIVE_LENGTH_MEASURE(2.E-2),#69);
#15048=PRESENTATION_STYLE_ASSIGNMENT((#15047));
#15049=STYLED_ITEM('',(#15048),#15046);
#15050=CARTESIAN_POINT('',(0.E0,2.455920344717E1,0.E0));
#15051=DIRECTION('',(0.E0,-1.E0,0.E0));
#15052=DIRECTION('',(0.E0,0.E0,-1.E0));
#15053=AXIS2_PLACEMENT_3D('',#15050,#15051,#15052);
#15055=CURVE_STYLE('',#124,POSITIVE_LENGTH_MEASURE(2.E-2),#69);
#15056=PRESENTATION_STYLE_ASSIGNMENT((#15055));
#15057=STYLED_ITEM('',(#15056),#15054);
#15058=CARTESIAN_POINT('',(0.E0,2.455920344717E1,0.E0));
#15059=DIRECTION('',(0.E0,1.E0,0.E0));
#15060=DIRECTION('',(4.087735494094E-1,0.E0,9.126358448490E-1));
#15061=AXIS2_PLACEMENT_3D('',#15058,#15059,#15060);
#15063=CURVE_STYLE('',#124,POSITIVE_LENGTH_MEASURE(2.E-2),#69);
#15064=PRESENTATION_STYLE_ASSIGNMENT((#15063));
#15065=STYLED_ITEM('',(#15064),#15062);
#15066=DIRECTION('',(0.E0,1.E0,0.E0));
#15067=VECTOR('',#15066,2.587680964124E0);
#15068=CARTESIAN_POINT('',(0.E0,2.197152248304E1,-5.033521462379E1));
#15069=LINE('',#15068,#15067);
#15070=CURVE_STYLE('',#124,POSITIVE_LENGTH_MEASURE(2.E-2),#69);
#15071=PRESENTATION_STYLE_ASSIGNMENT((#15070));
#15072=STYLED_ITEM('',(#15071),#15069);
#15073=DIRECTION('',(-1.E0,0.E0,0.E0));
#15074=VECTOR('',#15073,3.329856003694E1);
#15075=CARTESIAN_POINT('',(1.664928001847E1,3.4E1,4.35E1));
#15076=LINE('',#15075,#15074);
#15077=CURVE_STYLE('',#124,POSITIVE_LENGTH_MEASURE(2.E-2),#69);
#15078=PRESENTATION_STYLE_ASSIGNMENT((#15077));
#15079=STYLED_ITEM('',(#15078),#15076);
#15080=CARTESIAN_POINT('',(-1.664928001847E1,3.4E1,4.35E1));
#15081=CARTESIAN_POINT('',(-1.664928001847E1,3.338583652826E1,4.35E1));
#15082=CARTESIAN_POINT('',(-1.650255885358E1,3.214524101077E1,
4.355662310910E1));
#15083=CARTESIAN_POINT('',(-1.574527395915E1,3.020412218969E1,
4.383996586754E1));
#15084=CARTESIAN_POINT('',(-1.442544430051E1,2.838586783360E1,
4.429732668360E1));
#15085=CARTESIAN_POINT('',(-1.261442821151E1,2.680529532132E1,
4.485341938803E1));
#15086=CARTESIAN_POINT('',(-1.034867159422E1,2.549624218263E1,
4.543646991926E1));
#15087=CARTESIAN_POINT('',(-8.619357840496E0,2.483971216607E1,
4.578251174262E1));
#15088=CARTESIAN_POINT('',(-7.692483544482E0,2.455920344717E1,
4.593772112383E1));
#15090=CURVE_STYLE('',#124,POSITIVE_LENGTH_MEASURE(2.E-2),#69);
#15091=PRESENTATION_STYLE_ASSIGNMENT((#15090));
#15092=STYLED_ITEM('',(#15091),#15089);
#15093=DIRECTION('',(-1.E0,0.E0,0.E0));
#15094=VECTOR('',#15093,1.288322079757E1);
#15095=CARTESIAN_POINT('',(-7.692483544482E0,2.455920344717E1,
4.593772112383E1));
#15096=LINE('',#15095,#15094);
#15097=CURVE_STYLE('',#124,POSITIVE_LENGTH_MEASURE(2.E-2),#69);
#15098=PRESENTATION_STYLE_ASSIGNMENT((#15097));
#15099=STYLED_ITEM('',(#15098),#15096);
#15100=CARTESIAN_POINT('',(-2.057570434205E1,2.455920344717E1,
4.593772112384E1));
#15101=CARTESIAN_POINT('',(-2.017243900114E1,2.423276255297E1,
4.611834541740E1));
#15102=CARTESIAN_POINT('',(-1.931361465886E1,2.360472758599E1,
4.649035934327E1));
#15103=CARTESIAN_POINT('',(-1.786383047395E1,2.274091583727E1,
4.706818556564E1));
#15104=CARTESIAN_POINT('',(-1.678414614760E1,2.221852715724E1,
4.745826965686E1));
#15105=CARTESIAN_POINT('',(-1.621527321758E1,2.197152248304E1,
4.765184934189E1));
#15107=CURVE_STYLE('',#124,POSITIVE_LENGTH_MEASURE(2.E-2),#69);
#15108=PRESENTATION_STYLE_ASSIGNMENT((#15107));
#15109=STYLED_ITEM('',(#15108),#15106);
#15110=CARTESIAN_POINT('',(-1.621527321758E1,2.197152248304E1,
4.765184934189E1));
#15111=CARTESIAN_POINT('',(-1.597040758413E1,2.191250168200E1,
4.769810445068E1));
#15112=CARTESIAN_POINT('',(-1.547863426614E1,2.179745899168E1,
4.778936311310E1));
#15113=CARTESIAN_POINT('',(-1.473472294374E1,2.163378589409E1,
4.792217242374E1));
#15114=CARTESIAN_POINT('',(-1.423477238047E1,2.153057435189E1,
4.800774526175E1));
#15115=CARTESIAN_POINT('',(-1.398377465110E1,2.148042778973E1,
4.804973874236E1));
#15117=CURVE_STYLE('',#124,POSITIVE_LENGTH_MEASURE(2.E-2),#69);
#15118=PRESENTATION_STYLE_ASSIGNMENT((#15117));
#15119=STYLED_ITEM('',(#15118),#15116);
#15120=CARTESIAN_POINT('',(-1.398377465110E1,2.148042778973E1,
4.804973874236E1));
#15121=CARTESIAN_POINT('',(-1.246939407155E1,2.117787134801E1,
4.830310402839E1));
#15122=CARTESIAN_POINT('',(-9.414264733232E0,2.068791040222E1,
4.874376446688E1));
#15123=CARTESIAN_POINT('',(-4.747051176241E0,2.025844536231E1,
4.916290060242E1));
#15124=CARTESIAN_POINT('',(-1.590490793199E0,2.016307511885E1,
4.925993050114E1));
#15125=CARTESIAN_POINT('',(0.E0,2.016307511885E1,4.925993050114E1));
#15127=CURVE_STYLE('',#124,POSITIVE_LENGTH_MEASURE(2.E-2),#69);
#15128=PRESENTATION_STYLE_ASSIGNMENT((#15127));
#15129=STYLED_ITEM('',(#15128),#15126);
#15130=CARTESIAN_POINT('',(0.E0,2.016307511885E1,4.925993050114E1));
#15131=CARTESIAN_POINT('',(1.592453771005E0,2.016307511885E1,4.925993050114E1));
#15132=CARTESIAN_POINT('',(4.751560313834E0,2.025869376443E1,4.916265465913E1));
#15133=CARTESIAN_POINT('',(9.412352958135E0,2.068778286764E1,4.874389349550E1));
#15134=CARTESIAN_POINT('',(1.246857903352E1,2.117770851245E1,4.830324038932E1));
#15135=CARTESIAN_POINT('',(1.398377465110E1,2.148042778973E1,4.804973874236E1));
#15137=CURVE_STYLE('',#124,POSITIVE_LENGTH_MEASURE(2.E-2),#69);
#15138=PRESENTATION_STYLE_ASSIGNMENT((#15137));
#15139=STYLED_ITEM('',(#15138),#15136);
#15140=CARTESIAN_POINT('',(1.398377465110E1,2.148042778973E1,4.804973874236E1));
#15141=CARTESIAN_POINT('',(1.423477245293E1,2.153057436637E1,4.800774524963E1));
#15142=CARTESIAN_POINT('',(1.473472312889E1,2.163378588016E1,4.792217243542E1));
#15143=CARTESIAN_POINT('',(1.547863445252E1,2.179745897768E1,4.778936312405E1));
#15144=CARTESIAN_POINT('',(1.597040765497E1,2.191250169907E1,4.769810443730E1));
#15145=CARTESIAN_POINT('',(1.621527321758E1,2.197152248304E1,4.765184934189E1));
#15147=CURVE_STYLE('',#124,POSITIVE_LENGTH_MEASURE(2.E-2),#69);
#15148=PRESENTATION_STYLE_ASSIGNMENT((#15147));
#15149=STYLED_ITEM('',(#15148),#15146);
#15150=CARTESIAN_POINT('',(1.621527321758E1,2.197152248304E1,4.765184934189E1));
#15151=CARTESIAN_POINT('',(1.678457131290E1,2.221871176404E1,4.745812497892E1));
#15152=CARTESIAN_POINT('',(1.786475601131E1,2.274145235566E1,4.706780186728E1));
#15153=CARTESIAN_POINT('',(1.931447648969E1,2.360516753539E1,4.649008772741E1));
#15154=CARTESIAN_POINT('',(2.017274819768E1,2.423301284573E1,4.611820692693E1));
#15155=CARTESIAN_POINT('',(2.057570434205E1,2.455920344717E1,4.593772112383E1));
#15157=CURVE_STYLE('',#124,POSITIVE_LENGTH_MEASURE(2.E-2),#69);
#15158=PRESENTATION_STYLE_ASSIGNMENT((#15157));
#15159=STYLED_ITEM('',(#15158),#15156);
#15160=DIRECTION('',(-1.E0,0.E0,0.E0));
#15161=VECTOR('',#15160,1.288322079757E1);
#15162=CARTESIAN_POINT('',(2.057570434205E1,2.455920344717E1,4.593772112383E1));
#15163=LINE('',#15162,#15161);
#15164=CURVE_STYLE('',#124,POSITIVE_LENGTH_MEASURE(2.E-2),#69);
#15165=PRESENTATION_STYLE_ASSIGNMENT((#15164));
#15166=STYLED_ITEM('',(#15165),#15163);
#15167=CARTESIAN_POINT('',(7.692483544482E0,2.455920344717E1,4.593772112383E1));
#15168=CARTESIAN_POINT('',(8.643661253062E0,2.484706733726E1,4.577844202396E1));
#15169=CARTESIAN_POINT('',(1.040773929E1,2.552313172026E1,4.542298457885E1));
#15170=CARTESIAN_POINT('',(1.267259573267E1,2.684540793434E1,4.483700500304E1));
#15171=CARTESIAN_POINT('',(1.448837047039E1,2.845212239194E1,4.427687374288E1));
#15172=CARTESIAN_POINT('',(1.578494935560E1,3.027989168055E1,4.382526478474E1));
#15173=CARTESIAN_POINT('',(1.651381387867E1,3.220367459754E1,4.355229066737E1));
#15174=CARTESIAN_POINT('',(1.664928001847E1,3.340881834376E1,4.35E1));
#15175=CARTESIAN_POINT('',(1.664928001847E1,3.4E1,4.35E1));
#15177=CURVE_STYLE('',#124,POSITIVE_LENGTH_MEASURE(2.E-2),#69);
#15178=PRESENTATION_STYLE_ASSIGNMENT((#15177));
#15179=STYLED_ITEM('',(#15178),#15176);
#15180=CARTESIAN_POINT('',(0.E0,4.451409585304E1,4.657733918048E1));
#15181=CARTESIAN_POINT('',(-1.368319079030E0,4.451409585304E1,
4.657733918048E1));
#15182=CARTESIAN_POINT('',(-3.943114969071E0,4.432927097576E1,
4.645740538043E1));
#15183=CARTESIAN_POINT('',(-7.316382088393E0,4.363324830135E1,
4.603555791554E1));
#15184=CARTESIAN_POINT('',(-1.021497947692E1,4.257654954799E1,
4.547007954079E1));
#15185=CARTESIAN_POINT('',(-1.257878145163E1,4.122433182259E1,
4.486403178845E1));
#15186=CARTESIAN_POINT('',(-1.443999310483E1,3.960572476157E1,
4.429351969849E1));
#15187=CARTESIAN_POINT('',(-1.576453746510E1,3.775989379346E1,
4.383266030314E1));
#15188=CARTESIAN_POINT('',(-1.650669078115E1,3.583106884135E1,
4.355505331122E1));
#15189=CARTESIAN_POINT('',(-1.664928001847E1,3.460423021859E1,4.35E1));
#15190=CARTESIAN_POINT('',(-1.664928001847E1,3.4E1,4.35E1));
#15192=CURVE_STYLE('',#124,POSITIVE_LENGTH_MEASURE(2.E-2),#69);
#15193=PRESENTATION_STYLE_ASSIGNMENT((#15192));
#15194=STYLED_ITEM('',(#15193),#15191);
#15195=CARTESIAN_POINT('',(1.664928001847E1,3.4E1,4.35E1));
#15196=CARTESIAN_POINT('',(1.664928001847E1,3.460930399610E1,4.35E1));
#15197=CARTESIAN_POINT('',(1.650444311874E1,3.584317711955E1,4.355618308821E1));
#15198=CARTESIAN_POINT('',(1.576058391162E1,3.776633415618E1,4.383408551842E1));
#15199=CARTESIAN_POINT('',(1.443326062711E1,3.961074936055E1,4.429509401959E1));
#15200=CARTESIAN_POINT('',(1.257695169318E1,4.122630704079E1,4.486480852336E1));
#15201=CARTESIAN_POINT('',(1.020556147108E1,4.258083030758E1,4.547221393533E1));
#15202=CARTESIAN_POINT('',(7.319455296759E0,4.363218730356E1,4.603501621844E1));
#15203=CARTESIAN_POINT('',(3.933411038161E0,4.433082750414E1,4.645833563063E1));
#15204=CARTESIAN_POINT('',(1.364420413370E0,4.451409585304E1,4.657733918048E1));
#15205=CARTESIAN_POINT('',(0.E0,4.451409585304E1,4.657733918048E1));
#15207=CURVE_STYLE('',#124,POSITIVE_LENGTH_MEASURE(2.E-2),#69);
#15208=PRESENTATION_STYLE_ASSIGNMENT((#15207));
#15209=STYLED_ITEM('',(#15208),#15206);
#15210=CARTESIAN_POINT('',(0.E0,2.197152248304E1,0.E0));
#15211=DIRECTION('',(0.E0,-1.E0,0.E0));
#15212=DIRECTION('',(-3.221457053232E-1,0.E0,9.466900995267E-1));
#15213=AXIS2_PLACEMENT_3D('',#15210,#15211,#15212);
#15215=CURVE_STYLE('',#124,POSITIVE_LENGTH_MEASURE(2.E-2),#69);
#15216=PRESENTATION_STYLE_ASSIGNMENT((#15215));
#15217=STYLED_ITEM('',(#15216),#15214);
#15218=CARTESIAN_POINT('',(0.E0,2.197152248304E1,0.E0));
#15219=DIRECTION('',(0.E0,-1.E0,0.E0));
#15220=DIRECTION('',(0.E0,0.E0,-1.E0));
#15221=AXIS2_PLACEMENT_3D('',#15218,#15219,#15220);
#15223=CURVE_STYLE('',#124,POSITIVE_LENGTH_MEASURE(2.E-2),#69);
#15224=PRESENTATION_STYLE_ASSIGNMENT((#15223));
#15225=STYLED_ITEM('',(#15224),#15222);
#15226=CARTESIAN_POINT('',(0.E0,2.148042778973E1,0.E0));
#15227=DIRECTION('',(0.E0,1.E0,0.E0));
#15228=DIRECTION('',(0.E0,0.E0,-1.E0));
#15229=AXIS2_PLACEMENT_3D('',#15226,#15227,#15228);
#15231=CURVE_STYLE('',#124,POSITIVE_LENGTH_MEASURE(2.E-2),#69);
#15232=PRESENTATION_STYLE_ASSIGNMENT((#15231));
#15233=STYLED_ITEM('',(#15232),#15230);
#15234=CARTESIAN_POINT('',(0.E0,2.148042778973E1,0.E0));
#15235=DIRECTION('',(0.E0,1.E0,0.E0));
#15236=DIRECTION('',(-4.968991763864E-1,0.E0,8.678082786575E-1));
#15237=AXIS2_PLACEMENT_3D('',#15234,#15235,#15236);
#15239=CURVE_STYLE('',#124,POSITIVE_LENGTH_MEASURE(2.E-2),#69);
#15240=PRESENTATION_STYLE_ASSIGNMENT((#15239));
#15241=STYLED_ITEM('',(#15240),#15238);
#15242=CARTESIAN_POINT('',(0.E0,2.148042778973E1,0.E0));
#15243=DIRECTION('',(0.E0,1.E0,0.E0));
#15244=DIRECTION('',(0.E0,0.E0,1.E0));
#15245=AXIS2_PLACEMENT_3D('',#15242,#15243,#15244);
#15247=CURVE_STYLE('',#124,POSITIVE_LENGTH_MEASURE(2.E-2),#69);
#15248=PRESENTATION_STYLE_ASSIGNMENT((#15247));
#15249=STYLED_ITEM('',(#15248),#15246);
#15250=CARTESIAN_POINT('',(0.E0,2.148042778973E1,0.E0));
#15251=DIRECTION('',(0.E0,1.E0,0.E0));
#15252=DIRECTION('',(5.579419945368E-1,0.E0,8.298799495905E-1));
#15253=AXIS2_PLACEMENT_3D('',#15250,#15251,#15252);
#15255=CURVE_STYLE('',#124,POSITIVE_LENGTH_MEASURE(2.E-2),#69);
#15256=PRESENTATION_STYLE_ASSIGNMENT((#15255));
#15257=STYLED_ITEM('',(#15256),#15254);
#15258=CARTESIAN_POINT('',(0.E0,2.148042778973E1,0.E0));
#15259=DIRECTION('',(0.E0,-1.E0,0.E0));
#15260=DIRECTION('',(-2.794339793969E-1,0.E0,9.601649083144E-1));
#15261=AXIS2_PLACEMENT_3D('',#15258,#15259,#15260);
#15263=CURVE_STYLE('',#124,POSITIVE_LENGTH_MEASURE(2.E-2),#69);
#15264=PRESENTATION_STYLE_ASSIGNMENT((#15263));
#15265=STYLED_ITEM('',(#15264),#15262);
#15266=CARTESIAN_POINT('',(0.E0,2.148042778973E1,0.E0));
#15267=DIRECTION('',(0.E0,-1.E0,0.E0));
#15268=DIRECTION('',(-1.667984977872E-9,0.E0,-1.E0));
#15269=AXIS2_PLACEMENT_3D('',#15266,#15267,#15268);
#15271=CURVE_STYLE('',#124,POSITIVE_LENGTH_MEASURE(2.E-2),#69);
#15272=PRESENTATION_STYLE_ASSIGNMENT((#15271));
#15273=STYLED_ITEM('',(#15272),#15270);
#15274=CARTESIAN_POINT('',(0.E0,2.148042778973E1,0.E0));
#15275=DIRECTION('',(0.E0,-1.E0,0.E0));
#15276=DIRECTION('',(2.794339793969E-1,0.E0,9.601649083144E-1));
#15277=AXIS2_PLACEMENT_3D('',#15274,#15275,#15276);
#15279=CURVE_STYLE('',#124,POSITIVE_LENGTH_MEASURE(2.E-2),#69);
#15280=PRESENTATION_STYLE_ASSIGNMENT((#15279));
#15281=STYLED_ITEM('',(#15280),#15278);
#15282=CARTESIAN_POINT('',(0.E0,2.148042778973E1,0.E0));
#15283=DIRECTION('',(0.E0,-1.E0,0.E0));
#15284=DIRECTION('',(0.E0,0.E0,1.E0));
#15285=AXIS2_PLACEMENT_3D('',#15282,#15283,#15284);
#15287=CURVE_STYLE('',#124,POSITIVE_LENGTH_MEASURE(2.E-2),#69);
#15288=PRESENTATION_STYLE_ASSIGNMENT((#15287));
#15289=STYLED_ITEM('',(#15288),#15286);
#15290=DIRECTION('',(0.E0,-8.183362963732E-1,-5.747396854561E-1));
#15291=VECTOR('',#15290,4.845787032225E0);
#15292=CARTESIAN_POINT('',(-3.918372713217E-14,2.148042778973E1,
5.536907163030E1));
#15293=LINE('',#15292,#15291);
#15294=CURVE_STYLE('',#124,POSITIVE_LENGTH_MEASURE(2.E-2),#69);
#15295=PRESENTATION_STYLE_ASSIGNMENT((#15294));
#15296=STYLED_ITEM('',(#15295),#15293);
#15297=DIRECTION('',(3.267072744802E-14,-8.595377472232E-1,-5.110722660237E-1));
#15298=VECTOR('',#15297,1.532629224407E0);
#15299=CARTESIAN_POINT('',(-5.409384608375E-14,2.148042778973E1,
5.004321479183E1));
#15300=LINE('',#15299,#15298);
#15301=CURVE_STYLE('',#124,POSITIVE_LENGTH_MEASURE(2.E-2),#69);
#15302=PRESENTATION_STYLE_ASSIGNMENT((#15301));
#15303=STYLED_ITEM('',(#15302),#15300);
#15304=DIRECTION('',(-1.E0,0.E0,0.E0));
#15305=VECTOR('',#15304,2.E0);
#15306=CARTESIAN_POINT('',(1.78E2,5.699223972185E1,6.847284929362E1));
#15307=LINE('',#15306,#15305);
#15308=CURVE_STYLE('',#124,POSITIVE_LENGTH_MEASURE(2.E-2),#69);
#15309=PRESENTATION_STYLE_ASSIGNMENT((#15308));
#15310=STYLED_ITEM('',(#15309),#15307);
#15311=DIRECTION('',(-1.E0,0.E0,0.E0));
#15312=VECTOR('',#15311,2.E0);
#15313=CARTESIAN_POINT('',(1.78E2,5.699223972185E1,7.297284929362E1));
#15314=LINE('',#15313,#15312);
#15315=CURVE_STYLE('',#124,POSITIVE_LENGTH_MEASURE(2.E-2),#69);
#15316=PRESENTATION_STYLE_ASSIGNMENT((#15315));
#15317=STYLED_ITEM('',(#15316),#15314);
#15318=CARTESIAN_POINT('',(1.78E2,5.699223972185E1,7.072284929362E1));
#15319=DIRECTION('',(-1.E0,0.E0,0.E0));
#15320=DIRECTION('',(0.E0,0.E0,1.E0));
#15321=AXIS2_PLACEMENT_3D('',#15318,#15319,#15320);
#15323=CURVE_STYLE('',#124,POSITIVE_LENGTH_MEASURE(2.E-2),#69);
#15324=PRESENTATION_STYLE_ASSIGNMENT((#15323));
#15325=STYLED_ITEM('',(#15324),#15322);
#15326=CARTESIAN_POINT('',(1.78E2,5.699223972185E1,7.072284929362E1));
#15327=DIRECTION('',(-1.E0,0.E0,0.E0));
#15328=DIRECTION('',(0.E0,0.E0,-1.E0));
#15329=AXIS2_PLACEMENT_3D('',#15326,#15327,#15328);
#15331=CURVE_STYLE('',#124,POSITIVE_LENGTH_MEASURE(2.E-2),#69);
#15332=PRESENTATION_STYLE_ASSIGNMENT((#15331));
#15333=STYLED_ITEM('',(#15332),#15330);
#15334=DIRECTION('',(1.E0,0.E0,1.421085471520E-14));
#15335=VECTOR('',#15334,2.E0);
#15336=CARTESIAN_POINT('',(1.76E2,1.244655016039E1,6.883061791546E1));
#15337=LINE('',#15336,#15335);
#15338=CURVE_STYLE('',#124,POSITIVE_LENGTH_MEASURE(2.E-2),#69);
#15339=PRESENTATION_STYLE_ASSIGNMENT((#15338));
#15340=STYLED_ITEM('',(#15339),#15337);
#15341=DIRECTION('',(-1.E0,3.765876499529E-13,-5.684341886081E-14));
#15342=VECTOR('',#15341,2.E0);
#15343=CARTESIAN_POINT('',(1.78E2,1.589337729593E1,6.472284929362E1));
#15344=LINE('',#15343,#15342);
#15345=CURVE_STYLE('',#124,POSITIVE_LENGTH_MEASURE(2.E-2),#69);
#15346=PRESENTATION_STYLE_ASSIGNMENT((#15345));
#15347=STYLED_ITEM('',(#15346),#15344);
#15348=DIRECTION('',(1.E0,3.783640067923E-13,4.973799150321E-14));
#15349=VECTOR('',#15348,2.E0);
#15350=CARTESIAN_POINT('',(1.76E2,1.668684870912E1,7.622284929362E1));
#15351=LINE('',#15350,#15349);
#15352=CURVE_STYLE('',#124,POSITIVE_LENGTH_MEASURE(2.E-2),#69);
#15353=PRESENTATION_STYLE_ASSIGNMENT((#15352));
#15354=STYLED_ITEM('',(#15353),#15351);
#15355=DIRECTION('',(-1.E0,0.E0,2.131628207280E-14));
#15356=VECTOR('',#15355,2.E0);
#15357=CARTESIAN_POINT('',(1.78E2,1.324002157358E1,7.333061791546E1));
#15358=LINE('',#15357,#15356);
#15359=CURVE_STYLE('',#124,POSITIVE_LENGTH_MEASURE(2.E-2),#69);
#15360=PRESENTATION_STYLE_ASSIGNMENT((#15359));
#15361=STYLED_ITEM('',(#15360),#15358);
#15362=DIRECTION('',(1.E0,0.E0,0.E0));
#15363=VECTOR('',#15362,2.E0);
#15364=CARTESIAN_POINT('',(1.76E2,5.370445787013E1,7.333061791546E1));
#15365=LINE('',#15364,#15363);
#15366=CURVE_STYLE('',#124,POSITIVE_LENGTH_MEASURE(2.E-2),#69);
#15367=PRESENTATION_STYLE_ASSIGNMENT((#15366));
#15368=STYLED_ITEM('',(#15367),#15365);
#15369=DIRECTION('',(-1.E0,-3.801403636317E-13,5.684341886081E-14));
#15370=VECTOR('',#15369,2.E0);
#15371=CARTESIAN_POINT('',(1.78E2,5.025763073459E1,7.622284929362E1));
#15372=LINE('',#15371,#15370);
#15373=CURVE_STYLE('',#124,POSITIVE_LENGTH_MEASURE(2.E-2),#69);
#15374=PRESENTATION_STYLE_ASSIGNMENT((#15373));
#15375=STYLED_ITEM('',(#15374),#15372);
#15376=DIRECTION('',(1.E0,-3.801403636317E-13,-5.684341886081E-14));
#15377=VECTOR('',#15376,2.E0);
#15378=CARTESIAN_POINT('',(1.76E2,5.105110214777E1,6.472284929362E1));
#15379=LINE('',#15378,#15377);
#15380=CURVE_STYLE('',#124,POSITIVE_LENGTH_MEASURE(2.E-2),#69);
#15381=PRESENTATION_STYLE_ASSIGNMENT((#15380));
#15382=STYLED_ITEM('',(#15381),#15379);
#15383=DIRECTION('',(-1.E0,0.E0,0.E0));
#15384=VECTOR('',#15383,2.E0);
#15385=CARTESIAN_POINT('',(1.78E2,5.449792928332E1,6.883061791546E1));
#15386=LINE('',#15385,#15384);
#15387=CURVE_STYLE('',#124,POSITIVE_LENGTH_MEASURE(2.E-2),#69);
#15388=PRESENTATION_STYLE_ASSIGNMENT((#15387));
#15389=STYLED_ITEM('',(#15388),#15386);
#15390=DIRECTION('',(0.E0,1.736481776669E-1,-9.848077530122E-1));
#15391=VECTOR('',#15390,4.569419753486E0);
#15392=CARTESIAN_POINT('',(1.78E2,5.370445787013E1,7.333061791546E1));
#15393=LINE('',#15392,#15391);
#15394=CURVE_STYLE('',#124,POSITIVE_LENGTH_MEASURE(2.E-2),#69);
#15395=PRESENTATION_STYLE_ASSIGNMENT((#15394));
#15396=STYLED_ITEM('',(#15395),#15393);
#15397=CARTESIAN_POINT('',(1.78E2,5.105110214777E1,6.822284929362E1));
#15398=DIRECTION('',(-1.E0,0.E0,0.E0));
#15399=DIRECTION('',(0.E0,9.848077530122E-1,1.736481776669E-1));
#15400=AXIS2_PLACEMENT_3D('',#15397,#15398,#15399);
#15402=CURVE_STYLE('',#124,POSITIVE_LENGTH_MEASURE(2.E-2),#69);
#15403=PRESENTATION_STYLE_ASSIGNMENT((#15402));
#15404=STYLED_ITEM('',(#15403),#15401);
#15405=DIRECTION('',(0.E0,-1.E0,0.E0));
#15406=VECTOR('',#15405,3.515772485184E1);
#15407=CARTESIAN_POINT('',(1.78E2,5.105110214777E1,6.472284929362E1));
#15408=LINE('',#15407,#15406);
#15409=CURVE_STYLE('',#124,POSITIVE_LENGTH_MEASURE(2.E-2),#69);
#15410=PRESENTATION_STYLE_ASSIGNMENT((#15409));
#15411=STYLED_ITEM('',(#15410),#15408);
#15412=CARTESIAN_POINT('',(1.78E2,1.589337729593E1,6.822284929362E1));
#15413=DIRECTION('',(-1.E0,0.E0,0.E0));
#15414=DIRECTION('',(0.E0,-6.207098327390E-13,-1.E0));
#15415=AXIS2_PLACEMENT_3D('',#15412,#15413,#15414);
#15417=CURVE_STYLE('',#124,POSITIVE_LENGTH_MEASURE(2.E-2),#69);
#15418=PRESENTATION_STYLE_ASSIGNMENT((#15417));
#15419=STYLED_ITEM('',(#15418),#15416);
#15420=DIRECTION('',(0.E0,1.736481776669E-1,9.848077530122E-1));
#15421=VECTOR('',#15420,4.569419753486E0);
#15422=CARTESIAN_POINT('',(1.78E2,1.244655016039E1,6.883061791546E1));
#15423=LINE('',#15422,#15421);
#15424=CURVE_STYLE('',#124,POSITIVE_LENGTH_MEASURE(2.E-2),#69);
#15425=PRESENTATION_STYLE_ASSIGNMENT((#15424));
#15426=STYLED_ITEM('',(#15425),#15423);
#15427=CARTESIAN_POINT('',(1.78E2,1.668684870912E1,7.272284929362E1));
#15428=DIRECTION('',(-1.E0,0.E0,0.E0));
#15429=DIRECTION('',(0.E0,-9.848077530122E-1,1.736481776670E-1));
#15430=AXIS2_PLACEMENT_3D('',#15427,#15428,#15429);
#15432=CURVE_STYLE('',#124,POSITIVE_LENGTH_MEASURE(2.E-2),#69);
#15433=PRESENTATION_STYLE_ASSIGNMENT((#15432));
#15434=STYLED_ITEM('',(#15433),#15431);
#15435=DIRECTION('',(0.E0,1.E0,0.E0));
#15436=VECTOR('',#15435,3.357078202546E1);
#15437=CARTESIAN_POINT('',(1.78E2,1.668684870912E1,7.622284929362E1));
#15438=LINE('',#15437,#15436);
#15439=CURVE_STYLE('',#124,POSITIVE_LENGTH_MEASURE(2.E-2),#69);
#15440=PRESENTATION_STYLE_ASSIGNMENT((#15439));
#15441=STYLED_ITEM('',(#15440),#15438);
#15442=CARTESIAN_POINT('',(1.78E2,5.025763073458E1,7.272284929362E1));
#15443=DIRECTION('',(-1.E0,0.E0,0.E0));
#15444=DIRECTION('',(0.E0,6.496390726949E-13,1.E0));
#15445=AXIS2_PLACEMENT_3D('',#15442,#15443,#15444);
#15447=CURVE_STYLE('',#124,POSITIVE_LENGTH_MEASURE(2.E-2),#69);
#15448=PRESENTATION_STYLE_ASSIGNMENT((#15447));
#15449=STYLED_ITEM('',(#15448),#15446);
#15450=CARTESIAN_POINT('',(1.78E2,1.622223972185E1,6.897284929363E1));
#15451=DIRECTION('',(1.E0,0.E0,0.E0));
#15452=DIRECTION('',(0.E0,-9.781476007335E-1,2.079116908191E-1));
#15453=AXIS2_PLACEMENT_3D('',#15450,#15451,#15452);
#15455=CURVE_STYLE('',#124,POSITIVE_LENGTH_MEASURE(2.E-2),#69);
#15456=PRESENTATION_STYLE_ASSIGNMENT((#15455));
#15457=STYLED_ITEM('',(#15456),#15454);
#15458=CARTESIAN_POINT('',(1.78E2,1.622223972185E1,6.897284929363E1));
#15459=DIRECTION('',(1.E0,0.E0,0.E0));
#15460=DIRECTION('',(0.E0,-9.999999999997E-1,-7.607209186387E-7));
#15461=AXIS2_PLACEMENT_3D('',#15458,#15459,#15460);
#15463=CURVE_STYLE('',#124,POSITIVE_LENGTH_MEASURE(2.E-2),#69);
#15464=PRESENTATION_STYLE_ASSIGNMENT((#15463));
#15465=STYLED_ITEM('',(#15464),#15462);
#15466=DIRECTION('',(0.E0,1.E0,-2.677407410111E-14));
#15467=VECTOR('',#15466,3.45E1);
#15468=CARTESIAN_POINT('',(1.78E2,1.622223972185E1,6.547284929362E1));
#15469=LINE('',#15468,#15467);
#15470=CURVE_STYLE('',#124,POSITIVE_LENGTH_MEASURE(2.E-2),#69);
#15471=PRESENTATION_STYLE_ASSIGNMENT((#15470));
#15472=STYLED_ITEM('',(#15471),#15469);
#15473=CARTESIAN_POINT('',(1.78E2,5.072223972185E1,6.897284929362E1));
#15474=DIRECTION('',(1.E0,0.E0,0.E0));
#15475=DIRECTION('',(0.E0,1.238374482325E-13,-1.E0));
#15476=AXIS2_PLACEMENT_3D('',#15473,#15474,#15475);
#15478=CURVE_STYLE('',#124,POSITIVE_LENGTH_MEASURE(2.E-2),#69);
#15479=PRESENTATION_STYLE_ASSIGNMENT((#15478));
#15480=STYLED_ITEM('',(#15479),#15477);
#15481=CARTESIAN_POINT('',(1.78E2,5.072223972185E1,6.897284929362E1));
#15482=DIRECTION('',(1.E0,0.E0,0.E0));
#15483=DIRECTION('',(0.E0,1.E0,-2.030122102172E-14));
#15484=AXIS2_PLACEMENT_3D('',#15481,#15482,#15483);
#15486=CURVE_STYLE('',#124,POSITIVE_LENGTH_MEASURE(2.E-2),#69);
#15487=PRESENTATION_STYLE_ASSIGNMENT((#15486));
#15488=STYLED_ITEM('',(#15487),#15485);
#15489=DIRECTION('',(1.504344955054E-14,-2.079116908178E-1,9.781476007338E-1));
#15490=VECTOR('',#15489,3.778615979655E0);
#15491=CARTESIAN_POINT('',(1.78E2,5.414575632442E1,6.970054021148E1));
#15492=LINE('',#15491,#15490);
#15493=CURVE_STYLE('',#124,POSITIVE_LENGTH_MEASURE(2.E-2),#69);
#15494=PRESENTATION_STYLE_ASSIGNMENT((#15493));
#15495=STYLED_ITEM('',(#15494),#15492);
#15496=CARTESIAN_POINT('',(1.78E2,5.042569508494E1,7.277284929362E1));
#15497=DIRECTION('',(1.E0,0.E0,0.E0));
#15498=DIRECTION('',(0.E0,9.781476007337E-1,2.079116908182E-1));
#15499=AXIS2_PLACEMENT_3D('',#15496,#15497,#15498);
#15501=CURVE_STYLE('',#124,POSITIVE_LENGTH_MEASURE(2.E-2),#69);
#15502=PRESENTATION_STYLE_ASSIGNMENT((#15501));
#15503=STYLED_ITEM('',(#15502),#15500);
#15504=DIRECTION('',(0.E0,-1.E0,2.598505654077E-14));
#15505=VECTOR('',#15504,3.390691072617E1);
#15506=CARTESIAN_POINT('',(1.78E2,5.042569508494E1,7.577284929362E1));
#15507=LINE('',#15506,#15505);
#15508=CURVE_STYLE('',#124,POSITIVE_LENGTH_MEASURE(2.E-2),#69);
#15509=PRESENTATION_STYLE_ASSIGNMENT((#15508));
#15510=STYLED_ITEM('',(#15509),#15507);
#15511=CARTESIAN_POINT('',(1.78E2,1.651878435877E1,7.277284929362E1));
#15512=DIRECTION('',(1.E0,0.E0,0.E0));
#15513=DIRECTION('',(0.E0,0.E0,1.E0));
#15514=AXIS2_PLACEMENT_3D('',#15511,#15512,#15513);
#15516=CURVE_STYLE('',#124,POSITIVE_LENGTH_MEASURE(2.E-2),#69);
#15517=PRESENTATION_STYLE_ASSIGNMENT((#15516));
#15518=STYLED_ITEM('',(#15517),#15515);
#15519=DIRECTION('',(0.E0,-2.079116908177E-1,-9.781476007338E-1));
#15520=VECTOR('',#15519,3.778615979650E0);
#15521=CARTESIAN_POINT('',(1.78E2,1.358434155656E1,7.339658436608E1));
#15522=LINE('',#15521,#15520);
#15523=CURVE_STYLE('',#124,POSITIVE_LENGTH_MEASURE(2.E-2),#69);
#15524=PRESENTATION_STYLE_ASSIGNMENT((#15523));
#15525=STYLED_ITEM('',(#15524),#15522);
#15526=DIRECTION('',(-1.E0,0.E0,-2.436146522606E-14));
#15527=VECTOR('',#15526,3.5E0);
#15528=CARTESIAN_POINT('',(1.78E2,1.279872311928E1,6.970054021149E1));
#15529=LINE('',#15528,#15527);
#15530=CURVE_STYLE('',#124,POSITIVE_LENGTH_MEASURE(2.E-2),#69);
#15531=PRESENTATION_STYLE_ASSIGNMENT((#15530));
#15532=STYLED_ITEM('',(#15531),#15529);
#15533=DIRECTION('',(1.E0,-8.425006724013E-14,0.E0));
#15534=VECTOR('',#15533,3.5E0);
#15535=CARTESIAN_POINT('',(1.745E2,1.622223972185E1,6.547284929362E1));
#15536=LINE('',#15535,#15534);
#15537=CURVE_STYLE('',#124,POSITIVE_LENGTH_MEASURE(2.E-2),#69);
#15538=PRESENTATION_STYLE_ASSIGNMENT((#15537));
#15539=STYLED_ITEM('',(#15538),#15536);
#15540=DIRECTION('',(-1.E0,0.E0,0.E0));
#15541=VECTOR('',#15540,3.5E0);
#15542=CARTESIAN_POINT('',(1.78E2,1.651878435877E1,7.577284929362E1));
#15543=LINE('',#15542,#15541);
#15544=CURVE_STYLE('',#124,POSITIVE_LENGTH_MEASURE(2.E-2),#69);
#15545=PRESENTATION_STYLE_ASSIGNMENT((#15544));
#15546=STYLED_ITEM('',(#15545),#15543);
#15547=DIRECTION('',(1.E0,0.E0,0.E0));
#15548=VECTOR('',#15547,3.5E0);
#15549=CARTESIAN_POINT('',(1.745E2,1.358434155656E1,7.339658436608E1));
#15550=LINE('',#15549,#15548);
#15551=CURVE_STYLE('',#124,POSITIVE_LENGTH_MEASURE(2.E-2),#69);
#15552=PRESENTATION_STYLE_ASSIGNMENT((#15551));
#15553=STYLED_ITEM('',(#15552),#15550);
#15554=DIRECTION('',(0.E0,-1.E0,2.640417035595E-14));
#15555=VECTOR('',#15554,3.390691072617E1);
#15556=CARTESIAN_POINT('',(1.745E2,5.042569508494E1,7.577284929362E1));
#15557=LINE('',#15556,#15555);
#15558=CURVE_STYLE('',#124,POSITIVE_LENGTH_MEASURE(2.E-2),#69);
#15559=PRESENTATION_STYLE_ASSIGNMENT((#15558));
#15560=STYLED_ITEM('',(#15559),#15557);
#15561=DIRECTION('',(-1.E0,0.E0,0.E0));
#15562=VECTOR('',#15561,3.5E0);
#15563=CARTESIAN_POINT('',(1.78E2,5.336013788714E1,7.339658436608E1));
#15564=LINE('',#15563,#15562);
#15565=CURVE_STYLE('',#124,POSITIVE_LENGTH_MEASURE(2.E-2),#69);
#15566=PRESENTATION_STYLE_ASSIGNMENT((#15565));
#15567=STYLED_ITEM('',(#15566),#15564);
#15568=DIRECTION('',(1.E0,0.E0,0.E0));
#15569=VECTOR('',#15568,3.5E0);
#15570=CARTESIAN_POINT('',(1.745E2,5.042569508494E1,7.577284929362E1));
#15571=LINE('',#15570,#15569);
#15572=CURVE_STYLE('',#124,POSITIVE_LENGTH_MEASURE(2.E-2),#69);
#15573=PRESENTATION_STYLE_ASSIGNMENT((#15572));
#15574=STYLED_ITEM('',(#15573),#15571);
#15575=DIRECTION('',(-1.E0,0.E0,0.E0));
#15576=VECTOR('',#15575,3.5E0);
#15577=CARTESIAN_POINT('',(1.78E2,5.422223972185E1,6.897284929362E1));
#15578=LINE('',#15577,#15576);
#15579=CURVE_STYLE('',#124,POSITIVE_LENGTH_MEASURE(2.E-2),#69);
#15580=PRESENTATION_STYLE_ASSIGNMENT((#15579));
#15581=STYLED_ITEM('',(#15580),#15578);
#15582=DIRECTION('',(1.E0,-1.624097681737E-14,4.872293045212E-14));
#15583=VECTOR('',#15582,3.5E0);
#15584=CARTESIAN_POINT('',(1.745E2,5.414575632442E1,6.970054021148E1));
#15585=LINE('',#15584,#15583);
#15586=CURVE_STYLE('',#124,POSITIVE_LENGTH_MEASURE(2.E-2),#69);
#15587=PRESENTATION_STYLE_ASSIGNMENT((#15586));
#15588=STYLED_ITEM('',(#15587),#15585);
#15589=DIRECTION('',(-1.E0,0.E0,0.E0));
#15590=VECTOR('',#15589,3.5E0);
#15591=CARTESIAN_POINT('',(1.78E2,5.072223972185E1,6.547284929362E1));
#15592=LINE('',#15591,#15590);
#15593=CURVE_STYLE('',#124,POSITIVE_LENGTH_MEASURE(2.E-2),#69);
#15594=PRESENTATION_STYLE_ASSIGNMENT((#15593));
#15595=STYLED_ITEM('',(#15594),#15592);
#15596=CARTESIAN_POINT('',(1.745E2,1.622223972185E1,6.897284929363E1));
#15597=DIRECTION('',(-1.E0,0.E0,0.E0));
#15598=DIRECTION('',(0.E0,1.589585606E-12,-1.E0));
#15599=AXIS2_PLACEMENT_3D('',#15596,#15597,#15598);
#15601=CURVE_STYLE('',#124,POSITIVE_LENGTH_MEASURE(2.E-2),#69);
#15602=PRESENTATION_STYLE_ASSIGNMENT((#15601));
#15603=STYLED_ITEM('',(#15602),#15600);
#15604=CARTESIAN_POINT('',(1.745E2,1.622223972185E1,6.897284929363E1));
#15605=DIRECTION('',(-1.E0,0.E0,0.E0));
#15606=DIRECTION('',(0.E0,-9.999999999997E-1,-7.232656977456E-7));
#15607=AXIS2_PLACEMENT_3D('',#15604,#15605,#15606);
#15609=CURVE_STYLE('',#124,POSITIVE_LENGTH_MEASURE(2.E-2),#69);
#15610=PRESENTATION_STYLE_ASSIGNMENT((#15609));
#15611=STYLED_ITEM('',(#15610),#15608);
#15612=DIRECTION('',(0.E0,2.079116908177E-1,9.781476007338E-1));
#15613=VECTOR('',#15612,3.778615979650E0);
#15614=CARTESIAN_POINT('',(1.745E2,1.279872311928E1,6.970054021149E1));
#15615=LINE('',#15614,#15613);
#15616=CURVE_STYLE('',#124,POSITIVE_LENGTH_MEASURE(2.E-2),#69);
#15617=PRESENTATION_STYLE_ASSIGNMENT((#15616));
#15618=STYLED_ITEM('',(#15617),#15615);
#15619=CARTESIAN_POINT('',(1.745E2,1.651878435877E1,7.277284929362E1));
#15620=DIRECTION('',(-1.E0,0.E0,0.E0));
#15621=DIRECTION('',(0.E0,-9.781476007338E-1,2.079116908177E-1));
#15622=AXIS2_PLACEMENT_3D('',#15619,#15620,#15621);
#15624=CURVE_STYLE('',#124,POSITIVE_LENGTH_MEASURE(2.E-2),#69);
#15625=PRESENTATION_STYLE_ASSIGNMENT((#15624));
#15626=STYLED_ITEM('',(#15625),#15623);
#15627=CARTESIAN_POINT('',(1.745E2,5.042569508494E1,7.277284929362E1));
#15628=DIRECTION('',(-1.E0,0.E0,0.E0));
#15629=DIRECTION('',(0.E0,-1.473191938809E-12,1.E0));
#15630=AXIS2_PLACEMENT_3D('',#15627,#15628,#15629);
#15632=CURVE_STYLE('',#124,POSITIVE_LENGTH_MEASURE(2.E-2),#69);
#15633=PRESENTATION_STYLE_ASSIGNMENT((#15632));
#15634=STYLED_ITEM('',(#15633),#15631);
#15635=DIRECTION('',(0.E0,2.079116908178E-1,-9.781476007338E-1));
#15636=VECTOR('',#15635,3.778615979655E0);
#15637=CARTESIAN_POINT('',(1.745E2,5.336013788714E1,7.339658436608E1));
#15638=LINE('',#15637,#15636);
#15639=CURVE_STYLE('',#124,POSITIVE_LENGTH_MEASURE(2.E-2),#69);
#15640=PRESENTATION_STYLE_ASSIGNMENT((#15639));
#15641=STYLED_ITEM('',(#15640),#15638);
#15642=CARTESIAN_POINT('',(1.745E2,5.072223972185E1,6.897284929362E1));
#15643=DIRECTION('',(-1.E0,0.E0,0.E0));
#15644=DIRECTION('',(0.E0,9.781476007343E-1,2.079116908156E-1));
#15645=AXIS2_PLACEMENT_3D('',#15642,#15643,#15644);
#15647=CURVE_STYLE('',#124,POSITIVE_LENGTH_MEASURE(2.E-2),#69);
#15648=PRESENTATION_STYLE_ASSIGNMENT((#15647));
#15649=STYLED_ITEM('',(#15648),#15646);
#15650=CARTESIAN_POINT('',(1.745E2,5.072223972185E1,6.897284929362E1));
#15651=DIRECTION('',(-1.E0,0.E0,0.E0));
#15652=DIRECTION('',(0.E0,1.E0,0.E0));
#15653=AXIS2_PLACEMENT_3D('',#15650,#15651,#15652);
#15655=CURVE_STYLE('',#124,POSITIVE_LENGTH_MEASURE(2.E-2),#69);
#15656=PRESENTATION_STYLE_ASSIGNMENT((#15655));
#15657=STYLED_ITEM('',(#15656),#15654);
#15658=CARTESIAN_POINT('',(1.745E2,1.622223972185E1,6.897284929362E1));
#15659=DIRECTION('',(1.E0,0.E0,0.E0));
#15660=DIRECTION('',(0.E0,-9.781476007336E-1,2.079116908188E-1));
#15661=AXIS2_PLACEMENT_3D('',#15658,#15659,#15660);
#15663=CURVE_STYLE('',#124,POSITIVE_LENGTH_MEASURE(2.E-2),#69);
#15664=PRESENTATION_STYLE_ASSIGNMENT((#15663));
#15665=STYLED_ITEM('',(#15664),#15662);
#15666=CARTESIAN_POINT('',(1.745E2,1.622223972185E1,6.897284929362E1));
#15667=DIRECTION('',(1.E0,0.E0,0.E0));
#15668=DIRECTION('',(0.E0,-9.999999999982E-1,-1.908983335852E-6));
#15669=AXIS2_PLACEMENT_3D('',#15666,#15667,#15668);
#15671=CURVE_STYLE('',#124,POSITIVE_LENGTH_MEASURE(2.E-2),#69);
#15672=PRESENTATION_STYLE_ASSIGNMENT((#15671));
#15673=STYLED_ITEM('',(#15672),#15670);
#15674=DIRECTION('',(0.E0,1.E0,-2.636216526878E-14));
#15675=VECTOR('',#15674,3.45E1);
#15676=CARTESIAN_POINT('',(1.745E2,1.622223972185E1,6.647284929362E1));
#15677=LINE('',#15676,#15675);
#15678=CURVE_STYLE('',#124,POSITIVE_LENGTH_MEASURE(2.E-2),#69);
#15679=PRESENTATION_STYLE_ASSIGNMENT((#15678));
#15680=STYLED_ITEM('',(#15679),#15677);
#15681=CARTESIAN_POINT('',(1.745E2,5.072223972185E1,6.897284929362E1));
#15682=DIRECTION('',(1.E0,0.E0,0.E0));
#15683=DIRECTION('',(0.E0,2.103206497850E-13,-1.E0));
#15684=AXIS2_PLACEMENT_3D('',#15681,#15682,#15683);
#15686=CURVE_STYLE('',#124,POSITIVE_LENGTH_MEASURE(2.E-2),#69);
#15687=PRESENTATION_STYLE_ASSIGNMENT((#15686));
#15688=STYLED_ITEM('',(#15687),#15685);
#15689=CARTESIAN_POINT('',(1.745E2,5.072223972185E1,6.897284929362E1));
#15690=DIRECTION('',(1.E0,0.E0,0.E0));
#15691=DIRECTION('',(0.E0,1.E0,-1.705302565824E-14));
#15692=AXIS2_PLACEMENT_3D('',#15689,#15690,#15691);
#15694=CURVE_STYLE('',#124,POSITIVE_LENGTH_MEASURE(2.E-2),#69);
#15695=PRESENTATION_STYLE_ASSIGNMENT((#15694));
#15696=STYLED_ITEM('',(#15695),#15693);
#15697=DIRECTION('',(0.E0,-2.079116908178E-1,9.781476007338E-1));
#15698=VECTOR('',#15697,3.778615979654E0);
#15699=CARTESIAN_POINT('',(1.745E2,5.316760872369E1,6.949262852067E1));
#15700=LINE('',#15699,#15698);
#15701=CURVE_STYLE('',#124,POSITIVE_LENGTH_MEASURE(2.E-2),#69);
#15702=PRESENTATION_STYLE_ASSIGNMENT((#15701));
#15703=STYLED_ITEM('',(#15702),#15700);
#15704=CARTESIAN_POINT('',(1.745E2,5.042569508494E1,7.277284929362E1));
#15705=DIRECTION('',(1.E0,0.E0,0.E0));
#15706=DIRECTION('',(0.E0,9.781476007337E-1,2.079116908181E-1));
#15707=AXIS2_PLACEMENT_3D('',#15704,#15705,#15706);
#15709=CURVE_STYLE('',#124,POSITIVE_LENGTH_MEASURE(2.E-2),#69);
#15710=PRESENTATION_STYLE_ASSIGNMENT((#15709));
#15711=STYLED_ITEM('',(#15710),#15708);
#15712=DIRECTION('',(0.E0,-1.E0,2.598505654077E-14));
#15713=VECTOR('',#15712,3.390691072617E1);
#15714=CARTESIAN_POINT('',(1.745E2,5.042569508494E1,7.477284929362E1));
#15715=LINE('',#15714,#15713);
#15716=CURVE_STYLE('',#124,POSITIVE_LENGTH_MEASURE(2.E-2),#69);
#15717=PRESENTATION_STYLE_ASSIGNMENT((#15716));
#15718=STYLED_ITEM('',(#15717),#15715);
#15719=CARTESIAN_POINT('',(1.745E2,1.651878435877E1,7.277284929362E1));
#15720=DIRECTION('',(1.E0,0.E0,0.E0));
#15721=DIRECTION('',(0.E0,6.217248937901E-14,1.E0));
#15722=AXIS2_PLACEMENT_3D('',#15719,#15720,#15721);
#15724=CURVE_STYLE('',#124,POSITIVE_LENGTH_MEASURE(2.E-2),#69);
#15725=PRESENTATION_STYLE_ASSIGNMENT((#15724));
#15726=STYLED_ITEM('',(#15725),#15723);
#15727=DIRECTION('',(0.E0,-2.079116908177E-1,-9.781476007338E-1));
#15728=VECTOR('',#15727,3.778615979651E0);
#15729=CARTESIAN_POINT('',(1.745E2,1.456248915730E1,7.318867267526E1));
#15730=LINE('',#15729,#15728);
#15731=CURVE_STYLE('',#124,POSITIVE_LENGTH_MEASURE(2.E-2),#69);
#15732=PRESENTATION_STYLE_ASSIGNMENT((#15731));
#15733=STYLED_ITEM('',(#15732),#15730);
#15734=DIRECTION('',(0.E0,1.E0,-2.759789176576E-14));
#15735=VECTOR('',#15734,3.45E1);
#15736=CARTESIAN_POINT('',(1.745E2,1.622223972185E1,6.547284929362E1));
#15737=LINE('',#15736,#15735);
#15738=CURVE_STYLE('',#124,POSITIVE_LENGTH_MEASURE(2.E-2),#69);
#15739=PRESENTATION_STYLE_ASSIGNMENT((#15738));
#15740=STYLED_ITEM('',(#15739),#15737);
#15741=DIRECTION('',(-1.E0,0.E0,0.E0));
#15742=VECTOR('',#15741,1.5E0);
#15743=CARTESIAN_POINT('',(1.745E2,1.377687072002E1,6.949262852067E1));
#15744=LINE('',#15743,#15742);
#15745=CURVE_STYLE('',#124,POSITIVE_LENGTH_MEASURE(2.E-2),#69);
#15746=PRESENTATION_STYLE_ASSIGNMENT((#15745));
#15747=STYLED_ITEM('',(#15746),#15744);
#15748=DIRECTION('',(1.E0,1.373715955803E-13,0.E0));
#15749=VECTOR('',#15748,1.5E0);
#15750=CARTESIAN_POINT('',(1.73E2,1.622223972185E1,6.647284929362E1));
#15751=LINE('',#15750,#15749);
#15752=CURVE_STYLE('',#124,POSITIVE_LENGTH_MEASURE(2.E-2),#69);
#15753=PRESENTATION_STYLE_ASSIGNMENT((#15752));
#15754=STYLED_ITEM('',(#15753),#15751);
#15755=DIRECTION('',(-1.E0,0.E0,0.E0));
#15756=VECTOR('',#15755,1.5E0);
#15757=CARTESIAN_POINT('',(1.745E2,1.651878435877E1,7.477284929362E1));
#15758=LINE('',#15757,#15756);
#15759=CURVE_STYLE('',#124,POSITIVE_LENGTH_MEASURE(2.E-2),#69);
#15760=PRESENTATION_STYLE_ASSIGNMENT((#15759));
#15761=STYLED_ITEM('',(#15760),#15758);
#15762=DIRECTION('',(1.E0,-1.065814103640E-14,-2.842170943040E-14));
#15763=VECTOR('',#15762,1.5E0);
#15764=CARTESIAN_POINT('',(1.73E2,1.456248915730E1,7.318867267526E1));
#15765=LINE('',#15764,#15763);
#15766=CURVE_STYLE('',#124,POSITIVE_LENGTH_MEASURE(2.E-2),#69);
#15767=PRESENTATION_STYLE_ASSIGNMENT((#15766));
#15768=STYLED_ITEM('',(#15767),#15765);
#15769=DIRECTION('',(0.E0,-1.E0,2.640417035595E-14));
#15770=VECTOR('',#15769,3.390691072617E1);
#15771=CARTESIAN_POINT('',(1.73E2,5.042569508494E1,7.477284929362E1));
#15772=LINE('',#15771,#15770);
#15773=CURVE_STYLE('',#124,POSITIVE_LENGTH_MEASURE(2.E-2),#69);
#15774=PRESENTATION_STYLE_ASSIGNMENT((#15773));
#15775=STYLED_ITEM('',(#15774),#15772);
#15776=DIRECTION('',(-1.E0,3.315866100214E-14,-1.326346440086E-13));
#15777=VECTOR('',#15776,1.5E0);
#15778=CARTESIAN_POINT('',(1.745E2,5.238199028641E1,7.318867267526E1));
#15779=LINE('',#15778,#15777);
#15780=CURVE_STYLE('',#124,POSITIVE_LENGTH_MEASURE(2.E-2),#69);
#15781=PRESENTATION_STYLE_ASSIGNMENT((#15780));
#15782=STYLED_ITEM('',(#15781),#15779);
#15783=DIRECTION('',(1.E0,0.E0,0.E0));
#15784=VECTOR('',#15783,1.5E0);
#15785=CARTESIAN_POINT('',(1.73E2,5.042569508494E1,7.477284929362E1));
#15786=LINE('',#15785,#15784);
#15787=CURVE_STYLE('',#124,POSITIVE_LENGTH_MEASURE(2.E-2),#69);
#15788=PRESENTATION_STYLE_ASSIGNMENT((#15787));
#15789=STYLED_ITEM('',(#15788),#15786);
#15790=DIRECTION('',(-1.E0,0.E0,0.E0));
#15791=VECTOR('',#15790,1.5E0);
#15792=CARTESIAN_POINT('',(1.745E2,5.322223972185E1,6.897284929362E1));
#15793=LINE('',#15792,#15791);
#15794=CURVE_STYLE('',#124,POSITIVE_LENGTH_MEASURE(2.E-2),#69);
#15795=PRESENTATION_STYLE_ASSIGNMENT((#15794));
#15796=STYLED_ITEM('',(#15795),#15793);
#15797=DIRECTION('',(1.E0,0.E0,0.E0));
#15798=VECTOR('',#15797,1.5E0);
#15799=CARTESIAN_POINT('',(1.73E2,5.316760872369E1,6.949262852067E1));
#15800=LINE('',#15799,#15798);
#15801=CURVE_STYLE('',#124,POSITIVE_LENGTH_MEASURE(2.E-2),#69);
#15802=PRESENTATION_STYLE_ASSIGNMENT((#15801));
#15803=STYLED_ITEM('',(#15802),#15800);
#15804=DIRECTION('',(-1.E0,0.E0,0.E0));
#15805=VECTOR('',#15804,1.5E0);
#15806=CARTESIAN_POINT('',(1.745E2,5.072223972185E1,6.647284929362E1));
#15807=LINE('',#15806,#15805);
#15808=CURVE_STYLE('',#124,POSITIVE_LENGTH_MEASURE(2.E-2),#69);
#15809=PRESENTATION_STYLE_ASSIGNMENT((#15808));
#15810=STYLED_ITEM('',(#15809),#15807);
#15811=CARTESIAN_POINT('',(1.73E2,1.622223972185E1,6.897284929362E1));
#15812=DIRECTION('',(-1.E0,0.E0,0.E0));
#15813=DIRECTION('',(0.E0,1.568878360558E-12,-1.E0));
#15814=AXIS2_PLACEMENT_3D('',#15811,#15812,#15813);
#15816=CURVE_STYLE('',#124,POSITIVE_LENGTH_MEASURE(2.E-2),#69);
#15817=PRESENTATION_STYLE_ASSIGNMENT((#15816));
#15818=STYLED_ITEM('',(#15817),#15815);
#15819=CARTESIAN_POINT('',(1.73E2,1.622223972185E1,6.897284929362E1));
#15820=DIRECTION('',(-1.E0,0.E0,0.E0));
#15821=DIRECTION('',(0.E0,-9.999999999982E-1,-1.900641888142E-6));
#15822=AXIS2_PLACEMENT_3D('',#15819,#15820,#15821);
#15824=CURVE_STYLE('',#124,POSITIVE_LENGTH_MEASURE(2.E-2),#69);
#15825=PRESENTATION_STYLE_ASSIGNMENT((#15824));
#15826=STYLED_ITEM('',(#15825),#15823);
#15827=DIRECTION('',(0.E0,2.079116908177E-1,9.781476007338E-1));
#15828=VECTOR('',#15827,3.778615979651E0);
#15829=CARTESIAN_POINT('',(1.73E2,1.377687072002E1,6.949262852067E1));
#15830=LINE('',#15829,#15828);
#15831=CURVE_STYLE('',#124,POSITIVE_LENGTH_MEASURE(2.E-2),#69);
#15832=PRESENTATION_STYLE_ASSIGNMENT((#15831));
#15833=STYLED_ITEM('',(#15832),#15830);
#15834=CARTESIAN_POINT('',(1.73E2,1.651878435877E1,7.277284929362E1));
#15835=DIRECTION('',(-1.E0,0.E0,0.E0));
#15836=DIRECTION('',(0.E0,-9.781476007338E-1,2.079116908180E-1));
#15837=AXIS2_PLACEMENT_3D('',#15834,#15835,#15836);
#15839=CURVE_STYLE('',#124,POSITIVE_LENGTH_MEASURE(2.E-2),#69);
#15840=PRESENTATION_STYLE_ASSIGNMENT((#15839));
#15841=STYLED_ITEM('',(#15840),#15838);
#15842=CARTESIAN_POINT('',(1.73E2,5.042569508494E1,7.277284929362E1));
#15843=DIRECTION('',(-1.E0,0.E0,0.E0));
#15844=DIRECTION('',(0.E0,-2.110311925207E-12,1.E0));
#15845=AXIS2_PLACEMENT_3D('',#15842,#15843,#15844);
#15847=CURVE_STYLE('',#124,POSITIVE_LENGTH_MEASURE(2.E-2),#69);
#15848=PRESENTATION_STYLE_ASSIGNMENT((#15847));
#15849=STYLED_ITEM('',(#15848),#15846);
#15850=DIRECTION('',(-1.504344955055E-14,2.079116908178E-1,-9.781476007338E-1));
#15851=VECTOR('',#15850,3.778615979653E0);
#15852=CARTESIAN_POINT('',(1.73E2,5.238199028641E1,7.318867267526E1));
#15853=LINE('',#15852,#15851);
#15854=CURVE_STYLE('',#124,POSITIVE_LENGTH_MEASURE(2.E-2),#69);
#15855=PRESENTATION_STYLE_ASSIGNMENT((#15854));
#15856=STYLED_ITEM('',(#15855),#15853);
#15857=CARTESIAN_POINT('',(1.73E2,5.072223972185E1,6.897284929362E1));
#15858=DIRECTION('',(-1.E0,0.E0,0.E0));
#15859=DIRECTION('',(0.E0,9.781476007341E-1,2.079116908163E-1));
#15860=AXIS2_PLACEMENT_3D('',#15857,#15858,#15859);
#15862=CURVE_STYLE('',#124,POSITIVE_LENGTH_MEASURE(2.E-2),#69);
#15863=PRESENTATION_STYLE_ASSIGNMENT((#15862));
#15864=STYLED_ITEM('',(#15863),#15861);
#15865=CARTESIAN_POINT('',(1.73E2,5.072223972185E1,6.897284929362E1));
#15866=DIRECTION('',(-1.E0,0.E0,0.E0));
#15867=DIRECTION('',(0.E0,1.E0,-1.705302565824E-14));
#15868=AXIS2_PLACEMENT_3D('',#15865,#15866,#15867);
#15870=CURVE_STYLE('',#124,POSITIVE_LENGTH_MEASURE(2.E-2),#69);
#15871=PRESENTATION_STYLE_ASSIGNMENT((#15870));
#15872=STYLED_ITEM('',(#15871),#15869);
#15873=DIRECTION('',(0.E0,1.E0,-2.636216526878E-14));
#15874=VECTOR('',#15873,3.45E1);
#15875=CARTESIAN_POINT('',(1.73E2,1.622223972185E1,6.647284929362E1));
#15876=LINE('',#15875,#15874);
#15877=CURVE_STYLE('',#124,POSITIVE_LENGTH_MEASURE(2.E-2),#69);
#15878=PRESENTATION_STYLE_ASSIGNMENT((#15877));
#15879=STYLED_ITEM('',(#15878),#15876);
#15880=CARTESIAN_POINT('',(1.745E2,5.072223972185E1,6.647284929362E1));
#15881=CARTESIAN_POINT('',(1.73E2,5.072223972185E1,6.647284929362E1));
#15882=VERTEX_POINT('',#15880);
#15883=VERTEX_POINT('',#15881);
#15884=CARTESIAN_POINT('',(1.73E2,1.622223972186E1,6.647284929362E1));
#15885=CARTESIAN_POINT('',(1.73E2,1.372223972186E1,6.897284454202E1));
#15886=VERTEX_POINT('',#15884);
#15887=VERTEX_POINT('',#15885);
#15888=CARTESIAN_POINT('',(1.73E2,1.377687072002E1,6.949262852067E1));
#15889=VERTEX_POINT('',#15888);
#15890=CARTESIAN_POINT('',(1.73E2,1.456248915730E1,7.318867267526E1));
#15891=VERTEX_POINT('',#15890);
#15892=CARTESIAN_POINT('',(1.73E2,1.651878435877E1,7.477284929362E1));
#15893=VERTEX_POINT('',#15892);
#15894=CARTESIAN_POINT('',(1.73E2,5.042569508494E1,7.477284929362E1));
#15895=VERTEX_POINT('',#15894);
#15896=CARTESIAN_POINT('',(1.73E2,5.238199028641E1,7.318867267526E1));
#15897=VERTEX_POINT('',#15896);
#15898=CARTESIAN_POINT('',(1.73E2,5.316760872369E1,6.949262852067E1));
#15899=VERTEX_POINT('',#15898);
#15900=CARTESIAN_POINT('',(1.73E2,5.322223972185E1,6.897284929362E1));
#15901=VERTEX_POINT('',#15900);
#15902=CARTESIAN_POINT('',(1.745E2,1.651878435877E1,7.477284929362E1));
#15903=CARTESIAN_POINT('',(1.745E2,1.456248915730E1,7.318867267526E1));
#15904=VERTEX_POINT('',#15902);
#15905=VERTEX_POINT('',#15903);
#15906=CARTESIAN_POINT('',(1.745E2,5.042569508494E1,7.477284929362E1));
#15907=VERTEX_POINT('',#15906);
#15908=CARTESIAN_POINT('',(1.745E2,5.238199028641E1,7.318867267526E1));
#15909=VERTEX_POINT('',#15908);
#15910=CARTESIAN_POINT('',(1.745E2,5.316760872369E1,6.949262852067E1));
#15911=VERTEX_POINT('',#15910);
#15912=CARTESIAN_POINT('',(1.745E2,5.322223972185E1,6.897284929362E1));
#15913=VERTEX_POINT('',#15912);
#15914=CARTESIAN_POINT('',(1.745E2,1.622223972185E1,6.647284929362E1));
#15915=VERTEX_POINT('',#15914);
#15916=CARTESIAN_POINT('',(1.745E2,1.372223972186E1,6.897284452117E1));
#15917=VERTEX_POINT('',#15916);
#15918=CARTESIAN_POINT('',(1.745E2,1.377687072002E1,6.949262852067E1));
#15919=VERTEX_POINT('',#15918);
#15920=CARTESIAN_POINT('',(1.745E2,5.414575632442E1,6.970054021148E1));
#15921=CARTESIAN_POINT('',(1.745E2,5.422223972185E1,6.897284929362E1));
#15922=VERTEX_POINT('',#15920);
#15923=VERTEX_POINT('',#15921);
#15924=CARTESIAN_POINT('',(1.745E2,1.622223972185E1,6.547284929362E1));
#15925=CARTESIAN_POINT('',(1.745E2,5.072223972185E1,6.547284929362E1));
#15926=VERTEX_POINT('',#15924);
#15927=VERTEX_POINT('',#15925);
#15928=CARTESIAN_POINT('',(1.745E2,1.272223972185E1,6.897284676220E1));
#15929=VERTEX_POINT('',#15928);
#15930=CARTESIAN_POINT('',(1.745E2,1.279872311929E1,6.970054021149E1));
#15931=VERTEX_POINT('',#15930);
#15932=CARTESIAN_POINT('',(1.745E2,1.358434155656E1,7.339658436608E1));
#15933=VERTEX_POINT('',#15932);
#15934=CARTESIAN_POINT('',(1.745E2,1.651878435877E1,7.577284929362E1));
#15935=VERTEX_POINT('',#15934);
#15936=CARTESIAN_POINT('',(1.745E2,5.042569508494E1,7.577284929362E1));
#15937=VERTEX_POINT('',#15936);
#15938=CARTESIAN_POINT('',(1.745E2,5.336013788714E1,7.339658436608E1));
#15939=VERTEX_POINT('',#15938);
#15940=CARTESIAN_POINT('',(1.78E2,1.622223972185E1,6.547284929362E1));
#15941=CARTESIAN_POINT('',(1.78E2,5.072223972185E1,6.547284929362E1));
#15942=VERTEX_POINT('',#15940);
#15943=VERTEX_POINT('',#15941);
#15944=CARTESIAN_POINT('',(1.78E2,1.272223972185E1,6.897284663110E1));
#15945=VERTEX_POINT('',#15944);
#15946=CARTESIAN_POINT('',(1.78E2,1.279872311929E1,6.970054021149E1));
#15947=VERTEX_POINT('',#15946);
#15948=CARTESIAN_POINT('',(1.78E2,1.358434155656E1,7.339658436608E1));
#15949=VERTEX_POINT('',#15948);
#15950=CARTESIAN_POINT('',(1.78E2,1.651878435877E1,7.577284929362E1));
#15951=VERTEX_POINT('',#15950);
#15952=CARTESIAN_POINT('',(1.78E2,5.042569508494E1,7.577284929362E1));
#15953=VERTEX_POINT('',#15952);
#15954=CARTESIAN_POINT('',(1.78E2,5.336013788714E1,7.339658436608E1));
#15955=VERTEX_POINT('',#15954);
#15956=CARTESIAN_POINT('',(1.78E2,5.414575632442E1,6.970054021148E1));
#15957=VERTEX_POINT('',#15956);
#15958=CARTESIAN_POINT('',(1.78E2,5.422223972185E1,6.897284929362E1));
#15959=VERTEX_POINT('',#15958);
#15960=CARTESIAN_POINT('',(1.78E2,5.370445787013E1,7.333061791546E1));
#15961=CARTESIAN_POINT('',(1.78E2,5.449792928332E1,6.883061791546E1));
#15962=VERTEX_POINT('',#15960);
#15963=VERTEX_POINT('',#15961);
#15964=CARTESIAN_POINT('',(1.78E2,5.105110214777E1,6.472284929362E1));
#15965=VERTEX_POINT('',#15964);
#15966=CARTESIAN_POINT('',(1.78E2,1.589337729593E1,6.472284929362E1));
#15967=VERTEX_POINT('',#15966);
#15968=CARTESIAN_POINT('',(1.78E2,1.244655016039E1,6.883061791546E1));
#15969=VERTEX_POINT('',#15968);
#15970=CARTESIAN_POINT('',(1.78E2,1.324002157358E1,7.333061791546E1));
#15971=VERTEX_POINT('',#15970);
#15972=CARTESIAN_POINT('',(1.78E2,1.668684870912E1,7.622284929362E1));
#15973=VERTEX_POINT('',#15972);
#15974=CARTESIAN_POINT('',(1.78E2,5.025763073459E1,7.622284929362E1));
#15975=VERTEX_POINT('',#15974);
#15976=CARTESIAN_POINT('',(1.78E2,5.699223972185E1,7.297284929362E1));
#15977=CARTESIAN_POINT('',(1.78E2,5.699223972185E1,6.847284929362E1));
#15978=VERTEX_POINT('',#15976);
#15979=VERTEX_POINT('',#15977);
#15980=CARTESIAN_POINT('',(1.78E2,9.952239721853E0,7.297284929362E1));
#15981=CARTESIAN_POINT('',(1.78E2,9.952239721853E0,6.847284929362E1));
#15982=VERTEX_POINT('',#15980);
#15983=VERTEX_POINT('',#15981);
#15984=CARTESIAN_POINT('',(7.85E1,3.4E1,6.747861951677E1));
#15985=CARTESIAN_POINT('',(7.85E1,3.4E1,5.852138048323E1));
#15986=VERTEX_POINT('',#15984);
#15987=VERTEX_POINT('',#15985);
#15988=CARTESIAN_POINT('',(4.3E1,3.4E1,5.852138048323E1));
#15989=CARTESIAN_POINT('',(4.3E1,3.4E1,6.747861951677E1));
#15990=VERTEX_POINT('',#15988);
#15991=VERTEX_POINT('',#15989);
#15992=CARTESIAN_POINT('',(4.3E1,3.4E1,7.116441056950E1));
#15993=CARTESIAN_POINT('',(4.3E1,3.4E1,5.483558943050E1));
#15994=VERTEX_POINT('',#15992);
#15995=VERTEX_POINT('',#15993);
#15996=CARTESIAN_POINT('',(-7.692483544482E0,2.455920344717E1,
4.593772112383E1));
#15997=CARTESIAN_POINT('',(-2.057570434205E1,2.455920344717E1,
4.593772112384E1));
#15998=VERTEX_POINT('',#15996);
#15999=VERTEX_POINT('',#15997);
#16000=CARTESIAN_POINT('',(4.440892098501E-14,2.455920344717E1,
-4.657733918048E1));
#16001=VERTEX_POINT('',#16000);
#16002=CARTESIAN_POINT('',(2.057570434205E1,2.455920344717E1,4.593772112383E1));
#16003=CARTESIAN_POINT('',(7.692483544482E0,2.455920344717E1,4.593772112383E1));
#16004=VERTEX_POINT('',#16002);
#16005=VERTEX_POINT('',#16003);
#16006=CARTESIAN_POINT('',(2.842170943040E-14,2.455920344717E1,
-5.033521462379E1));
#16007=VERTEX_POINT('',#16006);
#16008=CARTESIAN_POINT('',(-3.5E1,3.4E1,5.483558943050E1));
#16009=CARTESIAN_POINT('',(-3.5E1,3.4E1,7.116441056950E1));
#16010=VERTEX_POINT('',#16008);
#16011=VERTEX_POINT('',#16009);
#16012=CARTESIAN_POINT('',(0.E0,6.230571715777E1,-4.657733918048E1));
#16013=CARTESIAN_POINT('',(0.E0,6.230571715777E1,4.657733918048E1));
#16014=VERTEX_POINT('',#16012);
#16015=VERTEX_POINT('',#16013);
#16016=VERTEX_POINT('',#15080);
#16017=VERTEX_POINT('',#15150);
#16018=CARTESIAN_POINT('',(0.E0,2.197152248304E1,-5.033521462379E1));
#16019=VERTEX_POINT('',#16018);
#16020=VERTEX_POINT('',#15110);
#16021=VERTEX_POINT('',#15115);
#16022=VERTEX_POINT('',#15125);
#16023=VERTEX_POINT('',#15140);
#16024=CARTESIAN_POINT('',(-3.5E1,3.4E1,6.593444870999E1));
#16025=CARTESIAN_POINT('',(-3.5E1,3.4E1,6.006555129001E1));
#16026=VERTEX_POINT('',#16024);
#16027=VERTEX_POINT('',#16025);
#16028=CARTESIAN_POINT('',(0.E0,6.230571715777E1,-5.789962604359E1));
#16029=CARTESIAN_POINT('',(1.420307734982E-14,6.230571715777E1,
5.789962604358E1));
#16030=VERTEX_POINT('',#16028);
#16031=VERTEX_POINT('',#16029);
#16032=CARTESIAN_POINT('',(-8.347133295672E-8,2.148042778973E1,
-5.004321479183E1));
#16033=VERTEX_POINT('',#16032);
#16034=CARTESIAN_POINT('',(-1.500244856885E-13,2.148042778973E1,
5.004321479183E1));
#16035=VERTEX_POINT('',#16034);
#16036=CARTESIAN_POINT('',(-4.15E1,3.4E1,6.006555129001E1));
#16037=CARTESIAN_POINT('',(-4.15E1,3.4E1,6.593444870999E1));
#16038=VERTEX_POINT('',#16036);
#16039=VERTEX_POINT('',#16037);
#16040=CARTESIAN_POINT('',(3.230463283769E1,2.148042778973E1,4.804973874236E1));
#16041=CARTESIAN_POINT('',(-1.065814103640E-14,2.148042778973E1,
-5.789962604359E1));
#16042=VERTEX_POINT('',#16040);
#16043=VERTEX_POINT('',#16041);
#16044=VERTEX_POINT('',#14731);
#16045=VERTEX_POINT('',#14743);
#16046=CARTESIAN_POINT('',(-1.039896701277E-13,2.148042778973E1,
5.536907163030E1));
#16047=CARTESIAN_POINT('',(2.751284609038E1,2.148042778973E1,4.804973874236E1));
#16048=VERTEX_POINT('',#16046);
#16049=VERTEX_POINT('',#16047);
#16050=CARTESIAN_POINT('',(-4.15E1,3.4E1,4.35E1));
#16051=CARTESIAN_POINT('',(-4.15E1,3.4E1,8.25E1));
#16052=VERTEX_POINT('',#16050);
#16053=VERTEX_POINT('',#16051);
#16054=CARTESIAN_POINT('',(7.85E1,3.4E1,8.25E1));
#16055=CARTESIAN_POINT('',(7.85E1,3.4E1,4.35E1));
#16056=VERTEX_POINT('',#16054);
#16057=VERTEX_POINT('',#16055);
#16058=CARTESIAN_POINT('',(7.85E1,9.E0,8.4E1));
#16059=CARTESIAN_POINT('',(7.85E1,5.9E1,8.4E1));
#16060=VERTEX_POINT('',#16058);
#16061=VERTEX_POINT('',#16059);
#16062=CARTESIAN_POINT('',(7.85E1,9.E0,3.011089120129E1));
#16063=VERTEX_POINT('',#16062);
#16064=CARTESIAN_POINT('',(7.85E1,5.9E1,3.011089120129E1));
#16065=VERTEX_POINT('',#16064);
#16066=CARTESIAN_POINT('',(1.085E2,9.E0,-7.769453356036E0));
#16067=CARTESIAN_POINT('',(1.085E2,5.9E1,-7.769453356036E0));
#16068=VERTEX_POINT('',#16066);
#16069=VERTEX_POINT('',#16067);
#16070=CARTESIAN_POINT('',(1.085E2,5.9E1,8.4E1));
#16071=VERTEX_POINT('',#16070);
#16072=CARTESIAN_POINT('',(1.085E2,9.E0,8.4E1));
#16073=VERTEX_POINT('',#16072);
#16074=CARTESIAN_POINT('',(1.085E2,3.4E1,4.8E1));
#16075=CARTESIAN_POINT('',(1.085E2,3.4E1,7.8E1));
#16076=VERTEX_POINT('',#16074);
#16077=VERTEX_POINT('',#16075);
#16078=CARTESIAN_POINT('',(1.165E2,3.4E1,7.8E1));
#16079=CARTESIAN_POINT('',(1.165E2,3.4E1,4.8E1));
#16080=VERTEX_POINT('',#16078);
#16081=VERTEX_POINT('',#16079);
#16082=CARTESIAN_POINT('',(1.221498626384E2,6.555E1,9.41E1));
#16083=CARTESIAN_POINT('',(1.165E2,6.555E1,9.41E1));
#16084=VERTEX_POINT('',#16082);
#16085=VERTEX_POINT('',#16083);
#16086=CARTESIAN_POINT('',(1.221498626384E2,2.75E0,9.41E1));
#16087=VERTEX_POINT('',#16086);
#16088=CARTESIAN_POINT('',(1.165E2,2.75E0,9.41E1));
#16089=VERTEX_POINT('',#16088);
#16090=CARTESIAN_POINT('',(2.49E2,6.555E1,5.58E1));
#16091=CARTESIAN_POINT('',(1.845E2,6.555E1,5.58E1));
#16092=VERTEX_POINT('',#16090);
#16093=VERTEX_POINT('',#16091);
#16094=CARTESIAN_POINT('',(2.49E2,2.75E0,5.58E1));
#16095=VERTEX_POINT('',#16094);
#16096=CARTESIAN_POINT('',(1.845E2,2.75E0,5.58E1));
#16097=VERTEX_POINT('',#16096);
#16098=CARTESIAN_POINT('',(2.49E2,6.555E1,-1.77E1));
#16099=VERTEX_POINT('',#16098);
#16100=CARTESIAN_POINT('',(2.49E2,2.75E0,-1.77E1));
#16101=VERTEX_POINT('',#16100);
#16102=CARTESIAN_POINT('',(1.165E2,6.555E1,-1.77E1));
#16103=VERTEX_POINT('',#16102);
#16104=CARTESIAN_POINT('',(1.165E2,2.75E0,-1.77E1));
#16105=VERTEX_POINT('',#16104);
#16106=CARTESIAN_POINT('',(1.76E2,6.555E1,7.871424646811E1));
#16107=VERTEX_POINT('',#16106);
#16108=CARTESIAN_POINT('',(1.76E2,2.75E0,7.871424646811E1));
#16109=VERTEX_POINT('',#16108);
#16110=CARTESIAN_POINT('',(1.76E2,2.75E0,6.43E1));
#16111=VERTEX_POINT('',#16110);
#16112=CARTESIAN_POINT('',(1.76E2,6.555E1,6.43E1));
#16113=VERTEX_POINT('',#16112);
#16114=CARTESIAN_POINT('',(1.76E2,5.105110214777E1,6.472284929362E1));
#16115=CARTESIAN_POINT('',(1.76E2,5.449792928332E1,6.883061791546E1));
#16116=VERTEX_POINT('',#16114);
#16117=VERTEX_POINT('',#16115);
#16118=CARTESIAN_POINT('',(1.76E2,1.589337729593E1,6.472284929362E1));
#16119=VERTEX_POINT('',#16118);
#16120=CARTESIAN_POINT('',(1.76E2,1.244655016039E1,6.883061791546E1));
#16121=VERTEX_POINT('',#16120);
#16122=CARTESIAN_POINT('',(1.76E2,1.324002157358E1,7.333061791546E1));
#16123=VERTEX_POINT('',#16122);
#16124=CARTESIAN_POINT('',(1.76E2,1.668684870912E1,7.622284929362E1));
#16125=VERTEX_POINT('',#16124);
#16126=CARTESIAN_POINT('',(1.76E2,5.025763073458E1,7.622284929362E1));
#16127=VERTEX_POINT('',#16126);
#16128=CARTESIAN_POINT('',(1.76E2,5.370445787013E1,7.333061791546E1));
#16129=VERTEX_POINT('',#16128);
#16130=CARTESIAN_POINT('',(1.76E2,9.952239721853E0,6.847284929362E1));
#16131=CARTESIAN_POINT('',(1.76E2,9.952239721853E0,7.297284929362E1));
#16132=VERTEX_POINT('',#16130);
#16133=VERTEX_POINT('',#16131);
#16134=CARTESIAN_POINT('',(1.76E2,5.699223972185E1,6.847284929362E1));
#16135=CARTESIAN_POINT('',(1.76E2,5.699223972185E1,7.297284929362E1));
#16136=VERTEX_POINT('',#16134);
#16137=VERTEX_POINT('',#16135);
#16138=VERTEX_POINT('',#14779);
#16139=VERTEX_POINT('',#14789);
#16140=CARTESIAN_POINT('',(-3.230463283769E1,2.148042778973E1,
4.804973874236E1));
#16141=VERTEX_POINT('',#16140);
#16142=VERTEX_POINT('',#14808);
#16143=VERTEX_POINT('',#15180);
#16144=CARTESIAN_POINT('',(1.664928001847E1,3.4E1,4.35E1));
#16145=VERTEX_POINT('',#16144);
#16146=CARTESIAN_POINT('',(1.78E2,7.972239721853E0,7.597284929362E1));
#16147=DIRECTION('',(1.E0,0.E0,0.E0));
#16148=DIRECTION('',(0.E0,1.E0,-1.902583850429E-14));
#16149=AXIS2_PLACEMENT_3D('',#16146,#16147,#16148);
#16150=PLANE('',#16149);
#16152=ORIENTED_EDGE('',*,*,#16151,.T.);
#16154=ORIENTED_EDGE('',*,*,#16153,.T.);
#16155=EDGE_LOOP('',(#16152,#16154));
#16156=FACE_OUTER_BOUND('',#16155,.F.);
#16158=CARTESIAN_POINT('',(1.1449895E2,9.952239721853E0,7.072284929362E1));
#16159=DIRECTION('',(1.E0,0.E0,0.E0));
#16160=DIRECTION('',(0.E0,0.E0,-1.E0));
#16161=AXIS2_PLACEMENT_3D('',#16158,#16159,#16160);
#16162=CYLINDRICAL_SURFACE('',#16161,2.25E0);
#16164=ORIENTED_EDGE('',*,*,#16163,.T.);
#16166=ORIENTED_EDGE('',*,*,#16165,.F.);
#16168=ORIENTED_EDGE('',*,*,#16167,.F.);
#16169=ORIENTED_EDGE('',*,*,#16151,.F.);
#16170=EDGE_LOOP('',(#16164,#16166,#16168,#16169));
#16171=FACE_OUTER_BOUND('',#16170,.F.);
#16173=CARTESIAN_POINT('',(1.1449895E2,9.952239721853E0,7.072284929362E1));
#16174=DIRECTION('',(1.E0,0.E0,0.E0));
#16175=DIRECTION('',(0.E0,0.E0,-1.E0));
#16176=AXIS2_PLACEMENT_3D('',#16173,#16174,#16175);
#16177=CYLINDRICAL_SURFACE('',#16176,2.25E0);
#16179=ORIENTED_EDGE('',*,*,#16178,.F.);
#16180=ORIENTED_EDGE('',*,*,#16163,.F.);
#16181=ORIENTED_EDGE('',*,*,#16153,.F.);
#16182=ORIENTED_EDGE('',*,*,#16167,.T.);
#16183=EDGE_LOOP('',(#16179,#16180,#16181,#16182));
#16184=FACE_OUTER_BOUND('',#16183,.F.);
#16186=CARTESIAN_POINT('',(1.76E2,2.75E0,7.871424646811E1));
#16187=DIRECTION('',(1.E0,0.E0,0.E0));
#16188=DIRECTION('',(0.E0,0.E0,-1.E0));
#16189=AXIS2_PLACEMENT_3D('',#16186,#16187,#16188);
#16190=PLANE('',#16189);
#16192=ORIENTED_EDGE('',*,*,#16191,.F.);
#16194=ORIENTED_EDGE('',*,*,#16193,.F.);
#16196=ORIENTED_EDGE('',*,*,#16195,.T.);
#16198=ORIENTED_EDGE('',*,*,#16197,.F.);
#16199=EDGE_LOOP('',(#16192,#16194,#16196,#16198));
#16200=FACE_OUTER_BOUND('',#16199,.F.);
#16201=ORIENTED_EDGE('',*,*,#16178,.T.);
#16202=ORIENTED_EDGE('',*,*,#16165,.T.);
#16203=EDGE_LOOP('',(#16201,#16202));
#16204=FACE_BOUND('',#16203,.F.);
#16206=ORIENTED_EDGE('',*,*,#16205,.T.);
#16208=ORIENTED_EDGE('',*,*,#16207,.T.);
#16209=EDGE_LOOP('',(#16206,#16208));
#16210=FACE_BOUND('',#16209,.F.);
#16212=ORIENTED_EDGE('',*,*,#16211,.T.);
#16214=ORIENTED_EDGE('',*,*,#16213,.T.);
#16216=ORIENTED_EDGE('',*,*,#16215,.T.);
#16218=ORIENTED_EDGE('',*,*,#16217,.T.);
#16220=ORIENTED_EDGE('',*,*,#16219,.T.);
#16222=ORIENTED_EDGE('',*,*,#16221,.T.);
#16224=ORIENTED_EDGE('',*,*,#16223,.T.);
#16226=ORIENTED_EDGE('',*,*,#16225,.T.);
#16227=EDGE_LOOP('',(#16212,#16214,#16216,#16218,#16220,#16222,#16224,#16226));
#16228=FACE_BOUND('',#16227,.F.);
#16230=CARTESIAN_POINT('',(1.845E2,6.555E1,6.43E1));
#16231=DIRECTION('',(0.E0,1.E0,0.E0));
#16232=DIRECTION('',(0.E0,0.E0,1.E0));
#16233=AXIS2_PLACEMENT_3D('',#16230,#16231,#16232);
#16234=PLANE('',#16233);
#16236=ORIENTED_EDGE('',*,*,#16235,.T.);
#16238=ORIENTED_EDGE('',*,*,#16237,.T.);
#16240=ORIENTED_EDGE('',*,*,#16239,.T.);
#16242=ORIENTED_EDGE('',*,*,#16241,.T.);
#16244=ORIENTED_EDGE('',*,*,#16243,.T.);
#16245=ORIENTED_EDGE('',*,*,#16191,.T.);
#16247=ORIENTED_EDGE('',*,*,#16246,.T.);
#16249=ORIENTED_EDGE('',*,*,#16248,.T.);
#16250=EDGE_LOOP('',(#16236,#16238,#16240,#16242,#16244,#16245,#16247,#16249));
#16251=FACE_OUTER_BOUND('',#16250,.F.);
#16253=CARTESIAN_POINT('',(1.165E2,2.75E0,-1.77E1));
#16254=DIRECTION('',(-1.E0,0.E0,0.E0));
#16255=DIRECTION('',(0.E0,0.E0,1.E0));
#16256=AXIS2_PLACEMENT_3D('',#16253,#16254,#16255);
#16257=PLANE('',#16256);
#16258=ORIENTED_EDGE('',*,*,#16235,.F.);
#16260=ORIENTED_EDGE('',*,*,#16259,.T.);
#16262=ORIENTED_EDGE('',*,*,#16261,.T.);
#16264=ORIENTED_EDGE('',*,*,#16263,.F.);
#16265=EDGE_LOOP('',(#16258,#16260,#16262,#16264));
#16266=FACE_OUTER_BOUND('',#16265,.F.);
#16268=ORIENTED_EDGE('',*,*,#16267,.T.);
#16270=ORIENTED_EDGE('',*,*,#16269,.T.);
#16271=EDGE_LOOP('',(#16268,#16270));
#16272=FACE_BOUND('',#16271,.F.);
#16274=CARTESIAN_POINT('',(1.165E2,2.75E0,9.41E1));
#16275=DIRECTION('',(0.E0,0.E0,1.E0));
#16276=DIRECTION('',(1.E0,0.E0,0.E0));
#16277=AXIS2_PLACEMENT_3D('',#16274,#16275,#16276);
#16278=PLANE('',#16277);
#16279=ORIENTED_EDGE('',*,*,#16248,.F.);
#16281=ORIENTED_EDGE('',*,*,#16280,.T.);
#16283=ORIENTED_EDGE('',*,*,#16282,.T.);
#16284=ORIENTED_EDGE('',*,*,#16259,.F.);
#16285=EDGE_LOOP('',(#16279,#16281,#16283,#16284));
#16286=FACE_OUTER_BOUND('',#16285,.F.);
#16288=CARTESIAN_POINT('',(1.221498626384E2,2.75E0,9.41E1));
#16289=DIRECTION('',(2.747211278974E-1,0.E0,9.615239476408E-1));
#16290=DIRECTION('',(9.615239476408E-1,0.E0,-2.747211278974E-1));
#16291=AXIS2_PLACEMENT_3D('',#16288,#16289,#16290);
#16292=PLANE('',#16291);
#16293=ORIENTED_EDGE('',*,*,#16246,.F.);
#16294=ORIENTED_EDGE('',*,*,#16197,.T.);
#16296=ORIENTED_EDGE('',*,*,#16295,.F.);
#16297=ORIENTED_EDGE('',*,*,#16280,.F.);
#16298=EDGE_LOOP('',(#16293,#16294,#16296,#16297));
#16299=FACE_OUTER_BOUND('',#16298,.F.);
#16301=CARTESIAN_POINT('',(1.845E2,2.75E0,6.43E1));
#16302=DIRECTION('',(0.E0,1.E0,0.E0));
#16303=DIRECTION('',(0.E0,0.E0,1.E0));
#16304=AXIS2_PLACEMENT_3D('',#16301,#16302,#16303);
#16305=PLANE('',#16304);
#16306=ORIENTED_EDGE('',*,*,#16261,.F.);
#16307=ORIENTED_EDGE('',*,*,#16282,.F.);
#16308=ORIENTED_EDGE('',*,*,#16295,.T.);
#16309=ORIENTED_EDGE('',*,*,#16195,.F.);
#16311=ORIENTED_EDGE('',*,*,#16310,.T.);
#16313=ORIENTED_EDGE('',*,*,#16312,.F.);
#16315=ORIENTED_EDGE('',*,*,#16314,.F.);
#16317=ORIENTED_EDGE('',*,*,#16316,.F.);
#16318=EDGE_LOOP('',(#16306,#16307,#16308,#16309,#16311,#16313,#16315,#16317));
#16319=FACE_OUTER_BOUND('',#16318,.F.);
#16321=CARTESIAN_POINT('',(1.845E2,2.75E0,6.43E1));
#16322=DIRECTION('',(0.E0,1.E0,0.E0));
#16323=DIRECTION('',(0.E0,0.E0,1.E0));
#16324=AXIS2_PLACEMENT_3D('',#16321,#16322,#16323);
#16325=CYLINDRICAL_SURFACE('',#16324,8.5E0);
#16326=ORIENTED_EDGE('',*,*,#16243,.F.);
#16328=ORIENTED_EDGE('',*,*,#16327,.T.);
#16329=ORIENTED_EDGE('',*,*,#16310,.F.);
#16330=ORIENTED_EDGE('',*,*,#16193,.T.);
#16331=EDGE_LOOP('',(#16326,#16328,#16329,#16330));
#16332=FACE_OUTER_BOUND('',#16331,.F.);
#16334=CARTESIAN_POINT('',(1.845E2,2.75E0,5.58E1));
#16335=DIRECTION('',(0.E0,0.E0,1.E0));
#16336=DIRECTION('',(1.E0,0.E0,0.E0));
#16337=AXIS2_PLACEMENT_3D('',#16334,#16335,#16336);
#16338=PLANE('',#16337);
#16339=ORIENTED_EDGE('',*,*,#16241,.F.);
#16341=ORIENTED_EDGE('',*,*,#16340,.T.);
#16342=ORIENTED_EDGE('',*,*,#16312,.T.);
#16343=ORIENTED_EDGE('',*,*,#16327,.F.);
#16344=EDGE_LOOP('',(#16339,#16341,#16342,#16343));
#16345=FACE_OUTER_BOUND('',#16344,.F.);
#16347=CARTESIAN_POINT('',(2.49E2,2.75E0,5.58E1));
#16348=DIRECTION('',(1.E0,0.E0,0.E0));
#16349=DIRECTION('',(0.E0,0.E0,-1.E0));
#16350=AXIS2_PLACEMENT_3D('',#16347,#16348,#16349);
#16351=PLANE('',#16350);
#16352=ORIENTED_EDGE('',*,*,#16239,.F.);
#16354=ORIENTED_EDGE('',*,*,#16353,.T.);
#16355=ORIENTED_EDGE('',*,*,#16314,.T.);
#16356=ORIENTED_EDGE('',*,*,#16340,.F.);
#16357=EDGE_LOOP('',(#16352,#16354,#16355,#16356));
#16358=FACE_OUTER_BOUND('',#16357,.F.);
#16360=CARTESIAN_POINT('',(2.49E2,2.75E0,-1.77E1));
#16361=DIRECTION('',(0.E0,0.E0,-1.E0));
#16362=DIRECTION('',(-1.E0,0.E0,0.E0));
#16363=AXIS2_PLACEMENT_3D('',#16360,#16361,#16362);
#16364=PLANE('',#16363);
#16365=ORIENTED_EDGE('',*,*,#16237,.F.);
#16366=ORIENTED_EDGE('',*,*,#16263,.T.);
#16367=ORIENTED_EDGE('',*,*,#16316,.T.);
#16368=ORIENTED_EDGE('',*,*,#16353,.F.);
#16369=EDGE_LOOP('',(#16365,#16366,#16367,#16368));
#16370=FACE_OUTER_BOUND('',#16369,.F.);
#16372=CARTESIAN_POINT('',(2.51501E2,3.4E1,6.3E1));
#16373=DIRECTION('',(-1.E0,0.E0,0.E0));
#16374=DIRECTION('',(0.E0,0.E0,1.E0));
#16375=AXIS2_PLACEMENT_3D('',#16372,#16373,#16374);
#16376=CYLINDRICAL_SURFACE('',#16375,1.5E1);
#16377=ORIENTED_EDGE('',*,*,#16267,.F.);
#16379=ORIENTED_EDGE('',*,*,#16378,.F.);
#16381=ORIENTED_EDGE('',*,*,#16380,.F.);
#16383=ORIENTED_EDGE('',*,*,#16382,.T.);
#16384=EDGE_LOOP('',(#16377,#16379,#16381,#16383));
#16385=FACE_OUTER_BOUND('',#16384,.F.);
#16387=CARTESIAN_POINT('',(2.51501E2,3.4E1,6.3E1));
#16388=DIRECTION('',(-1.E0,0.E0,0.E0));
#16389=DIRECTION('',(0.E0,0.E0,1.E0));
#16390=AXIS2_PLACEMENT_3D('',#16387,#16388,#16389);
#16391=CYLINDRICAL_SURFACE('',#16390,1.5E1);
#16392=ORIENTED_EDGE('',*,*,#16378,.T.);
#16393=ORIENTED_EDGE('',*,*,#16269,.F.);
#16394=ORIENTED_EDGE('',*,*,#16382,.F.);
#16396=ORIENTED_EDGE('',*,*,#16395,.F.);
#16397=EDGE_LOOP('',(#16392,#16393,#16394,#16396));
#16398=FACE_OUTER_BOUND('',#16397,.F.);
#16400=CARTESIAN_POINT('',(1.085E2,3.4E1,6.3E1));
#16401=DIRECTION('',(1.E0,0.E0,0.E0));
#16402=DIRECTION('',(0.E0,0.E0,-1.E0));
#16403=AXIS2_PLACEMENT_3D('',#16400,#16401,#16402);
#16404=PLANE('',#16403);
#16406=ORIENTED_EDGE('',*,*,#16405,.T.);
#16408=ORIENTED_EDGE('',*,*,#16407,.T.);
#16410=ORIENTED_EDGE('',*,*,#16409,.F.);
#16412=ORIENTED_EDGE('',*,*,#16411,.F.);
#16413=EDGE_LOOP('',(#16406,#16408,#16410,#16412));
#16414=FACE_OUTER_BOUND('',#16413,.F.);
#16415=ORIENTED_EDGE('',*,*,#16395,.T.);
#16416=ORIENTED_EDGE('',*,*,#16380,.T.);
#16417=EDGE_LOOP('',(#16415,#16416));
#16418=FACE_BOUND('',#16417,.F.);
#16420=CARTESIAN_POINT('',(5.359964166221E0,9.E0,-5.863332076903E1));
#16421=DIRECTION('',(0.E0,1.E0,0.E0));
#16422=DIRECTION('',(0.E0,0.E0,1.E0));
#16423=AXIS2_PLACEMENT_3D('',#16420,#16421,#16422);
#16424=PLANE('',#16423);
#16426=ORIENTED_EDGE('',*,*,#16425,.F.);
#16427=ORIENTED_EDGE('',*,*,#16405,.F.);
#16429=ORIENTED_EDGE('',*,*,#16428,.T.);
#16431=ORIENTED_EDGE('',*,*,#16430,.F.);
#16432=EDGE_LOOP('',(#16426,#16427,#16429,#16431));
#16433=FACE_OUTER_BOUND('',#16432,.F.);
#16435=CARTESIAN_POINT('',(7.85E1,5.9E1,8.4E1));
#16436=DIRECTION('',(0.E0,0.E0,-1.E0));
#16437=DIRECTION('',(-1.E0,0.E0,0.E0));
#16438=AXIS2_PLACEMENT_3D('',#16435,#16436,#16437);
#16439=PLANE('',#16438);
#16440=ORIENTED_EDGE('',*,*,#16407,.F.);
#16441=ORIENTED_EDGE('',*,*,#16425,.T.);
#16443=ORIENTED_EDGE('',*,*,#16442,.T.);
#16445=ORIENTED_EDGE('',*,*,#16444,.F.);
#16446=EDGE_LOOP('',(#16440,#16441,#16443,#16445));
#16447=FACE_OUTER_BOUND('',#16446,.F.);
#16449=CARTESIAN_POINT('',(7.85E1,3.4E1,6.3E1));
#16450=DIRECTION('',(1.E0,0.E0,0.E0));
#16451=DIRECTION('',(0.E0,0.E0,-1.E0));
#16452=AXIS2_PLACEMENT_3D('',#16449,#16450,#16451);
#16453=PLANE('',#16452);
#16454=ORIENTED_EDGE('',*,*,#16442,.F.);
#16455=ORIENTED_EDGE('',*,*,#16430,.T.);
#16457=ORIENTED_EDGE('',*,*,#16456,.F.);
#16459=ORIENTED_EDGE('',*,*,#16458,.F.);
#16460=EDGE_LOOP('',(#16454,#16455,#16457,#16459));
#16461=FACE_OUTER_BOUND('',#16460,.F.);
#16463=ORIENTED_EDGE('',*,*,#16462,.T.);
#16465=ORIENTED_EDGE('',*,*,#16464,.T.);
#16466=EDGE_LOOP('',(#16463,#16465));
#16467=FACE_BOUND('',#16466,.F.);
#16469=CARTESIAN_POINT('',(5.359964166221E0,5.9E1,-5.863332076903E1));
#16470=DIRECTION('',(0.E0,-1.E0,0.E0));
#16471=DIRECTION('',(0.E0,0.E0,-1.E0));
#16472=AXIS2_PLACEMENT_3D('',#16469,#16470,#16471);
#16473=CYLINDRICAL_SURFACE('',#16472,1.15E2);
#16474=ORIENTED_EDGE('',*,*,#16411,.T.);
#16476=ORIENTED_EDGE('',*,*,#16475,.F.);
#16477=ORIENTED_EDGE('',*,*,#16456,.T.);
#16478=ORIENTED_EDGE('',*,*,#16428,.F.);
#16479=EDGE_LOOP('',(#16474,#16476,#16477,#16478));
#16480=FACE_OUTER_BOUND('',#16479,.F.);
#16482=CARTESIAN_POINT('',(5.359964166221E0,5.9E1,-5.863332076903E1));
#16483=DIRECTION('',(0.E0,1.E0,0.E0));
#16484=DIRECTION('',(0.E0,0.E0,1.E0));
#16485=AXIS2_PLACEMENT_3D('',#16482,#16483,#16484);
#16486=PLANE('',#16485);
#16487=ORIENTED_EDGE('',*,*,#16444,.T.);
#16488=ORIENTED_EDGE('',*,*,#16458,.T.);
#16489=ORIENTED_EDGE('',*,*,#16475,.T.);
#16490=ORIENTED_EDGE('',*,*,#16409,.T.);
#16491=EDGE_LOOP('',(#16487,#16488,#16489,#16490));
#16492=FACE_OUTER_BOUND('',#16491,.F.);
#16494=CARTESIAN_POINT('',(-4.15E1,3.4E1,6.3E1));
#16495=DIRECTION('',(1.E0,0.E0,0.E0));
#16496=DIRECTION('',(0.E0,0.E0,-1.E0));
#16497=AXIS2_PLACEMENT_3D('',#16494,#16495,#16496);
#16498=CYLINDRICAL_SURFACE('',#16497,1.95E1);
#16500=ORIENTED_EDGE('',*,*,#16499,.T.);
#16502=ORIENTED_EDGE('',*,*,#16501,.F.);
#16504=ORIENTED_EDGE('',*,*,#16503,.F.);
#16506=ORIENTED_EDGE('',*,*,#16505,.T.);
#16508=ORIENTED_EDGE('',*,*,#16507,.T.);
#16510=ORIENTED_EDGE('',*,*,#16509,.F.);
#16511=ORIENTED_EDGE('',*,*,#16462,.F.);
#16512=EDGE_LOOP('',(#16500,#16502,#16504,#16506,#16508,#16510,#16511));
#16513=FACE_OUTER_BOUND('',#16512,.F.);
#16515=CARTESIAN_POINT('',(-4.15E1,3.4E1,6.3E1));
#16516=DIRECTION('',(1.E0,0.E0,0.E0));
#16517=DIRECTION('',(0.E0,0.E0,-1.E0));
#16518=AXIS2_PLACEMENT_3D('',#16515,#16516,#16517);
#16519=CYLINDRICAL_SURFACE('',#16518,1.95E1);
#16521=ORIENTED_EDGE('',*,*,#16520,.F.);
#16522=ORIENTED_EDGE('',*,*,#16499,.F.);
#16523=ORIENTED_EDGE('',*,*,#16464,.F.);
#16524=ORIENTED_EDGE('',*,*,#16509,.T.);
#16526=ORIENTED_EDGE('',*,*,#16525,.T.);
#16528=ORIENTED_EDGE('',*,*,#16527,.T.);
#16530=ORIENTED_EDGE('',*,*,#16529,.T.);
#16532=ORIENTED_EDGE('',*,*,#16531,.T.);
#16534=ORIENTED_EDGE('',*,*,#16533,.T.);
#16536=ORIENTED_EDGE('',*,*,#16535,.T.);
#16537=ORIENTED_EDGE('',*,*,#16503,.T.);
#16538=EDGE_LOOP('',(#16521,#16522,#16523,#16524,#16526,#16528,#16530,#16532,
#16534,#16536,#16537));
#16539=FACE_OUTER_BOUND('',#16538,.F.);
#16541=CARTESIAN_POINT('',(-4.15E1,3.4E1,6.3E1));
#16542=DIRECTION('',(1.E0,0.E0,0.E0));
#16543=DIRECTION('',(0.E0,0.E0,-1.E0));
#16544=AXIS2_PLACEMENT_3D('',#16541,#16542,#16543);
#16545=PLANE('',#16544);
#16546=ORIENTED_EDGE('',*,*,#16501,.T.);
#16547=ORIENTED_EDGE('',*,*,#16520,.T.);
#16548=EDGE_LOOP('',(#16546,#16547));
#16549=FACE_OUTER_BOUND('',#16548,.F.);
#16551=ORIENTED_EDGE('',*,*,#16550,.T.);
#16553=ORIENTED_EDGE('',*,*,#16552,.T.);
#16554=EDGE_LOOP('',(#16551,#16553));
#16555=FACE_BOUND('',#16554,.F.);
#16557=CARTESIAN_POINT('',(-3.5E1,3.4E1,6.3E1));
#16558=DIRECTION('',(-1.E0,0.E0,0.E0));
#16559=DIRECTION('',(0.E0,0.E0,1.E0));
#16560=AXIS2_PLACEMENT_3D('',#16557,#16558,#16559);
#16561=CYLINDRICAL_SURFACE('',#16560,2.934448709985E0);
#16563=ORIENTED_EDGE('',*,*,#16562,.T.);
#16565=ORIENTED_EDGE('',*,*,#16564,.F.);
#16567=ORIENTED_EDGE('',*,*,#16566,.F.);
#16568=ORIENTED_EDGE('',*,*,#16550,.F.);
#16569=EDGE_LOOP('',(#16563,#16565,#16567,#16568));
#16570=FACE_OUTER_BOUND('',#16569,.F.);
#16572=CARTESIAN_POINT('',(-3.5E1,3.4E1,6.3E1));
#16573=DIRECTION('',(-1.E0,0.E0,0.E0));
#16574=DIRECTION('',(0.E0,0.E0,1.E0));
#16575=AXIS2_PLACEMENT_3D('',#16572,#16573,#16574);
#16576=CYLINDRICAL_SURFACE('',#16575,2.934448709985E0);
#16578=ORIENTED_EDGE('',*,*,#16577,.F.);
#16579=ORIENTED_EDGE('',*,*,#16562,.F.);
#16580=ORIENTED_EDGE('',*,*,#16552,.F.);
#16581=ORIENTED_EDGE('',*,*,#16566,.T.);
#16582=EDGE_LOOP('',(#16578,#16579,#16580,#16581));
#16583=FACE_OUTER_BOUND('',#16582,.F.);
#16585=CARTESIAN_POINT('',(-3.5E1,3.4E1,6.3E1));
#16586=DIRECTION('',(1.E0,0.E0,0.E0));
#16587=DIRECTION('',(0.E0,0.E0,-1.E0));
#16588=AXIS2_PLACEMENT_3D('',#16585,#16586,#16587);
#16589=PLANE('',#16588);
#16591=ORIENTED_EDGE('',*,*,#16590,.T.);
#16593=ORIENTED_EDGE('',*,*,#16592,.T.);
#16594=EDGE_LOOP('',(#16591,#16593));
#16595=FACE_OUTER_BOUND('',#16594,.F.);
#16596=ORIENTED_EDGE('',*,*,#16564,.T.);
#16597=ORIENTED_EDGE('',*,*,#16577,.T.);
#16598=EDGE_LOOP('',(#16596,#16597));
#16599=FACE_BOUND('',#16598,.F.);
#16601=CARTESIAN_POINT('',(4.3E1,3.4E1,6.3E1));
#16602=DIRECTION('',(-1.E0,0.E0,0.E0));
#16603=DIRECTION('',(0.E0,0.E0,1.E0));
#16604=AXIS2_PLACEMENT_3D('',#16601,#16602,#16603);
#16605=CYLINDRICAL_SURFACE('',#16604,8.164410569501E0);
#16607=ORIENTED_EDGE('',*,*,#16606,.T.);
#16609=ORIENTED_EDGE('',*,*,#16608,.F.);
#16611=ORIENTED_EDGE('',*,*,#16610,.F.);
#16612=ORIENTED_EDGE('',*,*,#16590,.F.);
#16613=EDGE_LOOP('',(#16607,#16609,#16611,#16612));
#16614=FACE_OUTER_BOUND('',#16613,.F.);
#16616=CARTESIAN_POINT('',(4.3E1,3.4E1,6.3E1));
#16617=DIRECTION('',(-1.E0,0.E0,0.E0));
#16618=DIRECTION('',(0.E0,0.E0,1.E0));
#16619=AXIS2_PLACEMENT_3D('',#16616,#16617,#16618);
#16620=CYLINDRICAL_SURFACE('',#16619,8.164410569501E0);
#16622=ORIENTED_EDGE('',*,*,#16621,.F.);
#16623=ORIENTED_EDGE('',*,*,#16606,.F.);
#16624=ORIENTED_EDGE('',*,*,#16592,.F.);
#16625=ORIENTED_EDGE('',*,*,#16610,.T.);
#16626=EDGE_LOOP('',(#16622,#16623,#16624,#16625));
#16627=FACE_OUTER_BOUND('',#16626,.F.);
#16629=CARTESIAN_POINT('',(4.3E1,3.4E1,6.3E1));
#16630=DIRECTION('',(1.E0,0.E0,0.E0));
#16631=DIRECTION('',(0.E0,0.E0,-1.E0));
#16632=AXIS2_PLACEMENT_3D('',#16629,#16630,#16631);
#16633=PLANE('',#16632);
#16634=ORIENTED_EDGE('',*,*,#16608,.T.);
#16635=ORIENTED_EDGE('',*,*,#16621,.T.);
#16636=EDGE_LOOP('',(#16634,#16635));
#16637=FACE_OUTER_BOUND('',#16636,.F.);
#16639=ORIENTED_EDGE('',*,*,#16638,.T.);
#16641=ORIENTED_EDGE('',*,*,#16640,.T.);
#16642=EDGE_LOOP('',(#16639,#16641));
#16643=FACE_BOUND('',#16642,.F.);
#16645=CARTESIAN_POINT('',(7.85E1,3.4E1,6.3E1));
#16646=DIRECTION('',(-1.E0,0.E0,0.E0));
#16647=DIRECTION('',(0.E0,0.E0,1.E0));
#16648=AXIS2_PLACEMENT_3D('',#16645,#16646,#16647);
#16649=CYLINDRICAL_SURFACE('',#16648,4.478619516769E0);
#16651=ORIENTED_EDGE('',*,*,#16650,.T.);
#16653=ORIENTED_EDGE('',*,*,#16652,.F.);
#16655=ORIENTED_EDGE('',*,*,#16654,.F.);
#16656=ORIENTED_EDGE('',*,*,#16638,.F.);
#16657=EDGE_LOOP('',(#16651,#16653,#16655,#16656));
#16658=FACE_OUTER_BOUND('',#16657,.F.);
#16660=CARTESIAN_POINT('',(7.85E1,3.4E1,6.3E1));
#16661=DIRECTION('',(-1.E0,0.E0,0.E0));
#16662=DIRECTION('',(0.E0,0.E0,1.E0));
#16663=AXIS2_PLACEMENT_3D('',#16660,#16661,#16662);
#16664=CYLINDRICAL_SURFACE('',#16663,4.478619516769E0);
#16666=ORIENTED_EDGE('',*,*,#16665,.F.);
#16667=ORIENTED_EDGE('',*,*,#16650,.F.);
#16668=ORIENTED_EDGE('',*,*,#16640,.F.);
#16669=ORIENTED_EDGE('',*,*,#16654,.T.);
#16670=EDGE_LOOP('',(#16666,#16667,#16668,#16669));
#16671=FACE_OUTER_BOUND('',#16670,.F.);
#16673=CARTESIAN_POINT('',(7.85E1,3.4E1,6.3E1));
#16674=DIRECTION('',(1.E0,0.E0,0.E0));
#16675=DIRECTION('',(0.E0,0.E0,-1.E0));
#16676=AXIS2_PLACEMENT_3D('',#16673,#16674,#16675);
#16677=PLANE('',#16676);
#16678=ORIENTED_EDGE('',*,*,#16652,.T.);
#16679=ORIENTED_EDGE('',*,*,#16665,.T.);
#16680=EDGE_LOOP('',(#16678,#16679));
#16681=FACE_OUTER_BOUND('',#16680,.F.);
#16683=CARTESIAN_POINT('',(0.E0,-2.201785245124E0,0.E0));
#16684=DIRECTION('',(0.E0,-1.E0,0.E0));
#16685=DIRECTION('',(0.E0,0.E0,-1.E0));
#16686=AXIS2_PLACEMENT_3D('',#16683,#16684,#16685);
#16687=CYLINDRICAL_SURFACE('',#16686,5.789962604359E1);
#16689=ORIENTED_EDGE('',*,*,#16688,.T.);
#16691=ORIENTED_EDGE('',*,*,#16690,.F.);
#16693=ORIENTED_EDGE('',*,*,#16692,.F.);
#16695=ORIENTED_EDGE('',*,*,#16694,.F.);
#16696=ORIENTED_EDGE('',*,*,#16525,.F.);
#16697=ORIENTED_EDGE('',*,*,#16507,.F.);
#16698=EDGE_LOOP('',(#16689,#16691,#16693,#16695,#16696,#16697));
#16699=FACE_OUTER_BOUND('',#16698,.F.);
#16701=CARTESIAN_POINT('',(0.E0,-2.201785245124E0,0.E0));
#16702=DIRECTION('',(0.E0,-1.E0,0.E0));
#16703=DIRECTION('',(0.E0,0.E0,-1.E0));
#16704=AXIS2_PLACEMENT_3D('',#16701,#16702,#16703);
#16705=CYLINDRICAL_SURFACE('',#16704,5.789962604359E1);
#16707=ORIENTED_EDGE('',*,*,#16706,.F.);
#16708=ORIENTED_EDGE('',*,*,#16688,.F.);
#16709=ORIENTED_EDGE('',*,*,#16505,.F.);
#16710=ORIENTED_EDGE('',*,*,#16535,.F.);
#16712=ORIENTED_EDGE('',*,*,#16711,.F.);
#16713=ORIENTED_EDGE('',*,*,#16692,.T.);
#16714=EDGE_LOOP('',(#16707,#16708,#16709,#16710,#16712,#16713));
#16715=FACE_OUTER_BOUND('',#16714,.F.);
#16717=CARTESIAN_POINT('',(0.E0,6.230571715777E1,-5.789962604359E1));
#16718=DIRECTION('',(0.E0,1.E0,0.E0));
#16719=DIRECTION('',(0.E0,0.E0,1.E0));
#16720=AXIS2_PLACEMENT_3D('',#16717,#16718,#16719);
#16721=PLANE('',#16720);
#16722=ORIENTED_EDGE('',*,*,#16690,.T.);
#16723=ORIENTED_EDGE('',*,*,#16706,.T.);
#16724=EDGE_LOOP('',(#16722,#16723));
#16725=FACE_OUTER_BOUND('',#16724,.F.);
#16727=ORIENTED_EDGE('',*,*,#16726,.T.);
#16729=ORIENTED_EDGE('',*,*,#16728,.T.);
#16730=EDGE_LOOP('',(#16727,#16729));
#16731=FACE_BOUND('',#16730,.F.);
#16733=CARTESIAN_POINT('',(0.E0,-2.201785245124E0,0.E0));
#16734=DIRECTION('',(0.E0,-1.E0,0.E0));
#16735=DIRECTION('',(0.E0,0.E0,-1.E0));
#16736=AXIS2_PLACEMENT_3D('',#16733,#16734,#16735);
#16737=CYLINDRICAL_SURFACE('',#16736,4.657733918048E1);
#16738=ORIENTED_EDGE('',*,*,#16726,.F.);
#16740=ORIENTED_EDGE('',*,*,#16739,.F.);
#16742=ORIENTED_EDGE('',*,*,#16741,.F.);
#16744=ORIENTED_EDGE('',*,*,#16743,.F.);
#16746=ORIENTED_EDGE('',*,*,#16745,.F.);
#16748=ORIENTED_EDGE('',*,*,#16747,.T.);
#16749=EDGE_LOOP('',(#16738,#16740,#16742,#16744,#16746,#16748));
#16750=FACE_OUTER_BOUND('',#16749,.F.);
#16752=CARTESIAN_POINT('',(0.E0,-2.201785245124E0,0.E0));
#16753=DIRECTION('',(0.E0,-1.E0,0.E0));
#16754=DIRECTION('',(0.E0,0.E0,-1.E0));
#16755=AXIS2_PLACEMENT_3D('',#16752,#16753,#16754);
#16756=CYLINDRICAL_SURFACE('',#16755,4.657733918048E1);
#16757=ORIENTED_EDGE('',*,*,#16739,.T.);
#16758=ORIENTED_EDGE('',*,*,#16728,.F.);
#16759=ORIENTED_EDGE('',*,*,#16747,.F.);
#16761=ORIENTED_EDGE('',*,*,#16760,.F.);
#16763=ORIENTED_EDGE('',*,*,#16762,.F.);
#16765=ORIENTED_EDGE('',*,*,#16764,.F.);
#16766=EDGE_LOOP('',(#16757,#16758,#16759,#16761,#16763,#16765));
#16767=FACE_OUTER_BOUND('',#16766,.F.);
#16769=CARTESIAN_POINT('',(0.E0,2.455920344717E1,-4.657733918048E1));
#16770=DIRECTION('',(0.E0,-1.E0,0.E0));
#16771=DIRECTION('',(0.E0,0.E0,-1.E0));
#16772=AXIS2_PLACEMENT_3D('',#16769,#16770,#16771);
#16773=PLANE('',#16772);
#16775=ORIENTED_EDGE('',*,*,#16774,.T.);
#16777=ORIENTED_EDGE('',*,*,#16776,.F.);
#16778=ORIENTED_EDGE('',*,*,#16760,.T.);
#16779=ORIENTED_EDGE('',*,*,#16745,.T.);
#16781=ORIENTED_EDGE('',*,*,#16780,.F.);
#16783=ORIENTED_EDGE('',*,*,#16782,.T.);
#16784=EDGE_LOOP('',(#16775,#16777,#16778,#16779,#16781,#16783));
#16785=FACE_OUTER_BOUND('',#16784,.F.);
#16787=CARTESIAN_POINT('',(0.E0,-2.201785245124E0,0.E0));
#16788=DIRECTION('',(0.E0,-1.E0,0.E0));
#16789=DIRECTION('',(0.E0,0.E0,-1.E0));
#16790=AXIS2_PLACEMENT_3D('',#16787,#16788,#16789);
#16791=CYLINDRICAL_SURFACE('',#16790,5.033521462379E1);
#16792=ORIENTED_EDGE('',*,*,#16774,.F.);
#16794=ORIENTED_EDGE('',*,*,#16793,.F.);
#16796=ORIENTED_EDGE('',*,*,#16795,.F.);
#16798=ORIENTED_EDGE('',*,*,#16797,.F.);
#16799=EDGE_LOOP('',(#16792,#16794,#16796,#16798));
#16800=FACE_OUTER_BOUND('',#16799,.F.);
#16802=CARTESIAN_POINT('',(0.E0,-2.201785245124E0,0.E0));
#16803=DIRECTION('',(0.E0,-1.E0,0.E0));
#16804=DIRECTION('',(0.E0,0.E0,-1.E0));
#16805=AXIS2_PLACEMENT_3D('',#16802,#16803,#16804);
#16806=CYLINDRICAL_SURFACE('',#16805,5.033521462379E1);
#16807=ORIENTED_EDGE('',*,*,#16793,.T.);
#16808=ORIENTED_EDGE('',*,*,#16782,.F.);
#16810=ORIENTED_EDGE('',*,*,#16809,.F.);
#16812=ORIENTED_EDGE('',*,*,#16811,.F.);
#16813=EDGE_LOOP('',(#16807,#16808,#16810,#16812));
#16814=FACE_OUTER_BOUND('',#16813,.F.);
#16816=CARTESIAN_POINT('',(-4.15E1,3.4E1,6.3E1));
#16817=DIRECTION('',(1.E0,0.E0,0.E0));
#16818=DIRECTION('',(0.E0,0.E0,-1.E0));
#16819=AXIS2_PLACEMENT_3D('',#16816,#16817,#16818);
#16820=CYLINDRICAL_SURFACE('',#16819,1.95E1);
#16822=ORIENTED_EDGE('',*,*,#16821,.T.);
#16823=ORIENTED_EDGE('',*,*,#16762,.T.);
#16824=ORIENTED_EDGE('',*,*,#16776,.T.);
#16825=ORIENTED_EDGE('',*,*,#16797,.T.);
#16827=ORIENTED_EDGE('',*,*,#16826,.T.);
#16829=ORIENTED_EDGE('',*,*,#16828,.T.);
#16831=ORIENTED_EDGE('',*,*,#16830,.T.);
#16833=ORIENTED_EDGE('',*,*,#16832,.T.);
#16834=ORIENTED_EDGE('',*,*,#16809,.T.);
#16835=ORIENTED_EDGE('',*,*,#16780,.T.);
#16836=ORIENTED_EDGE('',*,*,#16743,.T.);
#16837=EDGE_LOOP('',(#16822,#16823,#16824,#16825,#16827,#16829,#16831,#16833,
#16834,#16835,#16836));
#16838=FACE_OUTER_BOUND('',#16837,.F.);
#16840=CARTESIAN_POINT('',(-4.15E1,3.4E1,6.3E1));
#16841=DIRECTION('',(1.E0,0.E0,0.E0));
#16842=DIRECTION('',(0.E0,0.E0,-1.E0));
#16843=AXIS2_PLACEMENT_3D('',#16840,#16841,#16842);
#16844=CYLINDRICAL_SURFACE('',#16843,1.95E1);
#16845=ORIENTED_EDGE('',*,*,#16764,.T.);
#16846=ORIENTED_EDGE('',*,*,#16821,.F.);
#16847=ORIENTED_EDGE('',*,*,#16741,.T.);
#16848=EDGE_LOOP('',(#16845,#16846,#16847));
#16849=FACE_OUTER_BOUND('',#16848,.F.);
#16851=CARTESIAN_POINT('',(0.E0,2.172597513638E1,0.E0));
#16852=DIRECTION('',(0.E0,1.E0,0.E0));
#16853=DIRECTION('',(0.E0,0.E0,1.E0));
#16854=AXIS2_PLACEMENT_3D('',#16851,#16852,#16853);
#16855=CONICAL_SURFACE('',#16854,5.018921470781E1,3.073527926930E1);
#16856=ORIENTED_EDGE('',*,*,#16832,.F.);
#16858=ORIENTED_EDGE('',*,*,#16857,.F.);
#16860=ORIENTED_EDGE('',*,*,#16859,.F.);
#16861=ORIENTED_EDGE('',*,*,#16826,.F.);
#16862=ORIENTED_EDGE('',*,*,#16795,.T.);
#16863=ORIENTED_EDGE('',*,*,#16811,.T.);
#16864=EDGE_LOOP('',(#16856,#16858,#16860,#16861,#16862,#16863));
#16865=FACE_OUTER_BOUND('',#16864,.F.);
#16867=CARTESIAN_POINT('',(0.E0,2.148042778973E1,-5.536907163030E1));
#16868=DIRECTION('',(0.E0,-1.E0,0.E0));
#16869=DIRECTION('',(0.E0,0.E0,-1.E0));
#16870=AXIS2_PLACEMENT_3D('',#16867,#16868,#16869);
#16871=PLANE('',#16870);
#16872=ORIENTED_EDGE('',*,*,#16711,.T.);
#16873=ORIENTED_EDGE('',*,*,#16533,.F.);
#16875=ORIENTED_EDGE('',*,*,#16874,.T.);
#16877=ORIENTED_EDGE('',*,*,#16876,.T.);
#16878=ORIENTED_EDGE('',*,*,#16527,.F.);
#16879=ORIENTED_EDGE('',*,*,#16694,.T.);
#16880=EDGE_LOOP('',(#16872,#16873,#16875,#16877,#16878,#16879));
#16881=FACE_OUTER_BOUND('',#16880,.F.);
#16882=ORIENTED_EDGE('',*,*,#16859,.T.);
#16883=ORIENTED_EDGE('',*,*,#16857,.T.);
#16885=ORIENTED_EDGE('',*,*,#16884,.T.);
#16887=ORIENTED_EDGE('',*,*,#16886,.T.);
#16888=EDGE_LOOP('',(#16882,#16883,#16885,#16887));
#16889=FACE_BOUND('',#16888,.F.);
#16891=CARTESIAN_POINT('',(0.E0,1.949768608324E1,0.E0));
#16892=DIRECTION('',(0.E0,1.E0,0.E0));
#16893=DIRECTION('',(0.E0,0.E0,1.E0));
#16894=AXIS2_PLACEMENT_3D('',#16891,#16892,#16893);
#16895=CONICAL_SURFACE('',#16894,5.397653857296E1,3.508140424744E1);
#16896=ORIENTED_EDGE('',*,*,#16531,.F.);
#16898=ORIENTED_EDGE('',*,*,#16897,.F.);
#16899=ORIENTED_EDGE('',*,*,#16874,.F.);
#16900=EDGE_LOOP('',(#16896,#16898,#16899));
#16901=FACE_OUTER_BOUND('',#16900,.F.);
#16903=CARTESIAN_POINT('',(0.E0,1.949768608324E1,0.E0));
#16904=DIRECTION('',(0.E0,1.E0,0.E0));
#16905=DIRECTION('',(0.E0,0.E0,1.E0));
#16906=AXIS2_PLACEMENT_3D('',#16903,#16904,#16905);
#16907=CONICAL_SURFACE('',#16906,5.397653857296E1,3.508140424744E1);
#16908=ORIENTED_EDGE('',*,*,#16897,.T.);
#16909=ORIENTED_EDGE('',*,*,#16529,.F.);
#16910=ORIENTED_EDGE('',*,*,#16876,.F.);
#16911=EDGE_LOOP('',(#16908,#16909,#16910));
#16912=FACE_OUTER_BOUND('',#16911,.F.);
#16914=CARTESIAN_POINT('',(0.E0,2.082175145429E1,0.E0));
#16915=DIRECTION('',(0.E0,1.E0,0.E0));
#16916=DIRECTION('',(0.E0,0.E0,1.E0));
#16917=AXIS2_PLACEMENT_3D('',#16914,#16915,#16916);
#16918=CONICAL_SURFACE('',#16917,4.965157264649E1,3.073527926930E1);
#16919=ORIENTED_EDGE('',*,*,#16830,.F.);
#16921=ORIENTED_EDGE('',*,*,#16920,.F.);
#16922=ORIENTED_EDGE('',*,*,#16884,.F.);
#16923=EDGE_LOOP('',(#16919,#16921,#16922));
#16924=FACE_OUTER_BOUND('',#16923,.F.);
#16926=CARTESIAN_POINT('',(0.E0,2.082175145429E1,0.E0));
#16927=DIRECTION('',(0.E0,1.E0,0.E0));
#16928=DIRECTION('',(0.E0,0.E0,1.E0));
#16929=AXIS2_PLACEMENT_3D('',#16926,#16927,#16928);
#16930=CONICAL_SURFACE('',#16929,4.965157264649E1,3.073527926930E1);
#16931=ORIENTED_EDGE('',*,*,#16920,.T.);
#16932=ORIENTED_EDGE('',*,*,#16828,.F.);
#16933=ORIENTED_EDGE('',*,*,#16886,.F.);
#16934=EDGE_LOOP('',(#16931,#16932,#16933));
#16935=FACE_OUTER_BOUND('',#16934,.F.);
#16937=CARTESIAN_POINT('',(1.1449895E2,5.699223972185E1,7.072284929362E1));
#16938=DIRECTION('',(1.E0,0.E0,0.E0));
#16939=DIRECTION('',(0.E0,0.E0,-1.E0));
#16940=AXIS2_PLACEMENT_3D('',#16937,#16938,#16939);
#16941=CYLINDRICAL_SURFACE('',#16940,2.25E0);
#16942=ORIENTED_EDGE('',*,*,#16205,.F.);
#16944=ORIENTED_EDGE('',*,*,#16943,.F.);
#16946=ORIENTED_EDGE('',*,*,#16945,.F.);
#16948=ORIENTED_EDGE('',*,*,#16947,.T.);
#16949=EDGE_LOOP('',(#16942,#16944,#16946,#16948));
#16950=FACE_OUTER_BOUND('',#16949,.F.);
#16952=CARTESIAN_POINT('',(1.1449895E2,5.699223972185E1,7.072284929362E1));
#16953=DIRECTION('',(1.E0,0.E0,0.E0));
#16954=DIRECTION('',(0.E0,0.E0,-1.E0));
#16955=AXIS2_PLACEMENT_3D('',#16952,#16953,#16954);
#16956=CYLINDRICAL_SURFACE('',#16955,2.25E0);
#16957=ORIENTED_EDGE('',*,*,#16943,.T.);
#16958=ORIENTED_EDGE('',*,*,#16207,.F.);
#16959=ORIENTED_EDGE('',*,*,#16947,.F.);
#16961=ORIENTED_EDGE('',*,*,#16960,.F.);
#16962=EDGE_LOOP('',(#16957,#16958,#16959,#16961));
#16963=FACE_OUTER_BOUND('',#16962,.F.);
#16965=CARTESIAN_POINT('',(1.78E2,7.972239721853E0,7.597284929362E1));
#16966=DIRECTION('',(1.E0,0.E0,0.E0));
#16967=DIRECTION('',(0.E0,1.E0,-1.902583850429E-14));
#16968=AXIS2_PLACEMENT_3D('',#16965,#16966,#16967);
#16969=PLANE('',#16968);
#16970=ORIENTED_EDGE('',*,*,#16960,.T.);
#16971=ORIENTED_EDGE('',*,*,#16945,.T.);
#16972=EDGE_LOOP('',(#16970,#16971));
#16973=FACE_OUTER_BOUND('',#16972,.F.);
#16975=CARTESIAN_POINT('',(1.1449895E2,5.105110214777E1,6.472284929362E1));
#16976=DIRECTION('',(0.E0,0.E0,-1.E0));
#16977=DIRECTION('',(0.E0,1.E0,0.E0));
#16978=AXIS2_PLACEMENT_3D('',#16975,#16976,#16977);
#16979=PLANE('',#16978);
#16980=ORIENTED_EDGE('',*,*,#16211,.F.);
#16982=ORIENTED_EDGE('',*,*,#16981,.F.);
#16984=ORIENTED_EDGE('',*,*,#16983,.F.);
#16986=ORIENTED_EDGE('',*,*,#16985,.F.);
#16987=EDGE_LOOP('',(#16980,#16982,#16984,#16986));
#16988=FACE_OUTER_BOUND('',#16987,.F.);
#16990=CARTESIAN_POINT('',(1.1449895E2,1.589337729593E1,6.822284929362E1));
#16991=DIRECTION('',(1.E0,0.E0,0.E0));
#16992=DIRECTION('',(0.E0,0.E0,-1.E0));
#16993=AXIS2_PLACEMENT_3D('',#16990,#16991,#16992);
#16994=CYLINDRICAL_SURFACE('',#16993,3.5E0);
#16995=ORIENTED_EDGE('',*,*,#16225,.F.);
#16997=ORIENTED_EDGE('',*,*,#16996,.T.);
#16999=ORIENTED_EDGE('',*,*,#16998,.F.);
#17000=ORIENTED_EDGE('',*,*,#16981,.T.);
#17001=EDGE_LOOP('',(#16995,#16997,#16999,#17000));
#17002=FACE_OUTER_BOUND('',#17001,.F.);
#17004=CARTESIAN_POINT('',(1.1449895E2,1.244655016039E1,6.883061791546E1));
#17005=DIRECTION('',(0.E0,-9.848077530122E-1,1.736481776669E-1));
#17006=DIRECTION('',(0.E0,-1.736481776669E-1,-9.848077530122E-1));
#17007=AXIS2_PLACEMENT_3D('',#17004,#17005,#17006);
#17008=PLANE('',#17007);
#17009=ORIENTED_EDGE('',*,*,#16223,.F.);
#17011=ORIENTED_EDGE('',*,*,#17010,.F.);
#17013=ORIENTED_EDGE('',*,*,#17012,.F.);
#17014=ORIENTED_EDGE('',*,*,#16996,.F.);
#17015=EDGE_LOOP('',(#17009,#17011,#17013,#17014));
#17016=FACE_OUTER_BOUND('',#17015,.F.);
#17018=CARTESIAN_POINT('',(1.1449895E2,1.668684870912E1,7.272284929362E1));
#17019=DIRECTION('',(1.E0,0.E0,0.E0));
#17020=DIRECTION('',(0.E0,0.E0,-1.E0));
#17021=AXIS2_PLACEMENT_3D('',#17018,#17019,#17020);
#17022=CYLINDRICAL_SURFACE('',#17021,3.5E0);
#17023=ORIENTED_EDGE('',*,*,#16221,.F.);
#17025=ORIENTED_EDGE('',*,*,#17024,.T.);
#17027=ORIENTED_EDGE('',*,*,#17026,.F.);
#17028=ORIENTED_EDGE('',*,*,#17010,.T.);
#17029=EDGE_LOOP('',(#17023,#17025,#17027,#17028));
#17030=FACE_OUTER_BOUND('',#17029,.F.);
#17032=CARTESIAN_POINT('',(1.1449895E2,1.668684870912E1,7.622284929362E1));
#17033=DIRECTION('',(0.E0,0.E0,1.E0));
#17034=DIRECTION('',(0.E0,-1.E0,0.E0));
#17035=AXIS2_PLACEMENT_3D('',#17032,#17033,#17034);
#17036=PLANE('',#17035);
#17037=ORIENTED_EDGE('',*,*,#16219,.F.);
#17039=ORIENTED_EDGE('',*,*,#17038,.F.);
#17041=ORIENTED_EDGE('',*,*,#17040,.F.);
#17042=ORIENTED_EDGE('',*,*,#17024,.F.);
#17043=EDGE_LOOP('',(#17037,#17039,#17041,#17042));
#17044=FACE_OUTER_BOUND('',#17043,.F.);
#17046=CARTESIAN_POINT('',(1.1449895E2,5.025763073458E1,7.272284929362E1));
#17047=DIRECTION('',(1.E0,0.E0,0.E0));
#17048=DIRECTION('',(0.E0,0.E0,-1.E0));
#17049=AXIS2_PLACEMENT_3D('',#17046,#17047,#17048);
#17050=CYLINDRICAL_SURFACE('',#17049,3.5E0);
#17051=ORIENTED_EDGE('',*,*,#16217,.F.);
#17053=ORIENTED_EDGE('',*,*,#17052,.T.);
#17055=ORIENTED_EDGE('',*,*,#17054,.F.);
#17056=ORIENTED_EDGE('',*,*,#17038,.T.);
#17057=EDGE_LOOP('',(#17051,#17053,#17055,#17056));
#17058=FACE_OUTER_BOUND('',#17057,.F.);
#17060=CARTESIAN_POINT('',(1.1449895E2,5.370445787013E1,7.333061791546E1));
#17061=DIRECTION('',(0.E0,9.848077530122E-1,1.736481776669E-1));
#17062=DIRECTION('',(0.E0,-1.736481776669E-1,9.848077530122E-1));
#17063=AXIS2_PLACEMENT_3D('',#17060,#17061,#17062);
#17064=PLANE('',#17063);
#17065=ORIENTED_EDGE('',*,*,#16215,.F.);
#17067=ORIENTED_EDGE('',*,*,#17066,.F.);
#17069=ORIENTED_EDGE('',*,*,#17068,.F.);
#17070=ORIENTED_EDGE('',*,*,#17052,.F.);
#17071=EDGE_LOOP('',(#17065,#17067,#17069,#17070));
#17072=FACE_OUTER_BOUND('',#17071,.F.);
#17074=CARTESIAN_POINT('',(1.1449895E2,5.105110214777E1,6.822284929362E1));
#17075=DIRECTION('',(1.E0,0.E0,0.E0));
#17076=DIRECTION('',(0.E0,0.E0,-1.E0));
#17077=AXIS2_PLACEMENT_3D('',#17074,#17075,#17076);
#17078=CYLINDRICAL_SURFACE('',#17077,3.5E0);
#17079=ORIENTED_EDGE('',*,*,#16213,.F.);
#17080=ORIENTED_EDGE('',*,*,#16985,.T.);
#17082=ORIENTED_EDGE('',*,*,#17081,.F.);
#17083=ORIENTED_EDGE('',*,*,#17066,.T.);
#17084=EDGE_LOOP('',(#17079,#17080,#17082,#17083));
#17085=FACE_OUTER_BOUND('',#17084,.F.);
#17087=CARTESIAN_POINT('',(1.78E2,7.972239721853E0,7.597284929362E1));
#17088=DIRECTION('',(1.E0,0.E0,0.E0));
#17089=DIRECTION('',(0.E0,1.E0,-1.902583850429E-14));
#17090=AXIS2_PLACEMENT_3D('',#17087,#17088,#17089);
#17091=PLANE('',#17090);
#17092=ORIENTED_EDGE('',*,*,#17068,.T.);
#17093=ORIENTED_EDGE('',*,*,#17081,.T.);
#17094=ORIENTED_EDGE('',*,*,#16983,.T.);
#17095=ORIENTED_EDGE('',*,*,#16998,.T.);
#17096=ORIENTED_EDGE('',*,*,#17012,.T.);
#17097=ORIENTED_EDGE('',*,*,#17026,.T.);
#17098=ORIENTED_EDGE('',*,*,#17040,.T.);
#17099=ORIENTED_EDGE('',*,*,#17054,.T.);
#17100=EDGE_LOOP('',(#17092,#17093,#17094,#17095,#17096,#17097,#17098,#17099));
#17101=FACE_OUTER_BOUND('',#17100,.F.);
#17103=ORIENTED_EDGE('',*,*,#17102,.T.);
#17105=ORIENTED_EDGE('',*,*,#17104,.T.);
#17107=ORIENTED_EDGE('',*,*,#17106,.T.);
#17109=ORIENTED_EDGE('',*,*,#17108,.T.);
#17111=ORIENTED_EDGE('',*,*,#17110,.T.);
#17113=ORIENTED_EDGE('',*,*,#17112,.T.);
#17115=ORIENTED_EDGE('',*,*,#17114,.T.);
#17117=ORIENTED_EDGE('',*,*,#17116,.T.);
#17119=ORIENTED_EDGE('',*,*,#17118,.T.);
#17121=ORIENTED_EDGE('',*,*,#17120,.T.);
#17122=EDGE_LOOP('',(#17103,#17105,#17107,#17109,#17111,#17113,#17115,#17117,
#17119,#17121));
#17123=FACE_BOUND('',#17122,.F.);
#17125=CARTESIAN_POINT('',(1.745E2,1.622223972185E1,6.897284929363E1));
#17126=DIRECTION('',(1.E0,0.E0,0.E0));
#17127=DIRECTION('',(0.E0,1.E0,-1.982541115402E-14));
#17128=AXIS2_PLACEMENT_3D('',#17125,#17126,#17127);
#17129=CYLINDRICAL_SURFACE('',#17128,3.5E0);
#17130=ORIENTED_EDGE('',*,*,#17104,.F.);
#17131=ORIENTED_EDGE('',*,*,#17102,.F.);
#17133=ORIENTED_EDGE('',*,*,#17132,.T.);
#17135=ORIENTED_EDGE('',*,*,#17134,.F.);
#17137=ORIENTED_EDGE('',*,*,#17136,.F.);
#17139=ORIENTED_EDGE('',*,*,#17138,.T.);
#17140=EDGE_LOOP('',(#17130,#17131,#17133,#17135,#17137,#17139));
#17141=FACE_OUTER_BOUND('',#17140,.F.);
#17143=CARTESIAN_POINT('',(1.745E2,1.358434155656E1,7.339658436608E1));
#17144=DIRECTION('',(0.E0,9.781476007338E-1,-2.079116908178E-1));
#17145=DIRECTION('',(0.E0,2.079116908178E-1,9.781476007338E-1));
#17146=AXIS2_PLACEMENT_3D('',#17143,#17144,#17145);
#17147=PLANE('',#17146);
#17148=ORIENTED_EDGE('',*,*,#17120,.F.);
#17150=ORIENTED_EDGE('',*,*,#17149,.F.);
#17152=ORIENTED_EDGE('',*,*,#17151,.F.);
#17153=ORIENTED_EDGE('',*,*,#17132,.F.);
#17154=EDGE_LOOP('',(#17148,#17150,#17152,#17153));
#17155=FACE_OUTER_BOUND('',#17154,.F.);
#17157=CARTESIAN_POINT('',(1.745E2,1.651878435877E1,7.277284929362E1));
#17158=DIRECTION('',(1.E0,0.E0,0.E0));
#17159=DIRECTION('',(0.E0,1.E0,-1.850371707709E-14));
#17160=AXIS2_PLACEMENT_3D('',#17157,#17158,#17159);
#17161=CYLINDRICAL_SURFACE('',#17160,3.E0);
#17162=ORIENTED_EDGE('',*,*,#17118,.F.);
#17164=ORIENTED_EDGE('',*,*,#17163,.T.);
#17166=ORIENTED_EDGE('',*,*,#17165,.F.);
#17167=ORIENTED_EDGE('',*,*,#17149,.T.);
#17168=EDGE_LOOP('',(#17162,#17164,#17166,#17167));
#17169=FACE_OUTER_BOUND('',#17168,.F.);
#17171=CARTESIAN_POINT('',(1.745E2,1.651878435877E1,7.577284929362E1));
#17172=DIRECTION('',(0.E0,-1.887235444111E-14,-1.E0));
#17173=DIRECTION('',(0.E0,1.E0,-1.887235444111E-14));
#17174=AXIS2_PLACEMENT_3D('',#17171,#17172,#17173);
#17175=PLANE('',#17174);
#17176=ORIENTED_EDGE('',*,*,#17116,.F.);
#17178=ORIENTED_EDGE('',*,*,#17177,.F.);
#17180=ORIENTED_EDGE('',*,*,#17179,.T.);
#17181=ORIENTED_EDGE('',*,*,#17163,.F.);
#17182=EDGE_LOOP('',(#17176,#17178,#17180,#17181));
#17183=FACE_OUTER_BOUND('',#17182,.F.);
#17185=CARTESIAN_POINT('',(1.745E2,5.042569508494E1,7.277284929362E1));
#17186=DIRECTION('',(1.E0,0.E0,0.E0));
#17187=DIRECTION('',(0.E0,1.E0,-1.850371707709E-14));
#17188=AXIS2_PLACEMENT_3D('',#17185,#17186,#17187);
#17189=CYLINDRICAL_SURFACE('',#17188,3.E0);
#17190=ORIENTED_EDGE('',*,*,#17114,.F.);
#17192=ORIENTED_EDGE('',*,*,#17191,.T.);
#17194=ORIENTED_EDGE('',*,*,#17193,.F.);
#17195=ORIENTED_EDGE('',*,*,#17177,.T.);
#17196=EDGE_LOOP('',(#17190,#17192,#17194,#17195));
#17197=FACE_OUTER_BOUND('',#17196,.F.);
#17199=CARTESIAN_POINT('',(1.745E2,5.336013788714E1,7.339658436608E1));
#17200=DIRECTION('',(0.E0,-9.781476007338E-1,-2.079116908178E-1));
#17201=DIRECTION('',(0.E0,2.079116908178E-1,-9.781476007338E-1));
#17202=AXIS2_PLACEMENT_3D('',#17199,#17200,#17201);
#17203=PLANE('',#17202);
#17204=ORIENTED_EDGE('',*,*,#17112,.F.);
#17206=ORIENTED_EDGE('',*,*,#17205,.F.);
#17208=ORIENTED_EDGE('',*,*,#17207,.F.);
#17209=ORIENTED_EDGE('',*,*,#17191,.F.);
#17210=EDGE_LOOP('',(#17204,#17206,#17208,#17209));
#17211=FACE_OUTER_BOUND('',#17210,.F.);
#17213=CARTESIAN_POINT('',(1.745E2,5.072223972185E1,6.897284929362E1));
#17214=DIRECTION('',(1.E0,0.E0,0.E0));
#17215=DIRECTION('',(0.E0,1.E0,-1.982541115402E-14));
#17216=AXIS2_PLACEMENT_3D('',#17213,#17214,#17215);
#17217=CYLINDRICAL_SURFACE('',#17216,3.5E0);
#17219=ORIENTED_EDGE('',*,*,#17218,.T.);
#17221=ORIENTED_EDGE('',*,*,#17220,.F.);
#17222=ORIENTED_EDGE('',*,*,#17205,.T.);
#17223=ORIENTED_EDGE('',*,*,#17110,.F.);
#17224=EDGE_LOOP('',(#17219,#17221,#17222,#17223));
#17225=FACE_OUTER_BOUND('',#17224,.F.);
#17227=CARTESIAN_POINT('',(1.745E2,5.072223972185E1,6.897284929362E1));
#17228=DIRECTION('',(1.E0,0.E0,0.E0));
#17229=DIRECTION('',(0.E0,1.E0,-1.982541115402E-14));
#17230=AXIS2_PLACEMENT_3D('',#17227,#17228,#17229);
#17231=CYLINDRICAL_SURFACE('',#17230,3.5E0);
#17233=ORIENTED_EDGE('',*,*,#17232,.F.);
#17234=ORIENTED_EDGE('',*,*,#17218,.F.);
#17235=ORIENTED_EDGE('',*,*,#17108,.F.);
#17237=ORIENTED_EDGE('',*,*,#17236,.T.);
#17238=EDGE_LOOP('',(#17233,#17234,#17235,#17237));
#17239=FACE_OUTER_BOUND('',#17238,.F.);
#17241=CARTESIAN_POINT('',(1.745E2,5.072223972185E1,6.897284929362E1));
#17242=DIRECTION('',(-1.E0,0.E0,0.E0));
#17243=DIRECTION('',(0.E0,-1.E0,1.902583850429E-14));
#17244=AXIS2_PLACEMENT_3D('',#17241,#17242,#17243);
#17245=PLANE('',#17244);
#17246=ORIENTED_EDGE('',*,*,#17136,.T.);
#17247=ORIENTED_EDGE('',*,*,#17134,.T.);
#17248=ORIENTED_EDGE('',*,*,#17151,.T.);
#17249=ORIENTED_EDGE('',*,*,#17165,.T.);
#17250=ORIENTED_EDGE('',*,*,#17179,.F.);
#17251=ORIENTED_EDGE('',*,*,#17193,.T.);
#17252=ORIENTED_EDGE('',*,*,#17207,.T.);
#17253=ORIENTED_EDGE('',*,*,#17220,.T.);
#17254=ORIENTED_EDGE('',*,*,#17232,.T.);
#17256=ORIENTED_EDGE('',*,*,#17255,.F.);
#17257=EDGE_LOOP('',(#17246,#17247,#17248,#17249,#17250,#17251,#17252,#17253,
#17254,#17256));
#17258=FACE_OUTER_BOUND('',#17257,.F.);
#17260=ORIENTED_EDGE('',*,*,#17259,.T.);
#17262=ORIENTED_EDGE('',*,*,#17261,.T.);
#17264=ORIENTED_EDGE('',*,*,#17263,.T.);
#17266=ORIENTED_EDGE('',*,*,#17265,.T.);
#17268=ORIENTED_EDGE('',*,*,#17267,.T.);
#17270=ORIENTED_EDGE('',*,*,#17269,.T.);
#17272=ORIENTED_EDGE('',*,*,#17271,.T.);
#17274=ORIENTED_EDGE('',*,*,#17273,.T.);
#17276=ORIENTED_EDGE('',*,*,#17275,.T.);
#17278=ORIENTED_EDGE('',*,*,#17277,.T.);
#17279=EDGE_LOOP('',(#17260,#17262,#17264,#17266,#17268,#17270,#17272,#17274,
#17276,#17278));
#17280=FACE_BOUND('',#17279,.F.);
#17282=CARTESIAN_POINT('',(1.745E2,5.072223972185E1,6.547284929362E1));
#17283=DIRECTION('',(0.E0,1.893784528449E-14,1.E0));
#17284=DIRECTION('',(0.E0,-1.E0,1.893784528449E-14));
#17285=AXIS2_PLACEMENT_3D('',#17282,#17283,#17284);
#17286=PLANE('',#17285);
#17287=ORIENTED_EDGE('',*,*,#17106,.F.);
#17288=ORIENTED_EDGE('',*,*,#17138,.F.);
#17289=ORIENTED_EDGE('',*,*,#17255,.T.);
#17290=ORIENTED_EDGE('',*,*,#17236,.F.);
#17291=EDGE_LOOP('',(#17287,#17288,#17289,#17290));
#17292=FACE_OUTER_BOUND('',#17291,.F.);
#17294=CARTESIAN_POINT('',(1.73E2,1.622223972185E1,6.897284929362E1));
#17295=DIRECTION('',(1.E0,0.E0,0.E0));
#17296=DIRECTION('',(0.E0,1.E0,-1.665334536938E-14));
#17297=AXIS2_PLACEMENT_3D('',#17294,#17295,#17296);
#17298=CYLINDRICAL_SURFACE('',#17297,2.5E0);
#17299=ORIENTED_EDGE('',*,*,#17261,.F.);
#17300=ORIENTED_EDGE('',*,*,#17259,.F.);
#17302=ORIENTED_EDGE('',*,*,#17301,.T.);
#17304=ORIENTED_EDGE('',*,*,#17303,.F.);
#17306=ORIENTED_EDGE('',*,*,#17305,.F.);
#17308=ORIENTED_EDGE('',*,*,#17307,.T.);
#17309=EDGE_LOOP('',(#17299,#17300,#17302,#17304,#17306,#17308));
#17310=FACE_OUTER_BOUND('',#17309,.F.);
#17312=CARTESIAN_POINT('',(1.73E2,1.377687072002E1,6.949262852067E1));
#17313=DIRECTION('',(0.E0,9.781476007338E-1,-2.079116908178E-1));
#17314=DIRECTION('',(0.E0,2.079116908178E-1,9.781476007338E-1));
#17315=AXIS2_PLACEMENT_3D('',#17312,#17313,#17314);
#17316=PLANE('',#17315);
#17317=ORIENTED_EDGE('',*,*,#17277,.F.);
#17319=ORIENTED_EDGE('',*,*,#17318,.F.);
#17321=ORIENTED_EDGE('',*,*,#17320,.F.);
#17322=ORIENTED_EDGE('',*,*,#17301,.F.);
#17323=EDGE_LOOP('',(#17317,#17319,#17321,#17322));
#17324=FACE_OUTER_BOUND('',#17323,.F.);
#17326=CARTESIAN_POINT('',(1.73E2,1.651878435877E1,7.277284929362E1));
#17327=DIRECTION('',(1.E0,0.E0,0.E0));
#17328=DIRECTION('',(0.E0,1.E0,-2.081668171172E-14));
#17329=AXIS2_PLACEMENT_3D('',#17326,#17327,#17328);
#17330=CYLINDRICAL_SURFACE('',#17329,2.E0);
#17331=ORIENTED_EDGE('',*,*,#17275,.F.);
#17333=ORIENTED_EDGE('',*,*,#17332,.T.);
#17335=ORIENTED_EDGE('',*,*,#17334,.F.);
#17336=ORIENTED_EDGE('',*,*,#17318,.T.);
#17337=EDGE_LOOP('',(#17331,#17333,#17335,#17336));
#17338=FACE_OUTER_BOUND('',#17337,.F.);
#17340=CARTESIAN_POINT('',(1.73E2,1.651878435877E1,7.477284929362E1));
#17341=DIRECTION('',(0.E0,-1.887235444111E-14,-1.E0));
#17342=DIRECTION('',(0.E0,1.E0,-1.887235444111E-14));
#17343=AXIS2_PLACEMENT_3D('',#17340,#17341,#17342);
#17344=PLANE('',#17343);
#17345=ORIENTED_EDGE('',*,*,#17273,.F.);
#17347=ORIENTED_EDGE('',*,*,#17346,.F.);
#17349=ORIENTED_EDGE('',*,*,#17348,.T.);
#17350=ORIENTED_EDGE('',*,*,#17332,.F.);
#17351=EDGE_LOOP('',(#17345,#17347,#17349,#17350));
#17352=FACE_OUTER_BOUND('',#17351,.F.);
#17354=CARTESIAN_POINT('',(1.73E2,5.042569508494E1,7.277284929362E1));
#17355=DIRECTION('',(1.E0,0.E0,0.E0));
#17356=DIRECTION('',(0.E0,1.E0,-2.081668171172E-14));
#17357=AXIS2_PLACEMENT_3D('',#17354,#17355,#17356);
#17358=CYLINDRICAL_SURFACE('',#17357,2.E0);
#17359=ORIENTED_EDGE('',*,*,#17271,.F.);
#17361=ORIENTED_EDGE('',*,*,#17360,.T.);
#17363=ORIENTED_EDGE('',*,*,#17362,.F.);
#17364=ORIENTED_EDGE('',*,*,#17346,.T.);
#17365=EDGE_LOOP('',(#17359,#17361,#17363,#17364));
#17366=FACE_OUTER_BOUND('',#17365,.F.);
#17368=CARTESIAN_POINT('',(1.73E2,5.238199028641E1,7.318867267526E1));
#17369=DIRECTION('',(0.E0,-9.781476007338E-1,-2.079116908178E-1));
#17370=DIRECTION('',(0.E0,2.079116908178E-1,-9.781476007338E-1));
#17371=AXIS2_PLACEMENT_3D('',#17368,#17369,#17370);
#17372=PLANE('',#17371);
#17373=ORIENTED_EDGE('',*,*,#17269,.F.);
#17375=ORIENTED_EDGE('',*,*,#17374,.F.);
#17377=ORIENTED_EDGE('',*,*,#17376,.F.);
#17378=ORIENTED_EDGE('',*,*,#17360,.F.);
#17379=EDGE_LOOP('',(#17373,#17375,#17377,#17378));
#17380=FACE_OUTER_BOUND('',#17379,.F.);
#17382=CARTESIAN_POINT('',(1.73E2,5.072223972185E1,6.897284929362E1));
#17383=DIRECTION('',(1.E0,0.E0,0.E0));
#17384=DIRECTION('',(0.E0,1.E0,-1.665334536938E-14));
#17385=AXIS2_PLACEMENT_3D('',#17382,#17383,#17384);
#17386=CYLINDRICAL_SURFACE('',#17385,2.5E0);
#17388=ORIENTED_EDGE('',*,*,#17387,.T.);
#17390=ORIENTED_EDGE('',*,*,#17389,.F.);
#17391=ORIENTED_EDGE('',*,*,#17374,.T.);
#17392=ORIENTED_EDGE('',*,*,#17267,.F.);
#17393=EDGE_LOOP('',(#17388,#17390,#17391,#17392));
#17394=FACE_OUTER_BOUND('',#17393,.F.);
#17396=CARTESIAN_POINT('',(1.73E2,5.072223972185E1,6.897284929362E1));
#17397=DIRECTION('',(1.E0,0.E0,0.E0));
#17398=DIRECTION('',(0.E0,1.E0,-1.665334536938E-14));
#17399=AXIS2_PLACEMENT_3D('',#17396,#17397,#17398);
#17400=CYLINDRICAL_SURFACE('',#17399,2.5E0);
#17402=ORIENTED_EDGE('',*,*,#17401,.F.);
#17403=ORIENTED_EDGE('',*,*,#17387,.F.);
#17404=ORIENTED_EDGE('',*,*,#17265,.F.);
#17406=ORIENTED_EDGE('',*,*,#17405,.T.);
#17407=EDGE_LOOP('',(#17402,#17403,#17404,#17406));
#17408=FACE_OUTER_BOUND('',#17407,.F.);
#17410=CARTESIAN_POINT('',(1.73E2,1.622223972185E1,6.897284929362E1));
#17411=DIRECTION('',(-1.E0,0.E0,0.E0));
#17412=DIRECTION('',(0.E0,-1.E0,1.902583850429E-14));
#17413=AXIS2_PLACEMENT_3D('',#17410,#17411,#17412);
#17414=PLANE('',#17413);
#17415=ORIENTED_EDGE('',*,*,#17305,.T.);
#17416=ORIENTED_EDGE('',*,*,#17303,.T.);
#17417=ORIENTED_EDGE('',*,*,#17320,.T.);
#17418=ORIENTED_EDGE('',*,*,#17334,.T.);
#17419=ORIENTED_EDGE('',*,*,#17348,.F.);
#17420=ORIENTED_EDGE('',*,*,#17362,.T.);
#17421=ORIENTED_EDGE('',*,*,#17376,.T.);
#17422=ORIENTED_EDGE('',*,*,#17389,.T.);
#17423=ORIENTED_EDGE('',*,*,#17401,.T.);
#17425=ORIENTED_EDGE('',*,*,#17424,.F.);
#17426=EDGE_LOOP('',(#17415,#17416,#17417,#17418,#17419,#17420,#17421,#17422,
#17423,#17425));
#17427=FACE_OUTER_BOUND('',#17426,.F.);
#17429=CARTESIAN_POINT('',(1.73E2,5.072223972185E1,6.647284929362E1));
#17430=DIRECTION('',(0.E0,1.888756344461E-14,1.E0));
#17431=DIRECTION('',(0.E0,-1.E0,1.888756344461E-14));
#17432=AXIS2_PLACEMENT_3D('',#17429,#17430,#17431);
#17433=PLANE('',#17432);
#17434=ORIENTED_EDGE('',*,*,#17263,.F.);
#17435=ORIENTED_EDGE('',*,*,#17307,.F.);
#17436=ORIENTED_EDGE('',*,*,#17424,.T.);
#17437=ORIENTED_EDGE('',*,*,#17405,.F.);
#17438=EDGE_LOOP('',(#17434,#17435,#17436,#17437));
#17439=FACE_OUTER_BOUND('',#17438,.F.);
#17441=CLOSED_SHELL('',(#16157,#16172,#16185,#16229,#16252,#16273,#16287,#16300,
#16320,#16333,#16346,#16359,#16371,#16386,#16399,#16419,#16434,#16448,#16468,
#16481,#16493,#16514,#16540,#16556,#16571,#16584,#16600,#16615,#16628,#16644,
#16659,#16672,#16682,#16700,#16716,#16732,#16751,#16768,#16786,#16801,#16815,
#16839,#16850,#16866,#16890,#16902,#16913,#16925,#16936,#16951,#16964,#16974,
#16989,#17003,#17017,#17031,#17045,#17059,#17073,#17086,#17124,#17142,#17156,
#17170,#17184,#17198,#17212,#17226,#17240,#17281,#17293,#17311,#17325,#17339,
#17353,#17367,#17381,#17395,#17409,#17428,#17440));
#17442=ORIENTED_CLOSED_SHELL('',*,#17441,.F.);
#17443=BREP_WITH_VOIDS('',#14266,(#17442));
#17444=FILL_AREA_STYLE_COLOUR('',#69);
#17445=FILL_AREA_STYLE('',(#17444));
#17446=SURFACE_STYLE_FILL_AREA(#17445);
#17447=SURFACE_SIDE_STYLE('',(#17446));
#17448=SURFACE_STYLE_USAGE(.BOTH.,#17447);
#17449=PRESENTATION_STYLE_ASSIGNMENT((#17448));
#119=STYLED_ITEM('',(#17449),#17443);
#17450=CARTESIAN_POINT('',(0.E0,0.E0,0.E0));
#17451=DIRECTION('',(0.E0,0.E0,1.E0));
#17452=DIRECTION('',(1.E0,0.E0,0.E0));
#17453=AXIS2_PLACEMENT_3D('RV120PE',#17450,#17451,#17452);
#17454=CURVE_STYLE('',#124,POSITIVE_LENGTH_MEASURE(2.E-2),#36);
#17455=PRESENTATION_STYLE_ASSIGNMENT((#17454));
#17456=STYLED_ITEM('',(#17455),#17453);
#17457=PRESENTATION_LAYER_ASSIGNMENT('LAYER_5759','',(#119));
#17460=PLANE_ANGLE_MEASURE_WITH_UNIT(PLANE_ANGLE_MEASURE(1.745329251994E-2),
#17459);
#17461=(CONVERSION_BASED_UNIT('DEGREE',#17460)NAMED_UNIT(*)PLANE_ANGLE_UNIT());
#17463=UNCERTAINTY_MEASURE_WITH_UNIT(LENGTH_MEASURE(3.784948190852E-2),#17458,
'distance_accuracy_value',
'Maximum model space distance between geometric entities at asserted connectivities');
#17466=MECHANICAL_DESIGN_GEOMETRIC_PRESENTATION_REPRESENTATION('',(#127,#134,
#141,#149,#157,#165,#173,#181,#189,#197,#205,#213,#220,#228,#236,#243,#251,#259,
#267,#275,#283,#291,#299,#307,#315,#323,#331,#339,#347,#355,#363,#371,#379,#387,
#395,#403,#411,#419,#427,#435,#443,#451,#459,#467,#475,#483,#491,#499,#507,#515,
#523,#531,#539,#547,#555,#563,#571,#579,#587,#595,#603,#611,#619,#627,#635,#643,
#651,#658,#665,#672,#680,#687,#695,#703,#710,#718,#726,#734,#742,#750,#757,#765,
#772,#780,#787,#795,#803,#810,#817,#824,#831,#838,#846,#854,#861,#869,#877,#884,
#892,#900,#907,#915,#923,#930,#938,#945,#953,#960,#968,#976,#984,#992,#999,
#1006,#1013,#1020,#1027,#1034,#1041,#1048,#1055,#1062,#1069,#1076,#1083,#1091,
#1099,#1106,#1114,#1122,#1129,#1136,#1144,#1152,#1160,#1168,#1176,#1183,#1190,
#1197,#1204,#1211,#1218,#1225,#1232,#1239,#1246,#1253,#1260,#1267,#1275,#1283,
#1291,#1299,#1307,#1315,#1323,#1331,#1339,#1346,#1353,#1360,#1367,#1374,#1381,
#1388,#1395,#1402,#1409,#1417,#1424,#1431,#1438,#1446,#1454,#1461,#1469,#1476,
#1483,#1490,#1497,#1504,#1511,#1519,#1527,#1535,#1543,#1550,#1558,#1566,#1574,
#1582,#1590,#1598,#1606,#1614,#1622,#1630,#1638,#1646,#1653,#1660,#1667,#1674,
#1682,#1689,#1697,#1704,#1711,#1718,#1726,#1733,#1741,#1748,#1755,#1763,#1771,
#1779,#1787,#1795,#1803,#1811,#1819,#1827,#1835,#1843,#1851,#1858,#1866,#1874,
#1882,#1890,#1897,#1905,#1913,#1921,#1929,#1936,#1944,#1952,#1960,#1968,#1975,
#1982,#1990,#1998,#2006,#2014,#2021,#2028,#2036,#2044,#2052,#2060,#2068,#2076,
#2084,#2092,#2100,#2108,#2116,#2124,#2132,#2140,#2148,#2156,#2164,#2172,#2179,
#2186,#2193,#2200,#2208,#2216,#2223,#2230,#2237,#2245,#2253,#2260,#2268,#2276,
#2283,#2291,#2299,#2307,#2315,#2323,#2331,#2339,#2347,#2355,#2363,#2371,#2379,
#2386,#2394,#2402,#2409,#2416,#2423,#2430,#2437,#2444,#2451,#2458,#2465,#2472,
#2479,#2486,#2493,#2501,#2508,#2516,#2523,#2531,#2538,#2546,#2553,#2560,#2567,
#2574,#2581,#2589,#2596,#2603,#2610,#2617,#2624,#2631,#2638,#2645,#2652,#2659,
#2666,#2673,#2680,#2687,#2694,#2701,#2708,#2715,#2722,#2729,#2736,#2743,#2750,
#2757,#2764,#2771,#2778,#2786,#2793,#2800,#2807,#2814,#2821,#2829,#2837,#2845,
#2852,#2860,#2867,#2874,#2882,#2890,#2898,#2906,#2913,#2920,#2927,#2934,#2942,
#2950,#2958,#2966,#2973,#2980,#2987,#2994,#3002,#3010,#3018,#3026,#3033,#3040,
#3047,#3054,#3062,#3070,#3078,#3086,#3093,#3100,#3107,#3114,#3122,#3130,#3138,
#3146,#3153,#3160,#3167,#3174,#3182,#3190,#3198,#3206,#3213,#3220,#3227,#3234,
#3241,#3249,#3256,#3264,#3271,#3278,#3285,#3293,#3301,#3309,#3317,#3325,#3332,
#3339,#3346,#3354,#3361,#3369,#3376,#3383,#3391,#3399,#3407,#3415,#3422,#3429,
#3436,#3444,#3451,#3459,#3466,#3473,#3481,#3489,#3497,#3505,#3513,#3520,#3527,
#3534,#3542,#3549,#3557,#3564,#3571,#3579,#3587,#3595,#3603,#3610,#3617,#3624,
#3632,#3639,#3647,#3654,#3661,#3668,#3676,#3683,#3691,#3698,#3705,#3712,#3720,
#3727,#3735,#3743,#3751,#3759,#3767,#3775,#3783,#3791,#3799,#3807,#3815,#3823,
#3831,#3839,#3847,#3855,#3863,#3870,#3877,#3884,#3891,#3898,#3905,#3912,#3919,
#3926,#3933,#3940,#3947,#3954,#3961,#3968,#3975,#3983,#3990,#3998,#4006,#4014,
#4022,#4030,#4038,#4046,#4054,#4062,#4070,#4078,#4086,#4094,#4102,#4110,#4118,
#4126,#4134,#4142,#4150,#4158,#4166,#4174,#4182,#4189,#4196,#4203,#4210,#4217,
#4224,#4231,#4238,#4245,#4253,#4261,#4269,#4277,#4284,#4291,#4298,#4305,#4313,
#4321,#4329,#4337,#4345,#4352,#4360,#4367,#4374,#4381,#4389,#4396,#4403,#4411,
#4418,#4425,#4433,#4441,#4449,#4457,#4464,#4471,#4478,#4485,#4493,#4501,#4509,
#4517,#4525,#4532,#4540,#4547,#4554,#4561,#4568,#4576,#4583,#4590,#4597,#4605,
#4612,#4619,#4626,#4633,#4640,#4647,#4654,#4661,#4668,#4675,#4683,#4691,#4699,
#4707,#4715,#4723,#4730,#4737,#4745,#4753,#4761,#4769,#4777,#4785,#4792,#4799,
#4807,#4815,#4823,#4831,#4839,#4847,#4854,#4861,#4868,#4876,#4884,#4892,#4900,
#4908,#4916,#4923,#4930,#4937,#4945,#4953,#4961,#4969,#4977,#4985,#4992,#4999,
#5006,#5013,#5021,#5029,#5037,#5045,#5053,#5061,#5068,#5075,#5083,#5091,#5099,
#5107,#5115,#5123,#5130,#5137,#5144,#5152,#5160,#5168,#5176,#5184,#5192,#5199,
#5206,#5213,#5221,#5229,#5237,#5245,#5253,#5261,#5268,#5275,#5283,#5291,#5299,
#5307,#5315,#5323,#5330,#5337,#5345,#5353,#5361,#5369,#5377,#5385,#5392,#5399,
#5407,#5415,#5423,#5431,#5439,#5447,#5454,#5461,#5469,#5477,#5485,#5493,#5501,
#5509,#5516,#5523,#5530,#5538,#5546,#5554,#5562,#5570,#5578,#5585,#5592,#5599,
#5607,#5615,#5623,#5631,#5639,#5647,#5654,#5661,#5668,#5676,#5684,#5692,#5700,
#5708,#5716,#5723,#5730,#5737,#5744,#5752,#5760,#5768,#5776,#5784,#5792,#5799,
#5806,#5814,#5822,#5830,#5838,#5846,#5854,#5861,#5868,#5876,#5884,#5892,#5900,
#5908,#5916,#5923,#5930,#5938,#5946,#5954,#5962,#5970,#5978,#5985,#5992,#6000,
#6008,#6016,#6024,#6032,#6040,#6047,#6054,#6062,#6070,#6078,#6086,#6094,#6102,
#6109,#6116,#6124,#6132,#6140,#6148,#6156,#6164,#6171,#6178,#6186,#6194,#6202,
#6210,#6218,#6226,#14274,#14282,#14289,#14296,#14303,#14311,#14319,#14327,
#14335,#14342,#14350,#14357,#14365,#14372,#14380,#14387,#14395,#14402,#14409,
#14416,#14423,#14431,#14438,#14445,#14452,#14459,#14466,#14474,#14482,#14489,
#14496,#14503,#14510,#14518,#14525,#14532,#14539,#14546,#14553,#14560,#14567,
#14574,#14581,#14588,#14595,#14602,#14610,#14618,#14626,#14633,#14640,#14647,
#14655,#14663,#14670,#14677,#14684,#14691,#14699,#14706,#14713,#14730,#14747,
#14754,#14766,#14773,#14783,#14793,#14800,#14812,#14819,#14827,#14835,#14843,
#14851,#14858,#14865,#14873,#14881,#14889,#14897,#14904,#14911,#14919,#14927,
#14935,#14943,#14950,#14957,#14965,#14973,#14980,#14987,#14995,#15003,#15011,
#15019,#15026,#15033,#15041,#15049,#15057,#15065,#15072,#15079,#15092,#15099,
#15109,#15119,#15129,#15139,#15149,#15159,#15166,#15179,#15194,#15209,#15217,
#15225,#15233,#15241,#15249,#15257,#15265,#15273,#15281,#15289,#15296,#15303,
#15310,#15317,#15325,#15333,#15340,#15347,#15354,#15361,#15368,#15375,#15382,
#15389,#15396,#15404,#15411,#15419,#15426,#15434,#15441,#15449,#15457,#15465,
#15472,#15480,#15488,#15495,#15503,#15510,#15518,#15525,#15532,#15539,#15546,
#15553,#15560,#15567,#15574,#15581,#15588,#15595,#15603,#15611,#15618,#15626,
#15634,#15641,#15649,#15657,#15665,#15673,#15680,#15688,#15696,#15703,#15711,
#15718,#15726,#15733,#15740,#15747,#15754,#15761,#15768,#15775,#15782,#15789,
#15796,#15803,#15810,#15818,#15826,#15833,#15841,#15849,#15856,#15864,#15872,
#15879,#119,#17456),#17464);
#17467=APPLICATION_CONTEXT('automotive_design');
#17468=APPLICATION_PROTOCOL_DEFINITION('international standard',
'automotive_design',2001,#17467);
#17469=PRODUCT_DEFINITION_CONTEXT('part definition',#17467,'design');
#17470=PRODUCT_CONTEXT('',#17467,'mechanical');
#17471=PRODUCT('RV120PE','RV120PE','NOT SPECIFIED',(#17470));
#17472=PRODUCT_DEFINITION_FORMATION('1','LAST_VERSION',#17471);
#17480=DERIVED_UNIT_ELEMENT(#17479,2.E0);
#17481=DERIVED_UNIT((#17480));
#17482=MEASURE_REPRESENTATION_ITEM('surface area measure',AREA_MEASURE(
2.755792607833E5),#17481);
#17487=DERIVED_UNIT_ELEMENT(#17486,3.E0);
#17488=DERIVED_UNIT((#17487));
#17489=MEASURE_REPRESENTATION_ITEM('volume measure',VOLUME_MEASURE(
8.295075729371E5),#17488);
#17493=CARTESIAN_POINT('centre point',(3.536560844155E1,3.196337354191E1,
2.651475872451E1));
#17498=DERIVED_UNIT_ELEMENT(#17497,2.E0);
#17499=DERIVED_UNIT((#17498));
#17500=MEASURE_REPRESENTATION_ITEM('surface area measure',AREA_MEASURE(
2.755792607833E5),#17499);
#17505=DERIVED_UNIT_ELEMENT(#17504,3.E0);
#17506=DERIVED_UNIT((#17505));
#17507=MEASURE_REPRESENTATION_ITEM('volume measure',VOLUME_MEASURE(
8.295075729371E5),#17506);
#17511=CARTESIAN_POINT('centre point',(3.536560844155E1,3.196337354191E1,
2.651475872451E1));
#17516=PRODUCT_RELATED_PRODUCT_CATEGORY('part','',(#17471));
#1=COLOUR_RGB('',0.E0,0.E0,5.01961E-1);
#2=COLOUR_RGB('',0.E0,9.4118E-2,9.76471E-1);
#3=DRAUGHTING_PRE_DEFINED_COLOUR('green');
#4=COLOUR_RGB('',1.1E-2,1.2E-2,1.E0);
#5=COLOUR_RGB('',6.2745E-2,3.68627E-1,1.41176E-1);
#6=COLOUR_RGB('',9.4118E-2,1.09804E-1,1.41176E-1);
#7=COLOUR_RGB('',1.80392E-1,2.07843E-1,1.80392E-1);
#8=COLOUR_RGB('',1.80392E-1,6.E-1,5.72549E-1);
#9=COLOUR_RGB('',2.31373E-1,6.94118E-1,2.62745E-1);
#10=COLOUR_RGB('',2.4E-1,2.4E-1,2.4E-1);
#11=COLOUR_RGB('',3.3E-1,5.6E-1,5.8E-1);
#12=COLOUR_RGB('',3.4902E-1,3.4902E-1,3.4902E-1);
#13=COLOUR_RGB('',3.52941E-1,3.4902E-1,3.41176E-1);
#14=COLOUR_RGB('',3.92157E-1,0.E0,3.92157E-1);
#15=COLOUR_RGB('',3.92E-1,1.2E-2,1.2E-2);
#16=COLOUR_RGB('',3.96078E-1,4.03922E-1,3.84314E-1);
#17=COLOUR_RGB('',4.1E-1,0.E0,2.2E-1);
#18=COLOUR_RGB('',4.23529E-1,4.23529E-1,4.23529E-1);
#19=COLOUR_RGB('',4.58824E-1,4.54902E-1,2.90196E-1);
#20=COLOUR_RGB('',4.62745E-1,4.5098E-1,4.31373E-1);
#21=COLOUR_RGB('',4.62745E-1,5.09804E-1,5.01961E-1);
#22=COLOUR_RGB('',4.86275E-1,2.78431E-1,0.E0);
#23=COLOUR_RGB('',5.E-1,7.05882E-1,7.05882E-1);
#24=COLOUR_RGB('',5.01961E-1,5.17647E-1,4.86275E-1);
#25=COLOUR_RGB('',5.05882E-1,4.78431E-1,4.07843E-1);
#26=COLOUR_RGB('',5.05882E-1,4.90196E-1,3.68627E-1);
#27=COLOUR_RGB('',5.17647E-1,6.5098E-1,7.56863E-1);
#28=COLOUR_RGB('',5.2E-1,6.8E-1,6.5E-1);
#29=COLOUR_RGB('',5.23922E-1,6.23922E-1,6.33333E-1);
#30=COLOUR_RGB('',5.33333E-1,6.70588E-1,8.27451E-1);
#31=COLOUR_RGB('',5.56863E-1,5.05882E-1,3.72549E-1);
#32=COLOUR_RGB('',5.64706E-1,9.33333E-1,5.64706E-1);
#33=COLOUR_RGB('',5.76471E-1,4.43137E-1,2.5098E-1);
#34=COLOUR_RGB('',5.80392E-1,5.84314E-1,5.60784E-1);
#35=COLOUR_RGB('',5.84314E-1,5.56863E-1,4.86275E-1);
#36=COLOUR_RGB('',6.E-1,4.E-1,2.E-1);
#37=COLOUR_RGB('',6.E-1,6.6E-1,6.66667E-1);
#38=COLOUR_RGB('',6.E-1,8.E-1,1.E0);
#39=COLOUR_RGB('',6.07843E-1,6.11765E-1,5.92157E-1);
#40=COLOUR_RGB('',6.11765E-1,5.37255E-1,5.01961E-1);
#41=COLOUR_RGB('',6.11765E-1,5.52941E-1,3.05882E-1);
#42=COLOUR_RGB('',6.27451E-1,5.17647E-1,4.23529E-1);
#43=COLOUR_RGB('',6.27451E-1,6.31373E-1,6.11765E-1);
#44=COLOUR_RGB('',6.27451E-1,6.35294E-1,6.27451E-1);
#45=COLOUR_RGB('',6.27451E-1,7.09804E-1,6.27451E-1);
#46=COLOUR_RGB('',6.39216E-1,4.E-1,2.07843E-1);
#47=COLOUR_RGB('',6.39216E-1,6.5098E-1,6.98039E-1);
#48=COLOUR_RGB('',6.54902E-1,6.58824E-1,6.70588E-1);
#49=COLOUR_RGB('',6.66667E-1,4.66667E-1,3.37255E-1);
#50=COLOUR_RGB('',6.66667E-1,6.66667E-1,6.66667E-1);
#51=COLOUR_RGB('',6.66667E-1,6.98039E-1,7.2549E-1);
#52=COLOUR_RGB('',6.78431E-1,5.96078E-1,4.27451E-1);
#53=COLOUR_RGB('',6.78431E-1,6.07843E-1,3.84314E-1);
#54=COLOUR_RGB('',6.78431E-1,7.01961E-1,6.94118E-1);
#55=COLOUR_RGB('',6.86275E-1,7.21569E-1,7.2549E-1);
#56=COLOUR_RGB('',6.98039E-1,0.E0,9.29412E-1);
#57=COLOUR_RGB('',7.E-1,7.E-1,7.E-1);
#58=COLOUR_RGB('',7.01961E-1,6.94118E-1,6.90196E-1);
#59=COLOUR_RGB('',7.05882E-1,6.7451E-1,6.62745E-1);
#60=COLOUR_RGB('',7.05882E-1,6.86275E-1,6.70588E-1);
#61=COLOUR_RGB('',7.09804E-1,7.17647E-1,7.09804E-1);
#62=COLOUR_RGB('',7.17647E-1,6.23529E-1,4.94118E-1);
#63=COLOUR_RGB('',7.2E-1,8.2E-1,8.3E-1);
#64=COLOUR_RGB('',7.29412E-1,7.68627E-1,7.84314E-1);
#65=COLOUR_RGB('',7.33333E-1,6.5098E-1,5.37255E-1);
#66=COLOUR_RGB('',7.33333E-1,6.82353E-1,4.7451E-1);
#67=COLOUR_RGB('',7.45098E-1,6.35294E-1,5.96078E-1);
#68=COLOUR_RGB('',7.45098E-1,7.09804E-1,1.E-1);
#69=COLOUR_RGB('',7.490196078431E-1,7.490196078431E-1,7.490196078431E-1);
#70=COLOUR_RGB('',7.5E-1,7.8E-1,8.15686E-1);
#71=COLOUR_RGB('',7.68627E-1,7.72549E-1,7.88235E-1);
#72=COLOUR_RGB('',7.76471E-1,6.15686E-1,4.11765E-1);
#73=COLOUR_RGB('',7.76471E-1,7.76471E-1,7.76471E-1);
#74=COLOUR_RGB('',7.80392E-1,7.4902E-1,7.05882E-1);
#75=COLOUR_RGB('',7.84314E-1,7.84314E-1,7.84314E-1);
#76=COLOUR_RGB('',7.92157E-1,7.84314E-1,8.03922E-1);
#77=COLOUR_RGB('',7.92157E-1,8.43137E-1,8.78431E-1);
#78=COLOUR_RGB('',8.E-1,5.84314E-1,3.76471E-1);
#79=COLOUR_RGB('',8.E-1,7.52941E-1,6.23529E-1);
#80=COLOUR_RGB('',8.E-1,7.88235E-1,8.47059E-1);
#81=COLOUR_RGB('',8.15686E-1,6.98039E-1,3.37255E-1);
#82=COLOUR_RGB('',8.2E-1,5.8E-1,4.66667E-1);
#83=COLOUR_RGB('',8.27451E-1,0.E0,0.E0);
#84=COLOUR_RGB('',8.27451E-1,8.31373E-1,8.35294E-1);
#85=COLOUR_RGB('',8.47059E-1,5.80392E-1,5.17647E-1);
#86=COLOUR_RGB('',8.5098E-1,7.09804E-1,6.66667E-1);
#87=COLOUR_RGB('',8.54902E-1,7.21569E-1,4.70588E-1);
#88=COLOUR_RGB('',8.54902E-1,7.84314E-1,6.03922E-1);
#89=COLOUR_RGB('',8.54902E-1,8.54902E-1,8.54902E-1);
#90=COLOUR_RGB('',8.70588E-1,7.01961E-1,5.80392E-1);
#91=COLOUR_RGB('',8.8E-1,5.E-1,2.E-1);
#92=COLOUR_RGB('',8.78431E-1,7.33333E-1,3.29412E-1);
#93=COLOUR_RGB('',8.8E-1,8.3E-1,5.09804E-1);
#94=COLOUR_RGB('',8.8E-1,9.1E-1,9.1E-1);
#95=COLOUR_RGB('',8.784E-1,9.49E-1,1.E0);
#96=COLOUR_RGB('',9.1E-1,8.62745E-1,8.3E-1);
#97=COLOUR_RGB('',9.09804E-1,8.94118E-1,8.5098E-1);
#98=COLOUR_RGB('',9.2E-1,5.3E-1,2.5E-1);
#99=COLOUR_RGB('',9.2549E-1,6.35294E-1,2.86275E-1);
#100=COLOUR_RGB('',9.3E-1,9.2E-1,9.3E-1);
#101=COLOUR_RGB('',9.45098E-1,6.58824E-1,4.39216E-1);
#102=COLOUR_RGB('',9.6E-1,9.6E-1,9.6E-1);
#103=COLOUR_RGB('',9.68627E-1,9.68627E-1,5.37255E-1);
#104=COLOUR_RGB('',9.8E-1,6.27E-1,0.E0);
#105=COLOUR_RGB('',9.8E-1,7.3E-1,7.7E-1);
#106=COLOUR_RGB('',9.80392E-1,8.07843E-1,8.7451E-1);
#107=COLOUR_RGB('',9.88235E-1,4.E-1,0.E0);
#108=DRAUGHTING_PRE_DEFINED_COLOUR('red');
#109=COLOUR_RGB('',1.E0,7.5E-1,7.E-2);
#110=COLOUR_RGB('',1.E0,7.52941E-1,7.96078E-1);
#111=COLOUR_RGB('',1.E0,7.96078E-1,2.11765E-1);
#112=COLOUR_RGB('',1.E0,8.E-1,8.3E-1);
#113=COLOUR_RGB('',1.E0,8.15686E-1,2.94118E-1);
#114=COLOUR_RGB('',1.E0,8.43137E-1,0.E0);
#115=COLOUR_RGB('',1.E0,9.4902E-1,0.E0);
#116=DRAUGHTING_PRE_DEFINED_COLOUR('yellow');
#117=COLOUR_RGB('',1.E0,1.E0,9.49E-1);
#118=DRAUGHTING_PRE_DEFINED_COLOUR('white');
#146=CIRCLE('',#145,5.E-1);
#154=CIRCLE('',#153,3.E-1);
#162=CIRCLE('',#161,3.E-1);
#170=CIRCLE('',#169,5.E-1);
#178=CIRCLE('',#177,1.999999999999E-1);
#186=CIRCLE('',#185,2.000000000001E-1);
#194=CIRCLE('',#193,2.5E0);
#202=CIRCLE('',#201,2.5E0);
#210=CIRCLE('',#209,2.5E0);
#225=CIRCLE('',#224,2.E0);
#233=CIRCLE('',#232,2.E0);
#248=CIRCLE('',#247,2.5E0);
#256=CIRCLE('',#255,5.E-1);
#264=CIRCLE('',#263,5.E-1);
#272=CIRCLE('',#271,5.E-1);
#280=CIRCLE('',#279,5.E-1);
#288=CIRCLE('',#287,5.E-1);
#296=CIRCLE('',#295,5.E-1);
#304=CIRCLE('',#303,5.E-1);
#312=CIRCLE('',#311,5.E-1);
#320=CIRCLE('',#319,5.E-1);
#328=CIRCLE('',#327,5.E-1);
#336=CIRCLE('',#335,5.E-1);
#344=CIRCLE('',#343,5.E-1);
#352=CIRCLE('',#351,5.E-1);
#360=CIRCLE('',#359,5.E-1);
#368=CIRCLE('',#367,5.E-1);
#376=CIRCLE('',#375,5.E-1);
#384=CIRCLE('',#383,5.E-1);
#392=CIRCLE('',#391,5.E-1);
#400=CIRCLE('',#399,5.E-1);
#408=CIRCLE('',#407,5.E-1);
#416=CIRCLE('',#415,5.E-1);
#424=CIRCLE('',#423,5.E-1);
#432=CIRCLE('',#431,5.E-1);
#440=CIRCLE('',#439,5.E-1);
#448=CIRCLE('',#447,5.E-1);
#456=CIRCLE('',#455,5.E-1);
#464=CIRCLE('',#463,5.E-1);
#472=CIRCLE('',#471,5.E-1);
#480=CIRCLE('',#479,5.E-1);
#488=CIRCLE('',#487,5.E-1);
#496=CIRCLE('',#495,5.E-1);
#504=CIRCLE('',#503,5.E-1);
#512=CIRCLE('',#511,5.E-1);
#520=CIRCLE('',#519,5.E-1);
#528=CIRCLE('',#527,5.E-1);
#536=CIRCLE('',#535,5.E-1);
#544=CIRCLE('',#543,5.E-1);
#552=CIRCLE('',#551,5.E-1);
#560=CIRCLE('',#559,5.E-1);
#568=CIRCLE('',#567,5.E-1);
#576=CIRCLE('',#575,5.E-1);
#584=CIRCLE('',#583,5.E-1);
#592=CIRCLE('',#591,5.E-1);
#600=CIRCLE('',#599,5.E-1);
#608=CIRCLE('',#607,5.E-1);
#616=CIRCLE('',#615,5.E-1);
#624=CIRCLE('',#623,5.E-1);
#632=CIRCLE('',#631,5.E-1);
#640=CIRCLE('',#639,5.E-1);
#648=CIRCLE('',#647,5.E-1);
#677=CIRCLE('',#676,3.E0);
#692=CIRCLE('',#691,2.5E0);
#700=CIRCLE('',#699,2.5E0);
#715=CIRCLE('',#714,3.E0);
#723=CIRCLE('',#722,3.E0);
#731=CIRCLE('',#730,3.E0);
#739=CIRCLE('',#738,2.5E0);
#747=CIRCLE('',#746,2.5E0);
#762=CIRCLE('',#761,2.E0);
#777=CIRCLE('',#776,2.E0);
#792=CIRCLE('',#791,2.5E0);
#800=CIRCLE('',#799,2.5E0);
#843=CIRCLE('',#842,1.E0);
#851=CIRCLE('',#850,1.E0);
#866=CIRCLE('',#865,1.E0);
#874=CIRCLE('',#873,1.E0);
#889=CIRCLE('',#888,3.E0);
#897=CIRCLE('',#896,3.E0);
#912=CIRCLE('',#911,3.E0);
#920=CIRCLE('',#919,3.E0);
#935=CIRCLE('',#934,2.5E0);
#950=CIRCLE('',#949,2.5E0);
#965=CIRCLE('',#964,1.4E0);
#973=CIRCLE('',#972,1.4E0);
#981=CIRCLE('',#980,1.4E0);
#989=CIRCLE('',#988,1.4E0);
#1088=CIRCLE('',#1087,1.E0);
#1096=CIRCLE('',#1095,1.E0);
#1111=CIRCLE('',#1110,1.E0);
#1119=CIRCLE('',#1118,1.E0);
#1141=CIRCLE('',#1140,6.E0);
#1149=CIRCLE('',#1148,3.E0);
#1157=CIRCLE('',#1156,3.E0);
#1165=CIRCLE('',#1164,6.5E0);
#1173=CIRCLE('',#1172,3.E0);
#1272=CIRCLE('',#1271,6.E0);
#1280=CIRCLE('',#1279,3.E0);
#1288=CIRCLE('',#1287,3.E0);
#1296=CIRCLE('',#1295,3.E0);
#1304=CIRCLE('',#1303,3.E0);
#1312=CIRCLE('',#1311,3.E0);
#1320=CIRCLE('',#1319,3.E0);
#1328=CIRCLE('',#1327,3.E0);
#1336=CIRCLE('',#1335,3.E0);
#1414=CIRCLE('',#1413,1.1E2);
#1443=CIRCLE('',#1442,6.3E1);
#1451=CIRCLE('',#1450,6.3E1);
#1466=CIRCLE('',#1465,1.1E2);
#1516=CIRCLE('',#1515,6.3E1);
#1524=CIRCLE('',#1523,6.3E1);
#1532=CIRCLE('',#1531,4.875E1);
#1540=CIRCLE('',#1539,4.875E1);
#1555=CIRCLE('',#1554,4.875E1);
#1563=CIRCLE('',#1562,4.875E1);
#1571=CIRCLE('',#1570,1.65E0);
#1579=CIRCLE('',#1578,1.65E0);
#1587=CIRCLE('',#1586,1.65E0);
#1595=CIRCLE('',#1594,1.65E0);
#1603=CIRCLE('',#1602,3.9E1);
#1611=CIRCLE('',#1610,3.9E1);
#1619=CIRCLE('',#1618,1.65E0);
#1627=CIRCLE('',#1626,1.65E0);
#1635=CIRCLE('',#1634,1.65E0);
#1643=CIRCLE('',#1642,1.65E0);
#1679=CIRCLE('',#1678,1.65E0);
#1694=CIRCLE('',#1693,1.65E0);
#1723=CIRCLE('',#1722,1.65E0);
#1738=CIRCLE('',#1737,1.65E0);
#1760=CIRCLE('',#1759,4.95E1);
#1768=CIRCLE('',#1767,4.95E1);
#1776=CIRCLE('',#1775,2.25E0);
#1784=CIRCLE('',#1783,2.25E0);
#1792=CIRCLE('',#1791,2.25E0);
#1800=CIRCLE('',#1799,2.25E0);
#1808=CIRCLE('',#1807,2.25E0);
#1816=CIRCLE('',#1815,2.25E0);
#1824=CIRCLE('',#1823,2.25E0);
#1832=CIRCLE('',#1831,2.25E0);
#1840=CIRCLE('',#1839,3.9E1);
#1848=CIRCLE('',#1847,3.9E1);
#1863=CIRCLE('',#1862,5.E-1);
#1871=CIRCLE('',#1870,4.95E1);
#1879=CIRCLE('',#1878,4.95E1);
#1887=CIRCLE('',#1886,5.E-1);
#1902=CIRCLE('',#1901,5.675309492522E1);
#1910=CIRCLE('',#1909,5.675309492522E1);
#1918=CIRCLE('',#1917,5.E1);
#1926=CIRCLE('',#1925,5.E1);
#1941=CIRCLE('',#1940,5.675309492522E1);
#1949=CIRCLE('',#1948,5.675309492522E1);
#1957=CIRCLE('',#1956,5.514749014326E1);
#1965=CIRCLE('',#1964,5.514749014326E1);
#1987=CIRCLE('',#1986,5.775E1);
#1995=CIRCLE('',#1994,5.775E1);
#2003=CIRCLE('',#2002,5.514749014326E1);
#2011=CIRCLE('',#2010,5.514749014326E1);
#2033=CIRCLE('',#2032,7.75E1);
#2041=CIRCLE('',#2040,7.75E1);
#2049=CIRCLE('',#2048,2.1E0);
#2057=CIRCLE('',#2056,2.1E0);
#2065=CIRCLE('',#2064,4.7E0);
#2073=CIRCLE('',#2072,4.7E0);
#2081=CIRCLE('',#2080,4.7E0);
#2089=CIRCLE('',#2088,4.7E0);
#2097=CIRCLE('',#2096,4.7E0);
#2105=CIRCLE('',#2104,4.7E0);
#2113=CIRCLE('',#2112,4.7E0);
#2121=CIRCLE('',#2120,4.7E0);
#2129=CIRCLE('',#2128,4.7E0);
#2137=CIRCLE('',#2136,4.7E0);
#2145=CIRCLE('',#2144,4.7E0);
#2153=CIRCLE('',#2152,4.7E0);
#2161=CIRCLE('',#2160,5.775E1);
#2169=CIRCLE('',#2168,5.775E1);
#2205=CIRCLE('',#2204,7.75E1);
#2213=CIRCLE('',#2212,7.75E1);
#2242=CIRCLE('',#2241,7.75E1);
#2250=CIRCLE('',#2249,7.75E1);
#2265=CIRCLE('',#2264,6.3E1);
#2273=CIRCLE('',#2272,6.3E1);
#2288=CIRCLE('',#2287,2.75E0);
#2296=CIRCLE('',#2295,2.75E0);
#2304=CIRCLE('',#2303,2.75E0);
#2312=CIRCLE('',#2311,2.75E0);
#2320=CIRCLE('',#2319,2.75E0);
#2328=CIRCLE('',#2327,2.75E0);
#2336=CIRCLE('',#2335,2.75E0);
#2344=CIRCLE('',#2343,2.75E0);
#2352=CIRCLE('',#2351,2.75E0);
#2360=CIRCLE('',#2359,2.75E0);
#2368=CIRCLE('',#2367,2.75E0);
#2376=CIRCLE('',#2375,2.75E0);
#2391=CIRCLE('',#2390,1.1E1);
#2399=CIRCLE('',#2398,1.1E1);
#2498=CIRCLE('',#2497,3.E0);
#2513=CIRCLE('',#2512,6.5E0);
#2528=CIRCLE('',#2527,3.E0);
#2543=CIRCLE('',#2542,3.E0);
#2586=CIRCLE('',#2585,6.E0);
#2783=B_SPLINE_CURVE_WITH_KNOTS('',3,(#2779,#2780,#2781,#2782),.UNSPECIFIED.,
.F.,.F.,(4,4),(0.E0,1.E0),.UNSPECIFIED.);
#2826=CIRCLE('',#2825,1.1E1);
#2834=CIRCLE('',#2833,1.E1);
#2842=CIRCLE('',#2841,1.E1);
#2857=CIRCLE('',#2856,1.1E1);
#2879=CIRCLE('',#2878,4.7E0);
#2887=CIRCLE('',#2886,4.7E0);
#2895=CIRCLE('',#2894,2.75E0);
#2903=CIRCLE('',#2902,2.75E0);
#2939=CIRCLE('',#2938,4.7E0);
#2947=CIRCLE('',#2946,4.7E0);
#2955=CIRCLE('',#2954,2.75E0);
#2963=CIRCLE('',#2962,2.75E0);
#2999=CIRCLE('',#2998,4.7E0);
#3007=CIRCLE('',#3006,4.7E0);
#3015=CIRCLE('',#3014,2.75E0);
#3023=CIRCLE('',#3022,2.75E0);
#3059=CIRCLE('',#3058,4.7E0);
#3067=CIRCLE('',#3066,4.7E0);
#3075=CIRCLE('',#3074,2.75E0);
#3083=CIRCLE('',#3082,2.75E0);
#3119=CIRCLE('',#3118,4.7E0);
#3127=CIRCLE('',#3126,4.7E0);
#3135=CIRCLE('',#3134,2.75E0);
#3143=CIRCLE('',#3142,2.75E0);
#3179=CIRCLE('',#3178,4.7E0);
#3187=CIRCLE('',#3186,4.7E0);
#3195=CIRCLE('',#3194,2.75E0);
#3203=CIRCLE('',#3202,2.75E0);
#3246=CIRCLE('',#3245,2.1E0);
#3261=CIRCLE('',#3260,2.1E0);
#3290=CIRCLE('',#3289,2.25E0);
#3298=CIRCLE('',#3297,2.25E0);
#3306=CIRCLE('',#3305,2.25E0);
#3314=CIRCLE('',#3313,1.65E0);
#3322=CIRCLE('',#3321,1.65E0);
#3351=CIRCLE('',#3350,1.65E0);
#3366=CIRCLE('',#3365,1.65E0);
#3388=CIRCLE('',#3387,2.25E0);
#3396=CIRCLE('',#3395,2.25E0);
#3404=CIRCLE('',#3403,1.65E0);
#3412=CIRCLE('',#3411,1.65E0);
#3441=CIRCLE('',#3440,1.65E0);
#3456=CIRCLE('',#3455,1.65E0);
#3478=CIRCLE('',#3477,2.25E0);
#3486=CIRCLE('',#3485,2.25E0);
#3494=CIRCLE('',#3493,2.25E0);
#3502=CIRCLE('',#3501,1.65E0);
#3510=CIRCLE('',#3509,1.65E0);
#3539=CIRCLE('',#3538,1.65E0);
#3554=CIRCLE('',#3553,1.65E0);
#3576=CIRCLE('',#3575,2.25E0);
#3584=CIRCLE('',#3583,2.25E0);
#3592=CIRCLE('',#3591,1.65E0);
#3600=CIRCLE('',#3599,1.65E0);
#3629=CIRCLE('',#3628,1.65E0);
#3644=CIRCLE('',#3643,1.65E0);
#3673=CIRCLE('',#3672,1.65E0);
#3688=CIRCLE('',#3687,1.65E0);
#3717=CIRCLE('',#3716,1.65E0);
#3732=CIRCLE('',#3731,1.65E0);
#3740=CIRCLE('',#3739,1.5E0);
#3748=CIRCLE('',#3747,1.5E0);
#3756=CIRCLE('',#3755,1.5E0);
#3764=CIRCLE('',#3763,1.5E0);
#3772=CIRCLE('',#3771,1.5E0);
#3780=CIRCLE('',#3779,1.5E0);
#3788=CIRCLE('',#3787,1.5E0);
#3796=CIRCLE('',#3795,1.5E0);
#3804=CIRCLE('',#3803,1.5E0);
#3812=CIRCLE('',#3811,1.5E0);
#3820=CIRCLE('',#3819,1.5E0);
#3828=CIRCLE('',#3827,1.5E0);
#3836=CIRCLE('',#3835,1.5E0);
#3844=CIRCLE('',#3843,1.5E0);
#3852=CIRCLE('',#3851,1.5E0);
#3860=CIRCLE('',#3859,1.5E0);
#3980=CIRCLE('',#3979,6.E0);
#3995=CIRCLE('',#3994,3.E0);
#4003=CIRCLE('',#4002,3.E0);
#4011=CIRCLE('',#4010,3.E0);
#4019=CIRCLE('',#4018,3.E0);
#4027=CIRCLE('',#4026,3.E0);
#4035=CIRCLE('',#4034,3.E0);
#4043=CIRCLE('',#4042,3.E0);
#4051=CIRCLE('',#4050,3.E0);
#4059=CIRCLE('',#4058,1.5E0);
#4067=CIRCLE('',#4066,1.5E0);
#4075=CIRCLE('',#4074,1.5E0);
#4083=CIRCLE('',#4082,1.5E0);
#4091=CIRCLE('',#4090,1.5E0);
#4099=CIRCLE('',#4098,1.5E0);
#4107=CIRCLE('',#4106,1.5E0);
#4115=CIRCLE('',#4114,1.5E0);
#4123=CIRCLE('',#4122,1.5E0);
#4131=CIRCLE('',#4130,1.5E0);
#4139=CIRCLE('',#4138,1.5E0);
#4147=CIRCLE('',#4146,1.5E0);
#4155=CIRCLE('',#4154,1.5E0);
#4163=CIRCLE('',#4162,1.5E0);
#4171=CIRCLE('',#4170,1.5E0);
#4179=CIRCLE('',#4178,1.5E0);
#4250=CIRCLE('',#4249,2.25E0);
#4258=CIRCLE('',#4257,2.25E0);
#4266=CIRCLE('',#4265,1.4E0);
#4274=CIRCLE('',#4273,1.4E0);
#4310=CIRCLE('',#4309,2.25E0);
#4318=CIRCLE('',#4317,2.05E0);
#4326=CIRCLE('',#4325,2.05E0);
#4334=CIRCLE('',#4333,1.130299021E0);
#4342=CIRCLE('',#4341,1.130299021E0);
#4357=CIRCLE('',#4356,2.25E0);
#4386=CIRCLE('',#4385,1.130299021E0);
#4408=CIRCLE('',#4407,1.130299021E0);
#4430=CIRCLE('',#4429,2.25E0);
#4438=CIRCLE('',#4437,2.25E0);
#4446=CIRCLE('',#4445,1.4E0);
#4454=CIRCLE('',#4453,1.4E0);
#4490=CIRCLE('',#4489,2.25E0);
#4498=CIRCLE('',#4497,2.05E0);
#4506=CIRCLE('',#4505,2.05E0);
#4514=CIRCLE('',#4513,1.130299021E0);
#4522=CIRCLE('',#4521,1.130299021E0);
#4537=CIRCLE('',#4536,2.25E0);
#4573=CIRCLE('',#4572,1.130299021E0);
#4602=CIRCLE('',#4601,1.130299021E0);
#4680=CIRCLE('',#4679,5.E-1);
#4688=CIRCLE('',#4687,3.E-1);
#4696=CIRCLE('',#4695,3.E-1);
#4704=CIRCLE('',#4703,5.E-1);
#4712=CIRCLE('',#4711,2.E-1);
#4720=CIRCLE('',#4719,2.E-1);
#4742=CIRCLE('',#4741,5.E-1);
#4750=CIRCLE('',#4749,3.E-1);
#4758=CIRCLE('',#4757,3.E-1);
#4766=CIRCLE('',#4765,5.E-1);
#4774=CIRCLE('',#4773,2.E-1);
#4782=CIRCLE('',#4781,2.E-1);
#4804=CIRCLE('',#4803,5.E-1);
#4812=CIRCLE('',#4811,3.E-1);
#4820=CIRCLE('',#4819,3.E-1);
#4828=CIRCLE('',#4827,5.E-1);
#4836=CIRCLE('',#4835,2.E-1);
#4844=CIRCLE('',#4843,2.E-1);
#4873=CIRCLE('',#4872,5.E-1);
#4881=CIRCLE('',#4880,3.E-1);
#4889=CIRCLE('',#4888,3.E-1);
#4897=CIRCLE('',#4896,5.E-1);
#4905=CIRCLE('',#4904,2.000000000001E-1);
#4913=CIRCLE('',#4912,1.999999999999E-1);
#4942=CIRCLE('',#4941,5.E-1);
#4950=CIRCLE('',#4949,3.E-1);
#4958=CIRCLE('',#4957,3.E-1);
#4966=CIRCLE('',#4965,5.E-1);
#4974=CIRCLE('',#4973,2.000000000001E-1);
#4982=CIRCLE('',#4981,1.999999999999E-1);
#5018=CIRCLE('',#5017,5.E-1);
#5026=CIRCLE('',#5025,3.E-1);
#5034=CIRCLE('',#5033,3.E-1);
#5042=CIRCLE('',#5041,5.E-1);
#5050=CIRCLE('',#5049,2.E-1);
#5058=CIRCLE('',#5057,2.E-1);
#5080=CIRCLE('',#5079,5.E-1);
#5088=CIRCLE('',#5087,3.E-1);
#5096=CIRCLE('',#5095,3.E-1);
#5104=CIRCLE('',#5103,5.E-1);
#5112=CIRCLE('',#5111,2.000000000001E-1);
#5120=CIRCLE('',#5119,1.999999999999E-1);
#5149=CIRCLE('',#5148,5.E-1);
#5157=CIRCLE('',#5156,3.E-1);
#5165=CIRCLE('',#5164,3.E-1);
#5173=CIRCLE('',#5172,5.E-1);
#5181=CIRCLE('',#5180,2.E-1);
#5189=CIRCLE('',#5188,2.E-1);
#5218=CIRCLE('',#5217,5.E-1);
#5226=CIRCLE('',#5225,3.E-1);
#5234=CIRCLE('',#5233,3.E-1);
#5242=CIRCLE('',#5241,5.E-1);
#5250=CIRCLE('',#5249,2.E-1);
#5258=CIRCLE('',#5257,2.E-1);
#5280=CIRCLE('',#5279,5.E-1);
#5288=CIRCLE('',#5287,3.E-1);
#5296=CIRCLE('',#5295,3.E-1);
#5304=CIRCLE('',#5303,5.E-1);
#5312=CIRCLE('',#5311,2.E-1);
#5320=CIRCLE('',#5319,2.E-1);
#5342=CIRCLE('',#5341,5.E-1);
#5350=CIRCLE('',#5349,3.E-1);
#5358=CIRCLE('',#5357,3.E-1);
#5366=CIRCLE('',#5365,5.E-1);
#5374=CIRCLE('',#5373,2.E-1);
#5382=CIRCLE('',#5381,2.E-1);
#5404=CIRCLE('',#5403,5.E-1);
#5412=CIRCLE('',#5411,3.E-1);
#5420=CIRCLE('',#5419,3.E-1);
#5428=CIRCLE('',#5427,5.E-1);
#5436=CIRCLE('',#5435,2.E-1);
#5444=CIRCLE('',#5443,2.E-1);
#5466=CIRCLE('',#5465,5.E-1);
#5474=CIRCLE('',#5473,3.E-1);
#5482=CIRCLE('',#5481,3.E-1);
#5490=CIRCLE('',#5489,5.E-1);
#5498=CIRCLE('',#5497,2.E-1);
#5506=CIRCLE('',#5505,2.E-1);
#5535=CIRCLE('',#5534,5.E-1);
#5543=CIRCLE('',#5542,3.E-1);
#5551=CIRCLE('',#5550,3.E-1);
#5559=CIRCLE('',#5558,5.E-1);
#5567=CIRCLE('',#5566,2.E-1);
#5575=CIRCLE('',#5574,2.E-1);
#5604=CIRCLE('',#5603,5.E-1);
#5612=CIRCLE('',#5611,3.E-1);
#5620=CIRCLE('',#5619,3.E-1);
#5628=CIRCLE('',#5627,5.E-1);
#5636=CIRCLE('',#5635,2.E-1);
#5644=CIRCLE('',#5643,2.E-1);
#5673=CIRCLE('',#5672,5.E-1);
#5681=CIRCLE('',#5680,3.E-1);
#5689=CIRCLE('',#5688,3.E-1);
#5697=CIRCLE('',#5696,5.E-1);
#5705=CIRCLE('',#5704,1.999999999999E-1);
#5713=CIRCLE('',#5712,2.000000000001E-1);
#5749=CIRCLE('',#5748,5.E-1);
#5757=CIRCLE('',#5756,3.E-1);
#5765=CIRCLE('',#5764,3.E-1);
#5773=CIRCLE('',#5772,5.E-1);
#5781=CIRCLE('',#5780,2.E-1);
#5789=CIRCLE('',#5788,2.E-1);
#5811=CIRCLE('',#5810,5.E-1);
#5819=CIRCLE('',#5818,3.E-1);
#5827=CIRCLE('',#5826,3.E-1);
#5835=CIRCLE('',#5834,5.E-1);
#5843=CIRCLE('',#5842,2.E-1);
#5851=CIRCLE('',#5850,2.E-1);
#5873=CIRCLE('',#5872,5.E-1);
#5881=CIRCLE('',#5880,3.E-1);
#5889=CIRCLE('',#5888,3.E-1);
#5897=CIRCLE('',#5896,5.E-1);
#5905=CIRCLE('',#5904,2.E-1);
#5913=CIRCLE('',#5912,2.E-1);
#5935=CIRCLE('',#5934,5.E-1);
#5943=CIRCLE('',#5942,3.E-1);
#5951=CIRCLE('',#5950,3.E-1);
#5959=CIRCLE('',#5958,5.E-1);
#5967=CIRCLE('',#5966,2.E-1);
#5975=CIRCLE('',#5974,2.E-1);
#5997=CIRCLE('',#5996,5.E-1);
#6005=CIRCLE('',#6004,3.E-1);
#6013=CIRCLE('',#6012,3.E-1);
#6021=CIRCLE('',#6020,5.E-1);
#6029=CIRCLE('',#6028,2.000000000001E-1);
#6037=CIRCLE('',#6036,1.999999999999E-1);
#6059=CIRCLE('',#6058,5.E-1);
#6067=CIRCLE('',#6066,3.E-1);
#6075=CIRCLE('',#6074,3.E-1);
#6083=CIRCLE('',#6082,5.E-1);
#6091=CIRCLE('',#6090,2.000000000001E-1);
#6099=CIRCLE('',#6098,1.999999999999E-1);
#6121=CIRCLE('',#6120,5.E-1);
#6129=CIRCLE('',#6128,3.E-1);
#6137=CIRCLE('',#6136,3.E-1);
#6145=CIRCLE('',#6144,5.E-1);
#6153=CIRCLE('',#6152,2.E-1);
#6161=CIRCLE('',#6160,2.E-1);
#6183=CIRCLE('',#6182,5.E-1);
#6191=CIRCLE('',#6190,3.E-1);
#6199=CIRCLE('',#6198,3.E-1);
#6207=CIRCLE('',#6206,5.E-1);
#6215=CIRCLE('',#6214,2.E-1);
#6223=CIRCLE('',#6222,2.E-1);
#7270=EDGE_CURVE('',#6409,#6992,#123,.T.);
#7272=EDGE_CURVE('',#6409,#6410,#256,.T.);
#7274=EDGE_CURVE('',#6410,#6517,#138,.T.);
#7276=EDGE_CURVE('',#6517,#6518,#170,.T.);
#7278=EDGE_CURVE('',#6992,#6518,#131,.T.);
#7282=ADVANCED_FACE('',(#7281),#7269,.T.);
#7288=EDGE_CURVE('',#6518,#6517,#146,.T.);
#7291=EDGE_CURVE('',#6410,#6409,#264,.T.);
#7297=ADVANCED_FACE('',(#7296),#7287,.T.);
#7328=EDGE_CURVE('',#7064,#6518,#154,.T.);
#7330=EDGE_CURVE('',#7064,#7062,#178,.T.);
#7332=EDGE_CURVE('',#7062,#6517,#162,.T.);
#7336=ADVANCED_FACE('',(#7335),#7326,.T.);
#7367=EDGE_CURVE('',#7062,#7064,#186,.T.);
#7373=ADVANCED_FACE('',(#7372),#7365,.T.);
#7383=ADVANCED_FACE('',(#7382),#7378,.T.);
#7389=EDGE_CURVE('',#6381,#6382,#194,.T.);
#7391=EDGE_CURVE('',#6381,#6384,#4658,.T.);
#7393=EDGE_CURVE('',#6388,#6384,#202,.T.);
#7395=EDGE_CURVE('',#6387,#6388,#210,.T.);
#7397=EDGE_CURVE('',#6390,#6387,#217,.T.);
#7399=EDGE_CURVE('',#6392,#6390,#225,.T.);
#7401=EDGE_CURVE('',#6392,#6394,#4623,.T.);
#7403=EDGE_CURVE('',#6396,#6394,#233,.T.);
#7405=EDGE_CURVE('',#6398,#6396,#240,.T.);
#7407=EDGE_CURVE('',#6382,#6398,#248,.T.);
#7415=EDGE_CURVE('',#6413,#6414,#272,.T.);
#7417=EDGE_CURVE('',#6414,#6413,#280,.T.);
#7421=EDGE_CURVE('',#6417,#6418,#288,.T.);
#7423=EDGE_CURVE('',#6418,#6417,#296,.T.);
#7427=EDGE_CURVE('',#6421,#6422,#304,.T.);
#7429=EDGE_CURVE('',#6422,#6421,#312,.T.);
#7433=EDGE_CURVE('',#6425,#6426,#320,.T.);
#7435=EDGE_CURVE('',#6426,#6425,#328,.T.);
#7439=EDGE_CURVE('',#6429,#6430,#336,.T.);
#7441=EDGE_CURVE('',#6430,#6429,#344,.T.);
#7445=EDGE_CURVE('',#6433,#6434,#352,.T.);
#7447=EDGE_CURVE('',#6434,#6433,#360,.T.);
#7451=EDGE_CURVE('',#6437,#6438,#368,.T.);
#7453=EDGE_CURVE('',#6438,#6437,#376,.T.);
#7457=EDGE_CURVE('',#6441,#6442,#384,.T.);
#7459=EDGE_CURVE('',#6442,#6441,#392,.T.);
#7463=EDGE_CURVE('',#6445,#6446,#400,.T.);
#7465=EDGE_CURVE('',#6446,#6445,#408,.T.);
#7469=EDGE_CURVE('',#6449,#6450,#416,.T.);
#7471=EDGE_CURVE('',#6450,#6449,#424,.T.);
#7475=EDGE_CURVE('',#6453,#6454,#432,.T.);
#7477=EDGE_CURVE('',#6454,#6453,#440,.T.);
#7481=EDGE_CURVE('',#6457,#6458,#448,.T.);
#7483=EDGE_CURVE('',#6458,#6457,#456,.T.);
#7487=EDGE_CURVE('',#6461,#6462,#464,.T.);
#7489=EDGE_CURVE('',#6462,#6461,#472,.T.);
#7493=EDGE_CURVE('',#6465,#6466,#480,.T.);
#7495=EDGE_CURVE('',#6466,#6465,#488,.T.);
#7499=EDGE_CURVE('',#6469,#6470,#496,.T.);
#7501=EDGE_CURVE('',#6470,#6469,#504,.T.);
#7505=EDGE_CURVE('',#6473,#6474,#512,.T.);
#7507=EDGE_CURVE('',#6474,#6473,#520,.T.);
#7511=EDGE_CURVE('',#6477,#6478,#528,.T.);
#7513=EDGE_CURVE('',#6478,#6477,#536,.T.);
#7517=EDGE_CURVE('',#6481,#6482,#544,.T.);
#7519=EDGE_CURVE('',#6482,#6481,#552,.T.);
#7523=EDGE_CURVE('',#6485,#6486,#560,.T.);
#7525=EDGE_CURVE('',#6486,#6485,#568,.T.);
#7529=EDGE_CURVE('',#6489,#6490,#576,.T.);
#7531=EDGE_CURVE('',#6490,#6489,#584,.T.);
#7535=EDGE_CURVE('',#6493,#6494,#592,.T.);
#7537=EDGE_CURVE('',#6494,#6493,#600,.T.);
#7541=EDGE_CURVE('',#6497,#6498,#608,.T.);
#7543=EDGE_CURVE('',#6498,#6497,#616,.T.);
#7547=EDGE_CURVE('',#6501,#6502,#624,.T.);
#7549=EDGE_CURVE('',#6502,#6501,#632,.T.);
#7553=EDGE_CURVE('',#6505,#6506,#640,.T.);
#7555=EDGE_CURVE('',#6506,#6505,#648,.T.);
#7559=ADVANCED_FACE('',(#7410,#7414,#7420,#7426,#7432,#7438,#7444,#7450,#7456,
#7462,#7468,#7474,#7480,#7486,#7492,#7498,#7504,#7510,#7516,#7522,#7528,#7534,
#7540,#7546,#7552,#7558),#7388,.T.);
#7565=EDGE_CURVE('',#6353,#6382,#655,.T.);
#7567=EDGE_CURVE('',#6353,#6354,#739,.T.);
#7569=EDGE_CURVE('',#6381,#6354,#662,.T.);
#7574=ADVANCED_FACE('',(#7573),#7564,.F.);
#7581=EDGE_CURVE('',#6370,#6398,#669,.T.);
#7583=EDGE_CURVE('',#6370,#6353,#747,.T.);
#7588=ADVANCED_FACE('',(#7587),#7579,.F.);
#7594=EDGE_CURVE('',#6368,#6370,#754,.T.);
#7598=EDGE_CURVE('',#6396,#6368,#4609,.T.);
#7602=ADVANCED_FACE('',(#7601),#7593,.F.);
#7608=EDGE_CURVE('',#6325,#6326,#677,.T.);
#7610=EDGE_CURVE('',#6328,#6325,#684,.T.);
#7612=EDGE_CURVE('',#6330,#6328,#692,.T.);
#7614=EDGE_CURVE('',#6330,#6332,#4214,.T.);
#7616=EDGE_CURVE('',#6334,#6332,#700,.T.);
#7618=EDGE_CURVE('',#6336,#6334,#707,.T.);
#7620=EDGE_CURVE('',#6338,#6336,#715,.T.);
#7622=EDGE_CURVE('',#6340,#6338,#723,.T.);
#7624=EDGE_CURVE('',#6340,#6342,#835,.T.);
#7626=EDGE_CURVE('',#6326,#6342,#731,.T.);
#7633=EDGE_CURVE('',#6366,#6368,#762,.T.);
#7635=EDGE_CURVE('',#6364,#6366,#769,.T.);
#7637=EDGE_CURVE('',#6362,#6364,#777,.T.);
#7639=EDGE_CURVE('',#6360,#6362,#784,.T.);
#7641=EDGE_CURVE('',#6359,#6360,#792,.T.);
#7643=EDGE_CURVE('',#6356,#6359,#800,.T.);
#7645=EDGE_CURVE('',#6354,#6356,#807,.T.);
#7649=ADVANCED_FACE('',(#7629,#7648),#7607,.T.);
#7655=EDGE_CURVE('',#6326,#6285,#814,.T.);
#7657=EDGE_CURVE('',#6285,#6286,#889,.T.);
#7659=EDGE_CURVE('',#6325,#6286,#821,.T.);
#7664=ADVANCED_FACE('',(#7663),#7654,.T.);
#7671=EDGE_CURVE('',#6302,#6342,#828,.T.);
#7673=EDGE_CURVE('',#6302,#6285,#897,.T.);
#7678=ADVANCED_FACE('',(#7677),#7669,.T.);
#7684=EDGE_CURVE('',#6300,#6302,#904,.T.);
#7688=EDGE_CURVE('',#6340,#6300,#4186,.T.);
#7692=ADVANCED_FACE('',(#7691),#7683,.F.);
#7698=EDGE_CURVE('',#6272,#6265,#843,.T.);
#7700=EDGE_CURVE('',#6272,#6282,#1073,.T.);
#7702=EDGE_CURVE('',#6280,#6282,#851,.T.);
#7704=EDGE_CURVE('',#6278,#6280,#858,.T.);
#7706=EDGE_CURVE('',#6276,#6278,#866,.T.);
#7708=EDGE_CURVE('',#6276,#6274,#1031,.T.);
#7710=EDGE_CURVE('',#6266,#6274,#874,.T.);
#7712=EDGE_CURVE('',#6265,#6266,#881,.T.);
#7719=EDGE_CURVE('',#6298,#6300,#912,.T.);
#7721=EDGE_CURVE('',#6296,#6298,#920,.T.);
#7723=EDGE_CURVE('',#6294,#6296,#927,.T.);
#7725=EDGE_CURVE('',#6292,#6294,#935,.T.);
#7727=EDGE_CURVE('',#6290,#6292,#942,.T.);
#7729=EDGE_CURVE('',#6288,#6290,#950,.T.);
#7731=EDGE_CURVE('',#6286,#6288,#957,.T.);
#7735=EDGE_CURVE('',#6305,#6306,#965,.T.);
#7737=EDGE_CURVE('',#6306,#6305,#973,.T.);
#7741=EDGE_CURVE('',#6309,#6310,#981,.T.);
#7743=EDGE_CURVE('',#6310,#6309,#989,.T.);
#7747=ADVANCED_FACE('',(#7715,#7734,#7740,#7746),#7697,.T.);
#7754=EDGE_CURVE('',#6268,#6265,#996,.T.);
#7756=EDGE_CURVE('',#6268,#6312,#1088,.T.);
#7758=EDGE_CURVE('',#6272,#6312,#1003,.T.);
#7762=ADVANCED_FACE('',(#7761),#7752,.T.);
#7769=EDGE_CURVE('',#6266,#6270,#1024,.T.);
#7771=EDGE_CURVE('',#6268,#6270,#1010,.T.);
#7776=ADVANCED_FACE('',(#7775),#7767,.F.);
#7783=EDGE_CURVE('',#6314,#6274,#1017,.T.);
#7785=EDGE_CURVE('',#6314,#6270,#1096,.T.);
#7790=ADVANCED_FACE('',(#7789),#7781,.T.);
#7797=EDGE_CURVE('',#6276,#6316,#1045,.T.);
#7799=EDGE_CURVE('',#6316,#6314,#1103,.T.);
#7804=ADVANCED_FACE('',(#7803),#7795,.T.);
#7811=EDGE_CURVE('',#6318,#6278,#1038,.T.);
#7813=EDGE_CURVE('',#6318,#6316,#1111,.T.);
#7818=ADVANCED_FACE('',(#7817),#7809,.T.);
#7825=EDGE_CURVE('',#6280,#6320,#1066,.T.);
#7827=EDGE_CURVE('',#6318,#6320,#1052,.T.);
#7832=ADVANCED_FACE('',(#7831),#7823,.F.);
#7839=EDGE_CURVE('',#6322,#6282,#1059,.T.);
#7841=EDGE_CURVE('',#6322,#6320,#1119,.T.);
#7846=ADVANCED_FACE('',(#7845),#7837,.T.);
#7854=EDGE_CURVE('',#6312,#6322,#1126,.T.);
#7859=ADVANCED_FACE('',(#7858),#7851,.T.);
#7865=EDGE_CURVE('',#6895,#6896,#1080,.T.);
#7867=EDGE_CURVE('',#6895,#6900,#2649,.T.);
#7869=EDGE_CURVE('',#6900,#6898,#2505,.T.);
#7871=EDGE_CURVE('',#6898,#6896,#2635,.T.);
#7885=ADVANCED_FACE('',(#7874,#7884),#7864,.F.);
#7891=EDGE_CURVE('',#6903,#6904,#1194,.T.);
#7893=EDGE_CURVE('',#6904,#6934,#3923,.T.);
#7895=EDGE_CURVE('',#6932,#6934,#1133,.T.);
#7897=EDGE_CURVE('',#6932,#6930,#3909,.T.);
#7899=EDGE_CURVE('',#6928,#6930,#1141,.T.);
#7901=EDGE_CURVE('',#6928,#6926,#3881,.T.);
#7903=EDGE_CURVE('',#6926,#6924,#3867,.T.);
#7905=EDGE_CURVE('',#6924,#6922,#1229,.T.);
#7907=EDGE_CURVE('',#6922,#6920,#2719,.T.);
#7909=EDGE_CURVE('',#6920,#6918,#2705,.T.);
#7911=EDGE_CURVE('',#6916,#6918,#1149,.T.);
#7913=EDGE_CURVE('',#6916,#6914,#2684,.T.);
#7915=EDGE_CURVE('',#6912,#6914,#1157,.T.);
#7917=EDGE_CURVE('',#6912,#6910,#2663,.T.);
#7919=EDGE_CURVE('',#6895,#6910,#1165,.T.);
#7922=EDGE_CURVE('',#6908,#6896,#1173,.T.);
#7924=EDGE_CURVE('',#6906,#6908,#1180,.T.);
#7926=EDGE_CURVE('',#6906,#6903,#2621,.T.);
#7930=ADVANCED_FACE('',(#7929),#7890,.F.);
#7936=EDGE_CURVE('',#6973,#6974,#1236,.T.);
#7938=EDGE_CURVE('',#6974,#6980,#3951,.T.);
#7940=EDGE_CURVE('',#6904,#6980,#1187,.T.);
#7943=EDGE_CURVE('',#6978,#6903,#1201,.T.);
#7945=EDGE_CURVE('',#6976,#6978,#1208,.T.);
#7947=EDGE_CURVE('',#6976,#6973,#1480,.T.);
#7951=ADVANCED_FACE('',(#7950),#7935,.T.);
#7957=EDGE_CURVE('',#7222,#7224,#1215,.T.);
#7959=EDGE_CURVE('',#7222,#6956,#2733,.T.);
#7961=EDGE_CURVE('',#6956,#6958,#2564,.T.);
#7963=EDGE_CURVE('',#6922,#6958,#1222,.T.);
#7966=EDGE_CURVE('',#6924,#6982,#3874,.T.);
#7968=EDGE_CURVE('',#6982,#6974,#3958,.T.);
#7971=EDGE_CURVE('',#6973,#7230,#1473,.T.);
#7973=EDGE_CURVE('',#7230,#7228,#1435,.T.);
#7975=EDGE_CURVE('',#7226,#7228,#1243,.T.);
#7977=EDGE_CURVE('',#7224,#7226,#1250,.T.);
#7981=ADVANCED_FACE('',(#7980),#7956,.T.);
#7987=EDGE_CURVE('',#7212,#7210,#1257,.T.);
#7989=EDGE_CURVE('',#7214,#7212,#1264,.T.);
#7991=EDGE_CURVE('',#7214,#7216,#2768,.T.);
#7993=EDGE_CURVE('',#7218,#7216,#1272,.T.);
#7995=EDGE_CURVE('',#7218,#7220,#2740,.T.);
#7997=EDGE_CURVE('',#7220,#7222,#2726,.T.);
#8000=EDGE_CURVE('',#7224,#7208,#1392,.T.);
#8002=EDGE_CURVE('',#7208,#7210,#1371,.T.);
#8006=EDGE_CURVE('',#6843,#6844,#1280,.T.);
#8008=EDGE_CURVE('',#6844,#6843,#1288,.T.);
#8012=EDGE_CURVE('',#6835,#6836,#1296,.T.);
#8014=EDGE_CURVE('',#6836,#6835,#1304,.T.);
#8018=EDGE_CURVE('',#6827,#6828,#1312,.T.);
#8020=EDGE_CURVE('',#6828,#6827,#1320,.T.);
#8024=EDGE_CURVE('',#6819,#6820,#1328,.T.);
#8026=EDGE_CURVE('',#6820,#6819,#1336,.T.);
#8030=ADVANCED_FACE('',(#8005,#8011,#8017,#8023,#8029),#7986,.F.);
#8037=EDGE_CURVE('',#7210,#6944,#1364,.T.);
#8039=EDGE_CURVE('',#6946,#6944,#1343,.T.);
#8041=EDGE_CURVE('',#7212,#6946,#1350,.T.);
#8045=ADVANCED_FACE('',(#8044),#8035,.F.);
#8051=EDGE_CURVE('',#6942,#7208,#1357,.T.);
#8053=EDGE_CURVE('',#6942,#6944,#2607,.T.);
#8059=ADVANCED_FACE('',(#8058),#8050,.T.);
#8065=EDGE_CURVE('',#7208,#7242,#1406,.T.);
#8067=EDGE_CURVE('',#7248,#7242,#1378,.T.);
#8069=EDGE_CURVE('',#7246,#7248,#1385,.T.);
#8071=EDGE_CURVE('',#7246,#7244,#2183,.T.);
#8073=EDGE_CURVE('',#7244,#7240,#2406,.T.);
#8075=EDGE_CURVE('',#7240,#7206,#2441,.T.);
#8077=EDGE_CURVE('',#7206,#6942,#2462,.T.);
#8082=ADVANCED_FACE('',(#8081),#8064,.F.);
#8090=EDGE_CURVE('',#7242,#7226,#1399,.T.);
#8095=ADVANCED_FACE('',(#8094),#8087,.F.);
#8104=EDGE_CURVE('',#7256,#7228,#1414,.T.);
#8106=EDGE_CURVE('',#7256,#7248,#2234,.T.);
#8110=ADVANCED_FACE('',(#8109),#8100,.T.);
#8116=EDGE_CURVE('',#7230,#7238,#1466,.T.);
#8118=EDGE_CURVE('',#7258,#7238,#1421,.T.);
#8120=EDGE_CURVE('',#7256,#7258,#1428,.T.);
#8126=ADVANCED_FACE('',(#8125),#8115,.F.);
#8132=EDGE_CURVE('',#6886,#7232,#1443,.T.);
#8134=EDGE_CURVE('',#6888,#6886,#1451,.T.);
#8136=EDGE_CURVE('',#7238,#6888,#1458,.T.);
#8141=EDGE_CURVE('',#6976,#7236,#2455,.T.);
#8143=EDGE_CURVE('',#7236,#7234,#2434,.T.);
#8145=EDGE_CURVE('',#7234,#7232,#2790,.T.);
#8149=ADVANCED_FACE('',(#8148),#8131,.T.);
#8155=EDGE_CURVE('',#6886,#6883,#1487,.T.);
#8158=EDGE_CURVE('',#7232,#7252,#2783,.T.);
#8160=EDGE_CURVE('',#7250,#7252,#1494,.T.);
#8162=EDGE_CURVE('',#7250,#6892,#2273,.T.);
#8164=EDGE_CURVE('',#6892,#6884,#1501,.T.);
#8166=EDGE_CURVE('',#6884,#6883,#1524,.T.);
#8170=ADVANCED_FACE('',(#8169),#8154,.T.);
#8176=EDGE_CURVE('',#6883,#6884,#1516,.T.);
#8179=EDGE_CURVE('',#6892,#6890,#2265,.T.);
#8181=EDGE_CURVE('',#6888,#6890,#1508,.T.);
#8187=ADVANCED_FACE('',(#8186),#8175,.T.);
#8197=EDGE_CURVE('',#6804,#6801,#1532,.T.);
#8199=EDGE_CURVE('',#6801,#6804,#1540,.T.);
#8203=ADVANCED_FACE('',(#8196,#8202),#8192,.F.);
#8209=EDGE_CURVE('',#6802,#6806,#1555,.T.);
#8211=EDGE_CURVE('',#6804,#6806,#1547,.T.);
#8214=EDGE_CURVE('',#6801,#6802,#1650,.T.);
#8218=ADVANCED_FACE('',(#8217),#8208,.T.);
#8225=EDGE_CURVE('',#6806,#6802,#1563,.T.);
#8229=EDGE_CURVE('',#6742,#6744,#1571,.T.);
#8231=EDGE_CURVE('',#6744,#6742,#1579,.T.);
#8235=EDGE_CURVE('',#6738,#6740,#1587,.T.);
#8237=EDGE_CURVE('',#6740,#6738,#1595,.T.);
#8241=EDGE_CURVE('',#6732,#6731,#1603,.T.);
#8243=EDGE_CURVE('',#6731,#6732,#1611,.T.);
#8247=EDGE_CURVE('',#6726,#6728,#1619,.T.);
#8249=EDGE_CURVE('',#6728,#6726,#1627,.T.);
#8253=EDGE_CURVE('',#6722,#6724,#1635,.T.);
#8255=EDGE_CURVE('',#6724,#6722,#1643,.T.);
#8259=ADVANCED_FACE('',(#8228,#8234,#8240,#8246,#8252,#8258),#8223,.T.);
#8271=ADVANCED_FACE('',(#8270),#8264,.T.);
#8277=EDGE_CURVE('',#6742,#6714,#1657,.T.);
#8280=EDGE_CURVE('',#6744,#6711,#1664,.T.);
#8282=EDGE_CURVE('',#6711,#6714,#1694,.T.);
#8286=ADVANCED_FACE('',(#8285),#8276,.F.);
#8292=EDGE_CURVE('',#6714,#6711,#1679,.T.);
#8299=ADVANCED_FACE('',(#8298),#8291,.F.);
#8305=EDGE_CURVE('',#6711,#6712,#1671,.T.);
#8308=EDGE_CURVE('',#6714,#6712,#1686,.T.);
#8312=ADVANCED_FACE('',(#8311),#8304,.F.);
#8323=ADVANCED_FACE('',(#8322),#8317,.F.);
#8329=EDGE_CURVE('',#6738,#6708,#1701,.T.);
#8332=EDGE_CURVE('',#6740,#6705,#1708,.T.);
#8334=EDGE_CURVE('',#6705,#6708,#1738,.T.);
#8338=ADVANCED_FACE('',(#8337),#8328,.F.);
#8344=EDGE_CURVE('',#6708,#6705,#1723,.T.);
#8351=ADVANCED_FACE('',(#8350),#8343,.F.);
#8357=EDGE_CURVE('',#6705,#6706,#1715,.T.);
#8360=EDGE_CURVE('',#6708,#6706,#1730,.T.);
#8364=ADVANCED_FACE('',(#8363),#8356,.F.);
#8375=ADVANCED_FACE('',(#8374),#8369,.F.);
#8381=EDGE_CURVE('',#6734,#6731,#1745,.T.);
#8383=EDGE_CURVE('',#6734,#6736,#1840,.T.);
#8385=EDGE_CURVE('',#6736,#6732,#1752,.T.);
#8390=ADVANCED_FACE('',(#8389),#8380,.F.);
#8398=EDGE_CURVE('',#6736,#6734,#1848,.T.);
#8403=ADVANCED_FACE('',(#8402),#8395,.F.);
#8409=EDGE_CURVE('',#6682,#6680,#1760,.T.);
#8411=EDGE_CURVE('',#6680,#6682,#1768,.T.);
#8415=EDGE_CURVE('',#6676,#6678,#1776,.T.);
#8417=EDGE_CURVE('',#6678,#6676,#1784,.T.);
#8421=EDGE_CURVE('',#6668,#6670,#1792,.T.);
#8423=EDGE_CURVE('',#6670,#6668,#1800,.T.);
#8427=EDGE_CURVE('',#6660,#6662,#1808,.T.);
#8429=EDGE_CURVE('',#6662,#6660,#1816,.T.);
#8433=EDGE_CURVE('',#6650,#6652,#1824,.T.);
#8435=EDGE_CURVE('',#6652,#6650,#1832,.T.);
#8443=ADVANCED_FACE('',(#8414,#8420,#8426,#8432,#8438,#8442),#8408,.T.);
#8449=EDGE_CURVE('',#6640,#6639,#1871,.T.);
#8451=EDGE_CURVE('',#6682,#6639,#1855,.T.);
#8454=EDGE_CURVE('',#6680,#6640,#1894,.T.);
#8458=ADVANCED_FACE('',(#8457),#8448,.T.);
#8464=EDGE_CURVE('',#6642,#6640,#1863,.T.);
#8466=EDGE_CURVE('',#6642,#6644,#1918,.T.);
#8468=EDGE_CURVE('',#6644,#6639,#1887,.T.);
#8473=ADVANCED_FACE('',(#8472),#8463,.F.);
#8479=EDGE_CURVE('',#6639,#6640,#1879,.T.);
#8482=EDGE_CURVE('',#6644,#6642,#1926,.T.);
#8487=ADVANCED_FACE('',(#8486),#8478,.F.);
#8499=ADVANCED_FACE('',(#8498),#8492,.T.);
#8505=EDGE_CURVE('',#6246,#6245,#1902,.T.);
#8507=EDGE_CURVE('',#6245,#6246,#1910,.T.);
#8515=ADVANCED_FACE('',(#8510,#8514),#8504,.F.);
#8521=EDGE_CURVE('',#6635,#6636,#1941,.T.);
#8523=EDGE_CURVE('',#6246,#6636,#1933,.T.);
#8526=EDGE_CURVE('',#6245,#6635,#1972,.T.);
#8530=ADVANCED_FACE('',(#8529),#8520,.T.);
#8537=EDGE_CURVE('',#6636,#6635,#1949,.T.);
#8541=EDGE_CURVE('',#6690,#6688,#1957,.T.);
#8543=EDGE_CURVE('',#6688,#6690,#1965,.T.);
#8547=ADVANCED_FACE('',(#8540,#8546),#8535,.F.);
#8559=ADVANCED_FACE('',(#8558),#8552,.T.);
#8565=EDGE_CURVE('',#6685,#6686,#2003,.T.);
#8567=EDGE_CURVE('',#6690,#6686,#1979,.T.);
#8570=EDGE_CURVE('',#6688,#6685,#3268,.T.);
#8574=ADVANCED_FACE('',(#8573),#8564,.T.);
#8580=EDGE_CURVE('',#7082,#7081,#1987,.T.);
#8582=EDGE_CURVE('',#7081,#7082,#1995,.T.);
#8587=EDGE_CURVE('',#6686,#6685,#2011,.T.);
#8591=ADVANCED_FACE('',(#8585,#8590),#8579,.F.);
#8597=EDGE_CURVE('',#7084,#7081,#2018,.T.);
#8599=EDGE_CURVE('',#7084,#7086,#2161,.T.);
#8601=EDGE_CURVE('',#7086,#7082,#2025,.T.);
#8606=ADVANCED_FACE('',(#8605),#8596,.F.);
#8614=EDGE_CURVE('',#7086,#7084,#2169,.T.);
#8619=ADVANCED_FACE('',(#8618),#8611,.F.);
#8625=EDGE_CURVE('',#6814,#6812,#2033,.T.);
#8627=EDGE_CURVE('',#6812,#6814,#2041,.T.);
#8631=EDGE_CURVE('',#7136,#7138,#2049,.T.);
#8633=EDGE_CURVE('',#7138,#7136,#2057,.T.);
#8637=EDGE_CURVE('',#7132,#7134,#2065,.T.);
#8639=EDGE_CURVE('',#7134,#7132,#2073,.T.);
#8643=EDGE_CURVE('',#7124,#7126,#2081,.T.);
#8645=EDGE_CURVE('',#7126,#7124,#2089,.T.);
#8649=EDGE_CURVE('',#7116,#7118,#2097,.T.);
#8651=EDGE_CURVE('',#7118,#7116,#2105,.T.);
#8655=EDGE_CURVE('',#7108,#7110,#2113,.T.);
#8657=EDGE_CURVE('',#7110,#7108,#2121,.T.);
#8661=EDGE_CURVE('',#7100,#7102,#2129,.T.);
#8663=EDGE_CURVE('',#7102,#7100,#2137,.T.);
#8667=EDGE_CURVE('',#7092,#7094,#2145,.T.);
#8669=EDGE_CURVE('',#7094,#7092,#2153,.T.);
#8677=ADVANCED_FACE('',(#8630,#8636,#8642,#8648,#8654,#8660,#8666,#8672,#8676),
#8624,.T.);
#8683=EDGE_CURVE('',#6809,#6810,#2205,.T.);
#8685=EDGE_CURVE('',#6810,#6816,#2250,.T.);
#8687=EDGE_CURVE('',#6814,#6816,#2176,.T.);
#8690=EDGE_CURVE('',#6812,#6809,#2383,.T.);
#8694=ADVANCED_FACE('',(#8693),#8682,.T.);
#8701=EDGE_CURVE('',#7258,#7246,#2190,.T.);
#8703=EDGE_CURVE('',#6810,#7258,#2197,.T.);
#8706=EDGE_CURVE('',#7262,#6809,#2213,.T.);
#8708=EDGE_CURVE('',#7260,#7262,#2220,.T.);
#8710=EDGE_CURVE('',#7244,#7260,#2227,.T.);
#8714=ADVANCED_FACE('',(#8713),#8699,.F.);
#8726=ADVANCED_FACE('',(#8725),#8719,.F.);
#8736=EDGE_CURVE('',#6890,#6810,#2257,.T.);
#8740=ADVANCED_FACE('',(#8739),#8731,.F.);
#8746=EDGE_CURVE('',#6816,#7262,#2242,.T.);
#8752=EDGE_CURVE('',#7262,#7250,#2280,.T.);
#8756=EDGE_CURVE('',#7193,#7194,#2288,.T.);
#8758=EDGE_CURVE('',#7194,#7193,#2296,.T.);
#8762=EDGE_CURVE('',#7185,#7186,#2304,.T.);
#8764=EDGE_CURVE('',#7186,#7185,#2312,.T.);
#8768=EDGE_CURVE('',#7177,#7178,#2320,.T.);
#8770=EDGE_CURVE('',#7178,#7177,#2328,.T.);
#8774=EDGE_CURVE('',#7169,#7170,#2336,.T.);
#8776=EDGE_CURVE('',#7170,#7169,#2344,.T.);
#8780=EDGE_CURVE('',#7161,#7162,#2352,.T.);
#8782=EDGE_CURVE('',#7162,#7161,#2360,.T.);
#8786=EDGE_CURVE('',#7153,#7154,#2368,.T.);
#8788=EDGE_CURVE('',#7154,#7153,#2376,.T.);
#8792=ADVANCED_FACE('',(#8755,#8761,#8767,#8773,#8779,#8785,#8791),#8745,.T.);
#8805=ADVANCED_FACE('',(#8804),#8797,.T.);
#8811=EDGE_CURVE('',#7254,#7260,#2413,.T.);
#8816=EDGE_CURVE('',#7252,#7254,#2797,.T.);
#8820=EDGE_CURVE('',#7148,#7150,#2391,.T.);
#8822=EDGE_CURVE('',#7150,#7148,#2399,.T.);
#8826=ADVANCED_FACE('',(#8819,#8825),#8810,.F.);
#8835=EDGE_CURVE('',#7254,#7240,#2420,.T.);
#8839=ADVANCED_FACE('',(#8838),#8831,.F.);
#8845=EDGE_CURVE('',#7236,#7240,#2448,.T.);
#8848=EDGE_CURVE('',#7234,#7254,#2427,.T.);
#8853=ADVANCED_FACE('',(#8852),#8844,.T.);
#8860=EDGE_CURVE('',#6978,#7206,#2469,.T.);
#8867=ADVANCED_FACE('',(#8866),#8858,.T.);
#8873=EDGE_CURVE('',#6940,#6942,#2614,.T.);
#8877=EDGE_CURVE('',#6940,#6978,#2476,.T.);
#8881=ADVANCED_FACE('',(#8880),#8872,.F.);
#8887=EDGE_CURVE('',#6939,#6940,#2483,.T.);
#8889=EDGE_CURVE('',#6936,#6939,#2490,.T.);
#8891=EDGE_CURVE('',#6898,#6936,#2498,.T.);
#8894=EDGE_CURVE('',#6970,#6900,#2513,.T.);
#8896=EDGE_CURVE('',#6968,#6970,#2520,.T.);
#8898=EDGE_CURVE('',#6966,#6968,#2528,.T.);
#8900=EDGE_CURVE('',#6964,#6966,#2535,.T.);
#8902=EDGE_CURVE('',#6962,#6964,#2543,.T.);
#8904=EDGE_CURVE('',#6960,#6962,#2550,.T.);
#8906=EDGE_CURVE('',#6958,#6960,#2557,.T.);
#8909=EDGE_CURVE('',#6954,#6956,#2571,.T.);
#8911=EDGE_CURVE('',#6952,#6954,#2578,.T.);
#8913=EDGE_CURVE('',#6950,#6952,#2586,.T.);
#8915=EDGE_CURVE('',#6948,#6950,#2593,.T.);
#8917=EDGE_CURVE('',#6946,#6948,#2600,.T.);
#8924=ADVANCED_FACE('',(#8923),#8886,.T.);
#8934=EDGE_CURVE('',#6939,#6906,#2628,.T.);
#8938=ADVANCED_FACE('',(#8937),#8929,.F.);
#8947=EDGE_CURVE('',#6908,#6936,#2642,.T.);
#8951=ADVANCED_FACE('',(#8950),#8943,.F.);
#8963=ADVANCED_FACE('',(#8962),#8956,.T.);
#8972=EDGE_CURVE('',#6970,#6910,#2656,.T.);
#8976=ADVANCED_FACE('',(#8975),#8968,.F.);
#8985=EDGE_CURVE('',#6912,#6968,#2677,.T.);
#8989=ADVANCED_FACE('',(#8988),#8981,.F.);
#8996=EDGE_CURVE('',#6966,#6914,#2670,.T.);
#9002=ADVANCED_FACE('',(#9001),#8994,.T.);
#9009=EDGE_CURVE('',#6916,#6964,#2698,.T.);
#9015=ADVANCED_FACE('',(#9014),#9007,.F.);
#9022=EDGE_CURVE('',#6962,#6918,#2691,.T.);
#9028=ADVANCED_FACE('',(#9027),#9020,.T.);
#9035=EDGE_CURVE('',#6960,#6920,#2712,.T.);
#9041=ADVANCED_FACE('',(#9040),#9033,.F.);
#9053=ADVANCED_FACE('',(#9052),#9046,.F.);
#9060=EDGE_CURVE('',#7220,#6954,#2747,.T.);
#9066=ADVANCED_FACE('',(#9065),#9058,.T.);
#9073=EDGE_CURVE('',#7218,#6952,#2761,.T.);
#9079=ADVANCED_FACE('',(#9078),#9071,.T.);
#9086=EDGE_CURVE('',#6950,#7216,#2754,.T.);
#9092=ADVANCED_FACE('',(#9091),#9084,.F.);
#9099=EDGE_CURVE('',#7214,#6948,#2775,.T.);
#9105=ADVANCED_FACE('',(#9104),#9097,.T.);
#9117=ADVANCED_FACE('',(#9116),#9110,.F.);
#9129=ADVANCED_FACE('',(#9128),#9122,.T.);
#9135=EDGE_CURVE('',#7148,#7144,#2804,.T.);
#9138=EDGE_CURVE('',#7150,#7146,#2811,.T.);
#9140=EDGE_CURVE('',#7146,#7144,#2857,.T.);
#9144=ADVANCED_FACE('',(#9143),#9134,.T.);
#9150=EDGE_CURVE('',#7144,#7146,#2826,.T.);
#9157=ADVANCED_FACE('',(#9156),#9149,.T.);
#9163=EDGE_CURVE('',#7141,#7142,#2842,.T.);
#9165=EDGE_CURVE('',#7146,#7142,#2818,.T.);
#9168=EDGE_CURVE('',#7144,#7141,#2849,.T.);
#9172=ADVANCED_FACE('',(#9171),#9162,.T.);
#9178=EDGE_CURVE('',#7142,#7141,#2834,.T.);
#9183=ADVANCED_FACE('',(#9182),#9177,.T.);
#9195=ADVANCED_FACE('',(#9194),#9188,.T.);
#9202=EDGE_CURVE('',#7198,#7194,#2864,.T.);
#9204=EDGE_CURVE('',#7198,#7196,#2903,.T.);
#9206=EDGE_CURVE('',#7196,#7193,#2871,.T.);
#9210=ADVANCED_FACE('',(#9209),#9200,.F.);
#9217=EDGE_CURVE('',#7196,#7198,#2895,.T.);
#9223=ADVANCED_FACE('',(#9222),#9215,.F.);
#9229=EDGE_CURVE('',#7130,#7129,#2879,.T.);
#9231=EDGE_CURVE('',#7129,#7130,#2887,.T.);
#9239=ADVANCED_FACE('',(#9234,#9238),#9228,.F.);
#9245=EDGE_CURVE('',#7132,#7129,#2910,.T.);
#9248=EDGE_CURVE('',#7134,#7130,#2917,.T.);
#9253=ADVANCED_FACE('',(#9252),#9244,.F.);
#9265=ADVANCED_FACE('',(#9264),#9258,.F.);
#9272=EDGE_CURVE('',#7190,#7186,#2924,.T.);
#9274=EDGE_CURVE('',#7190,#7188,#2963,.T.);
#9276=EDGE_CURVE('',#7188,#7185,#2931,.T.);
#9280=ADVANCED_FACE('',(#9279),#9270,.F.);
#9287=EDGE_CURVE('',#7188,#7190,#2955,.T.);
#9293=ADVANCED_FACE('',(#9292),#9285,.F.);
#9299=EDGE_CURVE('',#7122,#7121,#2939,.T.);
#9301=EDGE_CURVE('',#7121,#7122,#2947,.T.);
#9309=ADVANCED_FACE('',(#9304,#9308),#9298,.F.);
#9315=EDGE_CURVE('',#7124,#7121,#2970,.T.);
#9318=EDGE_CURVE('',#7126,#7122,#2977,.T.);
#9323=ADVANCED_FACE('',(#9322),#9314,.F.);
#9335=ADVANCED_FACE('',(#9334),#9328,.F.);
#9342=EDGE_CURVE('',#7182,#7178,#2984,.T.);
#9344=EDGE_CURVE('',#7182,#7180,#3023,.T.);
#9346=EDGE_CURVE('',#7180,#7177,#2991,.T.);
#9350=ADVANCED_FACE('',(#9349),#9340,.F.);
#9357=EDGE_CURVE('',#7180,#7182,#3015,.T.);
#9363=ADVANCED_FACE('',(#9362),#9355,.F.);
#9369=EDGE_CURVE('',#7114,#7113,#2999,.T.);
#9371=EDGE_CURVE('',#7113,#7114,#3007,.T.);
#9379=ADVANCED_FACE('',(#9374,#9378),#9368,.F.);
#9385=EDGE_CURVE('',#7116,#7113,#3030,.T.);
#9388=EDGE_CURVE('',#7118,#7114,#3037,.T.);
#9393=ADVANCED_FACE('',(#9392),#9384,.F.);
#9405=ADVANCED_FACE('',(#9404),#9398,.F.);
#9412=EDGE_CURVE('',#7174,#7170,#3044,.T.);
#9414=EDGE_CURVE('',#7174,#7172,#3083,.T.);
#9416=EDGE_CURVE('',#7172,#7169,#3051,.T.);
#9420=ADVANCED_FACE('',(#9419),#9410,.F.);
#9427=EDGE_CURVE('',#7172,#7174,#3075,.T.);
#9433=ADVANCED_FACE('',(#9432),#9425,.F.);
#9439=EDGE_CURVE('',#7106,#7105,#3059,.T.);
#9441=EDGE_CURVE('',#7105,#7106,#3067,.T.);
#9449=ADVANCED_FACE('',(#9444,#9448),#9438,.F.);
#9455=EDGE_CURVE('',#7108,#7105,#3090,.T.);
#9458=EDGE_CURVE('',#7110,#7106,#3097,.T.);
#9463=ADVANCED_FACE('',(#9462),#9454,.F.);
#9475=ADVANCED_FACE('',(#9474),#9468,.F.);
#9482=EDGE_CURVE('',#7166,#7162,#3104,.T.);
#9484=EDGE_CURVE('',#7166,#7164,#3143,.T.);
#9486=EDGE_CURVE('',#7164,#7161,#3111,.T.);
#9490=ADVANCED_FACE('',(#9489),#9480,.F.);
#9497=EDGE_CURVE('',#7164,#7166,#3135,.T.);
#9503=ADVANCED_FACE('',(#9502),#9495,.F.);
#9509=EDGE_CURVE('',#7098,#7097,#3119,.T.);
#9511=EDGE_CURVE('',#7097,#7098,#3127,.T.);
#9519=ADVANCED_FACE('',(#9514,#9518),#9508,.F.);
#9525=EDGE_CURVE('',#7100,#7097,#3150,.T.);
#9528=EDGE_CURVE('',#7102,#7098,#3157,.T.);
#9533=ADVANCED_FACE('',(#9532),#9524,.F.);
#9545=ADVANCED_FACE('',(#9544),#9538,.F.);
#9552=EDGE_CURVE('',#7158,#7154,#3164,.T.);
#9554=EDGE_CURVE('',#7158,#7156,#3203,.T.);
#9556=EDGE_CURVE('',#7156,#7153,#3171,.T.);
#9560=ADVANCED_FACE('',(#9559),#9550,.F.);
#9567=EDGE_CURVE('',#7156,#7158,#3195,.T.);
#9573=ADVANCED_FACE('',(#9572),#9565,.F.);
#9579=EDGE_CURVE('',#7090,#7089,#3179,.T.);
#9581=EDGE_CURVE('',#7089,#7090,#3187,.T.);
#9589=ADVANCED_FACE('',(#9584,#9588),#9578,.F.);
#9595=EDGE_CURVE('',#7092,#7089,#3210,.T.);
#9598=EDGE_CURVE('',#7094,#7090,#3217,.T.);
#9603=ADVANCED_FACE('',(#9602),#9594,.F.);
#9615=ADVANCED_FACE('',(#9614),#9608,.F.);
#9621=EDGE_CURVE('',#7136,#6720,#3224,.T.);
#9624=EDGE_CURVE('',#7138,#6717,#3231,.T.);
#9626=EDGE_CURVE('',#6717,#6720,#3261,.T.);
#9630=ADVANCED_FACE('',(#9629),#9620,.F.);
#9636=EDGE_CURVE('',#6720,#6717,#3246,.T.);
#9643=ADVANCED_FACE('',(#9642),#9635,.F.);
#9649=EDGE_CURVE('',#6717,#6718,#3238,.T.);
#9652=EDGE_CURVE('',#6720,#6718,#3253,.T.);
#9656=ADVANCED_FACE('',(#9655),#9648,.F.);
#9667=ADVANCED_FACE('',(#9666),#9661,.F.);
#9679=ADVANCED_FACE('',(#9678),#9672,.T.);
#9685=EDGE_CURVE('',#6676,#6673,#3275,.T.);
#9688=EDGE_CURVE('',#6678,#6674,#3282,.T.);
#9690=EDGE_CURVE('',#6674,#7264,#3290,.T.);
#9692=EDGE_CURVE('',#7264,#6673,#3306,.T.);
#9696=ADVANCED_FACE('',(#9695),#9684,.F.);
#9702=EDGE_CURVE('',#6673,#6674,#3298,.T.);
#9709=ADVANCED_FACE('',(#9708),#9701,.F.);
#9720=EDGE_CURVE('',#6229,#6230,#3314,.T.);
#9722=EDGE_CURVE('',#6230,#6229,#3322,.T.);
#9726=ADVANCED_FACE('',(#9719,#9725),#9714,.T.);
#9732=EDGE_CURVE('',#6229,#6250,#3329,.T.);
#9735=EDGE_CURVE('',#6230,#6249,#3336,.T.);
#9737=EDGE_CURVE('',#6249,#6250,#3366,.T.);
#9741=ADVANCED_FACE('',(#9740),#9731,.F.);
#9747=EDGE_CURVE('',#6250,#6249,#3351,.T.);
#9754=ADVANCED_FACE('',(#9753),#9746,.F.);
#9760=EDGE_CURVE('',#6249,#7004,#3343,.T.);
#9763=EDGE_CURVE('',#6250,#7004,#3358,.T.);
#9767=ADVANCED_FACE('',(#9766),#9759,.F.);
#9778=ADVANCED_FACE('',(#9777),#9772,.F.);
#9784=EDGE_CURVE('',#6668,#6665,#3373,.T.);
#9787=EDGE_CURVE('',#6670,#6666,#3380,.T.);
#9789=EDGE_CURVE('',#6666,#6665,#3388,.T.);
#9793=ADVANCED_FACE('',(#9792),#9783,.F.);
#9799=EDGE_CURVE('',#6665,#6666,#3396,.T.);
#9806=ADVANCED_FACE('',(#9805),#9798,.F.);
#9816=EDGE_CURVE('',#6233,#6234,#3404,.T.);
#9818=EDGE_CURVE('',#6234,#6233,#3412,.T.);
#9822=ADVANCED_FACE('',(#9815,#9821),#9811,.T.);
#9828=EDGE_CURVE('',#6233,#6254,#3419,.T.);
#9831=EDGE_CURVE('',#6234,#6253,#3426,.T.);
#9833=EDGE_CURVE('',#6253,#6254,#3456,.T.);
#9837=ADVANCED_FACE('',(#9836),#9827,.F.);
#9843=EDGE_CURVE('',#6254,#6253,#3441,.T.);
#9850=ADVANCED_FACE('',(#9849),#9842,.F.);
#9856=EDGE_CURVE('',#6253,#7002,#3433,.T.);
#9859=EDGE_CURVE('',#6254,#7002,#3448,.T.);
#9863=ADVANCED_FACE('',(#9862),#9855,.F.);
#9874=ADVANCED_FACE('',(#9873),#9868,.F.);
#9880=EDGE_CURVE('',#6660,#6655,#3463,.T.);
#9883=EDGE_CURVE('',#6662,#6658,#3470,.T.);
#9885=EDGE_CURVE('',#6658,#6655,#3478,.T.);
#9889=ADVANCED_FACE('',(#9888),#9879,.F.);
#9895=EDGE_CURVE('',#6656,#6658,#3486,.T.);
#9900=EDGE_CURVE('',#6655,#6656,#3494,.T.);
#9904=ADVANCED_FACE('',(#9903),#9894,.F.);
#9915=EDGE_CURVE('',#6237,#6238,#3502,.T.);
#9917=EDGE_CURVE('',#6238,#6237,#3510,.T.);
#9921=ADVANCED_FACE('',(#9914,#9920),#9909,.T.);
#9927=EDGE_CURVE('',#6237,#6258,#3517,.T.);
#9930=EDGE_CURVE('',#6238,#6257,#3524,.T.);
#9932=EDGE_CURVE('',#6257,#6258,#3554,.T.);
#9936=ADVANCED_FACE('',(#9935),#9926,.F.);
#9942=EDGE_CURVE('',#6258,#6257,#3539,.T.);
#9949=ADVANCED_FACE('',(#9948),#9941,.F.);
#9955=EDGE_CURVE('',#6257,#7000,#3531,.T.);
#9958=EDGE_CURVE('',#6258,#7000,#3546,.T.);
#9962=ADVANCED_FACE('',(#9961),#9954,.F.);
#9973=ADVANCED_FACE('',(#9972),#9967,.F.);
#9979=EDGE_CURVE('',#6650,#6647,#3561,.T.);
#9982=EDGE_CURVE('',#6652,#6648,#3568,.T.);
#9984=EDGE_CURVE('',#6648,#6647,#3576,.T.);
#9988=ADVANCED_FACE('',(#9987),#9978,.F.);
#9994=EDGE_CURVE('',#6647,#6648,#3584,.T.);
#10001=ADVANCED_FACE('',(#10000),#9993,.F.);
#10011=EDGE_CURVE('',#6241,#6242,#3592,.T.);
#10013=EDGE_CURVE('',#6242,#6241,#3600,.T.);
#10017=ADVANCED_FACE('',(#10010,#10016),#10006,.T.);
#10023=EDGE_CURVE('',#6241,#6262,#3607,.T.);
#10026=EDGE_CURVE('',#6242,#6261,#3614,.T.);
#10028=EDGE_CURVE('',#6261,#6262,#3644,.T.);
#10032=ADVANCED_FACE('',(#10031),#10022,.F.);
#10038=EDGE_CURVE('',#6262,#6261,#3629,.T.);
#10045=ADVANCED_FACE('',(#10044),#10037,.F.);
#10051=EDGE_CURVE('',#6261,#6998,#3621,.T.);
#10054=EDGE_CURVE('',#6262,#6998,#3636,.T.);
#10058=ADVANCED_FACE('',(#10057),#10050,.F.);
#10069=ADVANCED_FACE('',(#10068),#10063,.F.);
#10075=EDGE_CURVE('',#6726,#6702,#3651,.T.);
#10078=EDGE_CURVE('',#6728,#6699,#3658,.T.);
#10080=EDGE_CURVE('',#6699,#6702,#3688,.T.);
#10084=ADVANCED_FACE('',(#10083),#10074,.F.);
#10090=EDGE_CURVE('',#6702,#6699,#3673,.T.);
#10097=ADVANCED_FACE('',(#10096),#10089,.F.);
#10103=EDGE_CURVE('',#6699,#6700,#3665,.T.);
#10106=EDGE_CURVE('',#6702,#6700,#3680,.T.);
#10110=ADVANCED_FACE('',(#10109),#10102,.F.);
#10121=ADVANCED_FACE('',(#10120),#10115,.F.);
#10127=EDGE_CURVE('',#6722,#6696,#3695,.T.);
#10130=EDGE_CURVE('',#6724,#6693,#3702,.T.);
#10132=EDGE_CURVE('',#6693,#6696,#3732,.T.);
#10136=ADVANCED_FACE('',(#10135),#10126,.F.);
#10142=EDGE_CURVE('',#6696,#6693,#3717,.T.);
#10149=ADVANCED_FACE('',(#10148),#10141,.F.);
#10155=EDGE_CURVE('',#6693,#6694,#3709,.T.);
#10158=EDGE_CURVE('',#6696,#6694,#3724,.T.);
#10162=ADVANCED_FACE('',(#10161),#10154,.F.);
#10173=ADVANCED_FACE('',(#10172),#10167,.F.);
#10204=EDGE_CURVE('',#6848,#6844,#3740,.T.);
#10206=EDGE_CURVE('',#6848,#6846,#3756,.T.);
#10208=EDGE_CURVE('',#6846,#6843,#3748,.T.);
#10212=ADVANCED_FACE('',(#10211),#10202,.T.);
#10243=EDGE_CURVE('',#6846,#6848,#3764,.T.);
#10249=ADVANCED_FACE('',(#10248),#10241,.T.);
#10259=ADVANCED_FACE('',(#10258),#10254,.T.);
#10290=EDGE_CURVE('',#6840,#6836,#3772,.T.);
#10292=EDGE_CURVE('',#6840,#6838,#3788,.T.);
#10294=EDGE_CURVE('',#6838,#6835,#3780,.T.);
#10298=ADVANCED_FACE('',(#10297),#10288,.T.);
#10329=EDGE_CURVE('',#6838,#6840,#3796,.T.);
#10335=ADVANCED_FACE('',(#10334),#10327,.T.);
#10345=ADVANCED_FACE('',(#10344),#10340,.T.);
#10376=EDGE_CURVE('',#6832,#6828,#3804,.T.);
#10378=EDGE_CURVE('',#6832,#6830,#3820,.T.);
#10380=EDGE_CURVE('',#6830,#6827,#3812,.T.);
#10384=ADVANCED_FACE('',(#10383),#10374,.T.);
#10415=EDGE_CURVE('',#6830,#6832,#3828,.T.);
#10421=ADVANCED_FACE('',(#10420),#10413,.T.);
#10431=ADVANCED_FACE('',(#10430),#10426,.T.);
#10462=EDGE_CURVE('',#6824,#6820,#3836,.T.);
#10464=EDGE_CURVE('',#6824,#6822,#3852,.T.);
#10466=EDGE_CURVE('',#6822,#6819,#3844,.T.);
#10470=ADVANCED_FACE('',(#10469),#10460,.T.);
#10501=EDGE_CURVE('',#6822,#6824,#3860,.T.);
#10507=ADVANCED_FACE('',(#10506),#10499,.T.);
#10517=ADVANCED_FACE('',(#10516),#10512,.T.);
#10524=EDGE_CURVE('',#6926,#6984,#3888,.T.);
#10526=EDGE_CURVE('',#6984,#6982,#3965,.T.);
#10531=ADVANCED_FACE('',(#10530),#10522,.T.);
#10538=EDGE_CURVE('',#6928,#6986,#3902,.T.);
#10540=EDGE_CURVE('',#6986,#6984,#3972,.T.);
#10545=ADVANCED_FACE('',(#10544),#10536,.T.);
#10552=EDGE_CURVE('',#7200,#6930,#3895,.T.);
#10554=EDGE_CURVE('',#7200,#6986,#3980,.T.);
#10559=ADVANCED_FACE('',(#10558),#10550,.F.);
#10566=EDGE_CURVE('',#6932,#7202,#3916,.T.);
#10568=EDGE_CURVE('',#7202,#7200,#3987,.T.);
#10573=ADVANCED_FACE('',(#10572),#10564,.T.);
#10580=EDGE_CURVE('',#6934,#7204,#3930,.T.);
#10582=EDGE_CURVE('',#7204,#7202,#3937,.T.);
#10587=ADVANCED_FACE('',(#10586),#10578,.T.);
#10595=EDGE_CURVE('',#6980,#7204,#3944,.T.);
#10600=ADVANCED_FACE('',(#10599),#10592,.T.);
#10616=EDGE_CURVE('',#6875,#6876,#3995,.T.);
#10618=EDGE_CURVE('',#6876,#6875,#4003,.T.);
#10622=EDGE_CURVE('',#6867,#6868,#4011,.T.);
#10624=EDGE_CURVE('',#6868,#6867,#4019,.T.);
#10628=EDGE_CURVE('',#6859,#6860,#4027,.T.);
#10630=EDGE_CURVE('',#6860,#6859,#4035,.T.);
#10634=EDGE_CURVE('',#6851,#6852,#4043,.T.);
#10636=EDGE_CURVE('',#6852,#6851,#4051,.T.);
#10640=ADVANCED_FACE('',(#10615,#10621,#10627,#10633,#10639),#10605,.T.);
#10671=EDGE_CURVE('',#6880,#6876,#4059,.T.);
#10673=EDGE_CURVE('',#6880,#6878,#4075,.T.);
#10675=EDGE_CURVE('',#6878,#6875,#4067,.T.);
#10679=ADVANCED_FACE('',(#10678),#10669,.T.);
#10710=EDGE_CURVE('',#6878,#6880,#4083,.T.);
#10716=ADVANCED_FACE('',(#10715),#10708,.T.);
#10726=ADVANCED_FACE('',(#10725),#10721,.T.);
#10757=EDGE_CURVE('',#6872,#6868,#4091,.T.);
#10759=EDGE_CURVE('',#6872,#6870,#4107,.T.);
#10761=EDGE_CURVE('',#6870,#6867,#4099,.T.);
#10765=ADVANCED_FACE('',(#10764),#10755,.T.);
#10796=EDGE_CURVE('',#6870,#6872,#4115,.T.);
#10802=ADVANCED_FACE('',(#10801),#10794,.T.);
#10812=ADVANCED_FACE('',(#10811),#10807,.T.);
#10843=EDGE_CURVE('',#6864,#6860,#4123,.T.);
#10845=EDGE_CURVE('',#6864,#6862,#4139,.T.);
#10847=EDGE_CURVE('',#6862,#6859,#4131,.T.);
#10851=ADVANCED_FACE('',(#10850),#10841,.T.);
#10882=EDGE_CURVE('',#6862,#6864,#4147,.T.);
#10888=ADVANCED_FACE('',(#10887),#10880,.T.);
#10898=ADVANCED_FACE('',(#10897),#10893,.T.);
#10929=EDGE_CURVE('',#6856,#6852,#4155,.T.);
#10931=EDGE_CURVE('',#6856,#6854,#4171,.T.);
#10933=EDGE_CURVE('',#6854,#6851,#4163,.T.);
#10937=ADVANCED_FACE('',(#10936),#10927,.T.);
#10968=EDGE_CURVE('',#6854,#6856,#4179,.T.);
#10974=ADVANCED_FACE('',(#10973),#10966,.T.);
#10984=ADVANCED_FACE('',(#10983),#10979,.T.);
#10994=EDGE_CURVE('',#6296,#6336,#4193,.T.);
#10999=ADVANCED_FACE('',(#10998),#10989,.T.);
#11008=EDGE_CURVE('',#6334,#6294,#4200,.T.);
#11012=ADVANCED_FACE('',(#11011),#11004,.F.);
#11021=EDGE_CURVE('',#6292,#6332,#4207,.T.);
#11025=ADVANCED_FACE('',(#11024),#11017,.T.);
#11034=EDGE_CURVE('',#6330,#6290,#4221,.T.);
#11038=ADVANCED_FACE('',(#11037),#11030,.F.);
#11047=EDGE_CURVE('',#6288,#6328,#4228,.T.);
#11051=ADVANCED_FACE('',(#11050),#11043,.T.);
#11063=ADVANCED_FACE('',(#11062),#11056,.F.);
#11069=EDGE_CURVE('',#6305,#6346,#4235,.T.);
#11072=EDGE_CURVE('',#6345,#6306,#4242,.T.);
#11074=EDGE_CURVE('',#6345,#6346,#4266,.T.);
#11078=ADVANCED_FACE('',(#11077),#11068,.T.);
#11084=EDGE_CURVE('',#6346,#6345,#4274,.T.);
#11091=ADVANCED_FACE('',(#11090),#11083,.T.);
#11097=EDGE_CURVE('',#6373,#6374,#4250,.T.);
#11099=EDGE_CURVE('',#6374,#6373,#4258,.T.);
#11107=ADVANCED_FACE('',(#11102,#11106),#11096,.F.);
#11113=EDGE_CURVE('',#6373,#6996,#4281,.T.);
#11116=EDGE_CURVE('',#6374,#6401,#4295,.T.);
#11118=EDGE_CURVE('',#6401,#6402,#4357,.T.);
#11120=EDGE_CURVE('',#6996,#6402,#4288,.T.);
#11124=ADVANCED_FACE('',(#11123),#11112,.T.);
#11130=EDGE_CURVE('',#6402,#6401,#4310,.T.);
#11138=ADVANCED_FACE('',(#11137),#11129,.T.);
#11144=EDGE_CURVE('',#6510,#6509,#4326,.T.);
#11146=EDGE_CURVE('',#6401,#6509,#4302,.T.);
#11149=EDGE_CURVE('',#6402,#6510,#4349,.T.);
#11153=ADVANCED_FACE('',(#11152),#11143,.T.);
#11159=EDGE_CURVE('',#6509,#6510,#4318,.T.);
#11164=EDGE_CURVE('',#6781,#6785,#4334,.T.);
#11166=EDGE_CURVE('',#6785,#6781,#4342,.T.);
#11170=ADVANCED_FACE('',(#11163,#11169),#11158,.T.);
#11182=ADVANCED_FACE('',(#11181),#11175,.T.);
#11188=EDGE_CURVE('',#6781,#6782,#4364,.T.);
#11191=EDGE_CURVE('',#6785,#6786,#4371,.T.);
#11193=EDGE_CURVE('',#6786,#6782,#4408,.T.);
#11197=ADVANCED_FACE('',(#11196),#11187,.F.);
#11203=EDGE_CURVE('',#6782,#6786,#4386,.T.);
#11210=ADVANCED_FACE('',(#11209),#11202,.F.);
#11216=EDGE_CURVE('',#6786,#6789,#4378,.T.);
#11219=EDGE_CURVE('',#6782,#6790,#4400,.T.);
#11221=EDGE_CURVE('',#6789,#6790,#4393,.T.);
#11225=ADVANCED_FACE('',(#11224),#11215,.F.);
#11237=ADVANCED_FACE('',(#11236),#11230,.F.);
#11243=EDGE_CURVE('',#6309,#6350,#4415,.T.);
#11246=EDGE_CURVE('',#6310,#6349,#4422,.T.);
#11248=EDGE_CURVE('',#6349,#6350,#4446,.T.);
#11252=ADVANCED_FACE('',(#11251),#11242,.T.);
#11258=EDGE_CURVE('',#6350,#6349,#4454,.T.);
#11265=ADVANCED_FACE('',(#11264),#11257,.T.);
#11271=EDGE_CURVE('',#6377,#6378,#4430,.T.);
#11273=EDGE_CURVE('',#6378,#6377,#4438,.T.);
#11281=ADVANCED_FACE('',(#11276,#11280),#11270,.F.);
#11287=EDGE_CURVE('',#6377,#6406,#4461,.T.);
#11290=EDGE_CURVE('',#6378,#6994,#4475,.T.);
#11292=EDGE_CURVE('',#6994,#6405,#4468,.T.);
#11294=EDGE_CURVE('',#6405,#6406,#4537,.T.);
#11298=ADVANCED_FACE('',(#11297),#11286,.T.);
#11304=EDGE_CURVE('',#6406,#6405,#4490,.T.);
#11312=ADVANCED_FACE('',(#11311),#11303,.T.);
#11318=EDGE_CURVE('',#6514,#6513,#4506,.T.);
#11320=EDGE_CURVE('',#6405,#6513,#4482,.T.);
#11323=EDGE_CURVE('',#6406,#6514,#4529,.T.);
#11327=ADVANCED_FACE('',(#11326),#11317,.T.);
#11333=EDGE_CURVE('',#6513,#6514,#4498,.T.);
#11338=EDGE_CURVE('',#6771,#6774,#4514,.T.);
#11340=EDGE_CURVE('',#6774,#6771,#4522,.T.);
#11344=ADVANCED_FACE('',(#11337,#11343),#11332,.T.);
#11356=ADVANCED_FACE('',(#11355),#11349,.T.);
#11362=EDGE_CURVE('',#6771,#6772,#4544,.T.);
#11365=EDGE_CURVE('',#6774,#6777,#4558,.T.);
#11367=EDGE_CURVE('',#6777,#6778,#4551,.T.);
#11369=EDGE_CURVE('',#6778,#6772,#4602,.T.);
#11373=ADVANCED_FACE('',(#11372),#11361,.F.);
#11379=EDGE_CURVE('',#6772,#6778,#4573,.T.);
#11387=ADVANCED_FACE('',(#11386),#11378,.F.);
#11393=EDGE_CURVE('',#6778,#6793,#4565,.T.);
#11396=EDGE_CURVE('',#6772,#6796,#4594,.T.);
#11398=EDGE_CURVE('',#6796,#6794,#4587,.T.);
#11400=EDGE_CURVE('',#6793,#6794,#4580,.T.);
#11404=ADVANCED_FACE('',(#11403),#11392,.F.);
#11417=ADVANCED_FACE('',(#11416),#11409,.F.);
#11426=EDGE_CURVE('',#6366,#6394,#4616,.T.);
#11430=ADVANCED_FACE('',(#11429),#11422,.F.);
#11439=EDGE_CURVE('',#6392,#6364,#4630,.T.);
#11443=ADVANCED_FACE('',(#11442),#11435,.F.);
#11452=EDGE_CURVE('',#6362,#6390,#4637,.T.);
#11456=ADVANCED_FACE('',(#11455),#11448,.F.);
#11465=EDGE_CURVE('',#6387,#6360,#4644,.T.);
#11469=ADVANCED_FACE('',(#11468),#11461,.F.);
#11479=EDGE_CURVE('',#6356,#6384,#4651,.T.);
#11484=ADVANCED_FACE('',(#11483),#11474,.F.);
#11496=ADVANCED_FACE('',(#11495),#11489,.F.);
#11502=EDGE_CURVE('',#6413,#6522,#4665,.T.);
#11505=EDGE_CURVE('',#6414,#6521,#4672,.T.);
#11507=EDGE_CURVE('',#6521,#6522,#4704,.T.);
#11511=ADVANCED_FACE('',(#11510),#11501,.T.);
#11517=EDGE_CURVE('',#6522,#6521,#4680,.T.);
#11524=ADVANCED_FACE('',(#11523),#11516,.T.);
#11555=EDGE_CURVE('',#7060,#6522,#4688,.T.);
#11557=EDGE_CURVE('',#7060,#7058,#4712,.T.);
#11559=EDGE_CURVE('',#7058,#6521,#4696,.T.);
#11563=ADVANCED_FACE('',(#11562),#11553,.T.);
#11594=EDGE_CURVE('',#7058,#7060,#4720,.T.);
#11600=ADVANCED_FACE('',(#11599),#11592,.T.);
#11610=ADVANCED_FACE('',(#11609),#11605,.T.);
#11616=EDGE_CURVE('',#6417,#6526,#4727,.T.);
#11619=EDGE_CURVE('',#6418,#6525,#4734,.T.);
#11621=EDGE_CURVE('',#6525,#6526,#4766,.T.);
#11625=ADVANCED_FACE('',(#11624),#11615,.T.);
#11631=EDGE_CURVE('',#6526,#6525,#4742,.T.);
#11638=ADVANCED_FACE('',(#11637),#11630,.T.);
#11669=EDGE_CURVE('',#7056,#6526,#4750,.T.);
#11671=EDGE_CURVE('',#7056,#7054,#4774,.T.);
#11673=EDGE_CURVE('',#7054,#6525,#4758,.T.);
#11677=ADVANCED_FACE('',(#11676),#11667,.T.);
#11708=EDGE_CURVE('',#7054,#7056,#4782,.T.);
#11714=ADVANCED_FACE('',(#11713),#11706,.T.);
#11724=ADVANCED_FACE('',(#11723),#11719,.T.);
#11730=EDGE_CURVE('',#6421,#6530,#4789,.T.);
#11733=EDGE_CURVE('',#6422,#6529,#4796,.T.);
#11735=EDGE_CURVE('',#6529,#6530,#4828,.T.);
#11739=ADVANCED_FACE('',(#11738),#11729,.T.);
#11745=EDGE_CURVE('',#6530,#6529,#4804,.T.);
#11752=ADVANCED_FACE('',(#11751),#11744,.T.);
#11783=EDGE_CURVE('',#7052,#6530,#4812,.T.);
#11785=EDGE_CURVE('',#7052,#7050,#4836,.T.);
#11787=EDGE_CURVE('',#7050,#6529,#4820,.T.);
#11791=ADVANCED_FACE('',(#11790),#11781,.T.);
#11822=EDGE_CURVE('',#7050,#7052,#4844,.T.);
#11828=ADVANCED_FACE('',(#11827),#11820,.T.);
#11838=ADVANCED_FACE('',(#11837),#11833,.T.);
#11844=EDGE_CURVE('',#6425,#6632,#4851,.T.);
#11847=EDGE_CURVE('',#6426,#6533,#4865,.T.);
#11849=EDGE_CURVE('',#6533,#6534,#4897,.T.);
#11851=EDGE_CURVE('',#6632,#6534,#4858,.T.);
#11855=ADVANCED_FACE('',(#11854),#11843,.T.);
#11861=EDGE_CURVE('',#6534,#6533,#4873,.T.);
#11869=ADVANCED_FACE('',(#11868),#11860,.T.);
#11900=EDGE_CURVE('',#7048,#6534,#4881,.T.);
#11902=EDGE_CURVE('',#7048,#7046,#4905,.T.);
#11904=EDGE_CURVE('',#7046,#6533,#4889,.T.);
#11908=ADVANCED_FACE('',(#11907),#11898,.T.);
#11939=EDGE_CURVE('',#7046,#7048,#4913,.T.);
#11945=ADVANCED_FACE('',(#11944),#11937,.T.);
#11955=ADVANCED_FACE('',(#11954),#11950,.T.);
#11961=EDGE_CURVE('',#6429,#6630,#4920,.T.);
#11964=EDGE_CURVE('',#6430,#6537,#4934,.T.);
#11966=EDGE_CURVE('',#6537,#6538,#4966,.T.);
#11968=EDGE_CURVE('',#6630,#6538,#4927,.T.);
#11972=ADVANCED_FACE('',(#11971),#11960,.T.);
#11978=EDGE_CURVE('',#6538,#6537,#4942,.T.);
#11986=ADVANCED_FACE('',(#11985),#11977,.T.);
#12017=EDGE_CURVE('',#7044,#6538,#4950,.T.);
#12019=EDGE_CURVE('',#7044,#7042,#4974,.T.);
#12021=EDGE_CURVE('',#7042,#6537,#4958,.T.);
#12025=ADVANCED_FACE('',(#12024),#12015,.T.);
#12056=EDGE_CURVE('',#7042,#7044,#4982,.T.);
#12062=ADVANCED_FACE('',(#12061),#12054,.T.);
#12072=ADVANCED_FACE('',(#12071),#12067,.T.);
#12078=EDGE_CURVE('',#6433,#6626,#4989,.T.);
#12081=EDGE_CURVE('',#6434,#6628,#5010,.T.);
#12083=EDGE_CURVE('',#6628,#6541,#5003,.T.);
#12085=EDGE_CURVE('',#6541,#6542,#5042,.T.);
#12087=EDGE_CURVE('',#6626,#6542,#4996,.T.);
#12091=ADVANCED_FACE('',(#12090),#12077,.T.);
#12097=EDGE_CURVE('',#6542,#6541,#5018,.T.);
#12106=ADVANCED_FACE('',(#12105),#12096,.T.);
#12137=EDGE_CURVE('',#7040,#6542,#5026,.T.);
#12139=EDGE_CURVE('',#7040,#7038,#5050,.T.);
#12141=EDGE_CURVE('',#7038,#6541,#5034,.T.);
#12145=ADVANCED_FACE('',(#12144),#12135,.T.);
#12176=EDGE_CURVE('',#7038,#7040,#5058,.T.);
#12182=ADVANCED_FACE('',(#12181),#12174,.T.);
#12192=ADVANCED_FACE('',(#12191),#12187,.T.);
#12198=EDGE_CURVE('',#6437,#6546,#5065,.T.);
#12201=EDGE_CURVE('',#6438,#6545,#5072,.T.);
#12203=EDGE_CURVE('',#6545,#6546,#5104,.T.);
#12207=ADVANCED_FACE('',(#12206),#12197,.T.);
#12213=EDGE_CURVE('',#6546,#6545,#5080,.T.);
#12220=ADVANCED_FACE('',(#12219),#12212,.T.);
#12251=EDGE_CURVE('',#7036,#6546,#5088,.T.);
#12253=EDGE_CURVE('',#7036,#7034,#5112,.T.);
#12255=EDGE_CURVE('',#7034,#6545,#5096,.T.);
#12259=ADVANCED_FACE('',(#12258),#12249,.T.);
#12290=EDGE_CURVE('',#7034,#7036,#5120,.T.);
#12296=ADVANCED_FACE('',(#12295),#12288,.T.);
#12306=ADVANCED_FACE('',(#12305),#12301,.T.);
#12312=EDGE_CURVE('',#6441,#6624,#5127,.T.);
#12315=EDGE_CURVE('',#6442,#6549,#5141,.T.);
#12317=EDGE_CURVE('',#6549,#6550,#5173,.T.);
#12319=EDGE_CURVE('',#6624,#6550,#5134,.T.);
#12323=ADVANCED_FACE('',(#12322),#12311,.T.);
#12329=EDGE_CURVE('',#6550,#6549,#5149,.T.);
#12337=ADVANCED_FACE('',(#12336),#12328,.T.);
#12368=EDGE_CURVE('',#7032,#6550,#5157,.T.);
#12370=EDGE_CURVE('',#7032,#7030,#5181,.T.);
#12372=EDGE_CURVE('',#7030,#6549,#5165,.T.);
#12376=ADVANCED_FACE('',(#12375),#12366,.T.);
#12407=EDGE_CURVE('',#7030,#7032,#5189,.T.);
#12413=ADVANCED_FACE('',(#12412),#12405,.T.);
#12423=ADVANCED_FACE('',(#12422),#12418,.T.);
#12429=EDGE_CURVE('',#6445,#6622,#5196,.T.);
#12432=EDGE_CURVE('',#6446,#6553,#5210,.T.);
#12434=EDGE_CURVE('',#6553,#6554,#5242,.T.);
#12436=EDGE_CURVE('',#6622,#6554,#5203,.T.);
#12440=ADVANCED_FACE('',(#12439),#12428,.T.);
#12446=EDGE_CURVE('',#6554,#6553,#5218,.T.);
#12454=ADVANCED_FACE('',(#12453),#12445,.T.);
#12485=EDGE_CURVE('',#7028,#6554,#5226,.T.);
#12487=EDGE_CURVE('',#7028,#7026,#5250,.T.);
#12489=EDGE_CURVE('',#7026,#6553,#5234,.T.);
#12493=ADVANCED_FACE('',(#12492),#12483,.T.);
#12524=EDGE_CURVE('',#7026,#7028,#5258,.T.);
#12530=ADVANCED_FACE('',(#12529),#12522,.T.);
#12540=ADVANCED_FACE('',(#12539),#12535,.T.);
#12546=EDGE_CURVE('',#6449,#6558,#5265,.T.);
#12549=EDGE_CURVE('',#6450,#6557,#5272,.T.);
#12551=EDGE_CURVE('',#6557,#6558,#5304,.T.);
#12555=ADVANCED_FACE('',(#12554),#12545,.T.);
#12561=EDGE_CURVE('',#6558,#6557,#5280,.T.);
#12568=ADVANCED_FACE('',(#12567),#12560,.T.);
#12599=EDGE_CURVE('',#7024,#6558,#5288,.T.);
#12601=EDGE_CURVE('',#7024,#7022,#5312,.T.);
#12603=EDGE_CURVE('',#7022,#6557,#5296,.T.);
#12607=ADVANCED_FACE('',(#12606),#12597,.T.);
#12638=EDGE_CURVE('',#7022,#7024,#5320,.T.);
#12644=ADVANCED_FACE('',(#12643),#12636,.T.);
#12654=ADVANCED_FACE('',(#12653),#12649,.T.);
#12660=EDGE_CURVE('',#6453,#6562,#5327,.T.);
#12663=EDGE_CURVE('',#6454,#6561,#5334,.T.);
#12665=EDGE_CURVE('',#6561,#6562,#5366,.T.);
#12669=ADVANCED_FACE('',(#12668),#12659,.T.);
#12675=EDGE_CURVE('',#6562,#6561,#5342,.T.);
#12682=ADVANCED_FACE('',(#12681),#12674,.T.);
#12713=EDGE_CURVE('',#7020,#6562,#5350,.T.);
#12715=EDGE_CURVE('',#7020,#7018,#5374,.T.);
#12717=EDGE_CURVE('',#7018,#6561,#5358,.T.);
#12721=ADVANCED_FACE('',(#12720),#12711,.T.);
#12752=EDGE_CURVE('',#7018,#7020,#5382,.T.);
#12758=ADVANCED_FACE('',(#12757),#12750,.T.);
#12768=ADVANCED_FACE('',(#12767),#12763,.T.);
#12774=EDGE_CURVE('',#6457,#6566,#5389,.T.);
#12777=EDGE_CURVE('',#6458,#6565,#5396,.T.);
#12779=EDGE_CURVE('',#6565,#6566,#5428,.T.);
#12783=ADVANCED_FACE('',(#12782),#12773,.T.);
#12789=EDGE_CURVE('',#6566,#6565,#5404,.T.);
#12796=ADVANCED_FACE('',(#12795),#12788,.T.);
#12827=EDGE_CURVE('',#7016,#6566,#5412,.T.);
#12829=EDGE_CURVE('',#7016,#7014,#5436,.T.);
#12831=EDGE_CURVE('',#7014,#6565,#5420,.T.);
#12835=ADVANCED_FACE('',(#12834),#12825,.T.);
#12866=EDGE_CURVE('',#7014,#7016,#5444,.T.);
#12872=ADVANCED_FACE('',(#12871),#12864,.T.);
#12882=ADVANCED_FACE('',(#12881),#12877,.T.);
#12888=EDGE_CURVE('',#6461,#6570,#5451,.T.);
#12891=EDGE_CURVE('',#6462,#6569,#5458,.T.);
#12893=EDGE_CURVE('',#6569,#6570,#5490,.T.);
#12897=ADVANCED_FACE('',(#12896),#12887,.T.);
#12903=EDGE_CURVE('',#6570,#6569,#5466,.T.);
#12910=ADVANCED_FACE('',(#12909),#12902,.T.);
#12941=EDGE_CURVE('',#7012,#6570,#5474,.T.);
#12943=EDGE_CURVE('',#7012,#7010,#5498,.T.);
#12945=EDGE_CURVE('',#7010,#6569,#5482,.T.);
#12949=ADVANCED_FACE('',(#12948),#12939,.T.);
#12980=EDGE_CURVE('',#7010,#7012,#5506,.T.);
#12986=ADVANCED_FACE('',(#12985),#12978,.T.);
#12996=ADVANCED_FACE('',(#12995),#12991,.T.);
#13002=EDGE_CURVE('',#6465,#6620,#5513,.T.);
#13005=EDGE_CURVE('',#6466,#6573,#5527,.T.);
#13007=EDGE_CURVE('',#6573,#6574,#5559,.T.);
#13009=EDGE_CURVE('',#6620,#6574,#5520,.T.);
#13013=ADVANCED_FACE('',(#13012),#13001,.T.);
#13019=EDGE_CURVE('',#6574,#6573,#5535,.T.);
#13027=ADVANCED_FACE('',(#13026),#13018,.T.);
#13058=EDGE_CURVE('',#7008,#6574,#5543,.T.);
#13060=EDGE_CURVE('',#7008,#7006,#5567,.T.);
#13062=EDGE_CURVE('',#7006,#6573,#5551,.T.);
#13066=ADVANCED_FACE('',(#13065),#13056,.T.);
#13097=EDGE_CURVE('',#7006,#7008,#5575,.T.);
#13103=ADVANCED_FACE('',(#13102),#13095,.T.);
#13113=ADVANCED_FACE('',(#13112),#13108,.T.);
#13119=EDGE_CURVE('',#6469,#6618,#5582,.T.);
#13122=EDGE_CURVE('',#6470,#6577,#5596,.T.);
#13124=EDGE_CURVE('',#6577,#6578,#5628,.T.);
#13126=EDGE_CURVE('',#6618,#6578,#5589,.T.);
#13130=ADVANCED_FACE('',(#13129),#13118,.T.);
#13136=EDGE_CURVE('',#6578,#6577,#5604,.T.);
#13144=ADVANCED_FACE('',(#13143),#13135,.T.);
#13175=EDGE_CURVE('',#6798,#6578,#5612,.T.);
#13177=EDGE_CURVE('',#6798,#6988,#5636,.T.);
#13179=EDGE_CURVE('',#6988,#6577,#5620,.T.);
#13183=ADVANCED_FACE('',(#13182),#13173,.T.);
#13214=EDGE_CURVE('',#6988,#6798,#5644,.T.);
#13220=ADVANCED_FACE('',(#13219),#13212,.T.);
#13230=ADVANCED_FACE('',(#13229),#13225,.T.);
#13236=EDGE_CURVE('',#6473,#6616,#5651,.T.);
#13239=EDGE_CURVE('',#6474,#6581,#5665,.T.);
#13241=EDGE_CURVE('',#6581,#6582,#5697,.T.);
#13243=EDGE_CURVE('',#6616,#6582,#5658,.T.);
#13247=ADVANCED_FACE('',(#13246),#13235,.T.);
#13253=EDGE_CURVE('',#6582,#6581,#5673,.T.);
#13261=ADVANCED_FACE('',(#13260),#13252,.T.);
#13292=EDGE_CURVE('',#7076,#6582,#5681,.T.);
#13294=EDGE_CURVE('',#7076,#7078,#5705,.T.);
#13296=EDGE_CURVE('',#7078,#6581,#5689,.T.);
#13300=ADVANCED_FACE('',(#13299),#13290,.T.);
#13331=EDGE_CURVE('',#7078,#7076,#5713,.T.);
#13337=ADVANCED_FACE('',(#13336),#13329,.T.);
#13347=ADVANCED_FACE('',(#13346),#13342,.T.);
#13353=EDGE_CURVE('',#6477,#6612,#5720,.T.);
#13356=EDGE_CURVE('',#6478,#6614,#5741,.T.);
#13358=EDGE_CURVE('',#6614,#6585,#5734,.T.);
#13360=EDGE_CURVE('',#6585,#6586,#5773,.T.);
#13362=EDGE_CURVE('',#6612,#6586,#5727,.T.);
#13366=ADVANCED_FACE('',(#13365),#13352,.T.);
#13372=EDGE_CURVE('',#6586,#6585,#5749,.T.);
#13381=ADVANCED_FACE('',(#13380),#13371,.T.);
#13412=EDGE_CURVE('',#7074,#6586,#5757,.T.);
#13414=EDGE_CURVE('',#7074,#7072,#5781,.T.);
#13416=EDGE_CURVE('',#7072,#6585,#5765,.T.);
#13420=ADVANCED_FACE('',(#13419),#13410,.T.);
#13451=EDGE_CURVE('',#7072,#7074,#5789,.T.);
#13457=ADVANCED_FACE('',(#13456),#13449,.T.);
#13467=ADVANCED_FACE('',(#13466),#13462,.T.);
#13473=EDGE_CURVE('',#6481,#6590,#5796,.T.);
#13476=EDGE_CURVE('',#6482,#6589,#5803,.T.);
#13478=EDGE_CURVE('',#6589,#6590,#5835,.T.);
#13482=ADVANCED_FACE('',(#13481),#13472,.T.);
#13488=EDGE_CURVE('',#6590,#6589,#5811,.T.);
#13495=ADVANCED_FACE('',(#13494),#13487,.T.);
#13526=EDGE_CURVE('',#7070,#6590,#5819,.T.);
#13528=EDGE_CURVE('',#7070,#7066,#5843,.T.);
#13530=EDGE_CURVE('',#7066,#6589,#5827,.T.);
#13534=ADVANCED_FACE('',(#13533),#13524,.T.);
#13565=EDGE_CURVE('',#7066,#7070,#5851,.T.);
#13571=ADVANCED_FACE('',(#13570),#13563,.T.);
#13581=ADVANCED_FACE('',(#13580),#13576,.T.);
#13587=EDGE_CURVE('',#6485,#6594,#5858,.T.);
#13590=EDGE_CURVE('',#6486,#6593,#5865,.T.);
#13592=EDGE_CURVE('',#6593,#6594,#5897,.T.);
#13596=ADVANCED_FACE('',(#13595),#13586,.T.);
#13602=EDGE_CURVE('',#6594,#6593,#5873,.T.);
#13609=ADVANCED_FACE('',(#13608),#13601,.T.);
#13640=EDGE_CURVE('',#7068,#6594,#5881,.T.);
#13642=EDGE_CURVE('',#7068,#6990,#5905,.T.);
#13644=EDGE_CURVE('',#6990,#6593,#5889,.T.);
#13648=ADVANCED_FACE('',(#13647),#13638,.T.);
#13679=EDGE_CURVE('',#6990,#7068,#5913,.T.);
#13685=ADVANCED_FACE('',(#13684),#13677,.T.);
#13695=ADVANCED_FACE('',(#13694),#13690,.T.);
#13701=EDGE_CURVE('',#6489,#6598,#5920,.T.);
#13704=EDGE_CURVE('',#6490,#6597,#5927,.T.);
#13706=EDGE_CURVE('',#6597,#6598,#5959,.T.);
#13710=ADVANCED_FACE('',(#13709),#13700,.T.);
#13716=EDGE_CURVE('',#6598,#6597,#5935,.T.);
#13723=ADVANCED_FACE('',(#13722),#13715,.T.);
#13754=EDGE_CURVE('',#6748,#6598,#5943,.T.);
#13756=EDGE_CURVE('',#6748,#6746,#5967,.T.);
#13758=EDGE_CURVE('',#6746,#6597,#5951,.T.);
#13762=ADVANCED_FACE('',(#13761),#13752,.T.);
#13793=EDGE_CURVE('',#6746,#6748,#5975,.T.);
#13799=ADVANCED_FACE('',(#13798),#13791,.T.);
#13809=ADVANCED_FACE('',(#13808),#13804,.T.);
#13815=EDGE_CURVE('',#6493,#6608,#5982,.T.);
#13818=EDGE_CURVE('',#6494,#6610,#5989,.T.);
#13820=EDGE_CURVE('',#6610,#6608,#6021,.T.);
#13824=ADVANCED_FACE('',(#13823),#13814,.T.);
#13830=EDGE_CURVE('',#6608,#6610,#5997,.T.);
#13837=ADVANCED_FACE('',(#13836),#13829,.T.);
#13868=EDGE_CURVE('',#6756,#6608,#6005,.T.);
#13870=EDGE_CURVE('',#6756,#6754,#6029,.T.);
#13872=EDGE_CURVE('',#6754,#6610,#6013,.T.);
#13876=ADVANCED_FACE('',(#13875),#13866,.T.);
#13907=EDGE_CURVE('',#6754,#6756,#6037,.T.);
#13913=ADVANCED_FACE('',(#13912),#13905,.T.);
#13923=ADVANCED_FACE('',(#13922),#13918,.T.);
#13929=EDGE_CURVE('',#6497,#6604,#6044,.T.);
#13932=EDGE_CURVE('',#6498,#6606,#6051,.T.);
#13934=EDGE_CURVE('',#6606,#6604,#6083,.T.);
#13938=ADVANCED_FACE('',(#13937),#13928,.T.);
#13944=EDGE_CURVE('',#6604,#6606,#6059,.T.);
#13951=ADVANCED_FACE('',(#13950),#13943,.T.);
#13982=EDGE_CURVE('',#6752,#6604,#6067,.T.);
#13984=EDGE_CURVE('',#6752,#6750,#6091,.T.);
#13986=EDGE_CURVE('',#6750,#6606,#6075,.T.);
#13990=ADVANCED_FACE('',(#13989),#13980,.T.);
#14021=EDGE_CURVE('',#6750,#6752,#6099,.T.);
#14027=ADVANCED_FACE('',(#14026),#14019,.T.);
#14037=ADVANCED_FACE('',(#14036),#14032,.T.);
#14043=EDGE_CURVE('',#6501,#6600,#6106,.T.);
#14046=EDGE_CURVE('',#6502,#6602,#6113,.T.);
#14048=EDGE_CURVE('',#6602,#6600,#6145,.T.);
#14052=ADVANCED_FACE('',(#14051),#14042,.T.);
#14058=EDGE_CURVE('',#6600,#6602,#6121,.T.);
#14065=ADVANCED_FACE('',(#14064),#14057,.T.);
#14096=EDGE_CURVE('',#6759,#6600,#6129,.T.);
#14098=EDGE_CURVE('',#6759,#6760,#6153,.T.);
#14100=EDGE_CURVE('',#6760,#6602,#6137,.T.);
#14104=ADVANCED_FACE('',(#14103),#14094,.T.);
#14135=EDGE_CURVE('',#6760,#6759,#6161,.T.);
#14141=ADVANCED_FACE('',(#14140),#14133,.T.);
#14151=ADVANCED_FACE('',(#14150),#14146,.T.);
#14157=EDGE_CURVE('',#6505,#6764,#6168,.T.);
#14160=EDGE_CURVE('',#6506,#6768,#6175,.T.);
#14162=EDGE_CURVE('',#6768,#6764,#6207,.T.);
#14166=ADVANCED_FACE('',(#14165),#14156,.T.);
#14172=EDGE_CURVE('',#6764,#6768,#6183,.T.);
#14179=ADVANCED_FACE('',(#14178),#14171,.T.);
#14210=EDGE_CURVE('',#6763,#6764,#6191,.T.);
#14212=EDGE_CURVE('',#6763,#6766,#6215,.T.);
#14214=EDGE_CURVE('',#6766,#6768,#6199,.T.);
#14218=ADVANCED_FACE('',(#14217),#14208,.T.);
#14249=EDGE_CURVE('',#6766,#6763,#6223,.T.);
#14255=ADVANCED_FACE('',(#14254),#14247,.T.);
#14265=ADVANCED_FACE('',(#14264),#14260,.T.);
#14271=CIRCLE('',#14270,2.25E0);
#14279=CIRCLE('',#14278,2.25E0);
#14308=CIRCLE('',#14307,2.25E0);
#14316=CIRCLE('',#14315,2.25E0);
#14324=CIRCLE('',#14323,2.25E0);
#14332=CIRCLE('',#14331,2.25E0);
#14347=CIRCLE('',#14346,3.5E0);
#14362=CIRCLE('',#14361,3.5E0);
#14377=CIRCLE('',#14376,3.5E0);
#14392=CIRCLE('',#14391,3.5E0);
#14428=CIRCLE('',#14427,8.5E0);
#14471=CIRCLE('',#14470,1.5E1);
#14479=CIRCLE('',#14478,1.5E1);
#14515=CIRCLE('',#14514,8.5E0);
#14607=CIRCLE('',#14606,1.5E1);
#14615=CIRCLE('',#14614,1.5E1);
#14623=CIRCLE('',#14622,1.15E2);
#14652=CIRCLE('',#14651,1.95E1);
#14660=CIRCLE('',#14659,1.95E1);
#14696=CIRCLE('',#14695,1.15E2);
#14727=B_SPLINE_CURVE_WITH_KNOTS('',3,(#14714,#14715,#14716,#14717,#14718,
#14719,#14720,#14721,#14722,#14723,#14724,#14725,#14726),.UNSPECIFIED.,.F.,.F.,(
4,1,1,1,1,1,1,1,1,1,4),(0.E0,1.E-1,2.E-1,3.E-1,4.E-1,5.E-1,6.E-1,7.E-1,8.E-1,
9.E-1,1.E0),.UNSPECIFIED.);
#14744=B_SPLINE_CURVE_WITH_KNOTS('',3,(#14731,#14732,#14733,#14734,#14735,
#14736,#14737,#14738,#14739,#14740,#14741,#14742,#14743),.UNSPECIFIED.,.F.,.F.,(
4,1,1,1,1,1,1,1,1,1,4),(0.E0,1.E-1,2.E-1,3.E-1,4.E-1,5.E-1,6.E-1,7.E-1,8.E-1,
9.E-1,1.E0),.UNSPECIFIED.);
#14763=B_SPLINE_CURVE_WITH_KNOTS('',3,(#14755,#14756,#14757,#14758,#14759,
#14760,#14761,#14762),.UNSPECIFIED.,.F.,.F.,(4,1,1,1,1,4),(0.E0,2.E-1,4.E-1,
6.E-1,8.E-1,1.E0),.UNSPECIFIED.);
#14780=B_SPLINE_CURVE_WITH_KNOTS('',3,(#14774,#14775,#14776,#14777,#14778,
#14779),.UNSPECIFIED.,.F.,.F.,(4,1,1,4),(0.E0,3.333333333333E-1,
6.666666666667E-1,1.E0),.UNSPECIFIED.);
#14790=B_SPLINE_CURVE_WITH_KNOTS('',3,(#14784,#14785,#14786,#14787,#14788,
#14789),.UNSPECIFIED.,.F.,.F.,(4,1,1,4),(0.E0,3.333333333333E-1,
6.666666666667E-1,1.E0),.UNSPECIFIED.);
#14809=B_SPLINE_CURVE_WITH_KNOTS('',3,(#14801,#14802,#14803,#14804,#14805,
#14806,#14807,#14808),.UNSPECIFIED.,.F.,.F.,(4,1,1,1,1,4),(0.E0,2.E-1,4.E-1,
6.E-1,8.E-1,1.E0),.UNSPECIFIED.);
#14824=CIRCLE('',#14823,1.95E1);
#14832=CIRCLE('',#14831,1.95E1);
#14840=CIRCLE('',#14839,2.934448709985E0);
#14848=CIRCLE('',#14847,2.934448709985E0);
#14870=CIRCLE('',#14869,8.164410569501E0);
#14878=CIRCLE('',#14877,8.164410569501E0);
#14886=CIRCLE('',#14885,2.934448709985E0);
#14894=CIRCLE('',#14893,2.934448709985E0);
#14916=CIRCLE('',#14915,8.164410569501E0);
#14924=CIRCLE('',#14923,8.164410569501E0);
#14932=CIRCLE('',#14931,4.478619516769E0);
#14940=CIRCLE('',#14939,4.478619516769E0);
#14962=CIRCLE('',#14961,4.478619516769E0);
#14970=CIRCLE('',#14969,4.478619516769E0);
#14992=CIRCLE('',#14991,5.789962604359E1);
#15000=CIRCLE('',#14999,5.789962604359E1);
#15008=CIRCLE('',#15007,4.657733918048E1);
#15016=CIRCLE('',#15015,4.657733918048E1);
#15038=CIRCLE('',#15037,5.033521462379E1);
#15046=CIRCLE('',#15045,4.657733918048E1);
#15054=CIRCLE('',#15053,4.657733918048E1);
#15062=CIRCLE('',#15061,5.033521462379E1);
#15089=B_SPLINE_CURVE_WITH_KNOTS('',3,(#15080,#15081,#15082,#15083,#15084,
#15085,#15086,#15087,#15088),.UNSPECIFIED.,.F.,.F.,(4,1,1,1,1,1,4),(0.E0,
1.666666666667E-1,3.333333333333E-1,5.E-1,6.666666666667E-1,8.333333333333E-1,
1.E0),.UNSPECIFIED.);
#15106=B_SPLINE_CURVE_WITH_KNOTS('',3,(#15100,#15101,#15102,#15103,#15104,
#15105),.UNSPECIFIED.,.F.,.F.,(4,1,1,4),(0.E0,3.333333333333E-1,
6.666666666667E-1,1.E0),.UNSPECIFIED.);
#15116=B_SPLINE_CURVE_WITH_KNOTS('',3,(#15110,#15111,#15112,#15113,#15114,
#15115),.UNSPECIFIED.,.F.,.F.,(4,1,1,4),(0.E0,3.333333333333E-1,
6.666666666667E-1,1.E0),.UNSPECIFIED.);
#15126=B_SPLINE_CURVE_WITH_KNOTS('',3,(#15120,#15121,#15122,#15123,#15124,
#15125),.UNSPECIFIED.,.F.,.F.,(4,1,1,4),(0.E0,3.333333333333E-1,
6.666666666667E-1,1.E0),.UNSPECIFIED.);
#15136=B_SPLINE_CURVE_WITH_KNOTS('',3,(#15130,#15131,#15132,#15133,#15134,
#15135),.UNSPECIFIED.,.F.,.F.,(4,1,1,4),(0.E0,3.333333333333E-1,
6.666666666667E-1,1.E0),.UNSPECIFIED.);
#15146=B_SPLINE_CURVE_WITH_KNOTS('',3,(#15140,#15141,#15142,#15143,#15144,
#15145),.UNSPECIFIED.,.F.,.F.,(4,1,1,4),(0.E0,3.333333333333E-1,
6.666666666667E-1,1.E0),.UNSPECIFIED.);
#15156=B_SPLINE_CURVE_WITH_KNOTS('',3,(#15150,#15151,#15152,#15153,#15154,
#15155),.UNSPECIFIED.,.F.,.F.,(4,1,1,4),(0.E0,3.333333333333E-1,
6.666666666667E-1,1.E0),.UNSPECIFIED.);
#15176=B_SPLINE_CURVE_WITH_KNOTS('',3,(#15167,#15168,#15169,#15170,#15171,
#15172,#15173,#15174,#15175),.UNSPECIFIED.,.F.,.F.,(4,1,1,1,1,1,4),(0.E0,
1.666666666667E-1,3.333333333333E-1,5.E-1,6.666666666667E-1,8.333333333333E-1,
1.E0),.UNSPECIFIED.);
#15191=B_SPLINE_CURVE_WITH_KNOTS('',3,(#15180,#15181,#15182,#15183,#15184,
#15185,#15186,#15187,#15188,#15189,#15190),.UNSPECIFIED.,.F.,.F.,(4,1,1,1,1,1,1,
1,4),(0.E0,1.25E-1,2.5E-1,3.75E-1,5.E-1,6.25E-1,7.5E-1,8.75E-1,1.E0),
.UNSPECIFIED.);
#15206=B_SPLINE_CURVE_WITH_KNOTS('',3,(#15195,#15196,#15197,#15198,#15199,
#15200,#15201,#15202,#15203,#15204,#15205),.UNSPECIFIED.,.F.,.F.,(4,1,1,1,1,1,1,
1,4),(0.E0,1.25E-1,2.5E-1,3.75E-1,5.E-1,6.25E-1,7.5E-1,8.75E-1,1.E0),
.UNSPECIFIED.);
#15214=CIRCLE('',#15213,5.033521462379E1);
#15222=CIRCLE('',#15221,5.033521462379E1);
#15230=CIRCLE('',#15229,5.789962604359E1);
#15238=CIRCLE('',#15237,5.536907163030E1);
#15246=CIRCLE('',#15245,5.536907163030E1);
#15254=CIRCLE('',#15253,5.789962604359E1);
#15262=CIRCLE('',#15261,5.004321479183E1);
#15270=CIRCLE('',#15269,5.004321479183E1);
#15278=CIRCLE('',#15277,5.004321479183E1);
#15286=CIRCLE('',#15285,5.004321479183E1);
#15322=CIRCLE('',#15321,2.25E0);
#15330=CIRCLE('',#15329,2.25E0);
#15401=CIRCLE('',#15400,3.5E0);
#15416=CIRCLE('',#15415,3.5E0);
#15431=CIRCLE('',#15430,3.5E0);
#15446=CIRCLE('',#15445,3.5E0);
#15454=CIRCLE('',#15453,3.5E0);
#15462=CIRCLE('',#15461,3.5E0);
#15477=CIRCLE('',#15476,3.5E0);
#15485=CIRCLE('',#15484,3.5E0);
#15500=CIRCLE('',#15499,3.E0);
#15515=CIRCLE('',#15514,3.E0);
#15600=CIRCLE('',#15599,3.5E0);
#15608=CIRCLE('',#15607,3.5E0);
#15623=CIRCLE('',#15622,3.E0);
#15631=CIRCLE('',#15630,3.E0);
#15646=CIRCLE('',#15645,3.5E0);
#15654=CIRCLE('',#15653,3.5E0);
#15662=CIRCLE('',#15661,2.5E0);
#15670=CIRCLE('',#15669,2.5E0);
#15685=CIRCLE('',#15684,2.5E0);
#15693=CIRCLE('',#15692,2.5E0);
#15708=CIRCLE('',#15707,2.E0);
#15723=CIRCLE('',#15722,2.E0);
#15815=CIRCLE('',#15814,2.5E0);
#15823=CIRCLE('',#15822,2.5E0);
#15838=CIRCLE('',#15837,2.E0);
#15846=CIRCLE('',#15845,2.E0);
#15861=CIRCLE('',#15860,2.5E0);
#15869=CIRCLE('',#15868,2.5E0);
#16151=EDGE_CURVE('',#15982,#15983,#14271,.T.);
#16153=EDGE_CURVE('',#15983,#15982,#14279,.T.);
#16157=ADVANCED_FACE('',(#16156),#16150,.T.);
#16163=EDGE_CURVE('',#15982,#16133,#14286,.T.);
#16165=EDGE_CURVE('',#16132,#16133,#14316,.T.);
#16167=EDGE_CURVE('',#15983,#16132,#14293,.T.);
#16172=ADVANCED_FACE('',(#16171),#16162,.T.);
#16178=EDGE_CURVE('',#16133,#16132,#14308,.T.);
#16185=ADVANCED_FACE('',(#16184),#16177,.T.);
#16191=EDGE_CURVE('',#16113,#16107,#14435,.T.);
#16193=EDGE_CURVE('',#16111,#16113,#14529,.T.);
#16195=EDGE_CURVE('',#16111,#16109,#14300,.T.);
#16197=EDGE_CURVE('',#16107,#16109,#14500,.T.);
#16205=EDGE_CURVE('',#16137,#16136,#14324,.T.);
#16207=EDGE_CURVE('',#16136,#16137,#14332,.T.);
#16211=EDGE_CURVE('',#16119,#16116,#14339,.T.);
#16213=EDGE_CURVE('',#16116,#16117,#14347,.T.);
#16215=EDGE_CURVE('',#16117,#16129,#14354,.T.);
#16217=EDGE_CURVE('',#16129,#16127,#14362,.T.);
#16219=EDGE_CURVE('',#16127,#16125,#14369,.T.);
#16221=EDGE_CURVE('',#16125,#16123,#14377,.T.);
#16223=EDGE_CURVE('',#16123,#16121,#14384,.T.);
#16225=EDGE_CURVE('',#16121,#16119,#14392,.T.);
#16229=ADVANCED_FACE('',(#16200,#16204,#16210,#16228),#16190,.T.);
#16235=EDGE_CURVE('',#16085,#16103,#14399,.T.);
#16237=EDGE_CURVE('',#16103,#16099,#14406,.T.);
#16239=EDGE_CURVE('',#16099,#16092,#14413,.T.);
#16241=EDGE_CURVE('',#16092,#16093,#14420,.T.);
#16243=EDGE_CURVE('',#16093,#16113,#14428,.T.);
#16246=EDGE_CURVE('',#16107,#16084,#14442,.T.);
#16248=EDGE_CURVE('',#16084,#16085,#14449,.T.);
#16252=ADVANCED_FACE('',(#16251),#16234,.T.);
#16259=EDGE_CURVE('',#16085,#16089,#14456,.T.);
#16261=EDGE_CURVE('',#16089,#16105,#14463,.T.);
#16263=EDGE_CURVE('',#16103,#16105,#14564,.T.);
#16267=EDGE_CURVE('',#16081,#16080,#14471,.T.);
#16269=EDGE_CURVE('',#16080,#16081,#14479,.T.);
#16273=ADVANCED_FACE('',(#16266,#16272),#16257,.T.);
#16280=EDGE_CURVE('',#16084,#16087,#14486,.T.);
#16282=EDGE_CURVE('',#16087,#16089,#14493,.T.);
#16287=ADVANCED_FACE('',(#16286),#16278,.T.);
#16295=EDGE_CURVE('',#16087,#16109,#14507,.T.);
#16300=ADVANCED_FACE('',(#16299),#16292,.T.);
#16310=EDGE_CURVE('',#16111,#16097,#14515,.T.);
#16312=EDGE_CURVE('',#16095,#16097,#14543,.T.);
#16314=EDGE_CURVE('',#16101,#16095,#14557,.T.);
#16316=EDGE_CURVE('',#16105,#16101,#14571,.T.);
#16320=ADVANCED_FACE('',(#16319),#16305,.F.);
#16327=EDGE_CURVE('',#16093,#16097,#14522,.T.);
#16333=ADVANCED_FACE('',(#16332),#16325,.F.);
#16340=EDGE_CURVE('',#16092,#16095,#14536,.T.);
#16346=ADVANCED_FACE('',(#16345),#16338,.T.);
#16353=EDGE_CURVE('',#16099,#16101,#14550,.T.);
#16359=ADVANCED_FACE('',(#16358),#16351,.T.);
#16371=ADVANCED_FACE('',(#16370),#16364,.T.);
#16378=EDGE_CURVE('',#16076,#16081,#14585,.T.);
#16380=EDGE_CURVE('',#16077,#16076,#14615,.T.);
#16382=EDGE_CURVE('',#16077,#16080,#14578,.T.);
#16386=ADVANCED_FACE('',(#16385),#16376,.T.);
#16395=EDGE_CURVE('',#16076,#16077,#14607,.T.);
#16399=ADVANCED_FACE('',(#16398),#16391,.T.);
#16405=EDGE_CURVE('',#16068,#16073,#14592,.T.);
#16407=EDGE_CURVE('',#16073,#16071,#14599,.T.);
#16409=EDGE_CURVE('',#16069,#16071,#14703,.T.);
#16411=EDGE_CURVE('',#16068,#16069,#14667,.T.);
#16419=ADVANCED_FACE('',(#16414,#16418),#16404,.T.);
#16425=EDGE_CURVE('',#16073,#16060,#14630,.T.);
#16428=EDGE_CURVE('',#16068,#16063,#14623,.T.);
#16430=EDGE_CURVE('',#16060,#16063,#14644,.T.);
#16434=ADVANCED_FACE('',(#16433),#16424,.F.);
#16442=EDGE_CURVE('',#16060,#16061,#14637,.T.);
#16444=EDGE_CURVE('',#16071,#16061,#14681,.T.);
#16448=ADVANCED_FACE('',(#16447),#16439,.F.);
#16456=EDGE_CURVE('',#16065,#16063,#14674,.T.);
#16458=EDGE_CURVE('',#16061,#16065,#14688,.T.);
#16462=EDGE_CURVE('',#16056,#16057,#14652,.T.);
#16464=EDGE_CURVE('',#16057,#16056,#14660,.T.);
#16468=ADVANCED_FACE('',(#16461,#16467),#16453,.F.);
#16475=EDGE_CURVE('',#16065,#16069,#14696,.T.);
#16481=ADVANCED_FACE('',(#16480),#16473,.F.);
#16493=ADVANCED_FACE('',(#16492),#16486,.T.);
#16499=EDGE_CURVE('',#16056,#16053,#14710,.T.);
#16501=EDGE_CURVE('',#16052,#16053,#14824,.T.);
#16503=EDGE_CURVE('',#16142,#16052,#14816,.T.);
#16505=EDGE_CURVE('',#16142,#16044,#14727,.T.);
#16507=EDGE_CURVE('',#16044,#16045,#14744,.T.);
#16509=EDGE_CURVE('',#16057,#16045,#14751,.T.);
#16514=ADVANCED_FACE('',(#16513),#16498,.T.);
#16520=EDGE_CURVE('',#16053,#16052,#14832,.T.);
#16525=EDGE_CURVE('',#16045,#16042,#14763,.T.);
#16527=EDGE_CURVE('',#16042,#16049,#14770,.T.);
#16529=EDGE_CURVE('',#16049,#16138,#14780,.T.);
#16531=EDGE_CURVE('',#16138,#16139,#14790,.T.);
#16533=EDGE_CURVE('',#16139,#16141,#14797,.T.);
#16535=EDGE_CURVE('',#16141,#16142,#14809,.T.);
#16540=ADVANCED_FACE('',(#16539),#16519,.T.);
#16550=EDGE_CURVE('',#16038,#16039,#14840,.T.);
#16552=EDGE_CURVE('',#16039,#16038,#14848,.T.);
#16556=ADVANCED_FACE('',(#16549,#16555),#16545,.F.);
#16562=EDGE_CURVE('',#16038,#16027,#14855,.T.);
#16564=EDGE_CURVE('',#16026,#16027,#14886,.T.);
#16566=EDGE_CURVE('',#16039,#16026,#14862,.T.);
#16571=ADVANCED_FACE('',(#16570),#16561,.F.);
#16577=EDGE_CURVE('',#16027,#16026,#14894,.T.);
#16584=ADVANCED_FACE('',(#16583),#16576,.F.);
#16590=EDGE_CURVE('',#16010,#16011,#14870,.T.);
#16592=EDGE_CURVE('',#16011,#16010,#14878,.T.);
#16600=ADVANCED_FACE('',(#16595,#16599),#16589,.T.);
#16606=EDGE_CURVE('',#16010,#15995,#14901,.T.);
#16608=EDGE_CURVE('',#15994,#15995,#14916,.T.);
#16610=EDGE_CURVE('',#16011,#15994,#14908,.T.);
#16615=ADVANCED_FACE('',(#16614),#16605,.F.);
#16621=EDGE_CURVE('',#15995,#15994,#14924,.T.);
#16628=ADVANCED_FACE('',(#16627),#16620,.F.);
#16638=EDGE_CURVE('',#15990,#15991,#14932,.T.);
#16640=EDGE_CURVE('',#15991,#15990,#14940,.T.);
#16644=ADVANCED_FACE('',(#16637,#16643),#16633,.F.);
#16650=EDGE_CURVE('',#15990,#15987,#14947,.T.);
#16652=EDGE_CURVE('',#15986,#15987,#14962,.T.);
#16654=EDGE_CURVE('',#15991,#15986,#14954,.T.);
#16659=ADVANCED_FACE('',(#16658),#16649,.F.);
#16665=EDGE_CURVE('',#15987,#15986,#14970,.T.);
#16672=ADVANCED_FACE('',(#16671),#16664,.F.);
#16682=ADVANCED_FACE('',(#16681),#16677,.F.);
#16688=EDGE_CURVE('',#16044,#16031,#14977,.T.);
#16690=EDGE_CURVE('',#16030,#16031,#14992,.T.);
#16692=EDGE_CURVE('',#16043,#16030,#14984,.T.);
#16694=EDGE_CURVE('',#16042,#16043,#15254,.T.);
#16700=ADVANCED_FACE('',(#16699),#16687,.T.);
#16706=EDGE_CURVE('',#16031,#16030,#15000,.T.);
#16711=EDGE_CURVE('',#16043,#16141,#15230,.T.);
#16716=ADVANCED_FACE('',(#16715),#16705,.T.);
#16726=EDGE_CURVE('',#16015,#16014,#15008,.T.);
#16728=EDGE_CURVE('',#16014,#16015,#15016,.T.);
#16732=ADVANCED_FACE('',(#16725,#16731),#16721,.T.);
#16739=EDGE_CURVE('',#16143,#16015,#15030,.T.);
#16741=EDGE_CURVE('',#16145,#16143,#15206,.T.);
#16743=EDGE_CURVE('',#16005,#16145,#15176,.T.);
#16745=EDGE_CURVE('',#16001,#16005,#15054,.T.);
#16747=EDGE_CURVE('',#16001,#16014,#15023,.T.);
#16751=ADVANCED_FACE('',(#16750),#16737,.F.);
#16760=EDGE_CURVE('',#15998,#16001,#15046,.T.);
#16762=EDGE_CURVE('',#16016,#15998,#15089,.T.);
#16764=EDGE_CURVE('',#16143,#16016,#15191,.T.);
#16768=ADVANCED_FACE('',(#16767),#16756,.F.);
#16774=EDGE_CURVE('',#16007,#15999,#15038,.T.);
#16776=EDGE_CURVE('',#15998,#15999,#15096,.T.);
#16780=EDGE_CURVE('',#16004,#16005,#15163,.T.);
#16782=EDGE_CURVE('',#16004,#16007,#15062,.T.);
#16786=ADVANCED_FACE('',(#16785),#16773,.T.);
#16793=EDGE_CURVE('',#16019,#16007,#15069,.T.);
#16795=EDGE_CURVE('',#16020,#16019,#15214,.T.);
#16797=EDGE_CURVE('',#15999,#16020,#15106,.T.);
#16801=ADVANCED_FACE('',(#16800),#16791,.F.);
#16809=EDGE_CURVE('',#16017,#16004,#15156,.T.);
#16811=EDGE_CURVE('',#16019,#16017,#15222,.T.);
#16815=ADVANCED_FACE('',(#16814),#16806,.F.);
#16821=EDGE_CURVE('',#16145,#16016,#15076,.T.);
#16826=EDGE_CURVE('',#16020,#16021,#15116,.T.);
#16828=EDGE_CURVE('',#16021,#16022,#15126,.T.);
#16830=EDGE_CURVE('',#16022,#16023,#15136,.T.);
#16832=EDGE_CURVE('',#16023,#16017,#15146,.T.);
#16839=ADVANCED_FACE('',(#16838),#16820,.T.);
#16850=ADVANCED_FACE('',(#16849),#16844,.T.);
#16857=EDGE_CURVE('',#16033,#16023,#15270,.T.);
#16859=EDGE_CURVE('',#16021,#16033,#15262,.T.);
#16866=ADVANCED_FACE('',(#16865),#16855,.F.);
#16874=EDGE_CURVE('',#16139,#16048,#15238,.T.);
#16876=EDGE_CURVE('',#16048,#16049,#15246,.T.);
#16884=EDGE_CURVE('',#16023,#16035,#15278,.T.);
#16886=EDGE_CURVE('',#16035,#16021,#15286,.T.);
#16890=ADVANCED_FACE('',(#16881,#16889),#16871,.T.);
#16897=EDGE_CURVE('',#16048,#16138,#15293,.T.);
#16902=ADVANCED_FACE('',(#16901),#16895,.F.);
#16913=ADVANCED_FACE('',(#16912),#16907,.F.);
#16920=EDGE_CURVE('',#16035,#16022,#15300,.T.);
#16925=ADVANCED_FACE('',(#16924),#16918,.T.);
#16936=ADVANCED_FACE('',(#16935),#16930,.T.);
#16943=EDGE_CURVE('',#15978,#16137,#15314,.T.);
#16945=EDGE_CURVE('',#15979,#15978,#15330,.T.);
#16947=EDGE_CURVE('',#15979,#16136,#15307,.T.);
#16951=ADVANCED_FACE('',(#16950),#16941,.T.);
#16960=EDGE_CURVE('',#15978,#15979,#15322,.T.);
#16964=ADVANCED_FACE('',(#16963),#16956,.T.);
#16974=ADVANCED_FACE('',(#16973),#16969,.T.);
#16981=EDGE_CURVE('',#15967,#16119,#15344,.T.);
#16983=EDGE_CURVE('',#15965,#15967,#15408,.T.);
#16985=EDGE_CURVE('',#16116,#15965,#15379,.T.);
#16989=ADVANCED_FACE('',(#16988),#16979,.T.);
#16996=EDGE_CURVE('',#16121,#15969,#15337,.T.);
#16998=EDGE_CURVE('',#15967,#15969,#15416,.T.);
#17003=ADVANCED_FACE('',(#17002),#16994,.T.);
#17010=EDGE_CURVE('',#15971,#16123,#15358,.T.);
#17012=EDGE_CURVE('',#15969,#15971,#15423,.T.);
#17017=ADVANCED_FACE('',(#17016),#17008,.T.);
#17024=EDGE_CURVE('',#16125,#15973,#15351,.T.);
#17026=EDGE_CURVE('',#15971,#15973,#15431,.T.);
#17031=ADVANCED_FACE('',(#17030),#17022,.T.);
#17038=EDGE_CURVE('',#15975,#16127,#15372,.T.);
#17040=EDGE_CURVE('',#15973,#15975,#15438,.T.);
#17045=ADVANCED_FACE('',(#17044),#17036,.T.);
#17052=EDGE_CURVE('',#16129,#15962,#15365,.T.);
#17054=EDGE_CURVE('',#15975,#15962,#15446,.T.);
#17059=ADVANCED_FACE('',(#17058),#17050,.T.);
#17066=EDGE_CURVE('',#15963,#16117,#15386,.T.);
#17068=EDGE_CURVE('',#15962,#15963,#15393,.T.);
#17073=ADVANCED_FACE('',(#17072),#17064,.T.);
#17081=EDGE_CURVE('',#15963,#15965,#15401,.T.);
#17086=ADVANCED_FACE('',(#17085),#17078,.T.);
#17102=EDGE_CURVE('',#15947,#15945,#15454,.T.);
#17104=EDGE_CURVE('',#15945,#15942,#15462,.T.);
#17106=EDGE_CURVE('',#15942,#15943,#15469,.T.);
#17108=EDGE_CURVE('',#15943,#15959,#15477,.T.);
#17110=EDGE_CURVE('',#15959,#15957,#15485,.T.);
#17112=EDGE_CURVE('',#15957,#15955,#15492,.T.);
#17114=EDGE_CURVE('',#15955,#15953,#15500,.T.);
#17116=EDGE_CURVE('',#15953,#15951,#15507,.T.);
#17118=EDGE_CURVE('',#15951,#15949,#15515,.T.);
#17120=EDGE_CURVE('',#15949,#15947,#15522,.T.);
#17124=ADVANCED_FACE('',(#17101,#17123),#17091,.T.);
#17132=EDGE_CURVE('',#15947,#15931,#15529,.T.);
#17134=EDGE_CURVE('',#15929,#15931,#15608,.T.);
#17136=EDGE_CURVE('',#15926,#15929,#15600,.T.);
#17138=EDGE_CURVE('',#15926,#15942,#15536,.T.);
#17142=ADVANCED_FACE('',(#17141),#17129,.F.);
#17149=EDGE_CURVE('',#15933,#15949,#15550,.T.);
#17151=EDGE_CURVE('',#15931,#15933,#15615,.T.);
#17156=ADVANCED_FACE('',(#17155),#17147,.T.);
#17163=EDGE_CURVE('',#15951,#15935,#15543,.T.);
#17165=EDGE_CURVE('',#15933,#15935,#15623,.T.);
#17170=ADVANCED_FACE('',(#17169),#17161,.F.);
#17177=EDGE_CURVE('',#15937,#15953,#15571,.T.);
#17179=EDGE_CURVE('',#15937,#15935,#15557,.T.);
#17184=ADVANCED_FACE('',(#17183),#17175,.T.);
#17191=EDGE_CURVE('',#15955,#15939,#15564,.T.);
#17193=EDGE_CURVE('',#15937,#15939,#15631,.T.);
#17198=ADVANCED_FACE('',(#17197),#17189,.F.);
#17205=EDGE_CURVE('',#15922,#15957,#15585,.T.);
#17207=EDGE_CURVE('',#15939,#15922,#15638,.T.);
#17212=ADVANCED_FACE('',(#17211),#17203,.T.);
#17218=EDGE_CURVE('',#15959,#15923,#15578,.T.);
#17220=EDGE_CURVE('',#15922,#15923,#15646,.T.);
#17226=ADVANCED_FACE('',(#17225),#17217,.F.);
#17232=EDGE_CURVE('',#15923,#15927,#15654,.T.);
#17236=EDGE_CURVE('',#15943,#15927,#15592,.T.);
#17240=ADVANCED_FACE('',(#17239),#17231,.F.);
#17255=EDGE_CURVE('',#15926,#15927,#15737,.T.);
#17259=EDGE_CURVE('',#15919,#15917,#15662,.T.);
#17261=EDGE_CURVE('',#15917,#15915,#15670,.T.);
#17263=EDGE_CURVE('',#15915,#15882,#15677,.T.);
#17265=EDGE_CURVE('',#15882,#15913,#15685,.T.);
#17267=EDGE_CURVE('',#15913,#15911,#15693,.T.);
#17269=EDGE_CURVE('',#15911,#15909,#15700,.T.);
#17271=EDGE_CURVE('',#15909,#15907,#15708,.T.);
#17273=EDGE_CURVE('',#15907,#15904,#15715,.T.);
#17275=EDGE_CURVE('',#15904,#15905,#15723,.T.);
#17277=EDGE_CURVE('',#15905,#15919,#15730,.T.);
#17281=ADVANCED_FACE('',(#17258,#17280),#17245,.F.);
#17293=ADVANCED_FACE('',(#17292),#17286,.T.);
#17301=EDGE_CURVE('',#15919,#15889,#15744,.T.);
#17303=EDGE_CURVE('',#15887,#15889,#15823,.T.);
#17305=EDGE_CURVE('',#15886,#15887,#15815,.T.);
#17307=EDGE_CURVE('',#15886,#15915,#15751,.T.);
#17311=ADVANCED_FACE('',(#17310),#17298,.F.);
#17318=EDGE_CURVE('',#15891,#15905,#15765,.T.);
#17320=EDGE_CURVE('',#15889,#15891,#15830,.T.);
#17325=ADVANCED_FACE('',(#17324),#17316,.T.);
#17332=EDGE_CURVE('',#15904,#15893,#15758,.T.);
#17334=EDGE_CURVE('',#15891,#15893,#15838,.T.);
#17339=ADVANCED_FACE('',(#17338),#17330,.F.);
#17346=EDGE_CURVE('',#15895,#15907,#15786,.T.);
#17348=EDGE_CURVE('',#15895,#15893,#15772,.T.);
#17353=ADVANCED_FACE('',(#17352),#17344,.T.);
#17360=EDGE_CURVE('',#15909,#15897,#15779,.T.);
#17362=EDGE_CURVE('',#15895,#15897,#15846,.T.);
#17367=ADVANCED_FACE('',(#17366),#17358,.F.);
#17374=EDGE_CURVE('',#15899,#15911,#15800,.T.);
#17376=EDGE_CURVE('',#15897,#15899,#15853,.T.);
#17381=ADVANCED_FACE('',(#17380),#17372,.T.);
#17387=EDGE_CURVE('',#15913,#15901,#15793,.T.);
#17389=EDGE_CURVE('',#15899,#15901,#15861,.T.);
#17395=ADVANCED_FACE('',(#17394),#17386,.F.);
#17401=EDGE_CURVE('',#15901,#15883,#15869,.T.);
#17405=EDGE_CURVE('',#15882,#15883,#15807,.T.);
#17409=ADVANCED_FACE('',(#17408),#17400,.F.);
#17424=EDGE_CURVE('',#15886,#15883,#15876,.T.);
#17428=ADVANCED_FACE('',(#17427),#17414,.F.);
#17440=ADVANCED_FACE('',(#17439),#17433,.T.);
#17458=(LENGTH_UNIT()NAMED_UNIT(*)SI_UNIT(.MILLI.,.METRE.));
#17459=(NAMED_UNIT(*)PLANE_ANGLE_UNIT()SI_UNIT($,.RADIAN.));
#17462=(NAMED_UNIT(*)SI_UNIT($,.STERADIAN.)SOLID_ANGLE_UNIT());
#17464=(GEOMETRIC_REPRESENTATION_CONTEXT(3)GLOBAL_UNCERTAINTY_ASSIGNED_CONTEXT((
#17463))GLOBAL_UNIT_ASSIGNED_CONTEXT((#17458,#17461,#17462))REPRESENTATION_CONTEXT('ID1','3'));
#17465=ADVANCED_BREP_SHAPE_REPRESENTATION('',(#17443),#17464);
#17473=PRODUCT_DEFINITION('part definition','',#17472,#17469);
#17474=PRODUCT_DEFINITION_SHAPE('','SHAPE FOR RV120PE.',#17473);
#17475=SHAPE_ASPECT('','solid data associated with RV120PE',#17474,.F.);
#17476=PROPERTY_DEFINITION('',
'shape for solid data with which properties are associated',#17475);
#17477=SHAPE_REPRESENTATION('',(#17443),#17464);
#17478=SHAPE_DEFINITION_REPRESENTATION(#17476,#17477);
#17479=(LENGTH_UNIT()NAMED_UNIT(*)SI_UNIT(.MILLI.,.METRE.));
#17483=PROPERTY_DEFINITION('geometric validation property','area of RV120PE',
#17475);
#17484=REPRESENTATION('surface area',(#17482),#17464);
#17485=PROPERTY_DEFINITION_REPRESENTATION(#17483,#17484);
#17486=(LENGTH_UNIT()NAMED_UNIT(*)SI_UNIT(.MILLI.,.METRE.));
#17490=PROPERTY_DEFINITION('geometric validation property','volume of RV120PE',
#17475);
#17491=REPRESENTATION('volume',(#17489),#17464);
#17492=PROPERTY_DEFINITION_REPRESENTATION(#17490,#17491);
#17494=PROPERTY_DEFINITION('geometric validation property',
'centroid of RV120PE',#17475);
#17495=REPRESENTATION('centroid',(#17493),#17464);
#17496=PROPERTY_DEFINITION_REPRESENTATION(#17494,#17495);
#17497=(LENGTH_UNIT()NAMED_UNIT(*)SI_UNIT(.MILLI.,.METRE.));
#17501=PROPERTY_DEFINITION('geometric validation property','area of RV120PE',
#17474);
#17502=REPRESENTATION('surface area',(#17500),#17464);
#17503=PROPERTY_DEFINITION_REPRESENTATION(#17501,#17502);
#17504=(LENGTH_UNIT()NAMED_UNIT(*)SI_UNIT(.MILLI.,.METRE.));
#17508=PROPERTY_DEFINITION('geometric validation property','volume of RV120PE',
#17474);
#17509=REPRESENTATION('volume',(#17507),#17464);
#17510=PROPERTY_DEFINITION_REPRESENTATION(#17508,#17509);
#17512=PROPERTY_DEFINITION('geometric validation property',
'centroid of RV120PE',#17474);
#17513=REPRESENTATION('centroid',(#17511),#17464);
#17514=PROPERTY_DEFINITION_REPRESENTATION(#17512,#17513);
#17515=SHAPE_DEFINITION_REPRESENTATION(#17474,#17465);
ENDSEC;
END-ISO-10303-21;
